date,asset,ticker,side,reason,shares,price,price_date,gross,cost,combined_score,group,score_forest_nonloser_dd30_3y,cost_basis,profit
2005-01-03,197624,VMRK,buy,rebalance,7.0,13.502,2005-01-03,94.51400000000001,0.33079900000000007,0.7902061009948006,Real Estate,0.7902061009948006,,
2005-01-03,197647,VNO,buy,rebalance,4.0,24.767,2005-01-03,99.068,0.346738,0.7861623638048014,Real Estate,0.7861623638048014,,
2005-01-03,196956,WPC,buy,rebalance,10.0,9.484,2005-01-03,94.84,0.33194,0.7838425917520242,Real Estate,0.7838425917520242,,
2005-01-03,197634,PPS,buy,rebalance,4.0,22.461,2005-01-03,89.844,0.314454,0.7797142610573194,Real Estate,0.7797142610573194,,
2005-01-03,197403,VRE,buy,rebalance,5.0,19.615,2005-01-03,98.07499999999999,0.34326249999999997,0.7781626037861562,Real Estate,0.7781626037861562,,
2005-01-03,194082,PSA,buy,rebalance,3.0,26.016,2005-01-03,78.048,0.273168,0.7777656330976321,Real Estate,0.7777656330976321,,
2005-01-03,177429,CDX1,buy,rebalance,3.0,29.572,2005-01-03,88.716,0.310506,0.7712512625186364,Real Estate,0.7712512625186364,,
2005-01-03,197515,AVB,buy,rebalance,2.0,34.56,2005-01-03,69.12,0.24192000000000002,0.7698174546393519,Real Estate,0.7698174546393519,,
2005-01-03,197898,KIM,buy,rebalance,9.0,10.572,2005-01-03,95.148,0.333018,0.7669623000875696,Real Estate,0.7669623000875696,,
2005-01-03,178888,BED,buy,rebalance,4.0,22.407,2005-01-03,89.628,0.31369800000000003,0.7631354383792216,Real Estate,0.7631354383792216,,
2005-02-01,197624,VMRK,buy,rebalance,8.0,12.211,2005-02-01,97.688,0.341908,0.7902061009948005,Real Estate,0.7902061009948005,,
2005-02-01,197647,VNO,buy,rebalance,4.0,22.893,2005-02-01,91.572,0.320502,0.7861623638048014,Real Estate,0.7861623638048014,,
2005-02-01,196956,WPC,buy,rebalance,12.0,8.75,2005-02-01,105.0,0.3675,0.7838425917520242,Real Estate,0.7838425917520242,,
2005-02-01,197634,PPS,buy,rebalance,5.0,20.967,2005-02-01,104.835,0.3669225,0.7797142610573193,Real Estate,0.7797142610573193,,
2005-02-01,197403,VRE,buy,rebalance,6.0,18.264,2005-02-01,109.584,0.383544,0.7781626037861561,Real Estate,0.7781626037861561,,
2005-02-01,194082,PSA,buy,rebalance,4.0,24.924,2005-02-01,99.696,0.348936,0.7777656330976321,Real Estate,0.7777656330976321,,
2005-02-01,177429,CDX1,buy,rebalance,4.0,26.259,2005-02-01,105.036,0.367626,0.7712512625186364,Real Estate,0.7712512625186364,,
2005-02-01,197515,AVB,buy,rebalance,3.0,31.54,2005-02-01,94.62,0.33117,0.7698174546393518,Real Estate,0.7698174546393518,,
2005-02-01,197898,KIM,buy,rebalance,11.0,9.818,2005-02-01,107.99799999999999,0.37799299999999997,0.7669623000875696,Real Estate,0.7669623000875696,,
2005-02-01,178888,BED,buy,rebalance,4.0,22.887,2005-02-01,91.548,0.32041800000000004,0.7631354383792216,Real Estate,0.7631354383792216,,
2005-03-01,197624,VMRK,buy,rebalance,8.0,12.588,2005-03-01,100.704,0.352464,0.7902061009948006,Real Estate,0.7902061009948006,,
2005-03-01,197647,VNO,buy,rebalance,4.0,22.992,2005-03-01,91.968,0.321888,0.7861623638048014,Real Estate,0.7861623638048014,,
2005-03-01,196956,WPC,buy,rebalance,12.0,9.034,2005-03-01,108.40800000000002,0.37942800000000004,0.7838425917520242,Real Estate,0.7838425917520242,,
2005-03-01,197634,PPS,buy,rebalance,5.0,21.262,2005-03-01,106.31,0.372085,0.7797142610573194,Real Estate,0.7797142610573194,,
2005-03-01,197403,VRE,buy,rebalance,5.0,19.187,2005-03-01,95.935,0.33577250000000003,0.7781626037861562,Real Estate,0.7781626037861562,,
2005-03-01,194082,PSA,buy,rebalance,4.0,26.133,2005-03-01,104.532,0.365862,0.7777656330976322,Real Estate,0.7777656330976322,,
2005-03-01,177429,CDX1,buy,rebalance,3.0,27.467,2005-03-01,82.401,0.2884035,0.7712512625186364,Real Estate,0.7712512625186364,,
2005-03-01,197515,AVB,buy,rebalance,3.0,32.404,2005-03-01,97.21200000000002,0.34024200000000004,0.7698174546393519,Real Estate,0.7698174546393519,,
2005-03-01,197898,KIM,buy,rebalance,10.0,9.929,2005-03-01,99.29,0.347515,0.7669623000875696,Real Estate,0.7669623000875696,,
2005-03-01,178888,BED,buy,rebalance,5.0,21.029,2005-03-01,105.145,0.3680075,0.7631354383792216,Real Estate,0.7631354383792216,,
2005-04-01,196956,WPC,buy,rebalance,13.0,8.221,2005-04-01,106.873,0.37405550000000004,0.7818524488905921,Real Estate,0.7818524488905921,,
2005-04-01,197515,AVB,buy,rebalance,3.0,31.304,2005-04-01,93.91199999999999,0.328692,0.7679565237941279,Real Estate,0.7679565237941279,,
2005-04-01,197634,PPS,buy,rebalance,5.0,20.64,2005-04-01,103.2,0.3612,0.7644868772683904,Real Estate,0.7644868772683904,,
2005-04-01,197624,VMRK,buy,rebalance,8.0,12.39,2005-04-01,99.12,0.34692,0.7550869416650574,Real Estate,0.7550869416650574,,
2005-04-01,184359,PNP,buy,rebalance,2.0,53.489,2005-04-01,106.978,0.374423,0.7549881508643282,Real Estate,0.7549881508643282,,
2005-04-01,197647,VNO,buy,rebalance,4.0,22.87,2005-04-01,91.48,0.32018,0.7519845724318772,Real Estate,0.7519845724318772,,
2005-04-01,194082,PSA,buy,rebalance,4.0,26.686,2005-04-01,106.744,0.373604,0.7500887232333717,Real Estate,0.7500887232333717,,
2005-04-01,197898,KIM,buy,rebalance,11.0,9.85,2005-04-01,108.35,0.379225,0.747577426318223,Real Estate,0.747577426318223,,
2005-04-01,198762,PKY1,buy,rebalance,3.0,29.921,2005-04-01,89.763,0.3141705,0.7431193024089007,Real Estate,0.7431193024089007,,
2005-04-01,197501,ADC,buy,rebalance,13.0,8.14,2005-04-01,105.82000000000001,0.37037000000000003,0.7426239527331284,Real Estate,0.7426239527331284,,
2005-05-02,196956,WPC,buy,rebalance,13.0,8.056,2005-05-02,104.728,0.366548,0.7818524488905921,Real Estate,0.7818524488905921,,
2005-05-02,197515,AVB,buy,rebalance,3.0,33.792,2005-05-02,101.376,0.354816,0.767956523794128,Real Estate,0.767956523794128,,
2005-05-02,197634,PPS,buy,rebalance,4.0,21.645,2005-05-02,86.58,0.30303,0.7644868772683904,Real Estate,0.7644868772683904,,
2005-05-02,197624,VMRK,buy,rebalance,8.0,13.278,2005-05-02,106.224,0.371784,0.7550869416650573,Real Estate,0.7550869416650573,,
2005-05-02,184359,PNP,buy,rebalance,1.0,57.159,2005-05-02,57.159,0.2000565,0.7549881508643281,Real Estate,0.7549881508643281,,
2005-05-02,197647,VNO,buy,rebalance,4.0,25.354,2005-05-02,101.416,0.354956,0.7519845724318771,Real Estate,0.7519845724318771,,
2005-05-02,194082,PSA,buy,rebalance,3.0,27.739,2005-05-02,83.217,0.2912595,0.7500887232333718,Real Estate,0.7500887232333718,,
2005-05-02,197898,KIM,buy,rebalance,10.0,10.355,2005-05-02,103.55000000000001,0.36242500000000005,0.7475774263182229,Real Estate,0.7475774263182229,,
2005-05-02,198762,PKY1,buy,rebalance,3.0,29.564,2005-05-02,88.69200000000001,0.31042200000000003,0.7431193024089007,Real Estate,0.7431193024089007,,
2005-05-02,197501,ADC,buy,rebalance,13.0,8.201,2005-05-02,106.613,0.3731455,0.7426239527331284,Real Estate,0.7426239527331284,,
2005-06-01,196956,WPC,buy,rebalance,14.0,8.045,2005-06-01,112.63,0.39420499999999997,0.7818524488905921,Real Estate,0.7818524488905921,,
2005-06-01,197515,AVB,buy,rebalance,3.0,35.839,2005-06-01,107.517,0.3763095,0.7679565237941279,Real Estate,0.7679565237941279,,
2005-06-01,197634,PPS,buy,rebalance,5.0,22.09,2005-06-01,110.45,0.386575,0.7644868772683904,Real Estate,0.7644868772683904,,
2005-06-01,197624,VMRK,buy,rebalance,8.0,13.969,2005-06-01,111.752,0.391132,0.7550869416650572,Real Estate,0.7550869416650572,,
2005-06-01,184359,PNP,buy,rebalance,1.0,61.098,2005-06-01,61.098,0.213843,0.7549881508643281,Real Estate,0.7549881508643281,,
2005-06-01,197647,VNO,buy,rebalance,4.0,26.443,2005-06-01,105.772,0.37020200000000003,0.7519845724318772,Real Estate,0.7519845724318772,,
2005-06-01,194082,PSA,buy,rebalance,3.0,29.043,2005-06-01,87.12899999999999,0.3049515,0.7500887232333717,Real Estate,0.7500887232333717,,
2005-06-01,197898,KIM,buy,rebalance,10.0,10.895,2005-06-01,108.94999999999999,0.38132499999999997,0.7475774263182229,Real Estate,0.7475774263182229,,
2005-06-01,198762,PKY1,buy,rebalance,3.0,31.379,2005-06-01,94.137,0.3294795,0.7431193024089007,Real Estate,0.7431193024089007,,
2005-06-01,197501,ADC,buy,rebalance,12.0,8.765,2005-06-01,105.18,0.36813,0.7426239527331284,Real Estate,0.7426239527331284,,
2005-07-01,194082,PSA,buy,rebalance,3.0,30.338,2005-07-01,91.01400000000001,0.318549,0.7857818300485927,Real Estate,0.7857818300485927,,
2005-07-01,197266,LSI,buy,rebalance,8.0,13.656,2005-07-01,109.248,0.38236800000000004,0.7830817307737439,Real Estate,0.7830817307737439,,
2005-07-01,183368,NXL1,buy,rebalance,4.0,22.457,2005-07-01,89.828,0.314398,0.7783453980753477,Real Estate,0.7783453980753477,,
2005-07-01,197898,KIM,buy,rebalance,10.0,11.157,2005-07-01,111.57,0.390495,0.7777075209163384,Real Estate,0.7777075209163384,,
2005-07-01,197456,LPT,buy,rebalance,5.0,20.113,2005-07-01,100.565,0.3519775,0.77758596218086,Real Estate,0.77758596218086,,
2005-07-01,197624,VMRK,buy,rebalance,7.0,14.599,2005-07-01,102.193,0.3576755,0.7774800887007722,Real Estate,0.7774800887007722,,
2005-07-01,197620,CPT,buy,rebalance,5.0,22.361,2005-07-01,111.805,0.39131750000000004,0.777292709985233,Real Estate,0.777292709985233,,
2005-07-01,196768,RASFQ,buy,rebalance,3.0,29.677,2005-07-01,89.031,0.3116085,0.7755686046934372,Real Estate,0.7755686046934372,,
2005-07-01,197515,AVB,buy,rebalance,2.0,38.303,2005-07-01,76.606,0.268121,0.7737210260793056,Real Estate,0.7737210260793056,,
2005-07-01,196228,SAFE,buy,rebalance,1.0,63.73,2005-07-01,63.73,0.223055,0.7730552464447767,Real Estate,0.7730552464447767,,
2005-08-01,194082,PSA,buy,rebalance,3.0,31.327,2005-08-01,93.98100000000001,0.32893350000000005,0.7857818300485927,Real Estate,0.7857818300485927,,
2005-08-01,197266,LSI,buy,rebalance,7.0,14.762,2005-08-01,103.334,0.361669,0.7830817307737439,Real Estate,0.7830817307737439,,
2005-08-01,183368,NXL1,buy,rebalance,5.0,22.31,2005-08-01,111.55,0.390425,0.7783453980753477,Real Estate,0.7783453980753477,,
2005-08-01,197898,KIM,buy,rebalance,9.0,12.324,2005-08-01,110.916,0.388206,0.7777075209163384,Real Estate,0.7777075209163384,,
2005-08-01,197456,LPT,buy,rebalance,5.0,20.384,2005-08-01,101.92,0.35672000000000004,0.7775859621808598,Real Estate,0.7775859621808598,,
2005-08-01,197624,VMRK,buy,rebalance,7.0,15.684,2005-08-01,109.788,0.384258,0.7774800887007722,Real Estate,0.7774800887007722,,
2005-08-01,197620,CPT,buy,rebalance,5.0,23.058,2005-08-01,115.28999999999999,0.40351499999999996,0.777292709985233,Real Estate,0.777292709985233,,
2005-08-01,196768,RASFQ,buy,rebalance,3.0,30.985,2005-08-01,92.955,0.3253425,0.7755686046934372,Real Estate,0.7755686046934372,,
2005-08-01,197515,AVB,buy,rebalance,2.0,41.083,2005-08-01,82.166,0.287581,0.7737210260793056,Real Estate,0.7737210260793056,,
2005-08-01,196228,SAFE,buy,rebalance,1.0,66.722,2005-08-01,66.722,0.23352699999999998,0.7730552464447767,Real Estate,0.7730552464447767,,
2005-09-01,194082,PSA,buy,rebalance,3.0,32.602,2005-09-01,97.80599999999998,0.34232099999999993,0.7857818300485927,Real Estate,0.7857818300485927,,
2005-09-01,197266,LSI,buy,rebalance,8.0,14.119,2005-09-01,112.952,0.395332,0.7830817307737438,Real Estate,0.7830817307737438,,
2005-09-01,183368,NXL1,buy,rebalance,5.0,22.164,2005-09-01,110.82000000000001,0.38787000000000005,0.7783453980753477,Real Estate,0.7783453980753477,,
2005-09-01,197898,KIM,buy,rebalance,9.0,11.969,2005-09-01,107.72099999999999,0.37702349999999996,0.7777075209163384,Real Estate,0.7777075209163384,,
2005-09-01,197456,LPT,buy,rebalance,6.0,19.598,2005-09-01,117.588,0.411558,0.77758596218086,Real Estate,0.77758596218086,,
2005-09-01,197624,VMRK,buy,rebalance,7.0,14.841,2005-09-01,103.887,0.3636045,0.7774800887007722,Real Estate,0.7774800887007722,,
2005-09-01,197620,CPT,buy,rebalance,5.0,22.307,2005-09-01,111.535,0.3903725,0.777292709985233,Real Estate,0.777292709985233,,
2005-09-01,196768,RASFQ,buy,rebalance,4.0,29.45,2005-09-01,117.8,0.4123,0.7755686046934372,Real Estate,0.7755686046934372,,
2005-09-01,197515,AVB,buy,rebalance,2.0,39.918,2005-09-01,79.836,0.279426,0.7737210260793055,Real Estate,0.7737210260793055,,
2005-09-01,196228,SAFE,buy,rebalance,1.0,64.645,2005-09-01,64.645,0.2262575,0.7730552464447766,Real Estate,0.7730552464447766,,
2005-10-03,179085,TRZ,buy,rebalance,5.0,22.316,2005-10-03,111.58,0.39053,0.7976086361079217,Real Estate,0.7976086361079217,,
2005-10-03,198597,WELL,buy,rebalance,8.0,13.959,2005-10-03,111.672,0.390852,0.7902648021666051,Real Estate,0.7902648021666051,,
2005-10-03,197456,LPT,buy,rebalance,5.0,19.559,2005-10-03,97.795,0.3422825,0.7893324738553869,Real Estate,0.7893324738553869,,
2005-10-03,197091,BRE,buy,rebalance,2.0,44.5,2005-10-03,89.0,0.3115,0.7884594207091985,Real Estate,0.7884594207091985,,
2005-10-03,183368,NXL1,buy,rebalance,5.0,21.249,2005-10-03,106.24499999999999,0.37185749999999995,0.786175576689753,Real Estate,0.786175576689753,,
2005-10-03,184359,PNP,buy,rebalance,1.0,63.902,2005-10-03,63.902,0.223657,0.7851334554686077,Real Estate,0.7851334554686077,,
2005-10-03,194082,PSA,buy,rebalance,3.0,32.245,2005-10-03,96.73499999999999,0.33857249999999994,0.7833575364024682,Real Estate,0.7833575364024682,,
2005-10-03,196768,RASFQ,buy,rebalance,4.0,28.52,2005-10-03,114.08,0.39928,0.7826719533735068,Real Estate,0.7826719533735068,,
2005-10-03,197647,VNO,buy,rebalance,3.0,29.442,2005-10-03,88.326,0.309141,0.7818158796472848,Real Estate,0.7818158796472848,,
2005-10-03,198892,OLP,buy,rebalance,29.0,3.924,2005-10-03,113.79599999999999,0.398286,0.7774425483654387,Real Estate,0.7774425483654387,,
2005-11-01,177429,CDX1,sell,delisted,10.0,35.1,2005-09-12,351.0,1.2285,,,,277.1195355,72.65196450000002
2005-11-01,179085,TRZ,buy,rebalance,7.0,20.841,2005-11-01,145.887,0.5106045,0.7976086361079217,Real Estate,0.7976086361079217,,
2005-11-01,198597,WELL,buy,rebalance,11.0,13.155,2005-11-01,144.70499999999998,0.5064675,0.790264802166605,Real Estate,0.790264802166605,,
2005-11-01,197456,LPT,buy,rebalance,8.0,18.808,2005-11-01,150.464,0.526624,0.7893324738553869,Real Estate,0.7893324738553869,,
2005-11-01,197091,BRE,buy,rebalance,3.0,43.02,2005-11-01,129.06,0.45171,0.7884594207091985,Real Estate,0.7884594207091985,,
2005-11-01,183368,NXL1,buy,rebalance,7.0,21.37,2005-11-01,149.59,0.5235650000000001,0.786175576689753,Real Estate,0.786175576689753,,
2005-11-01,184359,PNP,buy,rebalance,2.0,60.308,2005-11-01,120.616,0.42215600000000003,0.7851334554686077,Real Estate,0.7851334554686077,,
2005-11-01,194082,PSA,buy,rebalance,4.0,31.389,2005-11-01,125.556,0.439446,0.7833575364024682,Real Estate,0.7833575364024682,,
2005-11-01,196768,RASFQ,buy,rebalance,5.0,26.282,2005-11-01,131.41,0.459935,0.7826719533735068,Real Estate,0.7826719533735068,,
2005-11-01,197647,VNO,buy,rebalance,5.0,26.738,2005-11-01,133.69,0.467915,0.7818158796472848,Real Estate,0.7818158796472848,,
2005-11-01,198892,OLP,buy,rebalance,40.0,3.725,2005-11-01,149.0,0.5215,0.7774425483654388,Real Estate,0.7774425483654388,,
2005-12-01,179085,TRZ,buy,rebalance,5.0,21.851,2005-12-01,109.255,0.38239249999999997,0.7976086361079217,Real Estate,0.7976086361079217,,
2005-12-01,198597,WELL,buy,rebalance,8.0,13.182,2005-12-01,105.456,0.36909600000000004,0.7902648021666051,Real Estate,0.7902648021666051,,
2005-12-01,197456,LPT,buy,rebalance,5.0,20.008,2005-12-01,100.03999999999999,0.35014,0.7893324738553867,Real Estate,0.7893324738553867,,
2005-12-01,197091,BRE,buy,rebalance,2.0,46.77,2005-12-01,93.54,0.32739,0.7884594207091985,Real Estate,0.7884594207091985,,
2005-12-01,183368,NXL1,buy,rebalance,4.0,22.591,2005-12-01,90.364,0.316274,0.7861755766897531,Real Estate,0.7861755766897531,,
2005-12-01,184359,PNP,buy,rebalance,1.0,65.856,2005-12-01,65.856,0.23049599999999998,0.7851334554686077,Real Estate,0.7851334554686077,,
2005-12-01,194082,PSA,buy,rebalance,3.0,34.391,2005-12-01,103.173,0.3611055,0.7833575364024682,Real Estate,0.7833575364024682,,
2005-12-01,196768,RASFQ,buy,rebalance,4.0,27.015,2005-12-01,108.06,0.37821,0.7826719533735069,Real Estate,0.7826719533735069,,
2005-12-01,197647,VNO,buy,rebalance,3.0,29.429,2005-12-01,88.28699999999999,0.30900449999999996,0.7818158796472848,Real Estate,0.7818158796472848,,
2005-12-01,198892,OLP,buy,rebalance,29.0,3.76,2005-12-01,109.03999999999999,0.38164,0.7774425483654388,Real Estate,0.7774425483654388,,
2006-01-03,198892,OLP,buy,rebalance,30.0,3.802,2006-01-03,114.06,0.39921,0.8240832661185288,Real Estate,0.8240832661185288,,
2006-01-03,197620,CPT,buy,rebalance,4.0,24.906,2006-01-03,99.624,0.348684,0.8240420454254379,Real Estate,0.8240420454254379,,
2006-01-03,197266,LSI,buy,rebalance,7.0,14.799,2006-01-03,103.59299999999999,0.3625755,0.8176218419188027,Real Estate,0.8176218419188027,,
2006-01-03,197091,BRE,buy,rebalance,2.0,47.21,2006-01-03,94.42,0.33047,0.8115438553398479,Real Estate,0.8115438553398479,,
2006-01-03,197624,VMRK,buy,rebalance,7.0,15.97,2006-01-03,111.79,0.39126500000000003,0.808087371562542,Real Estate,0.808087371562542,,
2006-01-03,184359,PNP,buy,rebalance,1.0,66.06,2006-01-03,66.06,0.23121000000000003,0.8078348050605688,Real Estate,0.8078348050605688,,
2006-01-03,194082,PSA,buy,rebalance,3.0,33.895,2006-01-03,101.685,0.35589750000000003,0.802227904714661,Real Estate,0.802227904714661,,
2006-01-03,196757,PLD,buy,rebalance,4.0,25.475,2006-01-03,101.9,0.35665,0.8003860304228235,Real Estate,0.8003860304228235,,
2006-01-03,179085,TRZ,buy,rebalance,5.0,22.774,2006-01-03,113.87,0.39854500000000004,0.796392057204408,Real Estate,0.796392057204408,,
2006-01-03,197634,PPS,buy,rebalance,4.0,28.219,2006-01-03,112.876,0.39506600000000003,0.792753019103336,Real Estate,0.792753019103336,,
2006-02-01,198892,OLP,buy,rebalance,28.0,3.983,2006-02-01,111.524,0.390334,0.8240832661185289,Real Estate,0.8240832661185289,,
2006-02-01,197620,CPT,buy,rebalance,3.0,28.318,2006-02-01,84.95400000000001,0.297339,0.8240420454254379,Real Estate,0.8240420454254379,,
2006-02-01,197266,LSI,buy,rebalance,7.0,15.522,2006-02-01,108.654,0.380289,0.8176218419188027,Real Estate,0.8176218419188027,,
2006-02-01,197091,BRE,buy,rebalance,2.0,51.06,2006-02-01,102.12,0.35742,0.8115438553398479,Real Estate,0.8115438553398479,,
2006-02-01,197624,VMRK,buy,rebalance,6.0,17.2,2006-02-01,103.19999999999999,0.36119999999999997,0.808087371562542,Real Estate,0.808087371562542,,
2006-02-01,184359,PNP,buy,rebalance,1.0,67.849,2006-02-01,67.849,0.23747150000000003,0.8078348050605688,Real Estate,0.8078348050605688,,
2006-02-01,194082,PSA,buy,rebalance,3.0,35.232,2006-02-01,105.696,0.369936,0.802227904714661,Real Estate,0.802227904714661,,
2006-02-01,196757,PLD,buy,rebalance,4.0,26.909,2006-02-01,107.636,0.376726,0.8003860304228235,Real Estate,0.8003860304228235,,
2006-02-01,179085,TRZ,buy,rebalance,4.0,23.097,2006-02-01,92.388,0.32335800000000003,0.796392057204408,Real Estate,0.796392057204408,,
2006-02-01,197634,PPS,buy,rebalance,3.0,28.439,2006-02-01,85.31700000000001,0.2986095,0.792753019103336,Real Estate,0.792753019103336,,
2006-03-01,198892,OLP,buy,rebalance,27.0,4.109,2006-03-01,110.943,0.3883005,0.8240832661185288,Real Estate,0.8240832661185288,,
2006-03-01,197620,CPT,buy,rebalance,4.0,27.781,2006-03-01,111.124,0.388934,0.8240420454254379,Real Estate,0.8240420454254379,,
2006-03-01,197266,LSI,buy,rebalance,7.0,16.194,2006-03-01,113.35799999999999,0.39675299999999997,0.8176218419188027,Real Estate,0.8176218419188027,,
2006-03-01,197091,BRE,buy,rebalance,2.0,54.3,2006-03-01,108.6,0.3801,0.8115438553398479,Real Estate,0.8115438553398479,,
2006-03-01,197624,VMRK,buy,rebalance,6.0,17.954,2006-03-01,107.724,0.37703400000000004,0.808087371562542,Real Estate,0.808087371562542,,
2006-03-01,184359,PNP,buy,rebalance,1.0,68.496,2006-03-01,68.496,0.23973599999999998,0.8078348050605688,Real Estate,0.8078348050605688,,
2006-03-01,194082,PSA,buy,rebalance,3.0,37.907,2006-03-01,113.72099999999999,0.3980235,0.802227904714661,Real Estate,0.802227904714661,,
2006-03-01,196757,PLD,buy,rebalance,4.0,27.559,2006-03-01,110.236,0.385826,0.8003860304228235,Real Estate,0.8003860304228235,,
2006-03-01,179085,TRZ,buy,rebalance,4.0,23.988,2006-03-01,95.952,0.335832,0.796392057204408,Real Estate,0.796392057204408,,
2006-03-01,197634,PPS,buy,rebalance,3.0,30.493,2006-03-01,91.479,0.32017650000000003,0.792753019103336,Real Estate,0.792753019103336,,
2006-04-03,179274,ARI1,buy,rebalance,2.0,45.09,2006-04-03,90.18,0.31563,0.8246710680328676,Real Estate,0.8246710680328676,,
2006-04-03,197620,CPT,buy,rebalance,3.0,30.167,2006-04-03,90.501,0.3167535,0.8226713949676651,Real Estate,0.8226713949676651,,
2006-04-03,183368,NXL1,buy,rebalance,4.0,24.241,2006-04-03,96.964,0.339374,0.8192399913239637,Real Estate,0.8192399913239637,,
2006-04-03,196860,BXP,buy,rebalance,2.0,40.116,2006-04-03,80.232,0.280812,0.8189544826189866,Real Estate,0.8189544826189866,,
2006-04-03,197456,LPT,buy,rebalance,5.0,21.855,2006-04-03,109.275,0.38246250000000004,0.8155753388980099,Real Estate,0.8155753388980099,,
2006-04-03,197462,ESS,buy,rebalance,2.0,53.776,2006-04-03,107.552,0.37643200000000004,0.8145902136839047,Real Estate,0.8145902136839047,,
2006-04-03,197266,LSI,buy,rebalance,6.0,16.504,2006-04-03,99.024,0.346584,0.8131093520908669,Real Estate,0.8131093520908669,,
2006-04-03,194082,PSA,buy,rebalance,2.0,38.464,2006-04-03,76.928,0.269248,0.811618552163247,Real Estate,0.811618552163247,,
2006-04-03,197898,KIM,buy,rebalance,7.0,15.278,2006-04-03,106.946,0.374311,0.8112176367494084,Real Estate,0.8112176367494084,,
2006-04-03,197091,BRE,buy,rebalance,2.0,54.65,2006-04-03,109.3,0.38255,0.8109906540264092,Real Estate,0.8109906540264092,,
2006-05-01,179274,ARI1,buy,rebalance,2.0,45.38,2006-05-01,90.76,0.31766,0.8246710680328676,Real Estate,0.8246710680328676,,
2006-05-01,197620,CPT,buy,rebalance,3.0,29.483,2006-05-01,88.449,0.3095715,0.8226713949676651,Real Estate,0.8226713949676651,,
2006-05-01,183368,NXL1,buy,rebalance,4.0,23.476,2006-05-01,93.904,0.328664,0.8192399913239637,Real Estate,0.8192399913239637,,
2006-05-01,196860,BXP,buy,rebalance,2.0,38.126,2006-05-01,76.252,0.266882,0.8189544826189866,Real Estate,0.8189544826189866,,
2006-05-01,197456,LPT,buy,rebalance,5.0,20.518,2006-05-01,102.59,0.359065,0.8155753388980098,Real Estate,0.8155753388980098,,
2006-05-01,197462,ESS,buy,rebalance,2.0,54.431,2006-05-01,108.862,0.381017,0.8145902136839047,Real Estate,0.8145902136839047,,
2006-05-01,197266,LSI,buy,rebalance,7.0,15.284,2006-05-01,106.988,0.374458,0.8131093520908669,Real Estate,0.8131093520908669,,
2006-05-01,194082,PSA,buy,rebalance,3.0,36.909,2006-05-01,110.727,0.3875445,0.811618552163247,Real Estate,0.811618552163247,,
2006-05-01,197898,KIM,buy,rebalance,8.0,14.079,2006-05-01,112.632,0.394212,0.8112176367494084,Real Estate,0.8112176367494084,,
2006-05-01,197091,BRE,buy,rebalance,2.0,53.01,2006-05-01,106.02,0.37107,0.8109906540264094,Real Estate,0.8109906540264094,,
2006-06-01,197620,CPT,buy,rebalance,3.0,31.243,2006-06-01,93.729,0.3280515,0.8226713949676651,Real Estate,0.8226713949676651,,
2006-06-01,183368,NXL1,buy,rebalance,4.0,22.95,2006-06-01,91.8,0.3213,0.8192399913239637,Real Estate,0.8192399913239637,,
2006-06-01,196860,BXP,buy,rebalance,3.0,37.811,2006-06-01,113.43299999999999,0.39701549999999997,0.8189544826189866,Real Estate,0.8189544826189866,,
2006-06-01,197456,LPT,buy,rebalance,5.0,20.344,2006-06-01,101.72,0.35602,0.8155753388980099,Real Estate,0.8155753388980099,,
2006-06-01,197462,ESS,buy,rebalance,2.0,54.466,2006-06-01,108.932,0.381262,0.8145902136839047,Real Estate,0.8145902136839047,,
2006-06-01,197266,LSI,buy,rebalance,7.0,15.055,2006-06-01,105.38499999999999,0.3688475,0.8131093520908669,Real Estate,0.8131093520908669,,
2006-06-01,194082,PSA,buy,rebalance,3.0,36.156,2006-06-01,108.46799999999999,0.379638,0.811618552163247,Real Estate,0.811618552163247,,
2006-06-01,197898,KIM,buy,rebalance,8.0,14.23,2006-06-01,113.84,0.39844,0.8112176367494084,Real Estate,0.8112176367494084,,
2006-06-01,197091,BRE,buy,rebalance,2.0,53.66,2006-06-01,107.32,0.37562,0.8109906540264094,Real Estate,0.8109906540264094,,
2006-06-01,184359,PNP,buy,rebalance,1.0,66.934,2006-06-01,66.934,0.234269,0.8085834987119636,Real Estate,0.8085834987119636,,
2006-07-03,178888,BED,sell,delisted,13.0,26.98,2006-05-04,350.74,1.22759,,,,287.3231235,62.18928649999998
2006-07-03,179274,ARI1,sell,delisted,4.0,45.41,2006-05-02,181.64,0.63574,,,,181.57329000000001,-0.5690300000000263
2006-07-03,199888,BRT,buy,rebalance,19.0,8.668,2006-07-03,164.69199999999998,0.576422,0.8301505820385499,Real Estate,0.8301505820385499,,
2006-07-03,183304,RA1,buy,rebalance,4.0,40.618,2006-07-03,162.472,0.568652,0.818650606261794,Real Estate,0.818650606261794,,
2006-07-03,183368,NXL1,buy,rebalance,6.0,24.083,2006-07-03,144.498,0.5057429999999999,0.8183133739401236,Real Estate,0.8183133739401236,,
2006-07-03,199461,UDR,buy,rebalance,13.0,11.887,2006-07-03,154.531,0.5408585,0.815254307985131,Real Estate,0.815254307985131,,
2006-07-03,184359,PNP,buy,rebalance,2.0,69.738,2006-07-03,139.476,0.488166,0.8028054519774395,Real Estate,0.8028054519774395,,
2006-07-03,197403,VRE,buy,rebalance,7.0,21.759,2006-07-03,152.313,0.5330954999999999,0.80112479225479,Real Estate,0.80112479225479,,
2006-07-03,198004,PSB,buy,rebalance,4.0,35.754,2006-07-03,143.016,0.500556,0.7985849601711686,Real Estate,0.7985849601711686,,
2006-07-03,198539,DRE,buy,rebalance,9.0,16.705,2006-07-03,150.34499999999997,0.5262074999999999,0.7864907444486757,Real Estate,0.7864907444486757,,
2006-07-03,196860,BXP,buy,rebalance,4.0,40.431,2006-07-03,161.724,0.5660339999999999,0.7864594730126412,Real Estate,0.7864594730126412,,
2006-07-03,196757,PLD,buy,rebalance,6.0,26.377,2006-07-03,158.262,0.553917,0.7839129094549597,Real Estate,0.7839129094549597,,
2006-08-01,199888,BRT,buy,rebalance,12.0,9.077,2006-08-01,108.924,0.381234,0.8301505820385499,Real Estate,0.8301505820385499,,
2006-08-01,183304,RA1,buy,rebalance,2.0,43.154,2006-08-01,86.308,0.302078,0.818650606261794,Real Estate,0.818650606261794,,
2006-08-01,183368,NXL1,buy,rebalance,4.0,25.196,2006-08-01,100.784,0.352744,0.8183133739401236,Real Estate,0.8183133739401236,,
2006-08-01,199461,UDR,buy,rebalance,9.0,11.955,2006-08-01,107.595,0.3765825,0.815254307985131,Real Estate,0.815254307985131,,
2006-08-01,184359,PNP,buy,rebalance,1.0,68.539,2006-08-01,68.539,0.2398865,0.8028054519774395,Real Estate,0.8028054519774395,,
2006-08-01,197403,VRE,buy,rebalance,4.0,22.772,2006-08-01,91.088,0.318808,0.8011247922547899,Real Estate,0.8011247922547899,,
2006-08-01,198004,PSB,buy,rebalance,3.0,36.01,2006-08-01,108.03,0.378105,0.7985849601711686,Real Estate,0.7985849601711686,,
2006-08-01,198539,DRE,buy,rebalance,6.0,17.377,2006-08-01,104.262,0.364917,0.7864907444486757,Real Estate,0.7864907444486757,,
2006-08-01,196860,BXP,buy,rebalance,2.0,43.129,2006-08-01,86.258,0.301903,0.7864594730126412,Real Estate,0.7864594730126412,,
2006-08-01,196757,PLD,buy,rebalance,4.0,27.477,2006-08-01,109.908,0.384678,0.7839129094549597,Real Estate,0.7839129094549597,,
2006-09-01,199888,BRT,buy,rebalance,12.0,9.11,2006-09-01,109.32,0.38261999999999996,0.8301505820385499,Real Estate,0.8301505820385499,,
2006-09-01,183304,RA1,buy,rebalance,2.0,41.82,2006-09-01,83.64,0.29274,0.818650606261794,Real Estate,0.818650606261794,,
2006-09-01,183368,NXL1,buy,rebalance,4.0,26.523,2006-09-01,106.092,0.371322,0.8183133739401236,Real Estate,0.8183133739401236,,
2006-09-01,199461,UDR,buy,rebalance,9.0,12.724,2006-09-01,114.516,0.40080600000000005,0.8152543079851311,Real Estate,0.8152543079851311,,
2006-09-01,184359,PNP,buy,rebalance,1.0,69.243,2006-09-01,69.243,0.2423505,0.8028054519774395,Real Estate,0.8028054519774395,,
2006-09-01,197403,VRE,buy,rebalance,4.0,24.803,2006-09-01,99.212,0.347242,0.80112479225479,Real Estate,0.80112479225479,,
2006-09-01,198004,PSB,buy,rebalance,3.0,37.076,2006-09-01,111.22800000000001,0.38929800000000003,0.7985849601711686,Real Estate,0.7985849601711686,,
2006-09-01,198539,DRE,buy,rebalance,6.0,17.897,2006-09-01,107.38199999999999,0.375837,0.7864907444486757,Real Estate,0.7864907444486757,,
2006-09-01,196860,BXP,buy,rebalance,2.0,44.556,2006-09-01,89.112,0.311892,0.7864594730126411,Real Estate,0.7864594730126411,,
2006-09-01,196757,PLD,buy,rebalance,3.0,28.953,2006-09-01,86.859,0.3040065,0.7839129094549597,Real Estate,0.7839129094549597,,
2006-10-02,199888,BRT,buy,rebalance,11.0,9.747,2006-10-02,107.217,0.3752595,0.831443145772622,Real Estate,0.831443145772622,,
2006-10-02,184359,PNP,buy,rebalance,1.0,69.49,2006-10-02,69.49,0.243215,0.8236430341344364,Real Estate,0.8236430341344364,,
2006-10-02,183368,NXL1,buy,rebalance,4.0,26.407,2006-10-02,105.628,0.369698,0.8212865973243016,Real Estate,0.8212865973243016,,
2006-10-02,183304,RA1,buy,rebalance,2.0,42.222,2006-10-02,84.444,0.29555400000000004,0.8205720194370119,Real Estate,0.8205720194370119,,
2006-10-02,197456,LPT,buy,rebalance,5.0,22.97,2006-10-02,114.85,0.40197499999999997,0.8142854273089506,Real Estate,0.8142854273089506,,
2006-10-02,198403,EQC,buy,rebalance,109.0,1.068,2006-10-02,116.412,0.407442,0.8112832859112917,Real Estate,0.8112832859112917,,
2006-10-02,196956,WPC,buy,rebalance,13.0,8.412,2006-10-02,109.35600000000001,0.38274600000000003,0.8036112186768314,Real Estate,0.8036112186768314,,
2006-10-02,196228,SAFE,buy,rebalance,1.0,70.869,2006-10-02,70.869,0.2480415,0.8012858960756725,Real Estate,0.8012858960756725,,
2006-10-02,198233,WRI,buy,rebalance,6.0,17.321,2006-10-02,103.92600000000002,0.36374100000000004,0.7992323874751479,Real Estate,0.7992323874751479,,
2006-10-02,197254,SVC,buy,rebalance,1.0,59.962,2006-10-02,59.962,0.20986700000000003,0.797921506269299,Real Estate,0.797921506269299,,
2006-11-01,199888,BRT,buy,rebalance,12.0,9.816,2006-11-01,117.792,0.412272,0.831443145772622,Real Estate,0.831443145772622,,
2006-11-01,183368,NXL1,buy,rebalance,4.0,27.867,2006-11-01,111.468,0.39013800000000004,0.8212865973243016,Real Estate,0.8212865973243016,,
2006-11-01,183304,RA1,buy,rebalance,2.0,43.582,2006-11-01,87.164,0.305074,0.8205720194370119,Real Estate,0.8205720194370119,,
2006-11-01,197456,LPT,buy,rebalance,5.0,23.105,2006-11-01,115.525,0.4043375,0.8142854273089506,Real Estate,0.8142854273089506,,
2006-11-01,198403,EQC,buy,rebalance,114.0,1.068,2006-11-01,121.75200000000001,0.42613200000000007,0.8112832859112917,Real Estate,0.8112832859112917,,
2006-11-01,196956,WPC,buy,rebalance,14.0,8.698,2006-11-01,121.772,0.426202,0.8036112186768313,Real Estate,0.8036112186768313,,
2006-11-01,196228,SAFE,buy,rebalance,1.0,79.129,2006-11-01,79.129,0.2769515,0.8012858960756725,Real Estate,0.8012858960756725,,
2006-11-01,198233,WRI,buy,rebalance,6.0,18.533,2006-11-01,111.19800000000001,0.389193,0.7992323874751478,Real Estate,0.7992323874751478,,
2006-11-01,197254,SVC,buy,rebalance,1.0,62.489,2006-11-01,62.489,0.2187115,0.797921506269299,Real Estate,0.797921506269299,,
2006-11-01,198602,DOC,buy,rebalance,12.0,9.577,2006-11-01,114.924,0.40223400000000004,0.7971587760861759,Real Estate,0.7971587760861759,,
2006-12-01,184359,PNP,sell,delisted,17.0,70.0,2006-10-27,1190.0,4.165,,,,1095.516936,90.31806400000005
2006-12-01,179085,TRZ,sell,delisted,30.0,28.99,2006-10-05,869.6999999999999,3.0439499999999997,,,,671.2732619999999,195.382788
2006-12-01,199888,BRT,buy,rebalance,30.0,10.687,2006-12-01,320.60999999999996,1.1221349999999999,0.831443145772622,Real Estate,0.831443145772622,,
2006-12-01,183368,NXL1,buy,rebalance,11.0,27.7,2006-12-01,304.7,1.06645,0.8212865973243016,Real Estate,0.8212865973243016,,
2006-12-01,183304,RA1,buy,rebalance,6.0,47.644,2006-12-01,285.864,1.000524,0.820572019437012,Real Estate,0.820572019437012,,
2006-12-01,197456,LPT,buy,rebalance,12.0,25.074,2006-12-01,300.88800000000003,1.0531080000000002,0.8142854273089506,Real Estate,0.8142854273089506,,
2006-12-01,198403,EQC,buy,rebalance,281.0,1.145,2006-12-01,321.745,1.1261075,0.8112832859112917,Real Estate,0.8112832859112917,,
2006-12-01,196956,WPC,buy,rebalance,35.0,9.175,2006-12-01,321.125,1.1239375,0.8036112186768313,Real Estate,0.8036112186768313,,
2006-12-01,196228,SAFE,buy,rebalance,4.0,79.966,2006-12-01,319.864,1.119524,0.8012858960756725,Real Estate,0.8012858960756725,,
2006-12-01,198233,WRI,buy,rebalance,16.0,19.23,2006-12-01,307.68,1.07688,0.7992323874751478,Real Estate,0.7992323874751478,,
2006-12-01,197254,SVC,buy,rebalance,4.0,64.756,2006-12-01,259.024,0.9065840000000001,0.7979215062692993,Real Estate,0.7979215062692993,,
2006-12-01,198602,DOC,buy,rebalance,28.0,11.376,2006-12-01,318.52799999999996,1.1148479999999998,0.7971587760861759,Real Estate,0.7971587760861759,,
2007-01-03,197456,LPT,buy,rebalance,4.0,24.004,2007-01-03,96.016,0.336056,0.8683092179792875,Real Estate,0.8683092179792875,,
2007-01-03,198233,WRI,buy,rebalance,6.0,19.04,2007-01-03,114.24,0.39984,0.863944532946055,Real Estate,0.863944532946055,,
2007-01-03,196757,PLD,buy,rebalance,3.0,30.943,2007-01-03,92.82900000000001,0.3249015,0.8625659959277963,Real Estate,0.8625659959277963,,
2007-01-03,197582,REG,buy,rebalance,3.0,35.506,2007-01-03,106.518,0.372813,0.8603147084945842,Real Estate,0.8603147084945842,,
2007-01-03,196860,BXP,buy,rebalance,2.0,52.579,2007-01-03,105.158,0.368053,0.8587251515849701,Real Estate,0.8587251515849701,,
2007-01-03,198004,PSB,buy,rebalance,2.0,43.623,2007-01-03,87.246,0.305361,0.858697881207018,Real Estate,0.858697881207018,,
2007-01-03,197624,VMRK,buy,rebalance,5.0,21.063,2007-01-03,105.315,0.3686025,0.8564150842797087,Real Estate,0.8564150842797087,,
2007-01-03,172190,ASN,buy,rebalance,2.0,57.23,2007-01-03,114.46,0.40060999999999997,0.854002618612397,Real Estate,0.854002618612397,,
2007-01-03,183304,RA1,buy,rebalance,2.0,45.77,2007-01-03,91.54,0.32039,0.8532681508805844,Real Estate,0.8532681508805844,,
2007-01-03,197620,CPT,buy,rebalance,3.0,32.413,2007-01-03,97.23899999999999,0.3403365,0.8526753469874263,Real Estate,0.8526753469874263,,
2007-02-01,197456,LPT,buy,rebalance,4.0,25.924,2007-02-01,103.696,0.362936,0.8683092179792875,Real Estate,0.8683092179792875,,
2007-02-01,198233,WRI,buy,rebalance,5.0,20.444,2007-02-01,102.22,0.35777,0.863944532946055,Real Estate,0.863944532946055,,
2007-02-01,196757,PLD,buy,rebalance,3.0,32.522,2007-02-01,97.566,0.34148100000000003,0.8625659959277963,Real Estate,0.8625659959277963,,
2007-02-01,197582,REG,buy,rebalance,2.0,39.936,2007-02-01,79.872,0.279552,0.8603147084945842,Real Estate,0.8603147084945842,,
2007-02-01,196860,BXP,buy,rebalance,1.0,59.146,2007-02-01,59.146,0.207011,0.8587251515849701,Real Estate,0.8587251515849701,,
2007-02-01,198004,PSB,buy,rebalance,2.0,46.838,2007-02-01,93.676,0.327866,0.858697881207018,Real Estate,0.858697881207018,,
2007-02-01,197624,VMRK,buy,rebalance,4.0,23.239,2007-02-01,92.956,0.325346,0.8564150842797087,Real Estate,0.8564150842797087,,
2007-02-01,172190,ASN,buy,rebalance,1.0,60.784,2007-02-01,60.784,0.212744,0.854002618612397,Real Estate,0.854002618612397,,
2007-02-01,197620,CPT,buy,rebalance,3.0,34.459,2007-02-01,103.37700000000001,0.3618195,0.8526753469874263,Real Estate,0.8526753469874263,,
2007-02-01,183368,NXL1,buy,rebalance,3.0,29.174,2007-02-01,87.52199999999999,0.30632699999999996,0.8514509343016946,Real Estate,0.8514509343016946,,
2007-03-01,183304,RA1,sell,delisted,20.0,47.1,2007-01-24,942.0,3.297,,,,884.517012,54.18598799999995
2007-03-01,197456,LPT,buy,rebalance,8.0,25.185,2007-03-01,201.48,0.70518,0.8683092179792875,Real Estate,0.8683092179792875,,
2007-03-01,198233,WRI,buy,rebalance,10.0,20.42,2007-03-01,204.20000000000002,0.7147000000000001,0.8639445329460551,Real Estate,0.8639445329460551,,
2007-03-01,196757,PLD,buy,rebalance,7.0,30.949,2007-03-01,216.643,0.7582505,0.8625659959277963,Real Estate,0.8625659959277963,,
2007-03-01,197582,REG,buy,rebalance,5.0,38.901,2007-03-01,194.50500000000002,0.6807675000000001,0.8603147084945842,Real Estate,0.8603147084945842,,
2007-03-01,196860,BXP,buy,rebalance,3.0,55.689,2007-03-01,167.067,0.5847345,0.8587251515849701,Real Estate,0.8587251515849701,,
2007-03-01,198004,PSB,buy,rebalance,5.0,43.777,2007-03-01,218.885,0.7660975,0.858697881207018,Real Estate,0.858697881207018,,
2007-03-01,197624,VMRK,buy,rebalance,10.0,20.669,2007-03-01,206.69,0.723415,0.8564150842797088,Real Estate,0.8564150842797088,,
2007-03-01,172190,ASN,buy,rebalance,3.0,55.496,2007-03-01,166.488,0.582708,0.854002618612397,Real Estate,0.854002618612397,,
2007-03-01,197620,CPT,buy,rebalance,6.0,31.48,2007-03-01,188.88,0.66108,0.8526753469874262,Real Estate,0.8526753469874262,,
2007-03-01,183368,NXL1,buy,rebalance,6.0,32.889,2007-03-01,197.334,0.690669,0.8514509343016946,Real Estate,0.8514509343016946,,
2007-04-02,197456,LPT,buy,rebalance,5.0,24.4,2007-04-02,122.0,0.427,0.8678381712279488,Real Estate,0.8678381712279488,,
2007-04-02,199461,UDR,buy,rebalance,9.0,13.272,2007-04-02,119.44800000000001,0.41806800000000005,0.8594906713430001,Real Estate,0.8594906713430001,,
2007-04-02,198233,WRI,buy,rebalance,6.0,19.915,2007-04-02,119.49,0.418215,0.8565569394540692,Real Estate,0.8565569394540692,,
2007-04-02,172190,ASN,buy,rebalance,2.0,54.236,2007-04-02,108.472,0.379652,0.8559933675574535,Real Estate,0.8559933675574535,,
2007-04-02,196228,SAFE,buy,rebalance,1.0,81.372,2007-04-02,81.372,0.284802,0.8493759147648811,Real Estate,0.8493759147648811,,
2007-04-02,196768,RASFQ,buy,rebalance,3.0,32.181,2007-04-02,96.54299999999999,0.3379005,0.8480561012179918,Real Estate,0.8480561012179918,,
2007-04-02,196956,WPC,buy,rebalance,11.0,10.486,2007-04-02,115.346,0.40371100000000004,0.8476098461093298,Real Estate,0.8476098461093298,,
2007-04-02,183368,NXL1,buy,rebalance,3.0,33.03,2007-04-02,99.09,0.34681500000000004,0.8469136093829254,Real Estate,0.8469136093829254,,
2007-04-02,197624,VMRK,buy,rebalance,6.0,20.366,2007-04-02,122.196,0.427686,0.8425419808677378,Real Estate,0.8425419808677378,,
2007-04-02,116084,AMYRZ,buy,rebalance,18.0,6.64,2007-04-02,119.52,0.41831999999999997,0.8400595577838506,Real Estate,0.8400595577838506,,
2007-05-01,197456,LPT,buy,rebalance,4.0,23.944,2007-05-01,95.776,0.335216,0.8678381712279488,Real Estate,0.8678381712279488,,
2007-05-01,199461,UDR,buy,rebalance,8.0,13.054,2007-05-01,104.432,0.365512,0.859490671343,Real Estate,0.859490671343,,
2007-05-01,198233,WRI,buy,rebalance,5.0,19.795,2007-05-01,98.97500000000001,0.3464125,0.8565569394540691,Real Estate,0.8565569394540691,,
2007-05-01,172190,ASN,buy,rebalance,2.0,50.825,2007-05-01,101.65,0.355775,0.8559933675574535,Real Estate,0.8559933675574535,,
2007-05-01,196228,SAFE,buy,rebalance,1.0,84.414,2007-05-01,84.414,0.295449,0.849375914764881,Real Estate,0.849375914764881,,
2007-05-01,196768,RASFQ,buy,rebalance,3.0,32.919,2007-05-01,98.75699999999999,0.3456495,0.8480561012179918,Real Estate,0.8480561012179918,,
2007-05-01,196956,WPC,buy,rebalance,10.0,10.839,2007-05-01,108.39,0.379365,0.8476098461093297,Real Estate,0.8476098461093297,,
2007-05-01,197624,VMRK,buy,rebalance,5.0,19.257,2007-05-01,96.28500000000001,0.33699750000000006,0.8425419808677378,Real Estate,0.8425419808677378,,
2007-05-01,116084,AMYRZ,buy,rebalance,17.0,6.342,2007-05-01,107.814,0.377349,0.8400595577838504,Real Estate,0.8400595577838504,,
2007-05-01,197706,SITC,buy,rebalance,7.0,15.96,2007-05-01,111.72,0.39102,0.8391783348931621,Real Estate,0.8391783348931621,,
2007-06-01,183368,NXL1,sell,delisted,87.0,33.11,2007-04-19,2880.57,10.081995000000001,,,,2205.8746335,664.6133715000001
2007-06-01,197456,LPT,buy,rebalance,17.0,23.294,2007-06-01,395.998,1.385993,0.8678381712279488,Real Estate,0.8678381712279488,,
2007-06-01,199461,UDR,buy,rebalance,29.0,13.256,2007-06-01,384.424,1.345484,0.8594906713430001,Real Estate,0.8594906713430001,,
2007-06-01,198233,WRI,buy,rebalance,20.0,19.34,2007-06-01,386.8,1.3538000000000001,0.8565569394540692,Real Estate,0.8565569394540692,,
2007-06-01,172190,ASN,buy,rebalance,6.0,61.57,2007-06-01,369.42,1.2929700000000002,0.8559933675574535,Real Estate,0.8559933675574535,,
2007-06-01,196228,SAFE,buy,rebalance,4.0,85.493,2007-06-01,341.972,1.196902,0.8493759147648811,Real Estate,0.8493759147648811,,
2007-06-01,196768,RASFQ,buy,rebalance,11.0,34.197,2007-06-01,376.16700000000003,1.3165845,0.8480561012179918,Real Estate,0.8480561012179918,,
2007-06-01,196956,WPC,buy,rebalance,37.0,10.558,2007-06-01,390.646,1.367261,0.8476098461093297,Real Estate,0.8476098461093297,,
2007-06-01,197624,VMRK,buy,rebalance,18.0,21.295,2007-06-01,383.31000000000006,1.3415850000000002,0.8425419808677378,Real Estate,0.8425419808677378,,
2007-06-01,116084,AMYRZ,buy,rebalance,61.0,6.446,2007-06-01,393.20599999999996,1.376221,0.8400595577838506,Real Estate,0.8400595577838506,,
2007-06-01,197706,SITC,buy,rebalance,26.0,15.24,2007-06-01,396.24,1.38684,0.8391783348931621,Real Estate,0.8391783348931621,,
2007-07-02,198233,WRI,buy,rebalance,6.0,17.635,2007-07-02,105.81,0.370335,0.8621666905557986,Real Estate,0.8621666905557986,,
2007-07-02,198157,RPT1,buy,rebalance,8.0,13.77,2007-07-02,110.16,0.38556,0.8550550143997248,Real Estate,0.8550550143997248,,
2007-07-02,198597,WELL,buy,rebalance,6.0,17.46,2007-07-02,104.76,0.36666000000000004,0.8533907608865513,Real Estate,0.8533907608865513,,
2007-07-02,196793,EQY,buy,rebalance,6.0,16.696,2007-07-02,100.17600000000002,0.35061600000000004,0.8505717036556293,Real Estate,0.8505717036556293,,
2007-07-02,196956,WPC,buy,rebalance,11.0,10.183,2007-07-02,112.013,0.39204550000000005,0.8502178923568416,Real Estate,0.8502178923568416,,
2007-07-02,199518,MNR2,buy,rebalance,30.0,3.703,2007-07-02,111.08999999999999,0.38881499999999997,0.8489768412436538,Real Estate,0.8489768412436538,,
2007-07-02,197456,LPT,buy,rebalance,5.0,22.546,2007-07-02,112.72999999999999,0.394555,0.848524656240476,Real Estate,0.848524656240476,,
2007-07-02,199461,UDR,buy,rebalance,9.0,11.745,2007-07-02,105.705,0.3699675,0.833289648327863,Real Estate,0.833289648327863,,
2007-07-02,196860,BXP,buy,rebalance,2.0,49.833,2007-07-02,99.666,0.348831,0.8316300835678615,Real Estate,0.8316300835678615,,
2007-07-02,199888,BRT,buy,rebalance,12.0,9.284,2007-07-02,111.40800000000002,0.38992800000000005,0.8309020028628424,Real Estate,0.8309020028628424,,
2007-08-01,198233,WRI,buy,rebalance,6.0,15.669,2007-08-01,94.01400000000001,0.32904900000000004,0.8621666905557985,Real Estate,0.8621666905557985,,
2007-08-01,198157,RPT1,buy,rebalance,8.0,12.141,2007-08-01,97.128,0.33994800000000003,0.8550550143997248,Real Estate,0.8550550143997248,,
2007-08-01,198597,WELL,buy,rebalance,6.0,15.557,2007-08-01,93.342,0.326697,0.8533907608865513,Real Estate,0.8533907608865513,,
2007-08-01,196793,EQY,buy,rebalance,7.0,15.129,2007-08-01,105.90299999999999,0.3706605,0.8505717036556293,Real Estate,0.8505717036556293,,
2007-08-01,196956,WPC,buy,rebalance,10.0,9.913,2007-08-01,99.13,0.346955,0.8502178923568416,Real Estate,0.8502178923568416,,
2007-08-01,199518,MNR2,buy,rebalance,30.0,3.536,2007-08-01,106.08,0.37128,0.8489768412436538,Real Estate,0.8489768412436538,,
2007-08-01,197456,LPT,buy,rebalance,5.0,18.953,2007-08-01,94.765,0.3316775,0.848524656240476,Real Estate,0.848524656240476,,
2007-08-01,199461,UDR,buy,rebalance,10.0,10.268,2007-08-01,102.68,0.35938000000000003,0.833289648327863,Real Estate,0.833289648327863,,
2007-08-01,196860,BXP,buy,rebalance,2.0,44.969,2007-08-01,89.938,0.31478300000000004,0.8316300835678615,Real Estate,0.8316300835678615,,
2007-08-01,199888,BRT,buy,rebalance,15.0,6.932,2007-08-01,103.98,0.36393000000000003,0.8309020028628424,Real Estate,0.8309020028628424,,
2007-09-04,198233,WRI,buy,rebalance,6.0,17.024,2007-09-04,102.144,0.35750400000000004,0.8621666905557985,Real Estate,0.8621666905557985,,
2007-09-04,198157,RPT1,buy,rebalance,8.0,12.111,2007-09-04,96.888,0.339108,0.8550550143997248,Real Estate,0.8550550143997248,,
2007-09-04,198597,WELL,buy,rebalance,6.0,17.14,2007-09-04,102.84,0.35994000000000004,0.8533907608865513,Real Estate,0.8533907608865513,,
2007-09-04,196793,EQY,buy,rebalance,6.0,16.937,2007-09-04,101.62200000000001,0.3556770000000001,0.8505717036556293,Real Estate,0.8505717036556293,,
2007-09-04,196956,WPC,buy,rebalance,10.0,9.932,2007-09-04,99.32000000000001,0.34762000000000004,0.8502178923568416,Real Estate,0.8502178923568416,,
2007-09-04,199518,MNR2,buy,rebalance,30.0,3.512,2007-09-04,105.36,0.36876000000000003,0.8489768412436539,Real Estate,0.8489768412436539,,
2007-09-04,197456,LPT,buy,rebalance,5.0,19.552,2007-09-04,97.75999999999999,0.34215999999999996,0.848524656240476,Real Estate,0.848524656240476,,
2007-09-04,199461,UDR,buy,rebalance,9.0,11.164,2007-09-04,100.476,0.351666,0.8332896483278632,Real Estate,0.8332896483278632,,
2007-09-04,196860,BXP,buy,rebalance,2.0,48.014,2007-09-04,96.028,0.336098,0.8316300835678615,Real Estate,0.8316300835678615,,
2007-09-04,199888,BRT,buy,rebalance,13.0,7.878,2007-09-04,102.414,0.358449,0.8309020028628424,Real Estate,0.8309020028628424,,
2007-10-01,196956,WPC,buy,rebalance,10.0,10.351,2007-10-01,103.51,0.362285,0.8540388807034008,Real Estate,0.8540388807034008,,
2007-10-01,199518,MNR2,buy,rebalance,29.0,3.614,2007-10-01,104.806,0.366821,0.8504571569311717,Real Estate,0.8504571569311717,,
2007-10-01,172190,ASN,buy,rebalance,1.0,60.18,2007-10-01,60.18,0.21063,0.8357465043940524,Real Estate,0.8357465043940524,,
2007-10-01,198233,WRI,buy,rebalance,5.0,17.887,2007-10-01,89.435,0.31302250000000004,0.8274864516006872,Real Estate,0.8274864516006872,,
2007-10-01,198438,CSR,buy,rebalance,2.0,37.749,2007-10-01,75.498,0.264243,0.8134087778040017,Real Estate,0.8134087778040017,,
2007-10-01,197771,KMP,buy,rebalance,3.0,30.403,2007-10-01,91.209,0.3192315,0.811771519027484,Energy,0.811771519027484,,
2007-10-01,197501,ADC,buy,rebalance,9.0,11.341,2007-10-01,102.06899999999999,0.3572415,0.8116650655012387,Real Estate,0.8116650655012387,,
2007-10-01,197443,FR,buy,rebalance,4.0,24.761,2007-10-01,99.044,0.346654,0.8050406938856633,Real Estate,0.8050406938856633,,
2007-10-01,197899,EQS,buy,rebalance,16.0,6.618,2007-10-01,105.888,0.37060800000000005,0.8036181106176441,Financial Services,0.8036181106176441,,
2007-11-01,196956,WPC,buy,rebalance,11.0,11.08,2007-11-01,121.88,0.42658,0.8540388807034008,Real Estate,0.8540388807034008,,
2007-11-01,199518,MNR2,buy,rebalance,35.0,3.499,2007-11-01,122.465,0.4286275,0.8504571569311717,Real Estate,0.8504571569311717,,
2007-11-01,198233,WRI,buy,rebalance,7.0,15.768,2007-11-01,110.376,0.38631600000000005,0.8274864516006872,Real Estate,0.8274864516006872,,
2007-11-01,198438,CSR,buy,rebalance,3.0,35.675,2007-11-01,107.02499999999999,0.37458749999999996,0.8134087778040018,Real Estate,0.8134087778040018,,
2007-11-01,197771,KMP,buy,rebalance,3.0,32.574,2007-11-01,97.722,0.34202699999999997,0.811771519027484,Energy,0.811771519027484,,
2007-11-01,197501,ADC,buy,rebalance,11.0,11.003,2007-11-01,121.033,0.42361550000000003,0.8116650655012388,Real Estate,0.8116650655012388,,
2007-11-01,197443,FR,buy,rebalance,5.0,23.85,2007-11-01,119.25,0.417375,0.8050406938856633,Real Estate,0.8050406938856633,,
2007-11-01,197899,EQS,buy,rebalance,20.0,5.893,2007-11-01,117.86,0.41251,0.8036181106176441,Financial Services,0.8036181106176441,,
2007-11-01,195934,MMP,buy,rebalance,15.0,8.143,2007-11-01,122.14500000000001,0.42750750000000004,0.7997356489228294,Energy,0.7997356489228294,,
2007-12-03,172190,ASN,sell,delisted,17.0,60.56,2007-10-04,1029.52,3.60332,,,,984.889089,41.02759100000003
2007-12-03,196956,WPC,buy,rebalance,19.0,11.468,2007-12-03,217.892,0.762622,0.8540388807034008,Real Estate,0.8540388807034008,,
2007-12-03,199518,MNR2,buy,rebalance,64.0,3.43,2007-12-03,219.52,0.76832,0.8504571569311717,Real Estate,0.8504571569311717,,
2007-12-03,198233,WRI,buy,rebalance,14.0,14.87,2007-12-03,208.17999999999998,0.7286299999999999,0.8274864516006872,Real Estate,0.8274864516006872,,
2007-12-03,199688,GE,buy,rebalance,1.0,115.422,2007-12-03,115.422,0.403977,0.8201033643530012,Industrials,0.8201033643530012,,
2007-12-03,198438,CSR,buy,rebalance,6.0,33.328,2007-12-03,199.96800000000002,0.6998880000000001,0.8134087778040017,Real Estate,0.8134087778040017,,
2007-12-03,197771,KMP,buy,rebalance,6.0,32.259,2007-12-03,193.554,0.677439,0.811771519027484,Energy,0.811771519027484,,
2007-12-03,197501,ADC,buy,rebalance,20.0,10.746,2007-12-03,214.92000000000002,0.7522200000000001,0.8116650655012388,Real Estate,0.8116650655012388,,
2007-12-03,197443,FR,buy,rebalance,9.0,22.803,2007-12-03,205.227,0.7182945000000001,0.8050406938856633,Real Estate,0.8050406938856633,,
2007-12-03,197899,EQS,buy,rebalance,40.0,5.51,2007-12-03,220.39999999999998,0.7714,0.8036181106176441,Financial Services,0.8036181106176441,,
2007-12-03,195934,MMP,buy,rebalance,26.0,8.347,2007-12-03,217.022,0.759577,0.7997356489228294,Energy,0.7997356489228294,,
2008-01-02,198597,WELL,buy,rebalance,6.0,19.566,2008-01-02,117.39599999999999,0.410886,0.855425300470892,Real Estate,0.855425300470892,,
2008-01-02,197771,KMP,buy,rebalance,3.0,34.243,2008-01-02,102.72900000000001,0.3595515000000001,0.8476837155046135,Energy,0.8476837155046135,,
2008-01-02,196956,WPC,buy,rebalance,11.0,10.673,2008-01-02,117.403,0.4109105,0.8476710260284694,Real Estate,0.8476710260284694,,
2008-01-02,199688,GE,buy,rebalance,1.0,115.865,2008-01-02,115.865,0.4055275,0.8457899073414008,Industrials,0.8457899073414008,,
2008-01-02,198233,WRI,buy,rebalance,8.0,13.594,2008-01-02,108.752,0.38063199999999997,0.8348890061688794,Real Estate,0.8348890061688794,,
2008-01-02,197567,MAC,buy,rebalance,4.0,24.209,2008-01-02,96.836,0.338926,0.8345958421788868,Real Estate,0.8345958421788868,,
2008-01-02,197649,AKR,buy,rebalance,9.0,12.07,2008-01-02,108.63,0.380205,0.8338896647795423,Real Estate,0.8338896647795423,,
2008-01-02,195934,MMP,buy,rebalance,14.0,8.252,2008-01-02,115.528,0.40434800000000004,0.831285705961651,Energy,0.831285705961651,,
2008-01-02,198638,SCG,buy,rebalance,4.0,25.926,2008-01-02,103.704,0.362964,0.8308961803522417,Utilities,0.8308961803522417,,
2008-01-02,197646,SKT,buy,rebalance,14.0,8.528,2008-01-02,119.39200000000001,0.417872,0.8304721843497945,Real Estate,0.8304721843497945,,
2008-02-01,198597,WELL,buy,rebalance,5.0,19.27,2008-02-01,96.35,0.337225,0.855425300470892,Real Estate,0.855425300470892,,
2008-02-01,197771,KMP,buy,rebalance,2.0,36.855,2008-02-01,73.71,0.25798499999999996,0.8476837155046135,Energy,0.8476837155046135,,
2008-02-01,196956,WPC,buy,rebalance,9.0,11.057,2008-02-01,99.513,0.34829550000000004,0.8476710260284694,Real Estate,0.8476710260284694,,
2008-02-01,198233,WRI,buy,rebalance,7.0,14.901,2008-02-01,104.307,0.3650745,0.8348890061688794,Real Estate,0.8348890061688794,,
2008-02-01,197567,MAC,buy,rebalance,4.0,24.754,2008-02-01,99.016,0.34655600000000003,0.8345958421788868,Real Estate,0.8345958421788868,,
2008-02-01,197649,AKR,buy,rebalance,9.0,11.924,2008-02-01,107.316,0.375606,0.8338896647795423,Real Estate,0.8338896647795423,,
2008-02-01,195934,MMP,buy,rebalance,13.0,8.263,2008-02-01,107.419,0.3759665,0.831285705961651,Energy,0.831285705961651,,
2008-02-01,198638,SCG,buy,rebalance,4.0,23.789,2008-02-01,95.156,0.333046,0.8308961803522417,Utilities,0.8308961803522417,,
2008-02-01,197646,SKT,buy,rebalance,12.0,8.944,2008-02-01,107.328,0.37564800000000004,0.8304721843497945,Real Estate,0.8304721843497945,,
2008-03-03,198597,WELL,buy,rebalance,6.0,18.3,2008-03-03,109.80000000000001,0.38430000000000003,0.855425300470892,Real Estate,0.855425300470892,,
2008-03-03,197771,KMP,buy,rebalance,3.0,36.855,2008-03-03,110.565,0.3869775,0.8476837155046135,Energy,0.8476837155046135,,
2008-03-03,196956,WPC,buy,rebalance,11.0,10.426,2008-03-03,114.686,0.401401,0.8476710260284694,Real Estate,0.8476710260284694,,
2008-03-03,199688,GE,buy,rebalance,1.0,106.244,2008-03-03,106.244,0.371854,0.8457899073414008,Industrials,0.8457899073414008,,
2008-03-03,198233,WRI,buy,rebalance,8.0,13.861,2008-03-03,110.888,0.388108,0.8348890061688794,Real Estate,0.8348890061688794,,
2008-03-03,197567,MAC,buy,rebalance,5.0,22.377,2008-03-03,111.88499999999999,0.3915975,0.834595842178887,Real Estate,0.834595842178887,,
2008-03-03,197649,AKR,buy,rebalance,10.0,10.928,2008-03-03,109.28,0.38248,0.8338896647795423,Real Estate,0.8338896647795423,,
2008-03-03,195934,MMP,buy,rebalance,14.0,8.38,2008-03-03,117.32000000000001,0.41062000000000004,0.831285705961651,Energy,0.831285705961651,,
2008-03-03,198638,SCG,buy,rebalance,5.0,23.689,2008-03-03,118.445,0.41455749999999997,0.8308961803522417,Utilities,0.8308961803522417,,
2008-03-03,197646,SKT,buy,rebalance,14.0,8.129,2008-03-03,113.806,0.398321,0.8304721843497945,Real Estate,0.8304721843497945,,
2008-04-01,199518,MNR2,buy,rebalance,30.0,3.537,2008-04-01,106.11,0.371385,0.8698800330345072,Real Estate,0.8698800330345072,,
2008-04-01,197771,KMP,buy,rebalance,3.0,35.389,2008-04-01,106.167,0.37158450000000004,0.8511729709993111,Energy,0.8511729709993111,,
2008-04-01,198597,WELL,buy,rebalance,5.0,20.574,2008-04-01,102.87,0.360045,0.8461708105852012,Real Estate,0.8461708105852012,,
2008-04-01,198245,DX,buy,rebalance,32.0,3.27,2008-04-01,104.64,0.36624,0.8426852431108312,Real Estate,0.8426852431108312,,
2008-04-01,195934,MMP,buy,rebalance,13.0,7.917,2008-04-01,102.92099999999999,0.3602235,0.8367803355038002,Energy,0.8367803355038002,,
2008-04-01,181545,ANL1,buy,rebalance,5.0,21.396,2008-04-01,106.98,0.37443000000000004,0.834109599239922,Real Estate,0.834109599239922,,
2008-04-01,198638,SCG,buy,rebalance,4.0,23.661,2008-04-01,94.644,0.33125400000000005,0.8301980922945406,Utilities,0.8301980922945406,,
2008-04-01,199003,HE,buy,rebalance,8.0,12.169,2008-04-01,97.352,0.34073200000000003,0.8296945617631273,Utilities,0.8296945617631273,,
2008-04-01,199337,SO,buy,rebalance,6.0,16.131,2008-04-01,96.786,0.338751,0.8271435722288805,Utilities,0.8271435722288805,,
2008-05-01,199518,MNR2,buy,rebalance,33.0,3.422,2008-05-01,112.926,0.395241,0.8698800330345073,Real Estate,0.8698800330345073,,
2008-05-01,197771,KMP,buy,rebalance,2.0,38.358,2008-05-01,76.716,0.26850599999999997,0.851172970999311,Energy,0.851172970999311,,
2008-05-01,199688,GE,buy,rebalance,1.0,105.353,2008-05-01,105.353,0.3687355,0.8470667336609827,Industrials,0.8470667336609827,,
2008-05-01,198597,WELL,buy,rebalance,5.0,21.985,2008-05-01,109.925,0.3847375,0.8461708105852013,Real Estate,0.8461708105852013,,
2008-05-01,198245,DX,buy,rebalance,37.0,3.094,2008-05-01,114.478,0.400673,0.842685243110831,Real Estate,0.842685243110831,,
2008-05-01,195934,MMP,buy,rebalance,14.0,7.917,2008-05-01,110.838,0.387933,0.8367803355038,Energy,0.8367803355038,,
2008-05-01,181545,ANL1,buy,rebalance,5.0,19.649,2008-05-01,98.245,0.34385750000000004,0.834109599239922,Real Estate,0.834109599239922,,
2008-05-01,198638,SCG,buy,rebalance,4.0,25.527,2008-05-01,102.108,0.35737800000000003,0.8301980922945408,Utilities,0.8301980922945408,,
2008-05-01,199003,HE,buy,rebalance,9.0,12.66,2008-05-01,113.94,0.39879,0.8296945617631274,Utilities,0.8296945617631274,,
2008-05-01,199337,SO,buy,rebalance,6.0,16.548,2008-05-01,99.28799999999998,0.34750799999999993,0.8271435722288805,Utilities,0.8271435722288805,,
2008-06-02,199518,MNR2,buy,rebalance,34.0,3.18,2008-06-02,108.12,0.37842000000000003,0.8698800330345074,Real Estate,0.8698800330345074,,
2008-06-02,197771,KMP,buy,rebalance,2.0,38.254,2008-06-02,76.508,0.267778,0.8511729709993111,Energy,0.8511729709993111,,
2008-06-02,199688,GE,buy,rebalance,1.0,96.733,2008-06-02,96.733,0.3385655,0.8470667336609828,Industrials,0.8470667336609828,,
2008-06-02,198597,WELL,buy,rebalance,5.0,21.471,2008-06-02,107.355,0.37574250000000003,0.8461708105852012,Real Estate,0.8461708105852012,,
2008-06-02,198245,DX,buy,rebalance,35.0,3.104,2008-06-02,108.64,0.38024,0.8426852431108312,Real Estate,0.8426852431108312,,
2008-06-02,195934,MMP,buy,rebalance,14.0,7.705,2008-06-02,107.87,0.377545,0.8367803355038002,Energy,0.8367803355038002,,
2008-06-02,181545,ANL1,buy,rebalance,5.0,19.163,2008-06-02,95.815,0.3353525,0.8341095992399221,Real Estate,0.8341095992399221,,
2008-06-02,198638,SCG,buy,rebalance,4.0,25.274,2008-06-02,101.096,0.35383600000000004,0.8301980922945407,Utilities,0.8301980922945407,,
2008-06-02,199003,HE,buy,rebalance,8.0,13.449,2008-06-02,107.592,0.376572,0.8296945617631274,Utilities,0.8296945617631274,,
2008-06-02,199337,SO,buy,rebalance,6.0,15.961,2008-06-02,95.766,0.335181,0.8271435722288806,Utilities,0.8271435722288806,,
2008-07-01,198597,WELL,buy,rebalance,5.0,19.741,2008-07-01,98.705,0.3454675,0.8507074360666455,Real Estate,0.8507074360666455,,
2008-07-01,198245,DX,buy,rebalance,36.0,3.027,2008-07-01,108.97200000000001,0.381402,0.8465741905476106,Real Estate,0.8465741905476106,,
2008-07-01,199003,HE,buy,rebalance,8.0,12.704,2008-07-01,101.632,0.35571200000000003,0.8417887030014172,Utilities,0.8417887030014172,,
2008-07-01,197771,KMP,buy,rebalance,2.0,36.51,2008-07-01,73.02,0.25556999999999996,0.838171958986736,Energy,0.838171958986736,,
2008-07-01,196956,WPC,buy,rebalance,11.0,9.448,2008-07-01,103.928,0.363748,0.8346708056098392,Real Estate,0.8346708056098392,,
2008-07-01,195934,MMP,buy,rebalance,15.0,7.077,2008-07-01,106.155,0.3715425,0.8315496192867147,Energy,0.8315496192867147,,
2008-07-01,181545,ANL1,buy,rebalance,5.0,18.392,2008-07-01,91.96,0.32186,0.8300121467601388,Real Estate,0.8300121467601388,,
2008-07-01,198638,SCG,buy,rebalance,4.0,23.719,2008-07-01,94.876,0.33206600000000003,0.829543918822475,Utilities,0.829543918822475,,
2008-07-01,197254,SVC,buy,rebalance,2.0,37.406,2008-07-01,74.812,0.261842,0.8293901171619752,Real Estate,0.8293901171619752,,
2008-07-01,199639,EGP,buy,rebalance,4.0,22.465,2008-07-01,89.86,0.31451,0.8285847253953699,Real Estate,0.8285847253953699,,
2008-08-01,198597,WELL,buy,rebalance,4.0,22.937,2008-08-01,91.748,0.321118,0.8507074360666455,Real Estate,0.8507074360666455,,
2008-08-01,198245,DX,buy,rebalance,39.0,2.925,2008-08-01,114.07499999999999,0.39926249999999996,0.8465741905476106,Real Estate,0.8465741905476106,,
2008-08-01,199003,HE,buy,rebalance,9.0,12.278,2008-08-01,110.50200000000001,0.386757,0.841788703001417,Utilities,0.841788703001417,,
2008-08-01,197771,KMP,buy,rebalance,3.0,37.475,2008-08-01,112.42500000000001,0.39348750000000005,0.838171958986736,Energy,0.838171958986736,,
2008-08-01,196956,WPC,buy,rebalance,11.0,9.622,2008-08-01,105.842,0.370447,0.8346708056098392,Real Estate,0.8346708056098392,,
2008-08-01,195934,MMP,buy,rebalance,16.0,7.134,2008-08-01,114.144,0.399504,0.8315496192867147,Energy,0.8315496192867147,,
2008-08-01,181545,ANL1,buy,rebalance,5.0,19.39,2008-08-01,96.95,0.33932500000000004,0.8300121467601388,Real Estate,0.8300121467601388,,
2008-08-01,198638,SCG,buy,rebalance,4.0,23.393,2008-08-01,93.572,0.327502,0.829543918822475,Utilities,0.829543918822475,,
2008-08-01,197254,SVC,buy,rebalance,3.0,34.285,2008-08-01,102.85499999999999,0.3599925,0.8293901171619752,Real Estate,0.8293901171619752,,
2008-08-01,199639,EGP,buy,rebalance,4.0,24.554,2008-08-01,98.216,0.343756,0.8285847253953699,Real Estate,0.8285847253953699,,
2008-09-02,198597,WELL,buy,rebalance,4.0,23.467,2008-09-02,93.868,0.328538,0.8507074360666453,Real Estate,0.8507074360666453,,
2008-09-02,198245,DX,buy,rebalance,38.0,2.861,2008-09-02,108.718,0.38051300000000005,0.8465741905476107,Real Estate,0.8465741905476107,,
2008-09-02,199003,HE,buy,rebalance,8.0,13.492,2008-09-02,107.936,0.37777600000000006,0.8417887030014171,Utilities,0.8417887030014171,,
2008-09-02,197771,KMP,buy,rebalance,2.0,37.846,2008-09-02,75.692,0.264922,0.8381719589867361,Energy,0.8381719589867361,,
2008-09-02,196956,WPC,buy,rebalance,10.0,10.109,2008-09-02,101.09,0.35381500000000005,0.8346708056098393,Real Estate,0.8346708056098393,,
2008-09-02,195934,MMP,buy,rebalance,14.0,7.556,2008-09-02,105.784,0.370244,0.8315496192867148,Energy,0.8315496192867148,,
2008-09-02,181545,ANL1,buy,rebalance,4.0,22.02,2008-09-02,88.08,0.30828,0.8300121467601389,Real Estate,0.8300121467601389,,
2008-09-02,198638,SCG,buy,rebalance,4.0,25.126,2008-09-02,100.504,0.351764,0.8295439188224749,Utilities,0.8295439188224749,,
2008-09-02,197254,SVC,buy,rebalance,3.0,36.002,2008-09-02,108.006,0.378021,0.8293901171619753,Real Estate,0.8293901171619753,,
2008-09-02,199639,EGP,buy,rebalance,4.0,23.835,2008-09-02,95.34,0.33369000000000004,0.82858472539537,Real Estate,0.82858472539537,,
2008-10-01,199518,MNR2,buy,rebalance,31.0,3.512,2008-10-01,108.872,0.381052,0.8575459701048191,Real Estate,0.8575459701048191,,
2008-10-01,197771,KMP,buy,rebalance,3.0,34.999,2008-10-01,104.99700000000001,0.3674895000000001,0.8463594283736059,Energy,0.8463594283736059,,
2008-10-01,196956,WPC,buy,rebalance,12.0,8.975,2008-10-01,107.69999999999999,0.37694999999999995,0.8438936904779851,Real Estate,0.8438936904779851,,
2008-10-01,199003,HE,buy,rebalance,7.0,14.472,2008-10-01,101.304,0.354564,0.8349549212989601,Utilities,0.8349549212989601,,
2008-10-01,199477,XEL,buy,rebalance,10.0,10.725,2008-10-01,107.25,0.375375,0.8314278281109209,Utilities,0.8314278281109209,,
2008-10-01,196584,EPD,buy,rebalance,26.0,4.123,2008-10-01,107.19800000000001,0.37519300000000005,0.8306801421925056,Energy,0.8306801421925056,,
2008-10-01,199154,CTWS,buy,rebalance,5.0,19.386,2008-10-01,96.92999999999999,0.339255,0.8302360933429258,Utilities,0.8302360933429258,,
2008-10-01,199337,SO,buy,rebalance,6.0,17.134,2008-10-01,102.804,0.359814,0.8291551030741211,Utilities,0.8291551030741211,,
2008-10-01,198638,SCG,buy,rebalance,4.0,25.66,2008-10-01,102.64,0.35924,0.8290213282962007,Utilities,0.8290213282962007,,
2008-10-01,198536,WEC,buy,rebalance,8.0,12.595,2008-10-01,100.76,0.35266000000000003,0.8286166435356839,Utilities,0.8286166435356839,,
2008-11-03,199518,MNR2,buy,rebalance,31.0,3.434,2008-11-03,106.45400000000001,0.37258900000000006,0.8575459701048191,Real Estate,0.8575459701048191,,
2008-11-03,197771,KMP,buy,rebalance,2.0,37.039,2008-11-03,74.078,0.25927300000000003,0.8463594283736059,Energy,0.8463594283736059,,
2008-11-03,196956,WPC,buy,rebalance,13.0,8.113,2008-11-03,105.469,0.3691415,0.8438936904779851,Real Estate,0.8438936904779851,,
2008-11-03,199003,HE,buy,rebalance,7.0,13.708,2008-11-03,95.956,0.33584600000000003,0.8349549212989601,Utilities,0.8349549212989601,,
2008-11-03,199477,XEL,buy,rebalance,11.0,9.523,2008-11-03,104.753,0.3666355,0.8314278281109209,Utilities,0.8314278281109209,,
2008-11-03,196584,EPD,buy,rebalance,27.0,3.925,2008-11-03,105.975,0.3709125,0.8306801421925059,Energy,0.8306801421925059,,
2008-11-03,199154,CTWS,buy,rebalance,5.0,18.593,2008-11-03,92.965,0.32537750000000004,0.8302360933429258,Utilities,0.8302360933429258,,
2008-11-03,199337,SO,buy,rebalance,6.0,15.971,2008-11-03,95.826,0.335391,0.8291551030741211,Utilities,0.8291551030741211,,
2008-11-03,198638,SCG,buy,rebalance,4.0,22.016,2008-11-03,88.064,0.308224,0.8290213282962007,Utilities,0.8290213282962007,,
2008-11-03,198536,WEC,buy,rebalance,9.0,11.856,2008-11-03,106.704,0.37346399999999996,0.8286166435356839,Utilities,0.8286166435356839,,
2008-12-01,199518,MNR2,buy,rebalance,39.0,2.774,2008-12-01,108.186,0.378651,0.8575459701048191,Real Estate,0.8575459701048191,,
2008-12-01,197771,KMP,buy,rebalance,3.0,31.229,2008-12-01,93.687,0.3279045,0.8463594283736059,Energy,0.8463594283736059,,
2008-12-01,196956,WPC,buy,rebalance,15.0,7.06,2008-12-01,105.89999999999999,0.37065,0.8438936904779851,Real Estate,0.8438936904779851,,
2008-12-01,199003,HE,buy,rebalance,8.0,13.514,2008-12-01,108.112,0.378392,0.8349549212989601,Utilities,0.8349549212989601,,
2008-12-01,199477,XEL,buy,rebalance,11.0,9.453,2008-12-01,103.98299999999999,0.36394049999999994,0.8314278281109209,Utilities,0.8314278281109209,,
2008-12-01,196584,EPD,buy,rebalance,32.0,3.312,2008-12-01,105.984,0.370944,0.8306801421925056,Energy,0.8306801421925056,,
2008-12-01,199154,CTWS,buy,rebalance,6.0,15.756,2008-12-01,94.536,0.330876,0.8302360933429258,Utilities,0.8302360933429258,,
2008-12-01,199337,SO,buy,rebalance,6.0,16.14,2008-12-01,96.84,0.33894,0.8291551030741211,Utilities,0.8291551030741211,,
2008-12-01,198638,SCG,buy,rebalance,5.0,21.077,2008-12-01,105.385,0.36884750000000005,0.8290213282962007,Utilities,0.8290213282962007,,
2008-12-01,198536,WEC,buy,rebalance,9.0,11.544,2008-12-01,103.896,0.363636,0.8286166435356839,Utilities,0.8286166435356839,,
2009-01-02,197771,KMP,buy,rebalance,3.0,32.08,2009-01-02,96.24,0.33684,0.8169168548497869,Energy,0.8169168548497869,,
2009-01-02,198638,SCG,buy,rebalance,4.0,23.863,2009-01-02,95.452,0.334082,0.8129207405737338,Utilities,0.8129207405737338,,
2009-01-02,198635,UTL,buy,rebalance,10.0,10.204,2009-01-02,102.04,0.35714,0.8075121369086254,Utilities,0.8075121369086254,,
2009-01-02,196250,PGN1,buy,rebalance,3.0,32.855,2009-01-02,98.565,0.3449775,0.805476192666914,Utilities,0.805476192666914,,
2009-01-02,199337,SO,buy,rebalance,6.0,17.196,2009-01-02,103.17600000000002,0.36111600000000005,0.804729250335265,Utilities,0.804729250335265,,
2009-01-02,197913,NHI,buy,rebalance,10.0,9.888,2009-01-02,98.88,0.34608,0.803772057464955,Real Estate,0.803772057464955,,
2009-01-02,198610,PNW,buy,rebalance,6.0,15.667,2009-01-02,94.002,0.329007,0.8031182343344718,Utilities,0.8031182343344718,,
2009-01-02,197266,LSI,buy,rebalance,8.0,12.317,2009-01-02,98.536,0.344876,0.8022540188022809,Real Estate,0.8022540188022809,,
2009-01-02,195786,GXP,buy,rebalance,7.0,13.535,2009-01-02,94.745,0.3316075,0.8020941642297824,Utilities,0.8020941642297824,,
2009-01-02,199639,EGP,buy,rebalance,5.0,18.42,2009-01-02,92.10000000000001,0.32235,0.802019032948031,Real Estate,0.802019032948031,,
2009-02-02,197771,KMP,buy,rebalance,3.0,33.832,2009-02-02,101.49600000000001,0.35523600000000005,0.8169168548497869,Energy,0.8169168548497869,,
2009-02-02,198638,SCG,buy,rebalance,4.0,22.531,2009-02-02,90.124,0.315434,0.8129207405737336,Utilities,0.8129207405737336,,
2009-02-02,198635,UTL,buy,rebalance,10.0,10.126,2009-02-02,101.25999999999999,0.35441,0.8075121369086254,Utilities,0.8075121369086254,,
2009-02-02,196250,PGN1,buy,rebalance,3.0,31.952,2009-02-02,95.85600000000001,0.335496,0.805476192666914,Utilities,0.805476192666914,,
2009-02-02,199337,SO,buy,rebalance,6.0,15.467,2009-02-02,92.802,0.324807,0.804729250335265,Utilities,0.804729250335265,,
2009-02-02,197913,NHI,buy,rebalance,10.0,10.315,2009-02-02,103.14999999999999,0.361025,0.8037720574649551,Real Estate,0.8037720574649551,,
2009-02-02,198610,PNW,buy,rebalance,6.0,16.446,2009-02-02,98.67600000000002,0.34536600000000006,0.8031182343344718,Utilities,0.8031182343344718,,
2009-02-02,197266,LSI,buy,rebalance,11.0,9.773,2009-02-02,107.503,0.3762605,0.8022540188022809,Real Estate,0.8022540188022809,,
2009-02-02,195786,GXP,buy,rebalance,8.0,13.297,2009-02-02,106.376,0.37231600000000004,0.8020941642297824,Utilities,0.8020941642297824,,
2009-02-02,199639,EGP,buy,rebalance,6.0,16.559,2009-02-02,99.35400000000001,0.3477390000000001,0.8020190329480311,Real Estate,0.8020190329480311,,
2009-03-02,197771,KMP,buy,rebalance,3.0,29.987,2009-03-02,89.961,0.3148635,0.8169168548497869,Energy,0.8169168548497869,,
2009-03-02,198638,SCG,buy,rebalance,5.0,18.988,2009-03-02,94.94,0.33229,0.8129207405737338,Utilities,0.8129207405737338,,
2009-03-02,198635,UTL,buy,rebalance,11.0,9.551,2009-03-02,105.061,0.3677135,0.8075121369086256,Utilities,0.8075121369086256,,
2009-03-02,196250,PGN1,buy,rebalance,3.0,28.123,2009-03-02,84.369,0.2952915,0.805476192666914,Utilities,0.805476192666914,,
2009-03-02,199337,SO,buy,rebalance,7.0,13.836,2009-03-02,96.852,0.338982,0.804729250335265,Utilities,0.804729250335265,,
2009-03-02,197913,NHI,buy,rebalance,12.0,8.638,2009-03-02,103.656,0.362796,0.803772057464955,Real Estate,0.803772057464955,,
2009-03-02,198610,PNW,buy,rebalance,9.0,11.984,2009-03-02,107.856,0.377496,0.8031182343344718,Utilities,0.8031182343344718,,
2009-03-02,197266,LSI,buy,rebalance,15.0,7.168,2009-03-02,107.52,0.37632,0.8022540188022809,Real Estate,0.8022540188022809,,
2009-03-02,195786,GXP,buy,rebalance,12.0,8.612,2009-03-02,103.344,0.36170399999999997,0.8020941642297824,Utilities,0.8020941642297824,,
2009-03-02,199639,EGP,buy,rebalance,8.0,12.515,2009-03-02,100.12,0.35042,0.802019032948031,Real Estate,0.802019032948031,,
2009-04-01,197771,KMP,buy,rebalance,3.0,32.447,2009-04-01,97.34100000000001,0.34069350000000004,0.8174840781898872,Energy,0.8174840781898872,,
2009-04-01,199337,SO,buy,rebalance,7.0,14.315,2009-04-01,100.205,0.3507175,0.808526949084875,Utilities,0.808526949084875,,
2009-04-01,198610,PNW,buy,rebalance,8.0,13.041,2009-04-01,104.328,0.36514800000000003,0.8083907577954451,Utilities,0.8083907577954451,,
2009-04-01,196250,PGN1,buy,rebalance,3.0,29.545,2009-04-01,88.635,0.3102225,0.8080079334715643,Utilities,0.8080079334715643,,
2009-04-01,194830,DUK,buy,rebalance,5.0,19.799,2009-04-01,98.995,0.3464825,0.8058606231707018,Utilities,0.8058606231707018,,
2009-04-01,199972,AEP,buy,rebalance,8.0,12.843,2009-04-01,102.744,0.359604,0.8046577447287446,Utilities,0.8046577447287446,,
2009-04-01,198638,SCG,buy,rebalance,5.0,20.529,2009-04-01,102.645,0.3592575,0.8033991461471541,Utilities,0.8033991461471541,,
2009-04-01,196627,IDA,buy,rebalance,7.0,13.695,2009-04-01,95.86500000000001,0.33552750000000003,0.8030049103365959,Utilities,0.8030049103365959,,
2009-04-01,197304,DTE,buy,rebalance,8.0,12.461,2009-04-01,99.688,0.348908,0.8020073089001046,Utilities,0.8020073089001046,,
2009-04-01,195706,MGEE,buy,rebalance,8.0,13.302,2009-04-01,106.416,0.372456,0.8010084881551502,Utilities,0.8010084881551502,,
2009-05-01,181545,ANL1,sell,delisted,29.0,14.18,2009-03-12,411.21999999999997,1.4392699999999998,,,,580.053105,-170.272375
2009-05-01,197771,KMP,buy,rebalance,4.0,33.473,2009-05-01,133.892,0.468622,0.8174840781898872,Energy,0.8174840781898872,,
2009-05-01,199337,SO,buy,rebalance,10.0,13.593,2009-05-01,135.93,0.47575500000000004,0.808526949084875,Utilities,0.808526949084875,,
2009-05-01,198610,PNW,buy,rebalance,11.0,13.564,2009-05-01,149.204,0.5222140000000001,0.808390757795445,Utilities,0.808390757795445,,
2009-05-01,196250,PGN1,buy,rebalance,5.0,29.269,2009-05-01,146.345,0.5122075,0.8080079334715642,Utilities,0.8080079334715642,,
2009-05-01,194830,DUK,buy,rebalance,7.0,19.591,2009-05-01,137.137,0.4799795,0.8058606231707017,Utilities,0.8058606231707017,,
2009-05-01,199972,AEP,buy,rebalance,10.0,13.617,2009-05-01,136.17000000000002,0.47659500000000005,0.8046577447287445,Utilities,0.8046577447287445,,
2009-05-01,198638,SCG,buy,rebalance,7.0,20.549,2009-05-01,143.843,0.5034505,0.8033991461471541,Utilities,0.8033991461471541,,
2009-05-01,196627,IDA,buy,rebalance,10.0,14.35,2009-05-01,143.5,0.50225,0.8030049103365959,Utilities,0.8030049103365959,,
2009-05-01,197304,DTE,buy,rebalance,10.0,13.663,2009-05-01,136.63,0.478205,0.8020073089001045,Utilities,0.8020073089001045,,
2009-05-01,195706,MGEE,buy,rebalance,11.0,12.954,2009-05-01,142.494,0.49872900000000003,0.8010084881551501,Utilities,0.8010084881551501,,
2009-06-01,197771,KMP,buy,rebalance,2.0,36.542,2009-06-01,73.084,0.255794,0.8174840781898872,Energy,0.8174840781898872,,
2009-06-01,199337,SO,buy,rebalance,7.0,13.645,2009-06-01,95.515,0.3343025,0.808526949084875,Utilities,0.808526949084875,,
2009-06-01,198610,PNW,buy,rebalance,7.0,13.839,2009-06-01,96.873,0.3390555,0.808390757795445,Utilities,0.808390757795445,,
2009-06-01,196250,PGN1,buy,rebalance,3.0,30.481,2009-06-01,91.44300000000001,0.32005050000000007,0.8080079334715642,Utilities,0.8080079334715642,,
2009-06-01,194830,DUK,buy,rebalance,5.0,20.286,2009-06-01,101.43,0.355005,0.8058606231707017,Utilities,0.8058606231707017,,
2009-06-01,199972,AEP,buy,rebalance,7.0,13.994,2009-06-01,97.958,0.342853,0.8046577447287445,Utilities,0.8046577447287445,,
2009-06-01,198638,SCG,buy,rebalance,5.0,20.609,2009-06-01,103.04500000000002,0.3606575000000001,0.8033991461471541,Utilities,0.8033991461471541,,
2009-06-01,196627,IDA,buy,rebalance,7.0,14.511,2009-06-01,101.577,0.3555195,0.8030049103365959,Utilities,0.8030049103365959,,
2009-06-01,197304,DTE,buy,rebalance,7.0,14.152,2009-06-01,99.064,0.346724,0.8020073089001045,Utilities,0.8020073089001045,,
2009-06-01,195706,MGEE,buy,rebalance,7.0,13.656,2009-06-01,95.592,0.334572,0.8010084881551501,Utilities,0.8010084881551501,,
2009-07-01,197771,KMP,buy,rebalance,3.0,35.909,2009-07-01,107.727,0.3770445,0.8304809554998599,Energy,0.8304809554998599,,
2009-07-01,199337,SO,buy,rebalance,7.0,14.867,2009-07-01,104.069,0.3642415,0.820269499903969,Utilities,0.820269499903969,,
2009-07-01,199751,EDE,buy,rebalance,9.0,12.08,2009-07-01,108.72,0.38052,0.8130430117452612,Utilities,0.8130430117452612,,
2009-07-01,198028,ARTNA,buy,rebalance,11.0,9.625,2009-07-01,105.875,0.3705625,0.8106126172306992,Utilities,0.8106126172306992,,
2009-07-01,194830,DUK,buy,rebalance,5.0,20.935,2009-07-01,104.675,0.3663625,0.8104120154072666,Utilities,0.8104120154072666,,
2009-07-01,198536,WEC,buy,rebalance,9.0,11.752,2009-07-01,105.768,0.370188,0.8104034567636161,Utilities,0.8104034567636161,,
2009-07-01,196250,PGN1,buy,rebalance,3.0,32.003,2009-07-01,96.009,0.3360315,0.8102070493673121,Utilities,0.8102070493673121,,
2009-07-01,196956,WPC,buy,rebalance,12.0,9.079,2009-07-01,108.94800000000001,0.38131800000000005,0.8101108974163833,Real Estate,0.8101108974163833,,
2009-07-01,198638,SCG,buy,rebalance,5.0,22.337,2009-07-01,111.685,0.3908975,0.8100383746329908,Utilities,0.8100383746329908,,
2009-07-01,195706,MGEE,buy,rebalance,7.0,14.729,2009-07-01,103.103,0.3608605,0.8086996038094789,Utilities,0.8086996038094789,,
2009-08-03,197771,KMP,buy,rebalance,2.0,38.504,2009-08-03,77.008,0.269528,0.8304809554998599,Energy,0.8304809554998599,,
2009-08-03,199337,SO,buy,rebalance,7.0,14.946,2009-08-03,104.622,0.36617700000000003,0.820269499903969,Utilities,0.820269499903969,,
2009-08-03,199751,EDE,buy,rebalance,8.0,13.095,2009-08-03,104.76,0.36666000000000004,0.8130430117452612,Utilities,0.8130430117452612,,
2009-08-03,198028,ARTNA,buy,rebalance,10.0,9.915,2009-08-03,99.14999999999999,0.347025,0.8106126172306992,Utilities,0.8106126172306992,,
2009-08-03,194830,DUK,buy,rebalance,4.0,21.98,2009-08-03,87.92,0.30772,0.8104120154072666,Utilities,0.8104120154072666,,
2009-08-03,198536,WEC,buy,rebalance,8.0,12.324,2009-08-03,98.592,0.345072,0.8104034567636161,Utilities,0.8104034567636161,,
2009-08-03,196250,PGN1,buy,rebalance,3.0,33.695,2009-08-03,101.08500000000001,0.35379750000000004,0.8102070493673121,Utilities,0.8102070493673121,,
2009-08-03,196956,WPC,buy,rebalance,10.0,9.928,2009-08-03,99.28,0.34748,0.8101108974163833,Real Estate,0.8101108974163833,,
2009-08-03,198638,SCG,buy,rebalance,4.0,23.59,2009-08-03,94.36,0.33026,0.8100383746329908,Utilities,0.8100383746329908,,
2009-08-03,195706,MGEE,buy,rebalance,6.0,15.528,2009-08-03,93.168,0.32608800000000004,0.8086996038094789,Utilities,0.8086996038094789,,
2009-09-01,197771,KMP,buy,rebalance,2.0,37.563,2009-09-01,75.126,0.26294100000000004,0.8304809554998599,Energy,0.8304809554998599,,
2009-09-01,199337,SO,buy,rebalance,7.0,14.88,2009-09-01,104.16000000000001,0.36456000000000005,0.820269499903969,Utilities,0.820269499903969,,
2009-09-01,199751,EDE,buy,rebalance,8.0,13.006,2009-09-01,104.048,0.364168,0.8130430117452611,Utilities,0.8130430117452611,,
2009-09-01,198028,ARTNA,buy,rebalance,11.0,9.913,2009-09-01,109.043,0.3816505,0.8106126172306992,Utilities,0.8106126172306992,,
2009-09-01,194830,DUK,buy,rebalance,5.0,21.924,2009-09-01,109.62,0.38367,0.8104120154072666,Utilities,0.8104120154072666,,
2009-09-01,198536,WEC,buy,rebalance,8.0,12.871,2009-09-01,102.968,0.36038800000000004,0.8104034567636161,Utilities,0.8104034567636161,,
2009-09-01,196250,PGN1,buy,rebalance,3.0,33.474,2009-09-01,100.422,0.351477,0.8102070493673121,Utilities,0.8102070493673121,,
2009-09-01,196956,WPC,buy,rebalance,11.0,9.994,2009-09-01,109.934,0.38476899999999997,0.8101108974163833,Real Estate,0.8101108974163833,,
2009-09-01,198638,SCG,buy,rebalance,4.0,23.543,2009-09-01,94.172,0.329602,0.8100383746329908,Utilities,0.8100383746329908,,
2009-09-01,195706,MGEE,buy,rebalance,7.0,15.344,2009-09-01,107.408,0.37592800000000004,0.8086996038094789,Utilities,0.8086996038094789,,
2009-10-01,198245,DX,buy,rebalance,31.0,3.38,2009-10-01,104.78,0.36673,0.8176391305580761,Real Estate,0.8176391305580761,,
2009-10-01,195706,MGEE,buy,rebalance,6.0,15.643,2009-10-01,93.858,0.32850300000000004,0.8167608654662223,Utilities,0.8167608654662223,,
2009-10-01,199751,EDE,buy,rebalance,8.0,13.02,2009-10-01,104.16,0.36456,0.8125701066426073,Utilities,0.8125701066426073,,
2009-10-01,199337,SO,buy,rebalance,7.0,15.143,2009-10-01,106.001,0.37100350000000004,0.8115935442935712,Utilities,0.8115935442935712,,
2009-10-01,198516,DPL,buy,rebalance,4.0,23.208,2009-10-01,92.832,0.324912,0.8109826290490029,Utilities,0.8109826290490029,,
2009-10-01,199477,XEL,buy,rebalance,9.0,10.869,2009-10-01,97.821,0.3423735,0.8105836479468145,Utilities,0.8105836479468145,,
2009-10-01,198638,SCG,buy,rebalance,4.0,23.701,2009-10-01,94.804,0.331814,0.8093231309749382,Utilities,0.8093231309749382,,
2009-10-01,197597,OKS,buy,rebalance,6.0,15.785,2009-10-01,94.71000000000001,0.33148500000000003,0.8092741703533716,Energy,0.8092741703533716,,
2009-10-01,197152,GAS,buy,rebalance,4.0,26.072,2009-10-01,104.288,0.365008,0.8069297660933339,Utilities,0.8069297660933339,,
2009-10-01,197145,PCG,buy,rebalance,3.0,29.083,2009-10-01,87.249,0.30537149999999996,0.8057766989785808,Utilities,0.8057766989785808,,
2009-11-02,198245,DX,buy,rebalance,33.0,3.294,2009-11-02,108.702,0.380457,0.8176391305580761,Real Estate,0.8176391305580761,,
2009-11-02,195706,MGEE,buy,rebalance,7.0,15.253,2009-11-02,106.771,0.3736985,0.8167608654662223,Utilities,0.8167608654662223,,
2009-11-02,199751,EDE,buy,rebalance,8.0,13.143,2009-11-02,105.144,0.36800400000000005,0.8125701066426073,Utilities,0.8125701066426073,,
2009-11-02,199337,SO,buy,rebalance,7.0,15.046,2009-11-02,105.322,0.36862700000000004,0.8115935442935713,Utilities,0.8115935442935713,,
2009-11-02,198516,DPL,buy,rebalance,4.0,23.1,2009-11-02,92.4,0.3234,0.8109826290490029,Utilities,0.8109826290490029,,
2009-11-02,199477,XEL,buy,rebalance,10.0,10.542,2009-11-02,105.42,0.36897,0.8105836479468145,Utilities,0.8105836479468145,,
2009-11-02,198638,SCG,buy,rebalance,4.0,23.303,2009-11-02,93.212,0.32624200000000003,0.8093231309749382,Utilities,0.8093231309749382,,
2009-11-02,197597,OKS,buy,rebalance,6.0,16.8,2009-11-02,100.80000000000001,0.35280000000000006,0.8092741703533716,Energy,0.8092741703533716,,
2009-11-02,197152,GAS,buy,rebalance,4.0,26.327,2009-11-02,105.308,0.368578,0.806929766093334,Utilities,0.806929766093334,,
2009-11-02,197145,PCG,buy,rebalance,3.0,29.843,2009-11-02,89.529,0.3133515,0.805776698978581,Utilities,0.805776698978581,,
2009-12-01,198245,DX,buy,rebalance,33.0,3.257,2009-12-01,107.48100000000001,0.37618350000000006,0.8176391305580762,Real Estate,0.8176391305580762,,
2009-12-01,195706,MGEE,buy,rebalance,7.0,15.264,2009-12-01,106.848,0.373968,0.8167608654662223,Utilities,0.8167608654662223,,
2009-12-01,199751,EDE,buy,rebalance,8.0,13.486,2009-12-01,107.888,0.377608,0.8125701066426073,Utilities,0.8125701066426073,,
2009-12-01,199337,SO,buy,rebalance,6.0,15.71,2009-12-01,94.26,0.32991000000000004,0.8115935442935713,Utilities,0.8115935442935713,,
2009-12-01,198516,DPL,buy,rebalance,4.0,25.175,2009-12-01,100.7,0.35245000000000004,0.8109826290490029,Utilities,0.8109826290490029,,
2009-12-01,199477,XEL,buy,rebalance,9.0,11.573,2009-12-01,104.15700000000001,0.3645495,0.8105836479468145,Utilities,0.8105836479468145,,
2009-12-01,198638,SCG,buy,rebalance,4.0,24.601,2009-12-01,98.404,0.344414,0.8093231309749382,Utilities,0.8093231309749382,,
2009-12-01,197597,OKS,buy,rebalance,5.0,18.111,2009-12-01,90.555,0.3169425,0.8092741703533716,Energy,0.8092741703533716,,
2009-12-01,197152,GAS,buy,rebalance,4.0,26.879,2009-12-01,107.516,0.37630600000000003,0.8069297660933339,Utilities,0.8069297660933339,,
2009-12-01,197145,PCG,buy,rebalance,3.0,31.037,2009-12-01,93.11099999999999,0.32588849999999997,0.8057766989785808,Utilities,0.8057766989785808,,
2010-01-04,116084,AMYRZ,sell,delisted,96.0,3.5,2009-11-24,336.0,1.176,,,,622.7118899999999,-287.8878899999999
2010-01-04,199477,XEL,buy,rebalance,11.0,12.008,2010-01-04,132.088,0.462308,0.752561729422531,Utilities,0.752561729422531,,
2010-01-04,196730,ED,buy,rebalance,5.0,23.708,2010-01-04,118.53999999999999,0.41489,0.7514244652468497,Utilities,0.7514244652468497,,
2010-01-04,124603,TCP,buy,rebalance,8.0,17.058,2010-01-04,136.464,0.477624,0.7499298906465549,Energy,0.7499298906465549,,
2010-01-04,198245,DX,buy,rebalance,38.0,3.681,2010-01-04,139.87800000000001,0.48957300000000004,0.749121794654111,Real Estate,0.749121794654111,,
2010-01-04,194830,DUK,buy,rebalance,5.0,24.693,2010-01-04,123.465,0.4321275,0.7465599977664088,Utilities,0.7465599977664088,,
2010-01-04,196121,WGL,buy,rebalance,5.0,24.747,2010-01-04,123.735,0.4330725,0.7457607983286294,Utilities,0.7457607983286294,,
2010-01-04,198638,SCG,buy,rebalance,5.0,26.159,2010-01-04,130.795,0.4577825,0.7447384336153862,Utilities,0.7447384336153862,,
2010-01-04,195706,MGEE,buy,rebalance,8.0,15.829,2010-01-04,126.632,0.44321200000000005,0.7445087568259816,Utilities,0.7445087568259816,,
2010-01-04,197771,KMP,buy,rebalance,3.0,45.58,2010-01-04,136.74,0.47859,0.7440200376056698,Energy,0.7440200376056698,,
2010-01-04,197152,GAS,buy,rebalance,4.0,28.11,2010-01-04,112.44,0.39354,0.7430769377324724,Utilities,0.7430769377324724,,
2010-02-01,199477,XEL,buy,rebalance,9.0,11.877,2010-02-01,106.893,0.3741255,0.7525617294225311,Utilities,0.7525617294225311,,
2010-02-01,196730,ED,buy,rebalance,4.0,22.95,2010-02-01,91.8,0.3213,0.7514244652468497,Utilities,0.7514244652468497,,
2010-02-01,124603,TCP,buy,rebalance,6.0,16.83,2010-02-01,100.97999999999999,0.35342999999999997,0.7499298906465549,Energy,0.7499298906465549,,
2010-02-01,198245,DX,buy,rebalance,29.0,3.773,2010-02-01,109.417,0.3829595,0.749121794654111,Real Estate,0.749121794654111,,
2010-02-01,194830,DUK,buy,rebalance,4.0,24.228,2010-02-01,96.912,0.33919200000000005,0.7465599977664089,Utilities,0.7465599977664089,,
2010-02-01,196121,WGL,buy,rebalance,4.0,23.62,2010-02-01,94.48,0.33068000000000003,0.7457607983286294,Utilities,0.7457607983286294,,
2010-02-01,198638,SCG,buy,rebalance,4.0,24.962,2010-02-01,99.848,0.349468,0.7447384336153862,Utilities,0.7447384336153862,,
2010-02-01,195706,MGEE,buy,rebalance,7.0,14.676,2010-02-01,102.732,0.359562,0.7445087568259816,Utilities,0.7445087568259816,,
2010-02-01,197771,KMP,buy,rebalance,2.0,45.761,2010-02-01,91.522,0.32032700000000003,0.7440200376056698,Energy,0.7440200376056698,,
2010-02-01,197152,GAS,buy,rebalance,4.0,27.061,2010-02-01,108.244,0.378854,0.7430769377324724,Utilities,0.7430769377324724,,
2010-03-01,199477,XEL,buy,rebalance,9.0,11.974,2010-03-01,107.766,0.37718100000000004,0.752561729422531,Utilities,0.752561729422531,,
2010-03-01,196730,ED,buy,rebalance,4.0,22.881,2010-03-01,91.524,0.320334,0.7514244652468497,Utilities,0.7514244652468497,,
2010-03-01,124603,TCP,buy,rebalance,6.0,17.276,2010-03-01,103.656,0.362796,0.7499298906465549,Energy,0.7499298906465549,,
2010-03-01,198245,DX,buy,rebalance,29.0,3.744,2010-03-01,108.57600000000001,0.380016,0.749121794654111,Real Estate,0.749121794654111,,
2010-03-01,194830,DUK,buy,rebalance,4.0,24.35,2010-03-01,97.4,0.34090000000000004,0.7465599977664088,Utilities,0.7465599977664088,,
2010-03-01,196121,WGL,buy,rebalance,4.0,24.745,2010-03-01,98.98,0.34643,0.7457607983286294,Utilities,0.7457607983286294,,
2010-03-01,198638,SCG,buy,rebalance,4.0,25.589,2010-03-01,102.356,0.358246,0.7447384336153862,Utilities,0.7447384336153862,,
2010-03-01,195706,MGEE,buy,rebalance,7.0,14.915,2010-03-01,104.405,0.3654175,0.7445087568259816,Utilities,0.7445087568259816,,
2010-03-01,197771,KMP,buy,rebalance,2.0,47.794,2010-03-01,95.588,0.33455799999999997,0.7440200376056698,Energy,0.7440200376056698,,
2010-03-01,197152,GAS,buy,rebalance,3.0,28.325,2010-03-01,84.975,0.29741249999999997,0.7430769377324724,Utilities,0.7430769377324724,,
2010-04-01,199477,XEL,buy,rebalance,9.0,12.33,2010-04-01,110.97,0.388395,0.752389149675674,Utilities,0.752389149675674,,
2010-04-01,198245,DX,buy,rebalance,28.0,3.865,2010-04-01,108.22,0.37877,0.7478060987086564,Real Estate,0.7478060987086564,,
2010-04-01,199603,WR1,buy,rebalance,6.0,16.253,2010-04-01,97.518,0.34131300000000003,0.7477219311473544,Utilities,0.7477219311473544,,
2010-04-01,198516,DPL,buy,rebalance,4.0,25.339,2010-04-01,101.356,0.354746,0.7472188852254017,Utilities,0.7472188852254017,,
2010-04-01,196730,ED,buy,rebalance,4.0,23.787,2010-04-01,95.148,0.333018,0.747212589077195,Utilities,0.747212589077195,,
2010-04-01,197304,DTE,buy,rebalance,5.0,21.513,2010-04-01,107.56500000000001,0.3764775000000001,0.7445715726183036,Utilities,0.7445715726183036,,
2010-04-01,194830,DUK,buy,rebalance,4.0,24.232,2010-04-01,96.928,0.339248,0.7444116116053693,Utilities,0.7444116116053693,,
2010-04-01,197333,APU,buy,rebalance,5.0,18.752,2010-04-01,93.75999999999999,0.32815999999999995,0.7443367693343454,Utilities,0.7443367693343454,,
2010-04-01,196214,VVC,buy,rebalance,6.0,17.748,2010-04-01,106.488,0.372708,0.7441665587078093,Utilities,0.7441665587078093,,
2010-04-01,197152,GAS,buy,rebalance,3.0,29.94,2010-04-01,89.82000000000001,0.31437000000000004,0.7437470624845928,Utilities,0.7437470624845928,,
2010-05-03,199477,XEL,buy,rebalance,8.0,12.734,2010-05-03,101.872,0.356552,0.752389149675674,Utilities,0.752389149675674,,
2010-05-03,198245,DX,buy,rebalance,27.0,4.028,2010-05-03,108.75599999999999,0.380646,0.7478060987086564,Real Estate,0.7478060987086564,,
2010-05-03,199603,WR1,buy,rebalance,6.0,17.209,2010-05-03,103.25399999999999,0.36138899999999996,0.7477219311473545,Utilities,0.7477219311473545,,
2010-05-03,198516,DPL,buy,rebalance,4.0,25.939,2010-05-03,103.756,0.363146,0.7472188852254017,Utilities,0.7472188852254017,,
2010-05-03,196730,ED,buy,rebalance,4.0,24.227,2010-05-03,96.908,0.33917800000000004,0.747212589077195,Utilities,0.747212589077195,,
2010-05-03,197304,DTE,buy,rebalance,4.0,23.186,2010-05-03,92.744,0.324604,0.7445715726183036,Utilities,0.7445715726183036,,
2010-05-03,194830,DUK,buy,rebalance,4.0,25.0,2010-05-03,100.0,0.35000000000000003,0.7444116116053693,Utilities,0.7444116116053693,,
2010-05-03,197333,APU,buy,rebalance,5.0,19.853,2010-05-03,99.26500000000001,0.34742750000000006,0.7443367693343454,Utilities,0.7443367693343454,,
2010-05-03,196214,VVC,buy,rebalance,6.0,17.975,2010-05-03,107.85000000000001,0.37747500000000006,0.7441665587078092,Utilities,0.7441665587078092,,
2010-05-03,197152,GAS,buy,rebalance,3.0,30.748,2010-05-03,92.244,0.32285400000000003,0.7437470624845928,Utilities,0.7437470624845928,,
2010-06-01,199477,XEL,buy,rebalance,9.0,11.604,2010-06-01,104.43599999999999,0.36552599999999996,0.752389149675674,Utilities,0.752389149675674,,
2010-06-01,198245,DX,buy,rebalance,27.0,3.973,2010-06-01,107.271,0.3754485,0.7478060987086564,Real Estate,0.7478060987086564,,
2010-06-01,199603,WR1,buy,rebalance,7.0,15.497,2010-06-01,108.479,0.37967650000000003,0.7477219311473545,Utilities,0.7477219311473545,,
2010-06-01,198516,DPL,buy,rebalance,4.0,22.988,2010-06-01,91.952,0.321832,0.7472188852254017,Utilities,0.7472188852254017,,
2010-06-01,196730,ED,buy,rebalance,4.0,22.412,2010-06-01,89.648,0.313768,0.747212589077195,Utilities,0.747212589077195,,
2010-06-01,197304,DTE,buy,rebalance,5.0,21.29,2010-06-01,106.44999999999999,0.372575,0.7445715726183036,Utilities,0.7445715726183036,,
2010-06-01,194830,DUK,buy,rebalance,4.0,23.521,2010-06-01,94.084,0.32929400000000003,0.7444116116053693,Utilities,0.7444116116053693,,
2010-06-01,197333,APU,buy,rebalance,5.0,18.365,2010-06-01,91.82499999999999,0.3213875,0.7443367693343454,Utilities,0.7443367693343454,,
2010-06-01,196214,VVC,buy,rebalance,6.0,16.271,2010-06-01,97.626,0.341691,0.7441665587078092,Utilities,0.7441665587078092,,
2010-06-01,197152,GAS,buy,rebalance,3.0,27.859,2010-06-01,83.577,0.2925195,0.7437470624845928,Utilities,0.7437470624845928,,
2010-07-01,195706,MGEE,buy,rebalance,6.0,16.11,2010-07-01,96.66,0.33831,0.7521060573041379,Utilities,0.7521060573041379,,
2010-07-01,199477,XEL,buy,rebalance,9.0,12.025,2010-07-01,108.22500000000001,0.37878750000000005,0.7498126082432411,Utilities,0.7498126082432411,,
2010-07-01,198516,DPL,buy,rebalance,4.0,22.353,2010-07-01,89.412,0.31294200000000005,0.7493613136729876,Utilities,0.7493613136729876,,
2010-07-01,197304,DTE,buy,rebalance,5.0,21.605,2010-07-01,108.025,0.3780875,0.7476617812716267,Utilities,0.7476617812716267,,
2010-07-01,197771,KMP,buy,rebalance,2.0,48.589,2010-07-01,97.178,0.340123,0.7473774941020959,Energy,0.7473774941020959,,
2010-07-01,199603,WR1,buy,rebalance,7.0,15.607,2010-07-01,109.249,0.3823715,0.7473074277319833,Utilities,0.7473074277319833,,
2010-07-01,188966,NST,buy,rebalance,3.0,32.26,2010-07-01,96.78,0.33873000000000003,0.7467363045183771,Utilities,0.7467363045183771,,
2010-07-01,197597,OKS,buy,rebalance,5.0,20.301,2010-07-01,101.505,0.3552675,0.7466857030454145,Energy,0.7466857030454145,,
2010-07-01,196730,ED,buy,rebalance,4.0,23.03,2010-07-01,92.12,0.32242000000000004,0.745980711156697,Utilities,0.745980711156697,,
2010-07-01,198638,SCG,buy,rebalance,4.0,25.306,2010-07-01,101.224,0.35428400000000004,0.7444299701576729,Utilities,0.7444299701576729,,
2010-08-02,195706,MGEE,buy,rebalance,6.0,17.046,2010-08-02,102.276,0.357966,0.7521060573041379,Utilities,0.7521060573041379,,
2010-08-02,199477,XEL,buy,rebalance,8.0,13.028,2010-08-02,104.224,0.364784,0.7498126082432411,Utilities,0.7498126082432411,,
2010-08-02,198516,DPL,buy,rebalance,4.0,23.874,2010-08-02,95.496,0.334236,0.7493613136729876,Utilities,0.7493613136729876,,
2010-08-02,197304,DTE,buy,rebalance,4.0,22.295,2010-08-02,89.18,0.31213,0.7476617812716267,Utilities,0.7476617812716267,,
2010-08-02,197771,KMP,buy,rebalance,2.0,52.483,2010-08-02,104.966,0.367381,0.7473774941020959,Energy,0.7473774941020959,,
2010-08-02,199603,WR1,buy,rebalance,6.0,17.695,2010-08-02,106.17,0.371595,0.7473074277319833,Utilities,0.7473074277319833,,
2010-08-02,188966,NST,buy,rebalance,3.0,35.556,2010-08-02,106.66799999999999,0.373338,0.7467363045183771,Utilities,0.7467363045183771,,
2010-08-02,197597,OKS,buy,rebalance,4.0,22.607,2010-08-02,90.428,0.316498,0.7466857030454145,Energy,0.7466857030454145,,
2010-08-02,196730,ED,buy,rebalance,4.0,25.306,2010-08-02,101.224,0.35428400000000004,0.7459807111566968,Utilities,0.7459807111566968,,
2010-08-02,198638,SCG,buy,rebalance,3.0,27.92,2010-08-02,83.76,0.29316000000000003,0.7444299701576729,Utilities,0.7444299701576729,,
2010-09-01,195706,MGEE,buy,rebalance,6.0,17.156,2010-09-01,102.93599999999999,0.360276,0.7521060573041379,Utilities,0.7521060573041379,,
2010-09-01,199477,XEL,buy,rebalance,8.0,13.296,2010-09-01,106.368,0.372288,0.7498126082432411,Utilities,0.7498126082432411,,
2010-09-01,198516,DPL,buy,rebalance,4.0,24.549,2010-09-01,98.196,0.343686,0.7493613136729877,Utilities,0.7493613136729877,,
2010-09-01,197304,DTE,buy,rebalance,4.0,22.923,2010-09-01,91.692,0.320922,0.7476617812716267,Utilities,0.7476617812716267,,
2010-09-01,197771,KMP,buy,rebalance,2.0,52.229,2010-09-01,104.458,0.365603,0.7473774941020959,Energy,0.7473774941020959,,
2010-09-01,199603,WR1,buy,rebalance,6.0,17.819,2010-09-01,106.91399999999999,0.37419899999999995,0.7473074277319833,Utilities,0.7473074277319833,,
2010-09-01,188966,NST,buy,rebalance,3.0,36.015,2010-09-01,108.045,0.37815750000000004,0.7467363045183771,Utilities,0.7467363045183771,,
2010-09-01,197597,OKS,buy,rebalance,4.0,22.536,2010-09-01,90.144,0.315504,0.7466857030454146,Energy,0.7466857030454146,,
2010-09-01,196730,ED,buy,rebalance,4.0,26.225,2010-09-01,104.9,0.36715000000000003,0.745980711156697,Utilities,0.745980711156697,,
2010-09-01,198638,SCG,buy,rebalance,3.0,28.427,2010-09-01,85.281,0.2984835,0.7444299701576729,Utilities,0.7444299701576729,,
2010-10-01,195706,MGEE,buy,rebalance,6.0,18.007,2010-10-01,108.042,0.378147,0.7532442905504706,Utilities,0.7532442905504706,,
2010-10-01,199477,XEL,buy,rebalance,8.0,13.697,2010-10-01,109.576,0.38351599999999997,0.7521419639457212,Utilities,0.7521419639457212,,
2010-10-01,199337,SO,buy,rebalance,5.0,18.726,2010-10-01,93.63,0.32770499999999997,0.7518345118384557,Utilities,0.7518345118384557,,
2010-10-01,198516,DPL,buy,rebalance,4.0,25.012,2010-10-01,100.048,0.35016800000000003,0.7508072801446649,Utilities,0.7508072801446649,,
2010-10-01,196730,ED,buy,rebalance,4.0,26.274,2010-10-01,105.096,0.367836,0.7501435561331218,Utilities,0.7501435561331218,,
2010-10-01,197771,KMP,buy,rebalance,2.0,53.036,2010-10-01,106.072,0.371252,0.7484205705109802,Energy,0.7484205705109802,,
2010-10-01,196300,CNL1,buy,rebalance,4.0,25.213,2010-10-01,100.852,0.352982,0.748291650000133,Utilities,0.748291650000133,,
2010-10-01,199603,WR1,buy,rebalance,6.0,18.116,2010-10-01,108.696,0.380436,0.747934937970926,Utilities,0.747934937970926,,
2010-10-01,199593,KMB,buy,rebalance,3.0,35.971,2010-10-01,107.91299999999998,0.37769549999999996,0.7469707772279878,Consumer Defensive,0.7469707772279878,,
2010-10-01,198638,SCG,buy,rebalance,3.0,29.309,2010-10-01,87.927,0.30774450000000003,0.7466955745660357,Utilities,0.7466955745660357,,
2010-11-01,195706,MGEE,buy,rebalance,5.0,18.188,2010-11-01,90.94,0.31829,0.7532442905504707,Utilities,0.7532442905504707,,
2010-11-01,199477,XEL,buy,rebalance,7.0,13.956,2010-11-01,97.692,0.341922,0.7521419639457212,Utilities,0.7521419639457212,,
2010-11-01,199337,SO,buy,rebalance,5.0,19.176,2010-11-01,95.88,0.33558,0.7518345118384557,Utilities,0.7518345118384557,,
2010-11-01,198516,DPL,buy,rebalance,4.0,24.454,2010-11-01,97.816,0.342356,0.7508072801446649,Utilities,0.7508072801446649,,
2010-11-01,196730,ED,buy,rebalance,4.0,26.997,2010-11-01,107.988,0.377958,0.7501435561331218,Utilities,0.7501435561331218,,
2010-11-01,197771,KMP,buy,rebalance,2.0,54.149,2010-11-01,108.298,0.379043,0.7484205705109802,Energy,0.7484205705109802,,
2010-11-01,196300,CNL1,buy,rebalance,4.0,26.039,2010-11-01,104.156,0.36454600000000004,0.7482916500001329,Utilities,0.7482916500001329,,
2010-11-01,199603,WR1,buy,rebalance,5.0,18.708,2010-11-01,93.53999999999999,0.32738999999999996,0.747934937970926,Utilities,0.747934937970926,,
2010-11-01,199593,KMB,buy,rebalance,3.0,34.389,2010-11-01,103.167,0.36108450000000003,0.7469707772279878,Consumer Defensive,0.7469707772279878,,
2010-11-01,198638,SCG,buy,rebalance,3.0,29.302,2010-11-01,87.906,0.30767100000000003,0.7466955745660357,Utilities,0.7466955745660357,,
2010-12-01,195706,MGEE,buy,rebalance,5.0,19.059,2010-12-01,95.295,0.3335325,0.7532442905504706,Utilities,0.7532442905504706,,
2010-12-01,199477,XEL,buy,rebalance,7.0,14.039,2010-12-01,98.273,0.34395549999999997,0.7521419639457212,Utilities,0.7521419639457212,,
2010-12-01,199337,SO,buy,rebalance,5.0,19.508,2010-12-01,97.53999999999999,0.34138999999999997,0.7518345118384557,Utilities,0.7518345118384557,,
2010-12-01,198516,DPL,buy,rebalance,4.0,24.555,2010-12-01,98.22,0.34377,0.7508072801446649,Utilities,0.7508072801446649,,
2010-12-01,196730,ED,buy,rebalance,4.0,26.823,2010-12-01,107.292,0.375522,0.7501435561331218,Utilities,0.7501435561331218,,
2010-12-01,197771,KMP,buy,rebalance,1.0,54.844,2010-12-01,54.844,0.191954,0.7484205705109802,Energy,0.7484205705109802,,
2010-12-01,196300,CNL1,buy,rebalance,4.0,25.905,2010-12-01,103.62,0.36267000000000005,0.748291650000133,Utilities,0.748291650000133,,
2010-12-01,199603,WR1,buy,rebalance,5.0,18.634,2010-12-01,93.17,0.326095,0.747934937970926,Utilities,0.747934937970926,,
2010-12-01,199593,KMB,buy,rebalance,3.0,34.55,2010-12-01,103.64999999999999,0.36277499999999996,0.7469707772279878,Consumer Defensive,0.7469707772279878,,
2010-12-01,198638,SCG,buy,rebalance,3.0,29.598,2010-12-01,88.794,0.31077899999999997,0.7466955745660357,Utilities,0.7466955745660357,,
2011-01-03,196956,WPC,buy,rebalance,9.0,12.442,2011-01-03,111.97800000000001,0.391923,0.7100447314489615,Real Estate,0.7100447314489615,,
2011-01-03,195706,MGEE,buy,rebalance,5.0,19.703,2011-01-03,98.515,0.3448025,0.6943343709118314,Utilities,0.6943343709118314,,
2011-01-03,198638,SCG,buy,rebalance,3.0,29.801,2011-01-03,89.40299999999999,0.3129105,0.6899889262538809,Utilities,0.6899889262538809,,
2011-01-03,198536,WEC,buy,rebalance,6.0,17.421,2011-01-03,104.526,0.36584099999999997,0.6886433194475926,Utilities,0.6886433194475926,,
2011-01-03,196300,CNL1,buy,rebalance,4.0,26.398,2011-01-03,105.592,0.369572,0.6884655231921789,Utilities,0.6884655231921789,,
2011-01-03,197597,OKS,buy,rebalance,4.0,26.277,2011-01-03,105.108,0.36787800000000004,0.6877989179932752,Energy,0.6877989179932752,,
2011-01-03,196250,PGN1,buy,rebalance,2.0,40.056,2011-01-03,80.112,0.280392,0.6875263809202031,Utilities,0.6875263809202031,,
2011-01-03,197771,KMP,buy,rebalance,2.0,54.938,2011-01-03,109.876,0.384566,0.6870404939281077,Energy,0.6870404939281077,,
2011-01-03,124686,SEP,buy,rebalance,5.0,20.573,2011-01-03,102.86500000000001,0.36002750000000006,0.6864567082858706,Energy,0.6864567082858706,,
2011-01-03,197152,GAS,buy,rebalance,3.0,29.025,2011-01-03,87.07499999999999,0.3047625,0.685076337694979,Utilities,0.685076337694979,,
2011-02-01,196956,WPC,buy,rebalance,8.0,12.888,2011-02-01,103.104,0.360864,0.7100447314489616,Real Estate,0.7100447314489616,,
2011-02-01,195706,MGEE,buy,rebalance,6.0,19.013,2011-02-01,114.078,0.39927300000000004,0.6943343709118315,Utilities,0.6943343709118315,,
2011-02-01,198638,SCG,buy,rebalance,3.0,31.293,2011-02-01,93.87899999999999,0.3285765,0.689988926253881,Utilities,0.689988926253881,,
2011-02-01,198536,WEC,buy,rebalance,6.0,18.079,2011-02-01,108.474,0.379659,0.6886433194475925,Utilities,0.6886433194475925,,
2011-02-01,196300,CNL1,buy,rebalance,4.0,27.146,2011-02-01,108.584,0.380044,0.6884655231921788,Utilities,0.6884655231921788,,
2011-02-01,197597,OKS,buy,rebalance,4.0,26.989,2011-02-01,107.956,0.377846,0.6877989179932752,Energy,0.6877989179932752,,
2011-02-01,196250,PGN1,buy,rebalance,2.0,42.469,2011-02-01,84.938,0.297283,0.6875263809202032,Utilities,0.6875263809202032,,
2011-02-01,197771,KMP,buy,rebalance,2.0,56.867,2011-02-01,113.734,0.398069,0.6870404939281078,Energy,0.6870404939281078,,
2011-02-01,124686,SEP,buy,rebalance,5.0,20.841,2011-02-01,104.20500000000001,0.36471750000000003,0.6864567082858705,Energy,0.6864567082858705,,
2011-02-01,197152,GAS,buy,rebalance,3.0,29.718,2011-02-01,89.154,0.312039,0.6850763376949789,Utilities,0.6850763376949789,,
2011-03-01,196956,WPC,buy,rebalance,8.0,13.651,2011-03-01,109.208,0.382228,0.7100447314489617,Real Estate,0.7100447314489617,,
2011-03-01,195706,MGEE,buy,rebalance,6.0,18.649,2011-03-01,111.894,0.391629,0.6943343709118314,Utilities,0.6943343709118314,,
2011-03-01,198638,SCG,buy,rebalance,3.0,29.435,2011-03-01,88.30499999999999,0.3090675,0.6899889262538809,Utilities,0.6899889262538809,,
2011-03-01,198536,WEC,buy,rebalance,6.0,17.528,2011-03-01,105.16799999999999,0.36808799999999997,0.6886433194475926,Utilities,0.6886433194475926,,
2011-03-01,196300,CNL1,buy,rebalance,4.0,27.637,2011-03-01,110.548,0.38691800000000004,0.6884655231921789,Utilities,0.6884655231921789,,
2011-03-01,197597,OKS,buy,rebalance,4.0,27.763,2011-03-01,111.052,0.388682,0.6877989179932752,Energy,0.6877989179932752,,
2011-03-01,196250,PGN1,buy,rebalance,2.0,42.348,2011-03-01,84.696,0.296436,0.6875263809202031,Utilities,0.6875263809202031,,
2011-03-01,197771,KMP,buy,rebalance,1.0,57.866,2011-03-01,57.866,0.20253100000000002,0.6870404939281077,Energy,0.6870404939281077,,
2011-03-01,124686,SEP,buy,rebalance,5.0,20.764,2011-03-01,103.82,0.36336999999999997,0.6864567082858706,Energy,0.6864567082858706,,
2011-03-01,197152,GAS,buy,rebalance,3.0,30.719,2011-03-01,92.15700000000001,0.32254950000000004,0.6850763376949788,Utilities,0.6850763376949788,,
2011-04-01,198536,WEC,buy,rebalance,6.0,18.395,2011-04-01,110.37,0.386295,0.6879759692884143,Utilities,0.6879759692884143,,
2011-04-01,199477,XEL,buy,rebalance,7.0,14.505,2011-04-01,101.53500000000001,0.35537250000000004,0.6842123706258493,Utilities,0.6842123706258493,,
2011-04-01,197597,OKS,buy,rebalance,4.0,27.707,2011-04-01,110.828,0.387898,0.6827444607700213,Energy,0.6827444607700213,,
2011-04-01,197138,SPH,buy,rebalance,7.0,14.561,2011-04-01,101.92699999999999,0.35674449999999996,0.6827080030764251,Utilities,0.6827080030764251,,
2011-04-01,196956,WPC,buy,rebalance,7.0,14.788,2011-04-01,103.516,0.362306,0.681809106461456,Real Estate,0.681809106461456,,
2011-04-01,196730,ED,buy,rebalance,4.0,28.43,2011-04-01,113.72,0.39802,0.6793591451317671,Utilities,0.6793591451317671,,
2011-04-01,197771,KMP,buy,rebalance,1.0,58.874,2011-04-01,58.874,0.20605900000000002,0.67888169520415,Energy,0.67888169520415,,
2011-04-01,199553,MKC,buy,rebalance,6.0,17.55,2011-04-01,105.30000000000001,0.36855000000000004,0.6767861733901023,Consumer Defensive,0.6767861733901023,,
2011-04-01,195706,MGEE,buy,rebalance,6.0,18.999,2011-04-01,113.994,0.39897900000000003,0.6755368920305783,Utilities,0.6755368920305783,,
2011-04-01,197333,APU,buy,rebalance,4.0,23.828,2011-04-01,95.312,0.333592,0.6752618017345013,Utilities,0.6752618017345013,,
2011-05-02,198536,WEC,buy,rebalance,6.0,18.64,2011-05-02,111.84,0.39144,0.6879759692884143,Utilities,0.6879759692884143,,
2011-05-02,199477,XEL,buy,rebalance,7.0,14.697,2011-05-02,102.87899999999999,0.36007649999999997,0.6842123706258492,Utilities,0.6842123706258492,,
2011-05-02,197597,OKS,buy,rebalance,3.0,28.895,2011-05-02,86.685,0.3033975,0.6827444607700214,Energy,0.6827444607700214,,
2011-05-02,197138,SPH,buy,rebalance,7.0,14.543,2011-05-02,101.80099999999999,0.35630349999999994,0.6827080030764252,Utilities,0.6827080030764252,,
2011-05-02,196956,WPC,buy,rebalance,7.0,14.466,2011-05-02,101.262,0.354417,0.681809106461456,Real Estate,0.681809106461456,,
2011-05-02,196730,ED,buy,rebalance,3.0,29.126,2011-05-02,87.378,0.305823,0.679359145131767,Utilities,0.679359145131767,,
2011-05-02,197771,KMP,buy,rebalance,1.0,61.048,2011-05-02,61.048,0.21366800000000002,0.67888169520415,Energy,0.67888169520415,,
2011-05-02,199553,MKC,buy,rebalance,6.0,18.085,2011-05-02,108.51,0.37978500000000004,0.6767861733901022,Consumer Defensive,0.6767861733901022,,
2011-05-02,195706,MGEE,buy,rebalance,5.0,19.119,2011-05-02,95.595,0.3345825,0.6755368920305783,Utilities,0.6755368920305783,,
2011-05-02,197333,APU,buy,rebalance,4.0,23.532,2011-05-02,94.128,0.329448,0.6752618017345013,Utilities,0.6752618017345013,,
2011-06-01,198536,WEC,buy,rebalance,6.0,18.692,2011-06-01,112.152,0.392532,0.6879759692884143,Utilities,0.6879759692884143,,
2011-06-01,199477,XEL,buy,rebalance,7.0,14.782,2011-06-01,103.474,0.362159,0.6842123706258493,Utilities,0.6842123706258493,,
2011-06-01,197597,OKS,buy,rebalance,4.0,27.957,2011-06-01,111.828,0.391398,0.6827444607700213,Energy,0.6827444607700213,,
2011-06-01,197138,SPH,buy,rebalance,8.0,13.67,2011-06-01,109.36,0.38276,0.6827080030764252,Utilities,0.6827080030764252,,
2011-06-01,196956,WPC,buy,rebalance,7.0,15.525,2011-06-01,108.675,0.3803625,0.681809106461456,Real Estate,0.681809106461456,,
2011-06-01,196730,ED,buy,rebalance,3.0,29.718,2011-06-01,89.154,0.312039,0.6793591451317671,Utilities,0.6793591451317671,,
2011-06-01,197771,KMP,buy,rebalance,1.0,59.438,2011-06-01,59.438,0.20803300000000002,0.67888169520415,Energy,0.67888169520415,,
2011-06-01,199553,MKC,buy,rebalance,6.0,18.307,2011-06-01,109.84199999999998,0.3844469999999999,0.6767861733901023,Consumer Defensive,0.6767861733901023,,
2011-06-01,195706,MGEE,buy,rebalance,6.0,18.819,2011-06-01,112.91399999999999,0.39519899999999997,0.6755368920305783,Utilities,0.6755368920305783,,
2011-06-01,197333,APU,buy,rebalance,5.0,22.404,2011-06-01,112.02,0.39207,0.6752618017345016,Utilities,0.6752618017345016,,
2011-07-01,197597,OKS,buy,rebalance,3.0,29.118,2011-07-01,87.354,0.305739,0.6888115080862031,Energy,0.6888115080862031,,
2011-07-01,197771,KMP,buy,rebalance,1.0,58.681,2011-07-01,58.681,0.2053835,0.6882687393026454,Energy,0.6882687393026454,,
2011-07-01,196730,ED,buy,rebalance,3.0,30.445,2011-07-01,91.33500000000001,0.3196725,0.687308604030653,Utilities,0.687308604030653,,
2011-07-01,198536,WEC,buy,rebalance,5.0,19.186,2011-07-01,95.93,0.335755,0.6865743238282984,Utilities,0.6865743238282984,,
2011-07-01,198516,DPL,buy,rebalance,3.0,29.6,2011-07-01,88.80000000000001,0.3108,0.6841427710065004,Utilities,0.6841427710065004,,
2011-07-01,188966,NST,buy,rebalance,2.0,45.272,2011-07-01,90.544,0.316904,0.6836695926075242,Utilities,0.6836695926075242,,
2011-07-01,196956,WPC,buy,rebalance,6.0,16.674,2011-07-01,100.044,0.350154,0.6802914044016578,Real Estate,0.6802914044016578,,
2011-07-01,198615,MO,buy,rebalance,10.0,10.536,2011-07-01,105.36,0.36876000000000003,0.6798551397069168,Consumer Defensive,0.6798551397069168,,
2011-07-01,199337,SO,buy,rebalance,5.0,21.286,2011-07-01,106.43,0.37250500000000003,0.6769568325224864,Utilities,0.6769568325224864,,
2011-07-01,198610,PNW,buy,rebalance,4.0,24.693,2011-07-01,98.772,0.345702,0.6753276244497894,Utilities,0.6753276244497894,,
2011-08-01,197597,OKS,buy,rebalance,4.0,29.333,2011-08-01,117.332,0.41066199999999997,0.6888115080862031,Energy,0.6888115080862031,,
2011-08-01,197771,KMP,buy,rebalance,2.0,58.036,2011-08-01,116.072,0.406252,0.6882687393026454,Energy,0.6882687393026454,,
2011-08-01,196730,ED,buy,rebalance,4.0,29.707,2011-08-01,118.828,0.41589800000000005,0.687308604030653,Utilities,0.687308604030653,,
2011-08-01,198536,WEC,buy,rebalance,6.0,18.475,2011-08-01,110.85000000000001,0.387975,0.6865743238282984,Utilities,0.6865743238282984,,
2011-08-01,198516,DPL,buy,rebalance,4.0,29.727,2011-08-01,118.908,0.416178,0.6841427710065003,Utilities,0.6841427710065003,,
2011-08-01,188966,NST,buy,rebalance,2.0,43.473,2011-08-01,86.946,0.304311,0.6836695926075242,Utilities,0.6836695926075242,,
2011-08-01,196956,WPC,buy,rebalance,7.0,15.914,2011-08-01,111.398,0.389893,0.6802914044016577,Real Estate,0.6802914044016577,,
2011-08-01,198615,MO,buy,rebalance,11.0,10.385,2011-08-01,114.235,0.3998225,0.6798551397069168,Consumer Defensive,0.6798551397069168,,
2011-08-01,199337,SO,buy,rebalance,5.0,20.978,2011-08-01,104.89000000000001,0.3671150000000001,0.6769568325224862,Utilities,0.6769568325224862,,
2011-08-01,198610,PNW,buy,rebalance,5.0,23.362,2011-08-01,116.80999999999999,0.40883499999999995,0.6753276244497896,Utilities,0.6753276244497896,,
2011-09-01,197597,OKS,buy,rebalance,3.0,29.868,2011-09-01,89.604,0.313614,0.6888115080862028,Energy,0.6888115080862028,,
2011-09-01,197771,KMP,buy,rebalance,1.0,57.234,2011-09-01,57.234,0.200319,0.6882687393026454,Energy,0.6882687393026454,,
2011-09-01,196730,ED,buy,rebalance,3.0,31.854,2011-09-01,95.562,0.334467,0.687308604030653,Utilities,0.687308604030653,,
2011-09-01,198536,WEC,buy,rebalance,5.0,19.106,2011-09-01,95.53,0.334355,0.6865743238282984,Utilities,0.6865743238282984,,
2011-09-01,198516,DPL,buy,rebalance,3.0,29.613,2011-09-01,88.839,0.3109365,0.6841427710065003,Utilities,0.6841427710065003,,
2011-09-01,188966,NST,buy,rebalance,2.0,44.282,2011-09-01,88.564,0.30997399999999997,0.6836695926075244,Utilities,0.6836695926075244,,
2011-09-01,196956,WPC,buy,rebalance,6.0,16.343,2011-09-01,98.05799999999999,0.343203,0.6802914044016578,Real Estate,0.6802914044016578,,
2011-09-01,198615,MO,buy,rebalance,10.0,10.758,2011-09-01,107.57999999999998,0.37653,0.6798551397069168,Consumer Defensive,0.6798551397069168,,
2011-09-01,199337,SO,buy,rebalance,5.0,21.75,2011-09-01,108.75,0.380625,0.6769568325224864,Utilities,0.6769568325224864,,
2011-09-01,198610,PNW,buy,rebalance,4.0,24.255,2011-09-01,97.02,0.33957,0.6753276244497894,Utilities,0.6753276244497894,,
2011-10-03,195706,MGEE,buy,rebalance,6.0,18.666,2011-10-03,111.99600000000001,0.39198600000000006,0.6932695118229927,Utilities,0.6932695118229927,,
2011-10-03,196250,PGN1,buy,rebalance,2.0,48.447,2011-10-03,96.894,0.339129,0.690249508466436,Utilities,0.690249508466436,,
2011-10-03,195259,RAI,buy,rebalance,7.0,14.548,2011-10-03,101.836,0.356426,0.688280113448242,Consumer Defensive,0.688280113448242,,
2011-10-03,199337,SO,buy,rebalance,5.0,22.221,2011-10-03,111.105,0.38886750000000003,0.687052389599919,Utilities,0.687052389599919,,
2011-10-03,199593,KMB,buy,rebalance,2.0,40.771,2011-10-03,81.542,0.285397,0.6858496075391993,Consumer Defensive,0.6858496075391993,,
2011-10-03,198638,SCG,buy,rebalance,3.0,29.95,2011-10-03,89.85,0.314475,0.6855611944177876,Utilities,0.6855611944177876,,
2011-10-03,188966,NST,buy,rebalance,2.0,41.289,2011-10-03,82.578,0.28902300000000003,0.6827443681037395,Utilities,0.6827443681037395,,
2011-10-03,194830,DUK,buy,rebalance,3.0,31.621,2011-10-03,94.863,0.3320205,0.6817906799365848,Utilities,0.6817906799365848,,
2011-10-03,198516,DPL,buy,rebalance,3.0,29.752,2011-10-03,89.256,0.312396,0.6794099243997935,Utilities,0.6794099243997935,,
2011-10-03,197287,UNS,buy,rebalance,3.0,31.31,2011-10-03,93.92999999999999,0.32875499999999996,0.6784770041764591,Utilities,0.6784770041764591,,
2011-11-01,195706,MGEE,buy,rebalance,6.0,19.754,2011-11-01,118.524,0.41483400000000004,0.6932695118229928,Utilities,0.6932695118229928,,
2011-11-01,196250,PGN1,buy,rebalance,2.0,50.009,2011-11-01,100.018,0.350063,0.690249508466436,Utilities,0.690249508466436,,
2011-11-01,195259,RAI,buy,rebalance,8.0,14.758,2011-11-01,118.064,0.413224,0.688280113448242,Consumer Defensive,0.688280113448242,,
2011-11-01,199337,SO,buy,rebalance,5.0,22.57,2011-11-01,112.85,0.39497499999999997,0.6870523895999192,Utilities,0.6870523895999192,,
2011-11-01,199593,KMB,buy,rebalance,3.0,39.64,2011-11-01,118.92,0.41622000000000003,0.6858496075391997,Consumer Defensive,0.6858496075391997,,
2011-11-01,198638,SCG,buy,rebalance,3.0,31.315,2011-11-01,93.94500000000001,0.32880750000000003,0.6855611944177876,Utilities,0.6855611944177876,,
2011-11-01,188966,NST,buy,rebalance,2.0,42.992,2011-11-01,85.984,0.300944,0.6827443681037396,Utilities,0.6827443681037396,,
2011-11-01,194830,DUK,buy,rebalance,3.0,32.407,2011-11-01,97.22099999999999,0.34027349999999995,0.6817906799365848,Utilities,0.6817906799365848,,
2011-11-01,198516,DPL,buy,rebalance,4.0,29.999,2011-11-01,119.996,0.41998599999999997,0.6794099243997936,Utilities,0.6794099243997936,,
2011-11-01,197287,UNS,buy,rebalance,3.0,32.177,2011-11-01,96.531,0.3378585,0.6784770041764591,Utilities,0.6784770041764591,,
2011-12-01,195706,MGEE,buy,rebalance,5.0,20.897,2011-12-01,104.48499999999999,0.36569749999999995,0.6932695118229928,Utilities,0.6932695118229928,,
2011-12-01,196250,PGN1,buy,rebalance,2.0,52.168,2011-12-01,104.336,0.365176,0.690249508466436,Utilities,0.690249508466436,,
2011-12-01,195259,RAI,buy,rebalance,7.0,16.22,2011-12-01,113.53999999999999,0.39738999999999997,0.688280113448242,Consumer Defensive,0.688280113448242,,
2011-12-01,199337,SO,buy,rebalance,4.0,23.559,2011-12-01,94.236,0.329826,0.6870523895999192,Utilities,0.6870523895999192,,
2011-12-01,199593,KMB,buy,rebalance,2.0,41.14,2011-12-01,82.28,0.28798,0.6858496075391997,Consumer Defensive,0.6858496075391997,,
2011-12-01,198638,SCG,buy,rebalance,3.0,32.938,2011-12-01,98.81400000000001,0.345849,0.6855611944177876,Utilities,0.6855611944177876,,
2011-12-01,188966,NST,buy,rebalance,2.0,44.991,2011-12-01,89.982,0.314937,0.6827443681037395,Utilities,0.6827443681037395,,
2011-12-01,194830,DUK,buy,rebalance,3.0,33.619,2011-12-01,100.857,0.3529995,0.6817906799365848,Utilities,0.6817906799365848,,
2011-12-01,197287,UNS,buy,rebalance,3.0,32.73,2011-12-01,98.19,0.343665,0.6784770041764592,Utilities,0.6784770041764592,,
2011-12-01,197152,GAS,buy,rebalance,3.0,34.048,2011-12-01,102.144,0.35750400000000004,0.6780948275188606,Utilities,0.6780948275188606,,
2012-01-03,198516,DPL,sell,delisted,65.0,30.19,2011-11-25,1962.3500000000001,6.868225000000001,,,,1673.8209404999998,281.6608345000004
2012-01-03,196956,WPC,buy,rebalance,17.0,17.682,2012-01-03,300.594,1.052079,0.6554750617495643,Real Estate,0.6554750617495643,,
2012-01-03,124603,TCP,buy,rebalance,12.0,24.737,2012-01-03,296.844,1.038954,0.6544825042955013,Energy,0.6544825042955013,,
2012-01-03,195207,HEP,buy,rebalance,28.0,10.842,2012-01-03,303.576,1.062516,0.6536442595430452,Energy,0.6536442595430452,,
2012-01-03,194830,DUK,buy,rebalance,8.0,35.113,2012-01-03,280.904,0.983164,0.64789106763939,Utilities,0.64789106763939,,
2012-01-03,199337,SO,buy,rebalance,12.0,24.078,2012-01-03,288.936,1.0112759999999998,0.6474916544634546,Utilities,0.6474916544634546,,
2012-01-03,197138,SPH,buy,rebalance,23.0,12.958,2012-01-03,298.034,1.043119,0.6472702520929947,Utilities,0.6472702520929947,,
2012-01-03,195706,MGEE,buy,rebalance,14.0,21.971,2012-01-03,307.594,1.076579,0.645830850208312,Utilities,0.645830850208312,,
2012-01-03,199593,KMB,buy,rebalance,7.0,42.667,2012-01-03,298.669,1.0453415,0.6455143921687705,Consumer Defensive,0.6455143921687705,,
2012-01-03,198638,SCG,buy,rebalance,9.0,34.096,2012-01-03,306.864,1.0740239999999999,0.6451849055297246,Utilities,0.6451849055297246,,
2012-01-03,196730,ED,buy,rebalance,8.0,34.885,2012-01-03,279.08,0.97678,0.6436743198710113,Utilities,0.6436743198710113,,
2012-02-01,196956,WPC,buy,rebalance,6.0,18.344,2012-02-01,110.06400000000001,0.385224,0.6554750617495643,Real Estate,0.6554750617495643,,
2012-02-01,124603,TCP,buy,rebalance,4.0,24.319,2012-02-01,97.276,0.340466,0.6544825042955013,Energy,0.6544825042955013,,
2012-02-01,195207,HEP,buy,rebalance,10.0,11.217,2012-02-01,112.17,0.392595,0.6536442595430452,Energy,0.6536442595430452,,
2012-02-01,194830,DUK,buy,rebalance,3.0,34.854,2012-02-01,104.562,0.365967,0.64789106763939,Utilities,0.64789106763939,,
2012-02-01,199337,SO,buy,rebalance,4.0,24.263,2012-02-01,97.052,0.33968200000000004,0.6474916544634547,Utilities,0.6474916544634547,,
2012-02-01,197138,SPH,buy,rebalance,9.0,11.923,2012-02-01,107.307,0.37557450000000003,0.6472702520929947,Utilities,0.6472702520929947,,
2012-02-01,195706,MGEE,buy,rebalance,5.0,21.697,2012-02-01,108.485,0.3796975,0.6458308502083119,Utilities,0.6458308502083119,,
2012-02-01,199593,KMB,buy,rebalance,2.0,41.985,2012-02-01,83.97,0.293895,0.6455143921687705,Consumer Defensive,0.6455143921687705,,
2012-02-01,198638,SCG,buy,rebalance,3.0,34.664,2012-02-01,103.992,0.363972,0.6451849055297245,Utilities,0.6451849055297245,,
2012-02-01,196730,ED,buy,rebalance,3.0,33.942,2012-02-01,101.826,0.35639099999999996,0.6436743198710113,Utilities,0.6436743198710113,,
2012-03-01,196956,WPC,buy,rebalance,5.0,19.232,2012-03-01,96.16,0.33655999999999997,0.6554750617495643,Real Estate,0.6554750617495643,,
2012-03-01,124603,TCP,buy,rebalance,4.0,24.61,2012-03-01,98.44,0.34454,0.6544825042955013,Energy,0.6544825042955013,,
2012-03-01,195207,HEP,buy,rebalance,8.0,12.533,2012-03-01,100.264,0.350924,0.6536442595430452,Energy,0.6536442595430452,,
2012-03-01,194830,DUK,buy,rebalance,3.0,34.499,2012-03-01,103.49700000000001,0.36223950000000005,0.64789106763939,Utilities,0.64789106763939,,
2012-03-01,199337,SO,buy,rebalance,4.0,23.978,2012-03-01,95.912,0.33569200000000005,0.6474916544634546,Utilities,0.6474916544634546,,
2012-03-01,197138,SPH,buy,rebalance,8.0,12.258,2012-03-01,98.064,0.343224,0.6472702520929947,Utilities,0.6472702520929947,,
2012-03-01,195706,MGEE,buy,rebalance,5.0,20.824,2012-03-01,104.12,0.36442,0.645830850208312,Utilities,0.645830850208312,,
2012-03-01,199593,KMB,buy,rebalance,2.0,42.055,2012-03-01,84.11,0.294385,0.6455143921687705,Consumer Defensive,0.6455143921687705,,
2012-03-01,198638,SCG,buy,rebalance,3.0,34.303,2012-03-01,102.90899999999999,0.3601815,0.6451849055297246,Utilities,0.6451849055297246,,
2012-03-01,196730,ED,buy,rebalance,3.0,33.878,2012-03-01,101.634,0.355719,0.6436743198710113,Utilities,0.6436743198710113,,
2012-04-02,194892,TLP,buy,rebalance,5.0,21.851,2012-04-02,109.255,0.38239249999999997,0.6580523543939354,Energy,0.6580523543939354,,
2012-04-02,195207,HEP,buy,rebalance,8.0,12.705,2012-04-02,101.64,0.35574,0.6548634475476368,Energy,0.6548634475476368,,
2012-04-02,194909,ITC,buy,rebalance,4.0,23.75,2012-04-02,95.0,0.3325,0.6542540722361924,Utilities,0.6542540722361924,,
2012-04-02,196300,CNL1,buy,rebalance,3.0,35.311,2012-04-02,105.93299999999999,0.37076549999999997,0.6485848044199178,Utilities,0.6485848044199178,,
2012-04-02,124686,SEP,buy,rebalance,5.0,21.429,2012-04-02,107.145,0.3750075,0.6438722583897782,Energy,0.6438722583897782,,
2012-04-02,198638,SCG,buy,rebalance,3.0,35.361,2012-04-02,106.083,0.3712905,0.6420521910366064,Utilities,0.6420521910366064,,
2012-04-02,194830,DUK,buy,rebalance,3.0,34.679,2012-04-02,104.037,0.36412950000000005,0.6392019767413517,Utilities,0.6392019767413517,,
2012-04-02,195934,MMP,buy,rebalance,6.0,18.064,2012-04-02,108.384,0.379344,0.6385890759255858,Energy,0.6385890759255858,,
2012-04-02,193846,EPB,buy,rebalance,3.0,29.296,2012-04-02,87.888,0.30760800000000005,0.6382368472072716,Energy,0.6382368472072716,,
2012-04-02,197597,OKS,buy,rebalance,2.0,38.551,2012-04-02,77.102,0.269857,0.6378761161789095,Energy,0.6378761161789095,,
2012-05-01,194892,TLP,buy,rebalance,5.0,21.907,2012-05-01,109.535,0.3833725,0.6580523543939354,Energy,0.6580523543939354,,
2012-05-01,195207,HEP,buy,rebalance,9.0,12.195,2012-05-01,109.755,0.3841425,0.6548634475476367,Energy,0.6548634475476367,,
2012-05-01,194909,ITC,buy,rebalance,4.0,23.701,2012-05-01,94.804,0.331814,0.6542540722361925,Utilities,0.6542540722361925,,
2012-05-01,196300,CNL1,buy,rebalance,3.0,36.321,2012-05-01,108.963,0.3813705,0.6485848044199177,Utilities,0.6485848044199177,,
2012-05-01,124686,SEP,buy,rebalance,5.0,22.014,2012-05-01,110.07,0.385245,0.6438722583897782,Energy,0.6438722583897782,,
2012-05-01,198638,SCG,buy,rebalance,3.0,35.958,2012-05-01,107.874,0.377559,0.6420521910366064,Utilities,0.6420521910366064,,
2012-05-01,194830,DUK,buy,rebalance,3.0,35.386,2012-05-01,106.15800000000002,0.3715530000000001,0.6392019767413518,Utilities,0.6392019767413518,,
2012-05-01,195934,MMP,buy,rebalance,6.0,17.853,2012-05-01,107.11800000000001,0.37491300000000005,0.6385890759255858,Energy,0.6385890759255858,,
2012-05-01,193846,EPB,buy,rebalance,3.0,28.379,2012-05-01,85.137,0.2979795,0.6382368472072716,Energy,0.6382368472072716,,
2012-05-01,197597,OKS,buy,rebalance,2.0,39.345,2012-05-01,78.69,0.275415,0.6378761161789095,Energy,0.6378761161789095,,
2012-06-01,188966,NST,sell,delisted,21.0,48.3,2012-04-05,1014.3,3.5500499999999997,,,,839.0173185,171.7326314999999
2012-06-01,194892,TLP,buy,rebalance,10.0,19.807,2012-06-01,198.07,0.693245,0.6580523543939353,Energy,0.6580523543939353,,
2012-06-01,195207,HEP,buy,rebalance,17.0,11.665,2012-06-01,198.30499999999998,0.6940675,0.6548634475476368,Energy,0.6548634475476368,,
2012-06-01,194909,ITC,buy,rebalance,9.0,20.987,2012-06-01,188.88299999999998,0.6610904999999999,0.6542540722361924,Utilities,0.6542540722361924,,
2012-06-01,196300,CNL1,buy,rebalance,5.0,36.084,2012-06-01,180.42000000000002,0.6314700000000001,0.6485848044199178,Utilities,0.6485848044199178,,
2012-06-01,124686,SEP,buy,rebalance,9.0,20.917,2012-06-01,188.25300000000001,0.6588855,0.6438722583897782,Energy,0.6438722583897782,,
2012-06-01,198638,SCG,buy,rebalance,5.0,36.26,2012-06-01,181.29999999999998,0.63455,0.6420521910366064,Utilities,0.6420521910366064,,
2012-06-01,194830,DUK,buy,rebalance,5.0,37.163,2012-06-01,185.815,0.6503525,0.6392019767413517,Utilities,0.6392019767413517,,
2012-06-01,195934,MMP,buy,rebalance,12.0,17.222,2012-06-01,206.66400000000002,0.7233240000000001,0.6385890759255858,Energy,0.6385890759255858,,
2012-06-01,193846,EPB,buy,rebalance,7.0,27.371,2012-06-01,191.59699999999998,0.6705895,0.6382368472072716,Energy,0.6382368472072716,,
2012-06-01,197597,OKS,buy,rebalance,5.0,37.84,2012-06-01,189.20000000000002,0.6622000000000001,0.6378761161789095,Energy,0.6378761161789095,,
2012-07-02,199337,SO,buy,rebalance,4.0,25.517,2012-07-02,102.068,0.357238,0.6479454967383605,Utilities,0.6479454967383605,,
2012-07-02,196730,ED,buy,rebalance,3.0,36.826,2012-07-02,110.47800000000001,0.38667300000000004,0.6443221640075553,Utilities,0.6443221640075553,,
2012-07-02,195934,MMP,buy,rebalance,6.0,18.212,2012-07-02,109.27199999999999,0.38245199999999996,0.6433296702779083,Energy,0.6433296702779083,,
2012-07-02,198536,WEC,buy,rebalance,4.0,25.037,2012-07-02,100.148,0.350518,0.6422229168105038,Utilities,0.6422229168105038,,
2012-07-02,199972,AEP,buy,rebalance,4.0,24.123,2012-07-02,96.492,0.337722,0.6413495772488521,Utilities,0.6413495772488521,,
2012-07-02,196300,CNL1,buy,rebalance,3.0,38.093,2012-07-02,114.27900000000001,0.39997650000000007,0.6401960929996299,Utilities,0.6401960929996299,,
2012-07-02,198610,PNW,buy,rebalance,3.0,29.936,2012-07-02,89.80799999999999,0.314328,0.6393060057449297,Utilities,0.6393060057449297,,
2012-07-02,199426,WTRG,buy,rebalance,8.0,14.063,2012-07-02,112.504,0.393764,0.6381203313975785,Utilities,0.6381203313975785,,
2012-07-02,124686,SEP,buy,rebalance,5.0,20.951,2012-07-02,104.755,0.3666425,0.6378440308424131,Energy,0.6378440308424131,,
2012-07-02,199526,ALE,buy,rebalance,4.0,25.394,2012-07-02,101.576,0.355516,0.6374377783424923,Utilities,0.6374377783424923,,
2012-08-01,199337,SO,buy,rebalance,4.0,26.161,2012-08-01,104.644,0.366254,0.6479454967383607,Utilities,0.6479454967383607,,
2012-08-01,196730,ED,buy,rebalance,2.0,37.813,2012-08-01,75.626,0.264691,0.6443221640075553,Utilities,0.6443221640075553,,
2012-08-01,195934,MMP,buy,rebalance,5.0,19.984,2012-08-01,99.92000000000002,0.3497200000000001,0.6433296702779083,Energy,0.6433296702779083,,
2012-08-01,198536,WEC,buy,rebalance,4.0,25.112,2012-08-01,100.448,0.351568,0.6422229168105038,Utilities,0.6422229168105038,,
2012-08-01,199972,AEP,buy,rebalance,4.0,25.173,2012-08-01,100.692,0.35242199999999996,0.6413495772488521,Utilities,0.6413495772488521,,
2012-08-01,196300,CNL1,buy,rebalance,2.0,38.53,2012-08-01,77.06,0.26971,0.6401960929996299,Utilities,0.6401960929996299,,
2012-08-01,198610,PNW,buy,rebalance,3.0,30.892,2012-08-01,92.676,0.324366,0.6393060057449296,Utilities,0.6393060057449296,,
2012-08-01,199426,WTRG,buy,rebalance,8.0,14.101,2012-08-01,112.808,0.394828,0.6381203313975784,Utilities,0.6381203313975784,,
2012-08-01,124686,SEP,buy,rebalance,5.0,22.401,2012-08-01,112.005,0.3920175,0.637844030842413,Energy,0.637844030842413,,
2012-08-01,199526,ALE,buy,rebalance,4.0,24.848,2012-08-01,99.392,0.347872,0.6374377783424923,Utilities,0.6374377783424923,,
2012-09-04,196250,PGN1,sell,delisted,41.0,60.82,2012-07-02,2493.62,8.72767,,,,1458.8110305,1026.0812994999997
2012-09-04,199337,SO,buy,rebalance,14.0,25.098,2012-09-04,351.37199999999996,1.2298019999999998,0.6479454967383607,Utilities,0.6479454967383607,,
2012-09-04,196730,ED,buy,rebalance,10.0,36.088,2012-09-04,360.88,1.26308,0.6443221640075553,Utilities,0.6443221640075553,,
2012-09-04,195934,MMP,buy,rebalance,16.0,21.557,2012-09-04,344.912,1.207192,0.6433296702779083,Energy,0.6433296702779083,,
2012-09-04,198536,WEC,buy,rebalance,15.0,24.116,2012-09-04,361.74,1.2660900000000002,0.6422229168105038,Utilities,0.6422229168105038,,
2012-09-04,199972,AEP,buy,rebalance,13.0,26.032,2012-09-04,338.416,1.184456,0.6413495772488521,Utilities,0.6413495772488521,,
2012-09-04,196300,CNL1,buy,rebalance,9.0,37.366,2012-09-04,336.294,1.1770289999999999,0.6401960929996299,Utilities,0.6401960929996299,,
2012-09-04,198610,PNW,buy,rebalance,12.0,30.198,2012-09-04,362.376,1.268316,0.6393060057449297,Utilities,0.6393060057449297,,
2012-09-04,199426,WTRG,buy,rebalance,25.0,14.176,2012-09-04,354.4,1.2404,0.6381203313975785,Utilities,0.6381203313975785,,
2012-09-04,124686,SEP,buy,rebalance,16.0,22.339,2012-09-04,357.424,1.2509839999999999,0.6378440308424131,Energy,0.6378440308424131,,
2012-09-04,199526,ALE,buy,rebalance,14.0,25.463,2012-09-04,356.482,1.2476870000000002,0.6374377783424923,Utilities,0.6374377783424923,,
2012-10-01,124686,SEP,buy,rebalance,4.0,22.179,2012-10-01,88.716,0.310506,0.6726811806353576,Energy,0.6726811806353576,,
2012-10-01,124603,TCP,buy,rebalance,4.0,24.935,2012-10-01,99.74,0.34909,0.6569396034718588,Energy,0.6569396034718588,,
2012-10-01,197913,NHI,buy,rebalance,4.0,24.055,2012-10-01,96.22,0.33677,0.6542712102990867,Real Estate,0.6542712102990867,,
2012-10-01,196730,ED,buy,rebalance,3.0,35.258,2012-10-01,105.774,0.370209,0.6484523215088597,Utilities,0.6484523215088597,,
2012-10-01,198782,O,buy,rebalance,5.0,20.522,2012-10-01,102.60999999999999,0.359135,0.6456839080844222,Real Estate,0.6456839080844222,,
2012-10-01,198638,SCG,buy,rebalance,2.0,37.902,2012-10-01,75.804,0.265314,0.6456369196263197,Utilities,0.6456369196263197,,
2012-10-01,199472,NWE,buy,rebalance,5.0,20.543,2012-10-01,102.715,0.3595025,0.6453399722130211,Utilities,0.6453399722130211,,
2012-10-01,199477,XEL,buy,rebalance,6.0,17.56,2012-10-01,105.35999999999999,0.36876,0.6434312494566853,Utilities,0.6434312494566853,,
2012-10-01,198651,NNN,buy,rebalance,7.0,15.573,2012-10-01,109.011,0.3815385,0.6431311461038638,Real Estate,0.6431311461038638,,
2012-10-01,198536,WEC,buy,rebalance,4.0,23.57,2012-10-01,94.28,0.32998,0.6422221320445867,Utilities,0.6422221320445867,,
2012-11-01,124686,SEP,buy,rebalance,5.0,20.808,2012-11-01,104.03999999999999,0.36413999999999996,0.6726811806353576,Energy,0.6726811806353576,,
2012-11-01,124603,TCP,buy,rebalance,4.0,23.789,2012-11-01,95.156,0.333046,0.6569396034718588,Energy,0.6569396034718588,,
2012-11-01,197913,NHI,buy,rebalance,4.0,25.098,2012-11-01,100.392,0.351372,0.6542712102990867,Real Estate,0.6542712102990867,,
2012-11-01,196730,ED,buy,rebalance,3.0,35.406,2012-11-01,106.21799999999999,0.37176299999999995,0.6484523215088597,Utilities,0.6484523215088597,,
2012-11-01,198782,O,buy,rebalance,5.0,19.995,2012-11-01,99.97500000000001,0.3499125,0.6456839080844222,Real Estate,0.6456839080844222,,
2012-11-01,198638,SCG,buy,rebalance,2.0,38.781,2012-11-01,77.562,0.271467,0.6456369196263197,Utilities,0.6456369196263197,,
2012-11-01,199472,NWE,buy,rebalance,5.0,20.457,2012-11-01,102.285,0.35799749999999997,0.6453399722130211,Utilities,0.6453399722130211,,
2012-11-01,199477,XEL,buy,rebalance,6.0,17.982,2012-11-01,107.892,0.377622,0.6434312494566853,Utilities,0.6434312494566853,,
2012-11-01,198651,NNN,buy,rebalance,6.0,16.549,2012-11-01,99.294,0.347529,0.6431311461038638,Real Estate,0.6431311461038638,,
2012-11-01,198536,WEC,buy,rebalance,4.0,24.104,2012-11-01,96.416,0.337456,0.6422221320445867,Utilities,0.6422221320445867,,
2012-12-03,124686,SEP,buy,rebalance,5.0,20.815,2012-12-03,104.075,0.36426250000000004,0.6726811806353576,Energy,0.6726811806353576,,
2012-12-03,124603,TCP,buy,rebalance,4.0,23.135,2012-12-03,92.54,0.32389,0.6569396034718589,Energy,0.6569396034718589,,
2012-12-03,197913,NHI,buy,rebalance,4.0,25.941,2012-12-03,103.764,0.363174,0.6542712102990867,Real Estate,0.6542712102990867,,
2012-12-03,196730,ED,buy,rebalance,3.0,33.118,2012-12-03,99.35400000000001,0.3477390000000001,0.6484523215088596,Utilities,0.6484523215088596,,
2012-12-03,198782,O,buy,rebalance,5.0,20.422,2012-12-03,102.11,0.357385,0.6456839080844223,Real Estate,0.6456839080844223,,
2012-12-03,198638,SCG,buy,rebalance,3.0,36.557,2012-12-03,109.671,0.38384850000000004,0.6456369196263197,Utilities,0.6456369196263197,,
2012-12-03,199472,NWE,buy,rebalance,5.0,19.713,2012-12-03,98.565,0.3449775,0.6453399722130211,Utilities,0.6453399722130211,,
2012-12-03,199477,XEL,buy,rebalance,6.0,17.221,2012-12-03,103.326,0.361641,0.6434312494566853,Utilities,0.6434312494566853,,
2012-12-03,198651,NNN,buy,rebalance,7.0,15.953,2012-12-03,111.67099999999999,0.3908485,0.6431311461038638,Real Estate,0.6431311461038638,,
2012-12-03,198536,WEC,buy,rebalance,4.0,23.657,2012-12-03,94.628,0.331198,0.6422221320445867,Utilities,0.6422221320445867,,
2013-01-02,198536,WEC,buy,rebalance,4.0,23.859,2013-01-02,95.436,0.33402600000000005,0.6772924756681343,Utilities,0.6772924756681343,,
2013-01-02,198610,PNW,buy,rebalance,3.0,30.625,2013-01-02,91.875,0.32156250000000003,0.6749937294581282,Utilities,0.6749937294581282,,
2013-01-02,195706,MGEE,buy,rebalance,4.0,25.771,2013-01-02,103.084,0.360794,0.6715412294381533,Utilities,0.6715412294381533,,
2013-01-02,197304,DTE,buy,rebalance,3.0,32.95,2013-01-02,98.85000000000001,0.34597500000000003,0.6711178060942626,Utilities,0.6711178060942626,,
2013-01-02,199593,KMB,buy,rebalance,2.0,52.237,2013-01-02,104.474,0.365659,0.669670762153241,Consumer Defensive,0.669670762153241,,
2013-01-02,198638,SCG,buy,rebalance,2.0,37.456,2013-01-02,74.912,0.26219200000000004,0.6690503046667805,Utilities,0.6690503046667805,,
2013-01-02,199426,WTRG,buy,rebalance,7.0,14.698,2013-01-02,102.886,0.360101,0.6676979605998451,Utilities,0.6676979605998451,,
2013-01-02,196300,CNL1,buy,rebalance,2.0,37.275,2013-01-02,74.55,0.260925,0.6674519940934881,Utilities,0.6674519940934881,,
2013-01-02,197000,OGE,buy,rebalance,6.0,16.884,2013-01-02,101.304,0.354564,0.6673313944304188,Utilities,0.6673313944304188,,
2013-01-02,197913,NHI,buy,rebalance,4.0,27.534,2013-01-02,110.136,0.385476,0.6664162215451733,Real Estate,0.6664162215451733,,
2013-02-01,198536,WEC,buy,rebalance,4.0,25.215,2013-02-01,100.86,0.35301,0.6772924756681343,Utilities,0.6772924756681343,,
2013-02-01,198610,PNW,buy,rebalance,3.0,31.546,2013-02-01,94.638,0.331233,0.6749937294581282,Utilities,0.6749937294581282,,
2013-02-01,195706,MGEE,buy,rebalance,4.0,25.874,2013-02-01,103.496,0.362236,0.6715412294381534,Utilities,0.6715412294381534,,
2013-02-01,197304,DTE,buy,rebalance,3.0,34.285,2013-02-01,102.85499999999999,0.3599925,0.6711178060942626,Utilities,0.6711178060942626,,
2013-02-01,199593,KMB,buy,rebalance,2.0,54.432,2013-02-01,108.864,0.38102400000000003,0.6696707621532408,Consumer Defensive,0.6696707621532408,,
2013-02-01,198638,SCG,buy,rebalance,3.0,37.744,2013-02-01,113.232,0.396312,0.6690503046667805,Utilities,0.6690503046667805,,
2013-02-01,199426,WTRG,buy,rebalance,7.0,15.293,2013-02-01,107.05099999999999,0.37467849999999997,0.667697960599845,Utilities,0.667697960599845,,
2013-02-01,196300,CNL1,buy,rebalance,2.0,38.977,2013-02-01,77.954,0.272839,0.6674519940934881,Utilities,0.6674519940934881,,
2013-02-01,197000,OGE,buy,rebalance,6.0,17.427,2013-02-01,104.562,0.365967,0.6673313944304188,Utilities,0.6673313944304188,,
2013-02-01,197913,NHI,buy,rebalance,3.0,30.554,2013-02-01,91.66199999999999,0.32081699999999996,0.6664162215451733,Real Estate,0.6664162215451733,,
2013-03-01,198536,WEC,buy,rebalance,4.0,26.395,2013-03-01,105.58,0.36953,0.6772924756681344,Utilities,0.6772924756681344,,
2013-03-01,198610,PNW,buy,rebalance,3.0,33.087,2013-03-01,99.26100000000001,0.34741350000000004,0.6749937294581281,Utilities,0.6749937294581281,,
2013-03-01,195706,MGEE,buy,rebalance,4.0,26.504,2013-03-01,106.016,0.37105600000000005,0.6715412294381534,Utilities,0.6715412294381534,,
2013-03-01,197304,DTE,buy,rebalance,3.0,35.603,2013-03-01,106.809,0.3738315,0.6711178060942626,Utilities,0.6711178060942626,,
2013-03-01,199593,KMB,buy,rebalance,1.0,57.027,2013-03-01,57.027,0.1995945,0.6696707621532408,Consumer Defensive,0.6696707621532408,,
2013-03-01,198638,SCG,buy,rebalance,2.0,39.256,2013-03-01,78.512,0.274792,0.6690503046667805,Utilities,0.6690503046667805,,
2013-03-01,199426,WTRG,buy,rebalance,6.0,16.291,2013-03-01,97.74600000000001,0.34211100000000005,0.6676979605998451,Utilities,0.6676979605998451,,
2013-03-01,196300,CNL1,buy,rebalance,2.0,40.375,2013-03-01,80.75,0.282625,0.6674519940934881,Utilities,0.6674519940934881,,
2013-03-01,197000,OGE,buy,rebalance,6.0,17.113,2013-03-01,102.678,0.359373,0.6673313944304188,Utilities,0.6673313944304188,,
2013-03-01,197913,NHI,buy,rebalance,3.0,31.291,2013-03-01,93.873,0.3285555,0.6664162215451733,Real Estate,0.6664162215451733,,
2013-04-01,196796,PDM,buy,rebalance,11.0,10.045,2013-04-01,110.495,0.38673250000000003,0.6812295277638855,Real Estate,0.6812295277638855,,
2013-04-01,198536,WEC,buy,rebalance,4.0,27.193,2013-04-01,108.772,0.38070200000000004,0.6808624430595435,Utilities,0.6808624430595435,,
2013-04-01,196300,CNL1,buy,rebalance,2.0,42.989,2013-04-01,85.978,0.300923,0.6779959705595687,Utilities,0.6779959705595687,,
2013-04-01,198610,PNW,buy,rebalance,3.0,34.044,2013-04-01,102.13199999999999,0.357462,0.6753160175658482,Utilities,0.6753160175658482,,
2013-04-01,197777,LTC,buy,rebalance,6.0,19.146,2013-04-01,114.876,0.40206600000000003,0.6738444274972767,Real Estate,0.6738444274972767,,
2013-04-01,197000,OGE,buy,rebalance,5.0,20.78,2013-04-01,103.9,0.36365000000000003,0.6727252130294513,Utilities,0.6727252130294513,,
2013-04-01,198642,NEE,buy,rebalance,8.0,13.59,2013-04-01,108.72,0.38052,0.6721820663974091,Utilities,0.6721820663974091,,
2013-04-01,193200,ARI,buy,rebalance,59.0,2.007,2013-04-01,118.41300000000001,0.4144455,0.6713762888404802,Real Estate,0.6713762888404802,,
2013-04-01,198436,UHT,buy,rebalance,4.0,28.856,2013-04-01,115.424,0.403984,0.670801542211964,Real Estate,0.670801542211964,,
2013-04-01,198638,SCG,buy,rebalance,2.0,41.305,2013-04-01,82.61,0.28913500000000003,0.669874958966075,Utilities,0.669874958966075,,
2013-05-01,196796,PDM,buy,rebalance,10.0,10.497,2013-05-01,104.97,0.367395,0.6812295277638853,Real Estate,0.6812295277638853,,
2013-05-01,198536,WEC,buy,rebalance,4.0,28.331,2013-05-01,113.324,0.396634,0.6808624430595435,Utilities,0.6808624430595435,,
2013-05-01,196300,CNL1,buy,rebalance,2.0,44.104,2013-05-01,88.208,0.308728,0.6779959705595688,Utilities,0.6779959705595688,,
2013-05-01,198610,PNW,buy,rebalance,3.0,36.088,2013-05-01,108.26400000000001,0.37892400000000004,0.6753160175658484,Utilities,0.6753160175658484,,
2013-05-01,197777,LTC,buy,rebalance,5.0,21.533,2013-05-01,107.665,0.37682750000000004,0.6738444274972766,Real Estate,0.6738444274972766,,
2013-05-01,197000,OGE,buy,rebalance,5.0,21.143,2013-05-01,105.715,0.3700025,0.6727252130294514,Utilities,0.6727252130294514,,
2013-05-01,198642,NEE,buy,rebalance,8.0,14.265,2013-05-01,114.12,0.39942,0.6721820663974091,Utilities,0.6721820663974091,,
2013-05-01,193200,ARI,buy,rebalance,57.0,1.988,2013-05-01,113.316,0.396606,0.6713762888404801,Real Estate,0.6713762888404801,,
2013-05-01,198436,UHT,buy,rebalance,4.0,26.353,2013-05-01,105.412,0.36894200000000005,0.670801542211964,Real Estate,0.670801542211964,,
2013-05-01,198638,SCG,buy,rebalance,2.0,43.537,2013-05-01,87.074,0.304759,0.6698749589660751,Utilities,0.6698749589660751,,
2013-06-03,196796,PDM,buy,rebalance,11.0,9.908,2013-06-03,108.988,0.381458,0.6812295277638853,Real Estate,0.6812295277638853,,
2013-06-03,198536,WEC,buy,rebalance,4.0,26.429,2013-06-03,105.716,0.370006,0.6808624430595435,Utilities,0.6808624430595435,,
2013-06-03,196300,CNL1,buy,rebalance,2.0,42.067,2013-06-03,84.134,0.294469,0.6779959705595687,Utilities,0.6779959705595687,,
2013-06-03,198610,PNW,buy,rebalance,3.0,33.676,2013-06-03,101.028,0.353598,0.6753160175658482,Utilities,0.6753160175658482,,
2013-06-03,197777,LTC,buy,rebalance,5.0,19.981,2013-06-03,99.905,0.3496675,0.6738444274972766,Real Estate,0.6738444274972766,,
2013-06-03,197000,OGE,buy,rebalance,5.0,20.142,2013-06-03,100.71,0.352485,0.6727252130294513,Utilities,0.6727252130294513,,
2013-06-03,198642,NEE,buy,rebalance,8.0,13.496,2013-06-03,107.968,0.377888,0.672182066397409,Utilities,0.672182066397409,,
2013-06-03,193200,ARI,buy,rebalance,57.0,1.89,2013-06-03,107.72999999999999,0.377055,0.6713762888404801,Real Estate,0.6713762888404801,,
2013-06-03,198436,UHT,buy,rebalance,4.0,22.469,2013-06-03,89.876,0.314566,0.670801542211964,Real Estate,0.670801542211964,,
2013-06-03,198638,SCG,buy,rebalance,2.0,40.836,2013-06-03,81.672,0.285852,0.6698749589660751,Utilities,0.6698749589660751,,
2013-07-01,197913,NHI,buy,rebalance,3.0,29.355,2013-07-01,88.065,0.3082275,0.6802425915440021,Real Estate,0.6802425915440021,,
2013-07-01,196300,CNL1,buy,rebalance,2.0,42.353,2013-07-01,84.706,0.29647100000000004,0.6795759299763187,Utilities,0.6795759299763187,,
2013-07-01,198610,PNW,buy,rebalance,3.0,32.734,2013-07-01,98.202,0.343707,0.6772859554704591,Utilities,0.6772859554704591,,
2013-07-01,198004,PSB,buy,rebalance,1.0,55.553,2013-07-01,55.553,0.19443549999999998,0.6761272391234059,Real Estate,0.6761272391234059,,
2013-07-01,199603,WR1,buy,rebalance,4.0,26.286,2013-07-01,105.144,0.36800400000000005,0.6754470968197522,Utilities,0.6754470968197522,,
2013-07-01,193849,AWK,buy,rebalance,3.0,30.318,2013-07-01,90.95400000000001,0.31833900000000004,0.6733223383408817,Utilities,0.6733223383408817,,
2013-07-01,195706,MGEE,buy,rebalance,4.0,26.967,2013-07-01,107.868,0.377538,0.6726480250844208,Utilities,0.6726480250844208,,
2013-07-01,198651,NNN,buy,rebalance,6.0,18.147,2013-07-01,108.88199999999999,0.38108699999999995,0.6701186299169702,Real Estate,0.6701186299169702,,
2013-07-01,199337,SO,buy,rebalance,4.0,24.975,2013-07-01,99.9,0.34965,0.6687891511379618,Utilities,0.6687891511379618,,
2013-07-01,199615,RYN,buy,rebalance,5.0,21.641,2013-07-01,108.20499999999998,0.37871749999999993,0.668100322398304,Real Estate,0.668100322398304,,
2013-08-01,197913,NHI,buy,rebalance,3.0,29.929,2013-08-01,89.78699999999999,0.3142545,0.6802425915440022,Real Estate,0.6802425915440022,,
2013-08-01,196300,CNL1,buy,rebalance,2.0,45.483,2013-08-01,90.966,0.31838099999999997,0.6795759299763188,Utilities,0.6795759299763188,,
2013-08-01,198610,PNW,buy,rebalance,3.0,35.47,2013-08-01,106.41,0.372435,0.677285955470459,Utilities,0.677285955470459,,
2013-08-01,198004,PSB,buy,rebalance,2.0,55.103,2013-08-01,110.206,0.38572100000000004,0.6761272391234059,Real Estate,0.6761272391234059,,
2013-08-01,199603,WR1,buy,rebalance,4.0,28.615,2013-08-01,114.46,0.40060999999999997,0.6754470968197522,Utilities,0.6754470968197522,,
2013-08-01,193849,AWK,buy,rebalance,3.0,32.828,2013-08-01,98.48400000000001,0.34469400000000006,0.6733223383408817,Utilities,0.6733223383408817,,
2013-08-01,195706,MGEE,buy,rebalance,3.0,29.414,2013-08-01,88.242,0.30884700000000004,0.6726480250844208,Utilities,0.6726480250844208,,
2013-08-01,198651,NNN,buy,rebalance,6.0,18.265,2013-08-01,109.59,0.38356500000000004,0.6701186299169702,Real Estate,0.6701186299169702,,
2013-08-01,199337,SO,buy,rebalance,4.0,25.572,2013-08-01,102.288,0.358008,0.6687891511379618,Utilities,0.6687891511379618,,
2013-08-01,199615,RYN,buy,rebalance,4.0,23.546,2013-08-01,94.184,0.329644,0.6681003223983041,Real Estate,0.6681003223983041,,
2013-09-03,197913,NHI,buy,rebalance,4.0,26.193,2013-09-03,104.772,0.36670200000000003,0.6802425915440022,Real Estate,0.6802425915440022,,
2013-09-03,196300,CNL1,buy,rebalance,2.0,41.118,2013-09-03,82.236,0.287826,0.6795759299763187,Utilities,0.6795759299763187,,
2013-09-03,198610,PNW,buy,rebalance,3.0,31.935,2013-09-03,95.80499999999999,0.3353175,0.6772859554704591,Utilities,0.6772859554704591,,
2013-09-03,198004,PSB,buy,rebalance,2.0,55.256,2013-09-03,110.512,0.386792,0.6761272391234059,Real Estate,0.6761272391234059,,
2013-09-03,199603,WR1,buy,rebalance,4.0,25.655,2013-09-03,102.62,0.35917000000000004,0.6754470968197525,Utilities,0.6754470968197525,,
2013-09-03,193849,AWK,buy,rebalance,3.0,30.761,2013-09-03,92.283,0.3229905,0.6733223383408817,Utilities,0.6733223383408817,,
2013-09-03,195706,MGEE,buy,rebalance,4.0,25.778,2013-09-03,103.112,0.360892,0.6726480250844208,Utilities,0.6726480250844208,,
2013-09-03,198651,NNN,buy,rebalance,7.0,16.31,2013-09-03,114.16999999999999,0.399595,0.6701186299169702,Real Estate,0.6701186299169702,,
2013-09-03,199337,SO,buy,rebalance,4.0,23.693,2013-09-03,94.772,0.33170200000000005,0.6687891511379619,Utilities,0.6687891511379619,,
2013-09-03,199615,RYN,buy,rebalance,5.0,21.633,2013-09-03,108.16499999999999,0.37857749999999996,0.6681003223983041,Real Estate,0.6681003223983041,,
2013-10-01,199347,SJM,buy,rebalance,1.0,71.682,2013-10-01,71.682,0.250887,0.6590266933422988,Consumer Defensive,0.6590266933422988,,
2013-10-01,193849,AWK,buy,rebalance,3.0,31.631,2013-10-01,94.893,0.3321255,0.6584464521772508,Utilities,0.6584464521772508,,
2013-10-01,198536,WEC,buy,rebalance,4.0,26.308,2013-10-01,105.232,0.36831200000000003,0.6545750742009446,Utilities,0.6545750742009446,,
2013-10-01,199652,HSY,buy,rebalance,1.0,67.866,2013-10-01,67.866,0.237531,0.6543146682880152,Consumer Defensive,0.6543146682880152,,
2013-10-01,197208,HSIC,buy,rebalance,2.0,40.942,2013-10-01,81.884,0.286594,0.6538639287432695,Healthcare,0.6538639287432695,,
2013-10-01,199185,JNJ,buy,rebalance,1.0,61.561,2013-10-01,61.561,0.2154635,0.6531902603359541,Healthcare,0.6531902603359541,,
2013-10-01,198806,CTAS,buy,rebalance,10.0,11.176,2013-10-01,111.76,0.39116,0.6527299212670511,Industrials,0.6527299212670511,,
2013-10-01,199552,MCD,buy,rebalance,1.0,68.978,2013-10-01,68.978,0.241423,0.6524055284742205,Consumer Cyclical,0.6524055284742205,,
2013-10-01,198546,JKHY,buy,rebalance,2.0,44.328,2013-10-01,88.656,0.310296,0.6513997662491645,Technology,0.6513997662491645,,
2013-10-01,196584,EPD,buy,rebalance,8.0,13.157,2013-10-01,105.256,0.368396,0.6510967356286194,Energy,0.6510967356286194,,
2013-11-01,199347,SJM,buy,rebalance,1.0,75.49,2013-11-01,75.49,0.264215,0.6590266933422988,Consumer Defensive,0.6590266933422988,,
2013-11-01,193849,AWK,buy,rebalance,3.0,32.646,2013-11-01,97.938,0.342783,0.6584464521772508,Utilities,0.6584464521772508,,
2013-11-01,198536,WEC,buy,rebalance,4.0,27.529,2013-11-01,110.116,0.385406,0.6545750742009446,Utilities,0.6545750742009446,,
2013-11-01,199652,HSY,buy,rebalance,1.0,72.726,2013-11-01,72.726,0.254541,0.6543146682880153,Consumer Defensive,0.6543146682880153,,
2013-11-01,197208,HSIC,buy,rebalance,2.0,43.744,2013-11-01,87.488,0.306208,0.6538639287432695,Healthcare,0.6538639287432695,,
2013-11-01,199185,JNJ,buy,rebalance,1.0,65.713,2013-11-01,65.713,0.2299955,0.6531902603359542,Healthcare,0.6531902603359542,,
2013-11-01,198806,CTAS,buy,rebalance,10.0,11.662,2013-11-01,116.62,0.40817000000000003,0.6527299212670511,Industrials,0.6527299212670511,,
2013-11-01,199552,MCD,buy,rebalance,1.0,69.774,2013-11-01,69.774,0.244209,0.6524055284742205,Consumer Cyclical,0.6524055284742205,,
2013-11-01,198546,JKHY,buy,rebalance,2.0,46.389,2013-11-01,92.778,0.32472300000000004,0.6513997662491645,Technology,0.6513997662491645,,
2013-11-01,196584,EPD,buy,rebalance,9.0,13.622,2013-11-01,122.598,0.429093,0.6510967356286194,Energy,0.6510967356286194,,
2013-12-02,199347,SJM,buy,rebalance,1.0,71.411,2013-12-02,71.411,0.2499385,0.6590266933422989,Consumer Defensive,0.6590266933422989,,
2013-12-02,193849,AWK,buy,rebalance,4.0,32.247,2013-12-02,128.988,0.451458,0.6584464521772508,Utilities,0.6584464521772508,,
2013-12-02,198536,WEC,buy,rebalance,5.0,27.085,2013-12-02,135.425,0.47398750000000006,0.6545750742009446,Utilities,0.6545750742009446,,
2013-12-02,199652,HSY,buy,rebalance,1.0,71.09,2013-12-02,71.09,0.248815,0.6543146682880153,Consumer Defensive,0.6543146682880153,,
2013-12-02,197208,HSIC,buy,rebalance,3.0,44.608,2013-12-02,133.82399999999998,0.46838399999999997,0.6538639287432696,Healthcare,0.6538639287432696,,
2013-12-02,199185,JNJ,buy,rebalance,2.0,66.814,2013-12-02,133.628,0.46769799999999995,0.6531902603359542,Healthcare,0.6531902603359542,,
2013-12-02,198806,CTAS,buy,rebalance,11.0,12.104,2013-12-02,133.144,0.46600400000000003,0.6527299212670511,Industrials,0.6527299212670511,,
2013-12-02,199552,MCD,buy,rebalance,1.0,69.828,2013-12-02,69.828,0.244398,0.6524055284742205,Consumer Cyclical,0.6524055284742205,,
2013-12-02,198546,JKHY,buy,rebalance,2.0,48.577,2013-12-02,97.154,0.340039,0.6513997662491645,Technology,0.6513997662491645,,
2013-12-02,196584,EPD,buy,rebalance,10.0,13.493,2013-12-02,134.93,0.47225500000000004,0.6510967356286194,Energy,0.6510967356286194,,
2014-01-02,193849,AWK,buy,rebalance,3.0,31.955,2014-01-02,95.865,0.3355275,0.694982362487831,Utilities,0.694982362487831,,
2014-01-02,199472,NWE,buy,rebalance,4.0,25.723,2014-01-02,102.892,0.360122,0.6925233191410985,Utilities,0.6925233191410985,,
2014-01-02,198804,PAYX,buy,rebalance,4.0,30.133,2014-01-02,120.532,0.421862,0.6887531848393993,Industrials,0.6887531848393993,,
2014-01-02,199556,MAT,buy,rebalance,3.0,38.998,2014-01-02,116.994,0.409479,0.6883659794732031,Consumer Cyclical,0.6883659794732031,,
2014-01-02,196905,SRE,buy,rebalance,4.0,30.099,2014-01-02,120.396,0.42138600000000004,0.6880912613522846,Utilities,0.6880912613522846,,
2014-01-02,199025,LNT,buy,rebalance,7.0,16.873,2014-01-02,118.111,0.41338850000000005,0.6852227451328614,Utilities,0.6852227451328614,,
2014-01-02,199334,SWX,buy,rebalance,3.0,37.04,2014-01-02,111.12,0.38892000000000004,0.6832855226827009,Utilities,0.6832855226827009,,
2014-01-02,196052,NI,buy,rebalance,14.0,8.421,2014-01-02,117.89399999999999,0.41262899999999997,0.6830274020443926,Utilities,0.6830274020443926,,
2014-01-02,197593,COST,buy,rebalance,1.0,93.512,2014-01-02,93.512,0.327292,0.6819453006137742,Consumer Defensive,0.6819453006137742,,
2014-01-02,198642,NEE,buy,rebalance,8.0,15.144,2014-01-02,121.152,0.424032,0.6814483211139305,Utilities,0.6814483211139305,,
2014-02-03,193849,AWK,buy,rebalance,3.0,32.73,2014-02-03,98.19,0.343665,0.694982362487831,Utilities,0.694982362487831,,
2014-02-03,199472,NWE,buy,rebalance,4.0,26.919,2014-02-03,107.676,0.37686600000000003,0.6925233191410985,Utilities,0.6925233191410985,,
2014-02-03,198804,PAYX,buy,rebalance,4.0,27.24,2014-02-03,108.96,0.38136,0.6887531848393994,Industrials,0.6887531848393994,,
2014-02-03,199556,MAT,buy,rebalance,3.0,29.666,2014-02-03,88.998,0.311493,0.6883659794732031,Consumer Cyclical,0.6883659794732031,,
2014-02-03,196905,SRE,buy,rebalance,3.0,31.293,2014-02-03,93.87899999999999,0.3285765,0.6880912613522846,Utilities,0.6880912613522846,,
2014-02-03,199025,LNT,buy,rebalance,6.0,17.1,2014-02-03,102.60000000000001,0.35910000000000003,0.6852227451328614,Utilities,0.6852227451328614,,
2014-02-03,199334,SWX,buy,rebalance,3.0,35.811,2014-02-03,107.43299999999999,0.3760155,0.6832855226827009,Utilities,0.6832855226827009,,
2014-02-03,196052,NI,buy,rebalance,12.0,8.854,2014-02-03,106.24799999999999,0.371868,0.6830274020443926,Utilities,0.6830274020443926,,
2014-02-03,197593,COST,buy,rebalance,1.0,87.456,2014-02-03,87.456,0.30609600000000003,0.6819453006137741,Consumer Defensive,0.6819453006137741,,
2014-02-03,198642,NEE,buy,rebalance,6.0,16.397,2014-02-03,98.38199999999999,0.34433699999999995,0.6814483211139305,Utilities,0.6814483211139305,,
2014-03-03,193849,AWK,buy,rebalance,3.0,34.154,2014-03-03,102.46200000000002,0.3586170000000001,0.694982362487831,Utilities,0.694982362487831,,
2014-03-03,199472,NWE,buy,rebalance,4.0,27.207,2014-03-03,108.828,0.380898,0.6925233191410985,Utilities,0.6925233191410985,,
2014-03-03,198804,PAYX,buy,rebalance,4.0,27.766,2014-03-03,111.064,0.38872399999999996,0.6887531848393994,Industrials,0.6887531848393994,,
2014-03-03,199556,MAT,buy,rebalance,3.0,30.691,2014-03-03,92.073,0.3222555,0.6883659794732031,Consumer Cyclical,0.6883659794732031,,
2014-03-03,196905,SRE,buy,rebalance,3.0,32.018,2014-03-03,96.054,0.336189,0.6880912613522845,Utilities,0.6880912613522845,,
2014-03-03,199025,LNT,buy,rebalance,6.0,17.959,2014-03-03,107.75399999999999,0.377139,0.6852227451328614,Utilities,0.6852227451328614,,
2014-03-03,199334,SWX,buy,rebalance,3.0,36.619,2014-03-03,109.857,0.3844995,0.6832855226827009,Utilities,0.6832855226827009,,
2014-03-03,196052,NI,buy,rebalance,12.0,9.078,2014-03-03,108.93599999999999,0.381276,0.6830274020443927,Utilities,0.6830274020443927,,
2014-03-03,197593,COST,buy,rebalance,1.0,92.125,2014-03-03,92.125,0.3224375,0.6819453006137742,Consumer Defensive,0.6819453006137742,,
2014-03-03,198642,NEE,buy,rebalance,6.0,16.358,2014-03-03,98.148,0.343518,0.6814483211139305,Utilities,0.6814483211139305,,
2014-04-01,196052,NI,buy,rebalance,11.0,9.385,2014-04-01,103.235,0.3613225,0.6949001345612638,Utilities,0.6949001345612638,,
2014-04-01,198642,NEE,buy,rebalance,6.0,17.188,2014-04-01,103.12799999999999,0.36094799999999994,0.6920762016231444,Utilities,0.6920762016231444,,
2014-04-01,196905,SRE,buy,rebalance,3.0,33.054,2014-04-01,99.162,0.347067,0.6915937817951182,Utilities,0.6915937817951182,,
2014-04-01,198536,WEC,buy,rebalance,3.0,30.832,2014-04-01,92.49600000000001,0.323736,0.6882524348440351,Utilities,0.6882524348440351,,
2014-04-01,199652,HSY,buy,rebalance,1.0,77.05,2014-04-01,77.05,0.269675,0.6876788653153075,Consumer Defensive,0.6876788653153075,,
2014-04-01,198999,HD,buy,rebalance,1.0,59.486,2014-04-01,59.486,0.208201,0.6867141808686895,Consumer Cyclical,0.6867141808686895,,
2014-04-01,199478,ES,buy,rebalance,3.0,29.499,2014-04-01,88.497,0.3097395,0.6866049310709699,Utilities,0.6866049310709699,,
2014-04-01,199603,WR1,buy,rebalance,3.0,30.221,2014-04-01,90.663,0.3173205,0.6847079628827645,Utilities,0.6847079628827645,,
2014-04-01,199120,CHD,buy,rebalance,3.0,28.929,2014-04-01,86.78699999999999,0.3037545,0.6839275425497671,Consumer Defensive,0.6839275425497671,,
2014-04-01,196627,IDA,buy,rebalance,2.0,38.648,2014-04-01,77.296,0.27053600000000005,0.6822627728126711,Utilities,0.6822627728126711,,
2014-05-01,197091,BRE,sell,delisted,19.0,62.78,2014-03-31,1192.82,4.17487,,,,942.66783,245.9772999999999
2014-05-01,196052,NI,buy,rebalance,24.0,9.794,2014-05-01,235.056,0.8226960000000001,0.6949001345612638,Utilities,0.6949001345612638,,
2014-05-01,198642,NEE,buy,rebalance,13.0,18.113,2014-05-01,235.469,0.8241415,0.6920762016231444,Utilities,0.6920762016231444,,
2014-05-01,196905,SRE,buy,rebalance,7.0,33.828,2014-05-01,236.79600000000002,0.8287860000000001,0.6915937817951182,Utilities,0.6915937817951182,,
2014-05-01,198536,WEC,buy,rebalance,7.0,32.394,2014-05-01,226.75799999999998,0.7936529999999999,0.6882524348440351,Utilities,0.6882524348440351,,
2014-05-01,199652,HSY,buy,rebalance,3.0,71.077,2014-05-01,213.231,0.7463085,0.6876788653153076,Consumer Defensive,0.6876788653153076,,
2014-05-01,198999,HD,buy,rebalance,4.0,59.449,2014-05-01,237.796,0.832286,0.6867141808686895,Consumer Cyclical,0.6867141808686895,,
2014-05-01,199478,ES,buy,rebalance,7.0,30.84,2014-05-01,215.88,0.75558,0.68660493107097,Utilities,0.68660493107097,,
2014-05-01,199603,WR1,buy,rebalance,7.0,31.133,2014-05-01,217.93099999999998,0.7627585,0.6847079628827645,Utilities,0.6847079628827645,,
2014-05-01,199120,CHD,buy,rebalance,8.0,28.722,2014-05-01,229.776,0.804216,0.6839275425497671,Consumer Defensive,0.6839275425497671,,
2014-05-01,196627,IDA,buy,rebalance,6.0,39.411,2014-05-01,236.466,0.827631,0.6822627728126711,Utilities,0.6822627728126711,,
2014-06-02,196052,NI,buy,rebalance,11.0,9.968,2014-06-02,109.648,0.383768,0.6949001345612638,Utilities,0.6949001345612638,,
2014-06-02,198642,NEE,buy,rebalance,6.0,17.74,2014-06-02,106.44,0.37254,0.6920762016231444,Utilities,0.6920762016231444,,
2014-06-02,196905,SRE,buy,rebalance,3.0,34.428,2014-06-02,103.28399999999999,0.361494,0.6915937817951183,Utilities,0.6915937817951183,,
2014-06-02,198536,WEC,buy,rebalance,3.0,30.337,2014-06-02,91.011,0.3185385,0.6882524348440351,Utilities,0.6882524348440351,,
2014-06-02,199652,HSY,buy,rebalance,1.0,72.191,2014-06-02,72.191,0.2526685,0.6876788653153076,Consumer Defensive,0.6876788653153076,,
2014-06-02,198999,HD,buy,rebalance,1.0,60.581,2014-06-02,60.581,0.2120335,0.6867141808686895,Consumer Cyclical,0.6867141808686895,,
2014-06-02,199478,ES,buy,rebalance,3.0,29.907,2014-06-02,89.721,0.3140235,0.68660493107097,Utilities,0.68660493107097,,
2014-06-02,199603,WR1,buy,rebalance,3.0,31.298,2014-06-02,93.89399999999999,0.32862899999999995,0.6847079628827645,Utilities,0.6847079628827645,,
2014-06-02,199120,CHD,buy,rebalance,3.0,29.184,2014-06-02,87.552,0.30643200000000004,0.6839275425497673,Consumer Defensive,0.6839275425497673,,
2014-06-02,196627,IDA,buy,rebalance,2.0,38.297,2014-06-02,76.594,0.268079,0.6822627728126711,Utilities,0.6822627728126711,,
2014-07-01,198869,D,buy,rebalance,2.0,42.901,2014-07-01,85.802,0.30030700000000005,0.6961033420680963,Utilities,0.6961033420680963,,
2014-07-01,194340,SE1,buy,rebalance,3.0,37.912,2014-07-01,113.73599999999999,0.398076,0.6942403752539331,Utilities,0.6942403752539331,,
2014-07-01,199025,LNT,buy,rebalance,5.0,20.337,2014-07-01,101.685,0.35589750000000003,0.693923215195352,Utilities,0.693923215195352,,
2014-07-01,193849,AWK,buy,rebalance,3.0,38.289,2014-07-01,114.867,0.4020345,0.6924613160371913,Utilities,0.6924613160371913,,
2014-07-01,199185,JNJ,buy,rebalance,1.0,76.092,2014-07-01,76.092,0.266322,0.6912246817239073,Healthcare,0.6912246817239073,,
2014-07-01,196905,SRE,buy,rebalance,3.0,35.691,2014-07-01,107.07300000000001,0.3747555,0.6907602730899187,Utilities,0.6907602730899187,,
2014-07-01,199120,CHD,buy,rebalance,4.0,29.748,2014-07-01,118.992,0.416472,0.6898219465874337,Consumer Defensive,0.6898219465874337,,
2014-07-01,198536,WEC,buy,rebalance,3.0,31.024,2014-07-01,93.072,0.32575200000000004,0.6871461229288968,Utilities,0.6871461229288968,,
2014-07-01,198999,HD,buy,rebalance,1.0,61.672,2014-07-01,61.672,0.215852,0.6868181958450993,Consumer Cyclical,0.6868181958450993,,
2014-07-01,199603,WR1,buy,rebalance,3.0,33.284,2014-07-01,99.852,0.349482,0.6866706088147896,Utilities,0.6866706088147896,,
2014-08-01,198869,D,buy,rebalance,3.0,40.749,2014-08-01,122.24700000000001,0.42786450000000004,0.6961033420680962,Utilities,0.6961033420680962,,
2014-08-01,194340,SE1,buy,rebalance,3.0,36.215,2014-08-01,108.64500000000001,0.3802575,0.6942403752539331,Utilities,0.6942403752539331,,
2014-08-01,199025,LNT,buy,rebalance,6.0,19.414,2014-08-01,116.48400000000001,0.40769400000000006,0.693923215195352,Utilities,0.693923215195352,,
2014-08-01,193849,AWK,buy,rebalance,3.0,37.409,2014-08-01,112.227,0.39279450000000005,0.6924613160371913,Utilities,0.6924613160371913,,
2014-08-01,199185,JNJ,buy,rebalance,1.0,71.801,2014-08-01,71.801,0.2513035,0.6912246817239073,Healthcare,0.6912246817239073,,
2014-08-01,196905,SRE,buy,rebalance,3.0,34.401,2014-08-01,103.203,0.36121050000000005,0.6907602730899187,Utilities,0.6907602730899187,,
2014-08-01,199120,CHD,buy,rebalance,4.0,27.828,2014-08-01,111.312,0.389592,0.6898219465874337,Consumer Defensive,0.6898219465874337,,
2014-08-01,198536,WEC,buy,rebalance,4.0,29.376,2014-08-01,117.504,0.411264,0.6871461229288968,Utilities,0.6871461229288968,,
2014-08-01,198999,HD,buy,rebalance,2.0,60.112,2014-08-01,120.224,0.42078400000000005,0.6868181958450993,Consumer Cyclical,0.6868181958450993,,
2014-08-01,199603,WR1,buy,rebalance,3.0,31.767,2014-08-01,95.301,0.3335535,0.6866706088147894,Utilities,0.6866706088147894,,
2014-09-02,198869,D,buy,rebalance,2.0,42.244,2014-09-02,84.488,0.295708,0.6961033420680962,Utilities,0.6961033420680962,,
2014-09-02,194340,SE1,buy,rebalance,3.0,37.26,2014-09-02,111.78,0.39123,0.6942403752539331,Utilities,0.6942403752539331,,
2014-09-02,199025,LNT,buy,rebalance,5.0,19.844,2014-09-02,99.22,0.34727,0.693923215195352,Utilities,0.693923215195352,,
2014-09-02,193849,AWK,buy,rebalance,2.0,39.305,2014-09-02,78.61,0.275135,0.6924613160371913,Utilities,0.6924613160371913,,
2014-09-02,199185,JNJ,buy,rebalance,1.0,74.792,2014-09-02,74.792,0.261772,0.6912246817239073,Healthcare,0.6912246817239073,,
2014-09-02,196905,SRE,buy,rebalance,3.0,36.405,2014-09-02,109.215,0.3822525,0.6907602730899187,Utilities,0.6907602730899187,,
2014-09-02,199120,CHD,buy,rebalance,3.0,29.257,2014-09-02,87.771,0.3071985,0.6898219465874337,Consumer Defensive,0.6898219465874337,,
2014-09-02,198536,WEC,buy,rebalance,3.0,30.108,2014-09-02,90.324,0.316134,0.6871461229288967,Utilities,0.6871461229288967,,
2014-09-02,198999,HD,buy,rebalance,1.0,69.059,2014-09-02,69.059,0.2417065,0.6868181958450993,Consumer Cyclical,0.6868181958450993,,
2014-09-02,199603,WR1,buy,rebalance,3.0,32.118,2014-09-02,96.35400000000001,0.33723900000000007,0.6866706088147894,Utilities,0.6866706088147894,,
2014-10-01,197287,UNS,sell,delisted,9.0,60.6,2014-08-14,545.4,1.9089,,,,289.6612785,253.82982149999998
2014-10-01,199120,CHD,buy,rebalance,6.0,29.67,2014-10-01,178.02,0.62307,0.6949494156747598,Consumer Defensive,0.6949494156747598,,
2014-10-01,194340,SE1,buy,rebalance,5.0,35.111,2014-10-01,175.55499999999998,0.6144424999999999,0.6915719893090966,Utilities,0.6915719893090966,,
2014-10-01,196905,SRE,buy,rebalance,4.0,36.462,2014-10-01,145.848,0.510468,0.6867503419087875,Utilities,0.6867503419087875,,
2014-10-01,199296,TFX,buy,rebalance,1.0,96.862,2014-10-01,96.862,0.339017,0.6835115155114767,Healthcare,0.6835115155114767,,
2014-10-01,193849,AWK,buy,rebalance,4.0,37.706,2014-10-01,150.824,0.527884,0.6832735000688825,Utilities,0.6832735000688825,,
2014-10-01,199185,JNJ,buy,rebalance,2.0,75.473,2014-10-01,150.946,0.528311,0.6826559057530974,Healthcare,0.6826559057530974,,
2014-10-01,199593,KMB,buy,rebalance,2.0,68.302,2014-10-01,136.604,0.47811400000000004,0.6813676523713764,Consumer Defensive,0.6813676523713764,,
2014-10-01,197208,HSIC,buy,rebalance,3.0,44.812,2014-10-01,134.43599999999998,0.47052599999999994,0.680880526331736,Healthcare,0.680880526331736,,
2014-10-01,199478,ES,buy,rebalance,5.0,29.867,2014-10-01,149.335,0.5226725,0.6807960247954162,Utilities,0.6807960247954162,,
2014-10-01,196300,CNL1,buy,rebalance,3.0,46.1,2014-10-01,138.3,0.48405000000000004,0.6804252429616087,Utilities,0.6804252429616087,,
2014-11-03,199120,CHD,buy,rebalance,4.0,30.709,2014-11-03,122.836,0.42992600000000003,0.6949494156747598,Consumer Defensive,0.6949494156747598,,
2014-11-03,194340,SE1,buy,rebalance,3.0,35.057,2014-11-03,105.171,0.36809850000000005,0.6915719893090965,Utilities,0.6915719893090965,,
2014-11-03,196905,SRE,buy,rebalance,3.0,38.464,2014-11-03,115.392,0.403872,0.6867503419087876,Utilities,0.6867503419087876,,
2014-11-03,199296,TFX,buy,rebalance,1.0,104.736,2014-11-03,104.736,0.366576,0.6835115155114768,Healthcare,0.6835115155114768,,
2014-11-03,193849,AWK,buy,rebalance,3.0,41.79,2014-11-03,125.37,0.43879500000000005,0.6832735000688827,Utilities,0.6832735000688827,,
2014-11-03,199185,JNJ,buy,rebalance,1.0,77.759,2014-11-03,77.759,0.2721565,0.6826559057530975,Healthcare,0.6826559057530975,,
2014-11-03,199593,KMB,buy,rebalance,1.0,74.305,2014-11-03,74.305,0.2600675,0.6813676523713765,Consumer Defensive,0.6813676523713765,,
2014-11-03,197208,HSIC,buy,rebalance,2.0,46.597,2014-11-03,93.194,0.326179,0.6808805263317361,Healthcare,0.6808805263317361,,
2014-11-03,199478,ES,buy,rebalance,4.0,32.987,2014-11-03,131.948,0.46181800000000006,0.6807960247954163,Utilities,0.6807960247954163,,
2014-11-03,196300,CNL1,buy,rebalance,2.0,51.426,2014-11-03,102.852,0.359982,0.6804252429616088,Utilities,0.6804252429616088,,
2014-12-01,199120,CHD,buy,rebalance,3.0,32.503,2014-12-01,97.509,0.3412815,0.6949494156747598,Consumer Defensive,0.6949494156747598,,
2014-12-01,194340,SE1,buy,rebalance,3.0,33.364,2014-12-01,100.09199999999998,0.35032199999999997,0.6915719893090965,Utilities,0.6915719893090965,,
2014-12-01,196905,SRE,buy,rebalance,3.0,37.919,2014-12-01,113.75699999999999,0.3981495,0.6867503419087876,Utilities,0.6867503419087876,,
2014-12-01,199296,TFX,buy,rebalance,1.0,109.018,2014-12-01,109.018,0.381563,0.6835115155114767,Healthcare,0.6835115155114767,,
2014-12-01,193849,AWK,buy,rebalance,3.0,41.227,2014-12-01,123.68099999999998,0.4328835,0.6832735000688827,Utilities,0.6832735000688827,,
2014-12-01,199185,JNJ,buy,rebalance,1.0,78.679,2014-12-01,78.679,0.2753765,0.6826559057530975,Healthcare,0.6826559057530975,,
2014-12-01,199593,KMB,buy,rebalance,1.0,77.341,2014-12-01,77.341,0.2706935,0.6813676523713765,Consumer Defensive,0.6813676523713765,,
2014-12-01,197208,HSIC,buy,rebalance,2.0,53.397,2014-12-01,106.794,0.373779,0.6808805263317361,Healthcare,0.6808805263317361,,
2014-12-01,199478,ES,buy,rebalance,3.0,33.726,2014-12-01,101.178,0.354123,0.6807960247954163,Utilities,0.6807960247954163,,
2014-12-01,196300,CNL1,buy,rebalance,2.0,51.803,2014-12-01,103.606,0.36262099999999997,0.6804252429616088,Utilities,0.6804252429616088,,
2015-01-02,197771,KMP,sell,delisted,97.0,102.03,2014-11-26,9896.91,34.639185,,,,3920.8180004999995,5941.4528145
2015-01-02,193846,EPB,sell,delisted,13.0,44.1,2014-11-26,573.3000000000001,2.0065500000000003,,,,365.898177,205.39527300000015
2015-01-02,196905,SRE,buy,rebalance,29.0,39.132,2015-01-02,1134.828,3.971898,0.710377850745157,Utilities,0.710377850745157,,
2015-01-02,198635,UTL,buy,rebalance,46.0,24.909,2015-01-02,1145.8139999999999,4.010349,0.7043290246524583,Utilities,0.7043290246524583,,
2015-01-02,197898,KIM,buy,rebalance,78.0,14.772,2015-01-02,1152.2160000000001,4.032756000000001,0.702589284526351,Real Estate,0.702589284526351,,
2015-01-02,193849,AWK,buy,rebalance,27.0,42.536,2015-01-02,1148.472,4.019652,0.702572734175502,Utilities,0.702572734175502,,
2015-01-02,199593,KMB,buy,rebalance,14.0,77.665,2015-01-02,1087.3100000000002,3.8055850000000007,0.6998710601928556,Consumer Defensive,0.6998710601928556,,
2015-01-02,199603,WR1,buy,rebalance,31.0,36.773,2015-01-02,1139.9630000000002,3.9898705000000008,0.6990648630888225,Utilities,0.6990648630888225,,
2015-01-02,196927,UBA,buy,rebalance,80.0,14.399,2015-01-02,1151.9199999999998,4.03172,0.6988713168207259,Real Estate,0.6988713168207259,,
2015-01-02,199841,CLX,buy,rebalance,15.0,73.464,2015-01-02,1101.96,3.85686,0.6986832092284143,Consumer Defensive,0.6986832092284143,,
2015-01-02,199836,CL,buy,rebalance,22.0,52.458,2015-01-02,1154.076,4.0392660000000005,0.6985734307128374,Consumer Defensive,0.6985734307128374,,
2015-01-02,198615,MO,buy,rebalance,50.0,23.291,2015-01-02,1164.55,4.075925,0.6974371675429241,Consumer Defensive,0.6974371675429241,,
2015-02-02,196905,SRE,buy,rebalance,3.0,39.512,2015-02-02,118.536,0.414876,0.710377850745157,Utilities,0.710377850745157,,
2015-02-02,198635,UTL,buy,rebalance,4.0,25.775,2015-02-02,103.1,0.36085,0.7043290246524583,Utilities,0.7043290246524583,,
2015-02-02,197898,KIM,buy,rebalance,7.0,16.112,2015-02-02,112.78399999999999,0.394744,0.7025892845263512,Real Estate,0.7025892845263512,,
2015-02-02,193849,AWK,buy,rebalance,2.0,44.72,2015-02-02,89.44,0.31304,0.7025727341755021,Utilities,0.7025727341755021,,
2015-02-02,199593,KMB,buy,rebalance,1.0,74.009,2015-02-02,74.009,0.2590315,0.6998710601928558,Consumer Defensive,0.6998710601928558,,
2015-02-02,199603,WR1,buy,rebalance,3.0,37.988,2015-02-02,113.964,0.398874,0.6990648630888225,Utilities,0.6990648630888225,,
2015-02-02,196927,UBA,buy,rebalance,8.0,15.161,2015-02-02,121.288,0.424508,0.6988713168207259,Real Estate,0.6988713168207259,,
2015-02-02,199841,CLX,buy,rebalance,1.0,76.787,2015-02-02,76.787,0.2687545,0.6986832092284143,Consumer Defensive,0.6986832092284143,,
2015-02-02,199836,CL,buy,rebalance,2.0,52.696,2015-02-02,105.392,0.368872,0.6985734307128374,Consumer Defensive,0.6985734307128374,,
2015-02-02,198615,MO,buy,rebalance,4.0,25.588,2015-02-02,102.352,0.358232,0.6974371675429241,Consumer Defensive,0.6974371675429241,,
2015-03-02,196905,SRE,buy,rebalance,3.0,37.4,2015-03-02,112.19999999999999,0.3927,0.710377850745157,Utilities,0.710377850745157,,
2015-03-02,198635,UTL,buy,rebalance,5.0,23.281,2015-03-02,116.405,0.4074175,0.7043290246524583,Utilities,0.7043290246524583,,
2015-03-02,197898,KIM,buy,rebalance,8.0,15.265,2015-03-02,122.12,0.42742,0.7025892845263512,Real Estate,0.7025892845263512,,
2015-03-02,193849,AWK,buy,rebalance,2.0,42.238,2015-03-02,84.476,0.295666,0.7025727341755021,Utilities,0.7025727341755021,,
2015-03-02,199593,KMB,buy,rebalance,1.0,74.211,2015-03-02,74.211,0.2597385,0.6998710601928558,Consumer Defensive,0.6998710601928558,,
2015-03-02,199603,WR1,buy,rebalance,3.0,34.227,2015-03-02,102.68099999999998,0.35938349999999997,0.6990648630888225,Utilities,0.6990648630888225,,
2015-03-02,196927,UBA,buy,rebalance,8.0,14.913,2015-03-02,119.304,0.417564,0.6988713168207259,Real Estate,0.6988713168207259,,
2015-03-02,199841,CLX,buy,rebalance,1.0,78.275,2015-03-02,78.275,0.27396250000000005,0.6986832092284144,Consumer Defensive,0.6986832092284144,,
2015-03-02,199836,CL,buy,rebalance,2.0,54.239,2015-03-02,108.478,0.379673,0.6985734307128374,Consumer Defensive,0.6985734307128374,,
2015-03-02,198615,MO,buy,rebalance,4.0,26.872,2015-03-02,107.488,0.376208,0.6974371675429241,Consumer Defensive,0.6974371675429241,,
2015-04-01,199120,CHD,buy,rebalance,3.0,36.672,2015-04-01,110.01599999999999,0.38505599999999995,0.7081802484143765,Consumer Defensive,0.7081802484143765,,
2015-04-01,199841,CLX,buy,rebalance,1.0,78.282,2015-04-01,78.282,0.273987,0.7051284873093492,Consumer Defensive,0.7051284873093492,,
2015-04-01,199652,HSY,buy,rebalance,1.0,76.279,2015-04-01,76.279,0.2669765,0.7012835693807261,Consumer Defensive,0.7012835693807261,,
2015-04-01,198804,PAYX,buy,rebalance,3.0,34.528,2015-04-01,103.584,0.36254400000000003,0.6990728732815817,Industrials,0.6990728732815817,,
2015-04-01,199185,JNJ,buy,rebalance,1.0,72.716,2015-04-01,72.716,0.254506,0.6987904248669955,Healthcare,0.6987904248669955,,
2015-04-01,199546,CVS,buy,rebalance,1.0,73.442,2015-04-01,73.442,0.25704699999999997,0.698118473025992,Healthcare,0.698118473025992,,
2015-04-01,198615,MO,buy,rebalance,5.0,24.163,2015-04-01,120.815,0.4228525,0.6960707827031459,Consumer Defensive,0.6960707827031459,,
2015-04-01,198642,NEE,buy,rebalance,6.0,19.547,2015-04-01,117.28200000000001,0.41048700000000005,0.6953443435981623,Utilities,0.6953443435981623,,
2015-04-01,196598,RSG,buy,rebalance,3.0,32.941,2015-04-01,98.82300000000001,0.34588050000000004,0.6935357663803867,Industrials,0.6935357663803867,,
2015-04-01,199428,PFE,buy,rebalance,6.0,19.595,2015-04-01,117.57,0.411495,0.6928266976644507,Healthcare,0.6928266976644507,,
2015-05-01,199120,CHD,buy,rebalance,3.0,35.182,2015-05-01,105.546,0.36941100000000004,0.7081802484143765,Consumer Defensive,0.7081802484143765,,
2015-05-01,199841,CLX,buy,rebalance,1.0,76.135,2015-05-01,76.135,0.2664725,0.7051284873093492,Consumer Defensive,0.7051284873093492,,
2015-05-01,199652,HSY,buy,rebalance,1.0,70.767,2015-05-01,70.767,0.2476845,0.7012835693807261,Consumer Defensive,0.7012835693807261,,
2015-05-01,198804,PAYX,buy,rebalance,3.0,34.078,2015-05-01,102.23400000000001,0.35781900000000005,0.6990728732815817,Industrials,0.6990728732815817,,
2015-05-01,199185,JNJ,buy,rebalance,1.0,73.435,2015-05-01,73.435,0.2570225,0.6987904248669955,Healthcare,0.6987904248669955,,
2015-05-01,199546,CVS,buy,rebalance,1.0,72.398,2015-05-01,72.398,0.253393,0.698118473025992,Healthcare,0.698118473025992,,
2015-05-01,198615,MO,buy,rebalance,5.0,24.335,2015-05-01,121.67500000000001,0.42586250000000003,0.6960707827031459,Consumer Defensive,0.6960707827031459,,
2015-05-01,198642,NEE,buy,rebalance,6.0,19.009,2015-05-01,114.054,0.399189,0.6953443435981623,Utilities,0.6953443435981623,,
2015-05-01,196598,RSG,buy,rebalance,3.0,33.122,2015-05-01,99.366,0.347781,0.6935357663803867,Industrials,0.6935357663803867,,
2015-05-01,199428,PFE,buy,rebalance,6.0,19.452,2015-05-01,116.71200000000002,0.4084920000000001,0.6928266976644507,Healthcare,0.6928266976644507,,
2015-06-01,199120,CHD,buy,rebalance,3.0,36.449,2015-06-01,109.347,0.3827145,0.7081802484143765,Consumer Defensive,0.7081802484143765,,
2015-06-01,199841,CLX,buy,rebalance,1.0,77.368,2015-06-01,77.368,0.270788,0.7051284873093492,Consumer Defensive,0.7051284873093492,,
2015-06-01,199652,HSY,buy,rebalance,1.0,70.508,2015-06-01,70.508,0.246778,0.7012835693807261,Consumer Defensive,0.7012835693807261,,
2015-06-01,198804,PAYX,buy,rebalance,3.0,34.737,2015-06-01,104.21100000000001,0.3647385000000001,0.6990728732815817,Industrials,0.6990728732815817,,
2015-06-01,199185,JNJ,buy,rebalance,1.0,73.906,2015-06-01,73.906,0.25867100000000004,0.6987904248669955,Healthcare,0.6987904248669955,,
2015-06-01,199546,CVS,buy,rebalance,1.0,73.876,2015-06-01,73.876,0.258566,0.698118473025992,Healthcare,0.698118473025992,,
2015-06-01,198615,MO,buy,rebalance,5.0,24.595,2015-06-01,122.975,0.4304125,0.6960707827031458,Consumer Defensive,0.6960707827031458,,
2015-06-01,198642,NEE,buy,rebalance,6.0,19.465,2015-06-01,116.78999999999999,0.408765,0.6953443435981624,Utilities,0.6953443435981624,,
2015-06-01,196598,RSG,buy,rebalance,3.0,33.179,2015-06-01,99.537,0.3483795,0.6935357663803866,Industrials,0.6935357663803866,,
2015-06-01,199428,PFE,buy,rebalance,6.0,19.891,2015-06-01,119.34599999999999,0.417711,0.6928266976644507,Healthcare,0.6928266976644507,,
2015-07-01,194082,PSA,buy,rebalance,1.0,121.77,2015-07-01,121.77,0.426195,0.7108918362505032,Real Estate,0.7108918362505032,,
2015-07-01,199841,CLX,buy,rebalance,1.0,76.615,2015-07-01,76.615,0.26815249999999996,0.7070148864630632,Consumer Defensive,0.7070148864630632,,
2015-07-01,199120,CHD,buy,rebalance,3.0,35.673,2015-07-01,107.019,0.3745665,0.7068323270923805,Consumer Defensive,0.7068323270923805,,
2015-07-01,193849,AWK,buy,rebalance,3.0,39.238,2015-07-01,117.714,0.411999,0.7045551273995034,Utilities,0.7045551273995034,,
2015-07-01,198804,PAYX,buy,rebalance,3.0,33.261,2015-07-01,99.78300000000002,0.34924050000000006,0.7027946315866828,Industrials,0.7027946315866828,,
2015-07-01,199433,PEP,buy,rebalance,1.0,67.606,2015-07-01,67.606,0.236621,0.7021638162414068,Consumer Defensive,0.7021638162414068,,
2015-07-01,199385,ROL,buy,rebalance,12.0,10.582,2015-07-01,126.98400000000001,0.44444400000000006,0.6999218289983281,Consumer Cyclical,0.6999218289983281,,
2015-07-01,199546,CVS,buy,rebalance,1.0,76.182,2015-07-01,76.182,0.266637,0.695351325548708,Healthcare,0.695351325548708,,
2015-07-01,199428,PFE,buy,rebalance,6.0,19.391,2015-07-01,116.34599999999999,0.407211,0.6950023497584141,Healthcare,0.6950023497584141,,
2015-07-01,196300,CNL1,buy,rebalance,2.0,52.534,2015-07-01,105.068,0.367738,0.6942232113653207,Utilities,0.6942232113653207,,
2015-08-03,199841,CLX,buy,rebalance,1.0,83.025,2015-08-03,83.025,0.2905875,0.7070148864630632,Consumer Defensive,0.7070148864630632,,
2015-08-03,199120,CHD,buy,rebalance,3.0,37.677,2015-08-03,113.031,0.39560850000000003,0.7068323270923805,Consumer Defensive,0.7068323270923805,,
2015-08-03,193849,AWK,buy,rebalance,3.0,41.56,2015-08-03,124.68,0.43638000000000005,0.7045551273995033,Utilities,0.7045551273995033,,
2015-08-03,198804,PAYX,buy,rebalance,3.0,33.712,2015-08-03,101.13600000000001,0.35397600000000007,0.7027946315866826,Industrials,0.7027946315866826,,
2015-08-03,199433,PEP,buy,rebalance,1.0,69.702,2015-08-03,69.702,0.243957,0.7021638162414067,Consumer Defensive,0.7021638162414067,,
2015-08-03,199385,ROL,buy,rebalance,11.0,11.037,2015-08-03,121.40700000000001,0.42492450000000004,0.6999218289983281,Consumer Cyclical,0.6999218289983281,,
2015-08-03,199546,CVS,buy,rebalance,1.0,81.565,2015-08-03,81.565,0.2854775,0.695351325548708,Healthcare,0.695351325548708,,
2015-08-03,199428,PFE,buy,rebalance,6.0,20.806,2015-08-03,124.83600000000001,0.43692600000000004,0.6950023497584141,Healthcare,0.6950023497584141,,
2015-08-03,196300,CNL1,buy,rebalance,2.0,53.228,2015-08-03,106.456,0.37259600000000004,0.6942232113653207,Utilities,0.6942232113653207,,
2015-09-01,194082,PSA,buy,rebalance,1.0,129.535,2015-09-01,129.535,0.4533725,0.7108918362505032,Real Estate,0.7108918362505032,,
2015-09-01,199841,CLX,buy,rebalance,1.0,78.563,2015-09-01,78.563,0.2749705,0.7070148864630632,Consumer Defensive,0.7070148864630632,,
2015-09-01,199120,CHD,buy,rebalance,3.0,36.317,2015-09-01,108.951,0.38132849999999996,0.7068323270923805,Consumer Defensive,0.7068323270923805,,
2015-09-01,193849,AWK,buy,rebalance,3.0,41.013,2015-09-01,123.03899999999999,0.4306365,0.7045551273995034,Utilities,0.7045551273995034,,
2015-09-01,198804,PAYX,buy,rebalance,4.0,30.831,2015-09-01,123.324,0.431634,0.7027946315866826,Industrials,0.7027946315866826,,
2015-09-01,199433,PEP,buy,rebalance,2.0,65.325,2015-09-01,130.65,0.45727500000000004,0.7021638162414067,Consumer Defensive,0.7021638162414067,,
2015-09-01,199385,ROL,buy,rebalance,13.0,10.5,2015-09-01,136.5,0.47775,0.6999218289983281,Consumer Cyclical,0.6999218289983281,,
2015-09-01,199546,CVS,buy,rebalance,1.0,72.491,2015-09-01,72.491,0.2537185,0.695351325548708,Healthcare,0.695351325548708,,
2015-09-01,199428,PFE,buy,rebalance,7.0,18.191,2015-09-01,127.33699999999999,0.44567949999999995,0.6950023497584141,Healthcare,0.6950023497584141,,
2015-09-01,196300,CNL1,buy,rebalance,2.0,52.518,2015-09-01,105.036,0.367626,0.6942232113653207,Utilities,0.6942232113653207,,
2015-10-01,196300,CNL1,buy,rebalance,2.0,52.331,2015-10-01,104.662,0.366317,0.709390610976627,Utilities,0.709390610976627,,
2015-10-01,197424,HME,buy,rebalance,1.0,74.88,2015-10-01,74.88,0.26208,0.6995088219115732,Real Estate,0.6995088219115732,,
2015-10-01,198635,UTL,buy,rebalance,4.0,25.696,2015-10-01,102.784,0.359744,0.6987247292410198,Utilities,0.6987247292410198,,
2015-10-01,196561,SPG,buy,rebalance,1.0,108.182,2015-10-01,108.182,0.378637,0.6979447524444178,Real Estate,0.6979447524444178,,
2015-10-01,193849,AWK,buy,rebalance,2.0,44.395,2015-10-01,88.79,0.310765,0.6970986919495629,Utilities,0.6970986919495629,,
2015-10-01,198260,WM,buy,rebalance,2.0,40.975,2015-10-01,81.95,0.286825,0.6924786948075577,Industrials,0.6924786948075577,,
2015-10-01,198546,JKHY,buy,rebalance,2.0,61.122,2015-10-01,122.244,0.427854,0.6924006592832002,Technology,0.6924006592832002,,
2015-10-01,199296,TFX,buy,rebalance,1.0,115.895,2015-10-01,115.895,0.4056325,0.6910632995208826,Healthcare,0.6910632995208826,,
2015-10-01,197620,CPT,buy,rebalance,2.0,48.837,2015-10-01,97.674,0.341859,0.6909702368841445,Real Estate,0.6909702368841445,,
2015-10-01,199361,SCI,buy,rebalance,5.0,22.62,2015-10-01,113.10000000000001,0.39585000000000004,0.6896418050612438,Consumer Cyclical,0.6896418050612438,,
2015-11-02,196300,CNL1,buy,rebalance,2.0,51.996,2015-11-02,103.992,0.363972,0.7093906109766271,Utilities,0.7093906109766271,,
2015-11-02,198635,UTL,buy,rebalance,4.0,24.838,2015-11-02,99.352,0.34773200000000004,0.6987247292410199,Utilities,0.6987247292410199,,
2015-11-02,196561,SPG,buy,rebalance,1.0,119.745,2015-11-02,119.745,0.4191075,0.6979447524444178,Real Estate,0.6979447524444178,,
2015-11-02,193849,AWK,buy,rebalance,2.0,46.034,2015-11-02,92.068,0.322238,0.6970986919495629,Utilities,0.6970986919495629,,
2015-11-02,198260,WM,buy,rebalance,2.0,44.524,2015-11-02,89.048,0.311668,0.6924786948075579,Industrials,0.6924786948075579,,
2015-11-02,198546,JKHY,buy,rebalance,1.0,68.035,2015-11-02,68.035,0.2381225,0.6924006592832003,Technology,0.6924006592832003,,
2015-11-02,197620,CPT,buy,rebalance,2.0,50.115,2015-11-02,100.23,0.35080500000000003,0.6909702368841445,Real Estate,0.6909702368841445,,
2015-11-02,199361,SCI,buy,rebalance,5.0,23.495,2015-11-02,117.47500000000001,0.41116250000000004,0.6896418050612437,Consumer Cyclical,0.6896418050612437,,
2015-11-02,195861,POM1,buy,rebalance,4.0,26.368,2015-11-02,105.472,0.369152,0.6885765125621656,Utilities,0.6885765125621656,,
2015-12-01,197424,HME,sell,delisted,1.0,75.24,2015-10-07,75.24,0.26333999999999996,,,,75.14207999999999,-0.16541999999999746
2015-12-01,196300,CNL1,buy,rebalance,2.0,50.611,2015-12-01,101.222,0.354277,0.7093906109766271,Utilities,0.7093906109766271,,
2015-12-01,198635,UTL,buy,rebalance,5.0,25.398,2015-12-01,126.99,0.444465,0.6987247292410199,Utilities,0.6987247292410199,,
2015-12-01,196561,SPG,buy,rebalance,1.0,110.708,2015-12-01,110.708,0.387478,0.6979447524444178,Real Estate,0.6979447524444178,,
2015-12-01,193849,AWK,buy,rebalance,2.0,46.755,2015-12-01,93.51,0.32728500000000005,0.6970986919495629,Utilities,0.6970986919495629,,
2015-12-01,198260,WM,buy,rebalance,3.0,44.099,2015-12-01,132.297,0.4630395,0.6924786948075579,Industrials,0.6924786948075579,,
2015-12-01,198546,JKHY,buy,rebalance,1.0,70.037,2015-12-01,70.037,0.24512950000000003,0.6924006592832003,Technology,0.6924006592832003,,
2015-12-01,199296,TFX,buy,rebalance,1.0,125.118,2015-12-01,125.118,0.437913,0.6910632995208826,Healthcare,0.6910632995208826,,
2015-12-01,197620,CPT,buy,rebalance,2.0,51.374,2015-12-01,102.748,0.35961800000000005,0.6909702368841445,Real Estate,0.6909702368841445,,
2015-12-01,199361,SCI,buy,rebalance,5.0,23.57,2015-12-01,117.85,0.412475,0.6896418050612438,Consumer Cyclical,0.6896418050612438,,
2015-12-01,195861,POM1,buy,rebalance,5.0,25.804,2015-12-01,129.01999999999998,0.45156999999999997,0.6885765125621656,Utilities,0.6885765125621656,,
2016-01-04,199433,PEP,buy,rebalance,1.0,71.69,2016-01-04,71.69,0.250915,0.724383197122486,Consumer Defensive,0.724383197122486,,
2016-01-04,199477,XEL,buy,rebalance,4.0,25.847,2016-01-04,103.388,0.361858,0.7242725817241307,Utilities,0.7242725817241307,,
2016-01-04,196598,RSG,buy,rebalance,3.0,36.263,2016-01-04,108.78899999999999,0.3807615,0.723503080813226,Industrials,0.723503080813226,,
2016-01-04,196300,CNL1,buy,rebalance,2.0,51.683,2016-01-04,103.366,0.361781,0.723408620393304,Utilities,0.723408620393304,,
2016-01-04,198546,JKHY,buy,rebalance,1.0,67.353,2016-01-04,67.353,0.2357355,0.7227521780056707,Technology,0.7227521780056707,,
2016-01-04,197675,ATR,buy,rebalance,2.0,62.362,2016-01-04,124.724,0.43653400000000003,0.7210464639473279,Healthcare,0.7210464639473279,,
2016-01-04,198635,UTL,buy,rebalance,5.0,25.007,2016-01-04,125.03500000000001,0.4376225,0.7206703087015792,Utilities,0.7206703087015792,,
2016-01-04,193849,AWK,buy,rebalance,2.0,48.735,2016-01-04,97.47,0.341145,0.7205276526261135,Utilities,0.7205276526261135,,
2016-01-04,198610,PNW,buy,rebalance,3.0,42.08,2016-01-04,126.24,0.44184,0.7199228175039175,Utilities,0.7199228175039175,,
2016-01-04,197694,ELS,buy,rebalance,5.0,25.126,2016-01-04,125.63000000000001,0.43970500000000007,0.7197180841380864,Real Estate,0.7197180841380864,,
2016-02-01,199433,PEP,buy,rebalance,1.0,71.879,2016-02-01,71.879,0.25157650000000004,0.724383197122486,Consumer Defensive,0.724383197122486,,
2016-02-01,199477,XEL,buy,rebalance,4.0,27.918,2016-02-01,111.672,0.390852,0.7242725817241307,Utilities,0.7242725817241307,,
2016-02-01,196598,RSG,buy,rebalance,3.0,36.86,2016-02-01,110.58,0.38703,0.723503080813226,Industrials,0.723503080813226,,
2016-02-01,196300,CNL1,buy,rebalance,2.0,53.271,2016-02-01,106.542,0.37289700000000003,0.723408620393304,Utilities,0.723408620393304,,
2016-02-01,198546,JKHY,buy,rebalance,1.0,71.586,2016-02-01,71.586,0.250551,0.7227521780056707,Technology,0.7227521780056707,,
2016-02-01,197675,ATR,buy,rebalance,1.0,62.841,2016-02-01,62.841,0.21994350000000001,0.7210464639473279,Healthcare,0.7210464639473279,,
2016-02-01,198635,UTL,buy,rebalance,4.0,27.891,2016-02-01,111.564,0.390474,0.7206703087015792,Utilities,0.7206703087015792,,
2016-02-01,193849,AWK,buy,rebalance,2.0,52.54,2016-02-01,105.08,0.36778,0.7205276526261135,Utilities,0.7205276526261135,,
2016-02-01,198610,PNW,buy,rebalance,2.0,44.602,2016-02-01,89.204,0.312214,0.7199228175039175,Utilities,0.7199228175039175,,
2016-02-01,197694,ELS,buy,rebalance,4.0,25.965,2016-02-01,103.86,0.36351,0.7197180841380862,Real Estate,0.7197180841380862,,
2016-03-01,199433,PEP,buy,rebalance,1.0,71.922,2016-03-01,71.922,0.251727,0.724383197122486,Consumer Defensive,0.724383197122486,,
2016-03-01,199477,XEL,buy,rebalance,4.0,28.57,2016-03-01,114.28,0.39998,0.7242725817241306,Utilities,0.7242725817241306,,
2016-03-01,196598,RSG,buy,rebalance,3.0,39.163,2016-03-01,117.48899999999999,0.41121149999999995,0.723503080813226,Industrials,0.723503080813226,,
2016-03-01,196300,CNL1,buy,rebalance,2.0,45.88,2016-03-01,91.76,0.32116,0.7234086203933039,Utilities,0.7234086203933039,,
2016-03-01,198546,JKHY,buy,rebalance,1.0,73.075,2016-03-01,73.075,0.2557625,0.7227521780056707,Technology,0.7227521780056707,,
2016-03-01,197675,ATR,buy,rebalance,1.0,64.745,2016-03-01,64.745,0.22660750000000002,0.7210464639473279,Healthcare,0.7210464639473279,,
2016-03-01,198635,UTL,buy,rebalance,4.0,28.204,2016-03-01,112.816,0.39485600000000004,0.7206703087015792,Utilities,0.7206703087015792,,
2016-03-01,193849,AWK,buy,rebalance,2.0,53.039,2016-03-01,106.078,0.371273,0.7205276526261133,Utilities,0.7205276526261133,,
2016-03-01,198610,PNW,buy,rebalance,2.0,45.033,2016-03-01,90.066,0.31523100000000004,0.7199228175039174,Utilities,0.7199228175039174,,
2016-03-01,197694,ELS,buy,rebalance,4.0,27.564,2016-03-01,110.256,0.385896,0.7197180841380862,Real Estate,0.7197180841380862,,
2016-04-01,196730,ED,buy,rebalance,2.0,52.863,2016-04-01,105.726,0.370041,0.7304862451765766,Utilities,0.7304862451765766,,
2016-04-01,199337,SO,buy,rebalance,3.0,33.558,2016-04-01,100.674,0.35235900000000003,0.7299512689737679,Utilities,0.7299512689737679,,
2016-04-01,196300,CNL1,buy,rebalance,2.0,55.28,2016-04-01,110.56,0.38696,0.7289122542158782,Utilities,0.7289122542158782,,
2016-04-01,198869,D,buy,rebalance,2.0,48.435,2016-04-01,96.87,0.33904500000000004,0.7279633445877695,Utilities,0.7279633445877695,,
2016-04-01,193748,KDP,buy,rebalance,10.0,12.609,2016-04-01,126.09,0.441315,0.7274062287862515,Consumer Defensive,0.7274062287862515,,
2016-04-01,199477,XEL,buy,rebalance,4.0,30.621,2016-04-01,122.484,0.42869399999999996,0.7263279322788528,Utilities,0.7263279322788528,,
2016-04-01,199474,NWN,buy,rebalance,3.0,36.262,2016-04-01,108.786,0.380751,0.7259936229772659,Utilities,0.7259936229772659,,
2016-04-01,199841,CLX,buy,rebalance,1.0,93.113,2016-04-01,93.113,0.3258955,0.7255166655950758,Consumer Defensive,0.7255166655950758,,
2016-04-01,199478,ES,buy,rebalance,3.0,41.123,2016-04-01,123.369,0.4317915,0.7254685222845132,Utilities,0.7254685222845132,,
2016-04-01,199433,PEP,buy,rebalance,1.0,75.865,2016-04-01,75.865,0.26552749999999997,0.7252066453516665,Consumer Defensive,0.7252066453516665,,
2016-05-02,195861,POM1,sell,delisted,9.0,26.93,2016-03-23,242.37,0.848295,,,,235.31272199999998,6.208983000000018
2016-05-02,196730,ED,buy,rebalance,2.0,51.772,2016-05-02,103.544,0.362404,0.7304862451765767,Utilities,0.7304862451765767,,
2016-05-02,199337,SO,buy,rebalance,4.0,32.72,2016-05-02,130.88,0.45808,0.729951268973768,Utilities,0.729951268973768,,
2016-05-02,198869,D,buy,rebalance,3.0,46.322,2016-05-02,138.966,0.48638100000000006,0.7279633445877695,Utilities,0.7279633445877695,,
2016-05-02,193748,KDP,buy,rebalance,11.0,12.714,2016-05-02,139.854,0.48948900000000006,0.7274062287862515,Consumer Defensive,0.7274062287862515,,
2016-05-02,199477,XEL,buy,rebalance,5.0,29.577,2016-05-02,147.88500000000002,0.5175975,0.7263279322788528,Utilities,0.7263279322788528,,
2016-05-02,199474,NWN,buy,rebalance,4.0,35.557,2016-05-02,142.228,0.497798,0.7259936229772659,Utilities,0.7259936229772659,,
2016-05-02,199841,CLX,buy,rebalance,1.0,93.371,2016-05-02,93.371,0.3267985,0.7255166655950759,Consumer Defensive,0.7255166655950759,,
2016-05-02,199478,ES,buy,rebalance,3.0,39.913,2016-05-02,119.73899999999999,0.4190865,0.7254685222845132,Utilities,0.7254685222845132,,
2016-05-02,199433,PEP,buy,rebalance,1.0,75.609,2016-05-02,75.609,0.26463149999999996,0.7252066453516666,Consumer Defensive,0.7252066453516666,,
2016-05-02,198638,SCG,buy,rebalance,2.0,63.486,2016-05-02,126.972,0.44440199999999996,0.7241839084047818,Utilities,0.7241839084047818,,
2016-06-01,196300,CNL1,sell,delisted,94.0,55.36,2016-04-13,5203.84,18.213440000000002,,,,3702.1172175,1483.5093424999995
2016-06-01,196730,ED,buy,rebalance,12.0,51.028,2016-06-01,612.336,2.143176,0.7304862451765766,Utilities,0.7304862451765766,,
2016-06-01,199337,SO,buy,rebalance,19.0,32.534,2016-06-01,618.146,2.1635109999999997,0.7299512689737679,Utilities,0.7299512689737679,,
2016-06-01,198869,D,buy,rebalance,13.0,46.501,2016-06-01,604.5129999999999,2.1157955,0.7279633445877693,Utilities,0.7279633445877693,,
2016-06-01,193748,KDP,buy,rebalance,50.0,12.754,2016-06-01,637.6999999999999,2.23195,0.7274062287862514,Consumer Defensive,0.7274062287862514,,
2016-06-01,199477,XEL,buy,rebalance,21.0,30.343,2016-06-01,637.203,2.2302105,0.7263279322788528,Utilities,0.7263279322788528,,
2016-06-01,199474,NWN,buy,rebalance,17.0,37.792,2016-06-01,642.464,2.2486240000000004,0.7259936229772658,Utilities,0.7259936229772658,,
2016-06-01,199841,CLX,buy,rebalance,6.0,95.526,2016-06-01,573.156,2.006046,0.7255166655950757,Consumer Defensive,0.7255166655950757,,
2016-06-01,199478,ES,buy,rebalance,16.0,39.145,2016-06-01,626.32,2.19212,0.7254685222845132,Utilities,0.7254685222845132,,
2016-06-01,199433,PEP,buy,rebalance,8.0,74.799,2016-06-01,598.392,2.0943720000000003,0.7252066453516665,Consumer Defensive,0.7252066453516665,,
2016-06-01,198638,SCG,buy,rebalance,10.0,64.07,2016-06-01,640.6999999999999,2.24245,0.7241839084047816,Utilities,0.7241839084047816,,
2016-07-01,199337,SO,buy,rebalance,3.0,35.33,2016-07-01,105.99,0.370965,0.7322947049029308,Utilities,0.7322947049029308,,
2016-07-01,199477,XEL,buy,rebalance,3.0,32.954,2016-07-01,98.862,0.34601699999999996,0.7313912514207235,Utilities,0.7313912514207235,,
2016-07-01,198366,CMS,buy,rebalance,3.0,33.454,2016-07-01,100.362,0.351267,0.7312973880573305,Utilities,0.7312973880573305,,
2016-07-01,196627,IDA,buy,rebalance,2.0,60.984,2016-07-01,121.968,0.42688800000000005,0.7306886715114758,Utilities,0.7306886715114758,,
2016-07-01,198642,NEE,buy,rebalance,4.0,25.133,2016-07-01,100.532,0.351862,0.7299206730353314,Utilities,0.7299206730353314,,
2016-07-01,194830,DUK,buy,rebalance,2.0,56.544,2016-07-01,113.088,0.395808,0.7290041720092343,Utilities,0.7290041720092343,,
2016-07-01,199478,ES,buy,rebalance,2.0,42.099,2016-07-01,84.198,0.294693,0.7289848064755895,Utilities,0.7289848064755895,,
2016-07-01,198615,MO,buy,rebalance,3.0,34.815,2016-07-01,104.445,0.3655575,0.7269349441497528,Consumer Defensive,0.7269349441497528,,
2016-07-01,196598,RSG,buy,rebalance,2.0,43.87,2016-07-01,87.74,0.30709,0.7251829601688238,Industrials,0.7251829601688238,,
2016-08-01,197152,GAS,sell,delisted,44.0,65.97,2016-06-30,2902.68,10.15938,,,,1263.348297,1629.1723229999998
2016-08-01,199337,SO,buy,rebalance,11.0,35.212,2016-08-01,387.33200000000005,1.3556620000000001,0.7322947049029308,Utilities,0.7322947049029308,,
2016-08-01,199477,XEL,buy,rebalance,12.0,32.336,2016-08-01,388.032,1.358112,0.7313912514207235,Utilities,0.7313912514207235,,
2016-08-01,198366,CMS,buy,rebalance,12.0,33.103,2016-08-01,397.236,1.390326,0.7312973880573305,Utilities,0.7312973880573305,,
2016-08-01,196627,IDA,buy,rebalance,6.0,61.089,2016-08-01,366.534,1.282869,0.7306886715114758,Utilities,0.7306886715114758,,
2016-08-01,198642,NEE,buy,rebalance,16.0,24.894,2016-08-01,398.304,1.394064,0.7299206730353314,Utilities,0.7299206730353314,,
2016-08-01,194830,DUK,buy,rebalance,7.0,56.557,2016-08-01,395.899,1.3856465,0.7290041720092343,Utilities,0.7290041720092343,,
2016-08-01,199478,ES,buy,rebalance,10.0,41.619,2016-08-01,416.19,1.456665,0.7289848064755895,Utilities,0.7289848064755895,,
2016-08-01,198615,MO,buy,rebalance,12.0,34.124,2016-08-01,409.48800000000006,1.4332080000000003,0.7269349441497528,Consumer Defensive,0.7269349441497528,,
2016-08-01,196598,RSG,buy,rebalance,9.0,43.573,2016-08-01,392.157,1.3725494999999999,0.7251829601688237,Industrials,0.7251829601688237,,
2016-08-01,197300,LMT,buy,rebalance,2.0,195.478,2016-08-01,390.956,1.368346,0.7251053329786877,Industrials,0.7251053329786877,,
2016-09-01,199337,SO,buy,rebalance,3.0,33.95,2016-09-01,101.85000000000001,0.35647500000000004,0.7322947049029308,Utilities,0.7322947049029308,,
2016-09-01,199477,XEL,buy,rebalance,4.0,30.371,2016-09-01,121.484,0.425194,0.7313912514207235,Utilities,0.7313912514207235,,
2016-09-01,198366,CMS,buy,rebalance,4.0,30.899,2016-09-01,123.596,0.432586,0.7312973880573305,Utilities,0.7312973880573305,,
2016-09-01,196627,IDA,buy,rebalance,2.0,57.132,2016-09-01,114.264,0.399924,0.7306886715114757,Utilities,0.7306886715114757,,
2016-09-01,198642,NEE,buy,rebalance,5.0,23.609,2016-09-01,118.04500000000002,0.41315750000000007,0.7299206730353314,Utilities,0.7299206730353314,,
2016-09-01,194830,DUK,buy,rebalance,2.0,52.918,2016-09-01,105.836,0.370426,0.7290041720092343,Utilities,0.7290041720092343,,
2016-09-01,199478,ES,buy,rebalance,3.0,37.784,2016-09-01,113.352,0.39673200000000003,0.7289848064755895,Utilities,0.7289848064755895,,
2016-09-01,198615,MO,buy,rebalance,3.0,33.454,2016-09-01,100.362,0.351267,0.7269349441497528,Consumer Defensive,0.7269349441497528,,
2016-09-01,196598,RSG,buy,rebalance,2.0,43.156,2016-09-01,86.312,0.30209199999999997,0.7251829601688238,Industrials,0.7251829601688238,,
2016-10-03,199477,XEL,buy,rebalance,4.0,30.113,2016-10-03,120.452,0.421582,0.733484355443554,Utilities,0.733484355443554,,
2016-10-03,198642,NEE,buy,rebalance,5.0,23.634,2016-10-03,118.17,0.413595,0.7325517347066742,Utilities,0.7325517347066742,,
2016-10-03,199185,JNJ,buy,rebalance,1.0,90.991,2016-10-03,90.991,0.3184685,0.731483943357358,Healthcare,0.731483943357358,,
2016-10-03,196561,SPG,buy,rebalance,1.0,121.389,2016-10-03,121.389,0.4248615,0.73146014855565,Real Estate,0.73146014855565,,
2016-10-03,199337,SO,buy,rebalance,3.0,33.645,2016-10-03,100.935,0.3532725,0.7279460126254602,Utilities,0.7279460126254602,,
2016-10-03,198536,WEC,buy,rebalance,2.0,42.727,2016-10-03,85.454,0.299089,0.7277425832202562,Utilities,0.7277425832202562,,
2016-10-03,199433,PEP,buy,rebalance,1.0,80.28,2016-10-03,80.28,0.28098,0.7276590668093244,Consumer Defensive,0.7276590668093244,,
2016-10-03,198610,PNW,buy,rebalance,2.0,50.547,2016-10-03,101.094,0.353829,0.7274400538576954,Utilities,0.7274400538576954,,
2016-10-03,198615,MO,buy,rebalance,3.0,32.007,2016-10-03,96.02099999999999,0.33607349999999997,0.7273961216635163,Consumer Defensive,0.7273961216635163,,
2016-10-03,199553,MKC,buy,rebalance,3.0,39.813,2016-10-03,119.43900000000001,0.41803650000000003,0.7271270826271371,Consumer Defensive,0.7271270826271371,,
2016-11-01,199477,XEL,buy,rebalance,4.0,30.321,2016-11-01,121.284,0.42449400000000004,0.733484355443554,Utilities,0.733484355443554,,
2016-11-01,198642,NEE,buy,rebalance,5.0,24.563,2016-11-01,122.815,0.4298525,0.7325517347066742,Utilities,0.7325517347066742,,
2016-11-01,199185,JNJ,buy,rebalance,1.0,88.333,2016-11-01,88.333,0.3091655,0.7314839433573581,Healthcare,0.7314839433573581,,
2016-11-01,196561,SPG,buy,rebalance,1.0,110.209,2016-11-01,110.209,0.3857315,0.73146014855565,Real Estate,0.73146014855565,,
2016-11-01,199337,SO,buy,rebalance,3.0,33.486,2016-11-01,100.458,0.351603,0.7279460126254602,Utilities,0.7279460126254602,,
2016-11-01,198536,WEC,buy,rebalance,2.0,42.357,2016-11-01,84.714,0.296499,0.7277425832202562,Utilities,0.7277425832202562,,
2016-11-01,199433,PEP,buy,rebalance,1.0,79.138,2016-11-01,79.138,0.27698300000000003,0.7276590668093244,Consumer Defensive,0.7276590668093244,,
2016-11-01,198610,PNW,buy,rebalance,2.0,50.862,2016-11-01,101.724,0.356034,0.7274400538576955,Utilities,0.7274400538576955,,
2016-11-01,198615,MO,buy,rebalance,3.0,33.347,2016-11-01,100.041,0.3501435,0.7273961216635163,Consumer Defensive,0.7273961216635163,,
2016-11-01,199553,MKC,buy,rebalance,3.0,39.118,2016-11-01,117.35400000000001,0.4107390000000001,0.7271270826271371,Consumer Defensive,0.7271270826271371,,
2016-12-01,198762,PKY1,sell,delisted,9.0,16.53,2016-10-05,148.77,0.520695,,,,273.54607200000004,-125.29676700000002
2016-12-01,194909,ITC,sell,delisted,17.0,45.5,2016-10-13,773.5,2.70725,,,,380.0124045,390.78034549999995
2016-12-01,199477,XEL,buy,rebalance,7.0,28.6,2016-12-01,200.20000000000002,0.7007000000000001,0.733484355443554,Utilities,0.733484355443554,,
2016-12-01,198642,NEE,buy,rebalance,9.0,22.207,2016-12-01,199.863,0.6995205,0.7325517347066742,Utilities,0.7325517347066742,,
2016-12-01,199185,JNJ,buy,rebalance,2.0,85.892,2016-12-01,171.784,0.601244,0.7314839433573581,Healthcare,0.7314839433573581,,
2016-12-01,196561,SPG,buy,rebalance,1.0,107.287,2016-12-01,107.287,0.3755045,0.7314601485556498,Real Estate,0.7314601485556498,,
2016-12-01,199337,SO,buy,rebalance,6.0,31.27,2016-12-01,187.62,0.65667,0.7279460126254601,Utilities,0.7279460126254601,,
2016-12-01,198536,WEC,buy,rebalance,5.0,40.438,2016-12-01,202.19,0.707665,0.7277425832202562,Utilities,0.7277425832202562,,
2016-12-01,199433,PEP,buy,rebalance,2.0,73.995,2016-12-01,147.99,0.517965,0.7276590668093244,Consumer Defensive,0.7276590668093244,,
2016-12-01,198610,PNW,buy,rebalance,4.0,49.733,2016-12-01,198.932,0.6962619999999999,0.7274400538576954,Utilities,0.7274400538576954,,
2016-12-01,198615,MO,buy,rebalance,6.0,32.028,2016-12-01,192.168,0.6725880000000001,0.7273961216635163,Consumer Defensive,0.7273961216635163,,
2016-12-01,199553,MKC,buy,rebalance,5.0,36.63,2016-12-01,183.15,0.6410250000000001,0.7271270826271371,Consumer Defensive,0.7271270826271371,,
2017-01-03,197634,PPS,sell,delisted,38.0,65.02,2016-11-30,2470.7599999999998,8.64766,,,,894.0091185,1568.1032214999996
2017-01-03,199433,PEP,buy,rebalance,4.0,78.194,2017-01-03,312.776,1.094716,0.7333975298518305,Consumer Defensive,0.7333975298518305,,
2017-01-03,197304,DTE,buy,rebalance,6.0,60.729,2017-01-03,364.374,1.275309,0.733009832319637,Utilities,0.733009832319637,,
2017-01-03,196598,RSG,buy,rebalance,7.0,48.97,2017-01-03,342.78999999999996,1.199765,0.7324847016357191,Industrials,0.7324847016357191,,
2017-01-03,197300,LMT,buy,rebalance,1.0,196.979,2017-01-03,196.979,0.6894265,0.7306393657252575,Industrials,0.7306393657252575,,
2017-01-03,199603,WR1,buy,rebalance,7.0,53.713,2017-01-03,375.991,1.3159684999999999,0.7305621595923695,Utilities,0.7305621595923695,,
2017-01-03,196627,IDA,buy,rebalance,6.0,60.775,2017-01-03,364.65,1.276275,0.7301935126858577,Utilities,0.7301935126858577,,
2017-01-03,196736,RTN,buy,rebalance,2.0,137.222,2017-01-03,274.444,0.9605540000000001,0.72652011907301,Industrials,0.72652011907301,,
2017-01-03,199527,MMM,buy,rebalance,3.0,109.309,2017-01-03,327.927,1.1477445000000002,0.7245667585077711,Industrials,0.7245667585077711,,
2017-01-03,198366,CMS,buy,rebalance,12.0,30.895,2017-01-03,370.74,1.29759,0.7240500592236997,Utilities,0.7240500592236997,,
2017-01-03,198004,PSB,buy,rebalance,3.0,96.334,2017-01-03,289.002,1.0115070000000002,0.7239253019117956,Real Estate,0.7239253019117956,,
2017-02-01,199751,EDE,sell,delisted,49.0,34.09,2016-12-30,1670.41,5.8464350000000005,,,,636.9415200000001,1027.622045
2017-02-01,199433,PEP,buy,rebalance,4.0,76.969,2017-02-01,307.876,1.077566,0.7333975298518305,Consumer Defensive,0.7333975298518305,,
2017-02-01,197304,DTE,buy,rebalance,5.0,60.556,2017-02-01,302.78,1.0597299999999998,0.7330098323196369,Utilities,0.7330098323196369,,
2017-02-01,196598,RSG,buy,rebalance,6.0,48.996,2017-02-01,293.976,1.028916,0.7324847016357192,Industrials,0.7324847016357192,,
2017-02-01,197300,LMT,buy,rebalance,1.0,195.105,2017-02-01,195.105,0.6828675,0.7306393657252575,Industrials,0.7306393657252575,,
2017-02-01,199603,WR1,buy,rebalance,6.0,52.289,2017-02-01,313.73400000000004,1.0980690000000002,0.7305621595923695,Utilities,0.7305621595923695,,
2017-02-01,196627,IDA,buy,rebalance,5.0,59.583,2017-02-01,297.91499999999996,1.0427024999999999,0.7301935126858576,Utilities,0.7301935126858576,,
2017-02-01,196736,RTN,buy,rebalance,2.0,136.835,2017-02-01,273.67,0.9578450000000001,0.7265201190730102,Industrials,0.7265201190730102,,
2017-02-01,199527,MMM,buy,rebalance,2.0,107.541,2017-02-01,215.082,0.752787,0.724566758507771,Industrials,0.724566758507771,,
2017-02-01,198366,CMS,buy,rebalance,10.0,31.582,2017-02-01,315.82,1.10537,0.7240500592236997,Utilities,0.7240500592236997,,
2017-02-01,198004,PSB,buy,rebalance,3.0,92.83,2017-02-01,278.49,0.974715,0.7239253019117957,Real Estate,0.7239253019117957,,
2017-03-01,199433,PEP,buy,rebalance,1.0,82.552,2017-03-01,82.552,0.288932,0.7333975298518305,Consumer Defensive,0.7333975298518305,,
2017-03-01,197304,DTE,buy,rebalance,2.0,62.405,2017-03-01,124.81,0.43683500000000003,0.733009832319637,Utilities,0.733009832319637,,
2017-03-01,196598,RSG,buy,rebalance,2.0,53.56,2017-03-01,107.12,0.37492000000000003,0.7324847016357191,Industrials,0.7324847016357191,,
2017-03-01,199603,WR1,buy,rebalance,2.0,52.145,2017-03-01,104.29,0.36501500000000003,0.7305621595923695,Utilities,0.7305621595923695,,
2017-03-01,196627,IDA,buy,rebalance,2.0,63.544,2017-03-01,127.088,0.444808,0.7301935126858577,Utilities,0.7301935126858577,,
2017-03-01,199527,MMM,buy,rebalance,1.0,117.314,2017-03-01,117.314,0.410599,0.7245667585077711,Industrials,0.7245667585077711,,
2017-03-01,198366,CMS,buy,rebalance,4.0,33.089,2017-03-01,132.356,0.463246,0.7240500592236997,Utilities,0.7240500592236997,,
2017-03-01,198004,PSB,buy,rebalance,1.0,98.174,2017-03-01,98.174,0.34360900000000005,0.7239253019117957,Real Estate,0.7239253019117957,,
2017-04-03,196793,EQY,sell,delisted,19.0,30.85,2017-03-01,586.15,2.051525,,,,308.7779535,275.3205215
2017-04-03,194340,SE1,sell,delisted,20.0,40.68,2017-02-24,813.6,2.8476000000000004,,,,717.4814265,93.27097349999997
2017-04-03,196598,RSG,buy,rebalance,5.0,54.075,2017-04-03,270.375,0.9463125,0.7372479750577953,Industrials,0.7372479750577953,,
2017-04-03,199603,WR1,buy,rebalance,5.0,52.692,2017-04-03,263.46,0.92211,0.7342227715938614,Utilities,0.7342227715938614,,
2017-04-03,199928,ADP,buy,rebalance,3.0,82.714,2017-04-03,248.142,0.868497,0.730870640785944,Industrials,0.730870640785944,,
2017-04-03,199527,MMM,buy,rebalance,2.0,117.845,2017-04-03,235.69,0.824915,0.7302474093153261,Industrials,0.7302474093153261,,
2017-04-03,199433,PEP,buy,rebalance,3.0,84.154,2017-04-03,252.462,0.883617,0.7293670834648878,Consumer Defensive,0.7293670834648878,,
2017-04-03,198615,MO,buy,rebalance,7.0,37.101,2017-04-03,259.707,0.9089745,0.7291701538999851,Consumer Defensive,0.7291701538999851,,
2017-04-03,198260,WM,buy,rebalance,4.0,61.738,2017-04-03,246.952,0.864332,0.7285940624775183,Industrials,0.7285940624775183,,
2017-04-03,197304,DTE,buy,rebalance,4.0,63.38,2017-04-03,253.52,0.8873200000000001,0.7283461522451844,Utilities,0.7283461522451844,,
2017-04-03,199552,MCD,buy,rebalance,2.0,104.196,2017-04-03,208.392,0.729372,0.7282417313321295,Consumer Cyclical,0.7282417313321295,,
2017-04-03,198610,PNW,buy,rebalance,5.0,57.278,2017-04-03,286.39,1.002365,0.7279499801182246,Utilities,0.7279499801182246,,
2017-05-01,196598,RSG,buy,rebalance,2.0,54.785,2017-05-01,109.57,0.383495,0.7372479750577953,Industrials,0.7372479750577953,,
2017-05-01,199603,WR1,buy,rebalance,2.0,50.295,2017-05-01,100.59,0.352065,0.7342227715938614,Utilities,0.7342227715938614,,
2017-05-01,199928,ADP,buy,rebalance,1.0,84.919,2017-05-01,84.919,0.2972165,0.730870640785944,Industrials,0.730870640785944,,
2017-05-01,199527,MMM,buy,rebalance,1.0,120.372,2017-05-01,120.372,0.421302,0.7302474093153261,Industrials,0.7302474093153261,,
2017-05-01,199433,PEP,buy,rebalance,1.0,84.47,2017-05-01,84.47,0.295645,0.7293670834648879,Consumer Defensive,0.7293670834648879,,
2017-05-01,198615,MO,buy,rebalance,3.0,36.676,2017-05-01,110.028,0.38509800000000005,0.7291701538999851,Consumer Defensive,0.7291701538999851,,
2017-05-01,198260,WM,buy,rebalance,2.0,62.095,2017-05-01,124.19,0.434665,0.7285940624775185,Industrials,0.7285940624775185,,
2017-05-01,197304,DTE,buy,rebalance,2.0,64.801,2017-05-01,129.602,0.45360700000000004,0.7283461522451844,Utilities,0.7283461522451844,,
2017-05-01,199552,MCD,buy,rebalance,1.0,113.473,2017-05-01,113.473,0.3971555,0.7282417313321295,Consumer Cyclical,0.7282417313321295,,
2017-05-01,198610,PNW,buy,rebalance,2.0,58.094,2017-05-01,116.188,0.406658,0.7279499801182246,Utilities,0.7279499801182246,,
2017-06-01,196598,RSG,buy,rebalance,2.0,55.763,2017-06-01,111.526,0.390341,0.7372479750577952,Industrials,0.7372479750577952,,
2017-06-01,199603,WR1,buy,rebalance,2.0,51.267,2017-06-01,102.534,0.35886900000000005,0.7342227715938614,Utilities,0.7342227715938614,,
2017-06-01,199928,ADP,buy,rebalance,1.0,84.413,2017-06-01,84.413,0.29544549999999997,0.730870640785944,Industrials,0.730870640785944,,
2017-06-01,199527,MMM,buy,rebalance,1.0,127.028,2017-06-01,127.028,0.44459800000000005,0.7302474093153261,Industrials,0.7302474093153261,,
2017-06-01,199433,PEP,buy,rebalance,1.0,88.802,2017-06-01,88.802,0.31080700000000006,0.7293670834648879,Consumer Defensive,0.7293670834648879,,
2017-06-01,198615,MO,buy,rebalance,3.0,39.059,2017-06-01,117.17699999999999,0.41011949999999997,0.7291701538999851,Consumer Defensive,0.7291701538999851,,
2017-06-01,198260,WM,buy,rebalance,2.0,62.478,2017-06-01,124.956,0.437346,0.7285940624775183,Industrials,0.7285940624775183,,
2017-06-01,197304,DTE,buy,rebalance,1.0,68.835,2017-06-01,68.835,0.24092249999999998,0.7283461522451844,Utilities,0.7283461522451844,,
2017-06-01,199552,MCD,buy,rebalance,1.0,123.264,2017-06-01,123.264,0.431424,0.7282417313321295,Consumer Cyclical,0.7282417313321295,,
2017-06-01,198610,PNW,buy,rebalance,2.0,61.529,2017-06-01,123.058,0.43070300000000006,0.7279499801182246,Utilities,0.7279499801182246,,
2017-07-03,198610,PNW,buy,rebalance,2.0,58.619,2017-07-03,117.238,0.410333,0.7349406849522279,Utilities,0.7349406849522279,,
2017-07-03,199477,XEL,buy,rebalance,3.0,34.646,2017-07-03,103.938,0.363783,0.734673849405649,Utilities,0.734673849405649,,
2017-07-03,196598,RSG,buy,rebalance,2.0,55.488,2017-07-03,110.976,0.388416,0.7340163260913262,Industrials,0.7340163260913262,,
2017-07-03,199478,ES,buy,rebalance,2.0,43.993,2017-07-03,87.986,0.30795100000000003,0.7319373975561569,Utilities,0.7319373975561569,,
2017-07-03,198366,CMS,buy,rebalance,3.0,34.746,2017-07-03,104.238,0.364833,0.7312892910817615,Utilities,0.7312892910817615,,
2017-07-03,198260,WM,buy,rebalance,1.0,62.788,2017-07-03,62.788,0.21975799999999998,0.7310120769457427,Industrials,0.7310120769457427,,
2017-07-03,199928,ADP,buy,rebalance,1.0,84.125,2017-07-03,84.125,0.2944375,0.7301209133608855,Industrials,0.7301209133608855,,
2017-08-01,197597,OKS,sell,delisted,72.0,51.07,2017-06-30,3677.04,12.86964,,,,1847.3240835,1816.8462765000002
2017-08-01,198610,PNW,buy,rebalance,8.0,60.674,2017-08-01,485.392,1.698872,0.734940684952228,Utilities,0.734940684952228,,
2017-08-01,199477,XEL,buy,rebalance,14.0,36.167,2017-08-01,506.338,1.772183,0.734673849405649,Utilities,0.734673849405649,,
2017-08-01,196598,RSG,buy,rebalance,9.0,56.175,2017-08-01,505.575,1.7695125,0.7340163260913262,Industrials,0.7340163260913262,,
2017-08-01,199478,ES,buy,rebalance,11.0,44.343,2017-08-01,487.773,1.7072055000000002,0.7319373975561569,Utilities,0.7319373975561569,,
2017-08-01,198366,CMS,buy,rebalance,14.0,35.23,2017-08-01,493.21999999999997,1.72627,0.7312892910817615,Utilities,0.7312892910817615,,
2017-08-01,198260,WM,buy,rebalance,8.0,64.345,2017-08-01,514.76,1.80166,0.7310120769457427,Industrials,0.7310120769457427,,
2017-08-01,199527,MMM,buy,rebalance,4.0,126.301,2017-08-01,505.204,1.7682140000000002,0.7307204317937558,Industrials,0.7307204317937558,,
2017-08-01,197300,LMT,buy,rebalance,2.0,230.597,2017-08-01,461.194,1.614179,0.730592967767326,Industrials,0.730592967767326,,
2017-08-01,199928,ADP,buy,rebalance,5.0,95.92,2017-08-01,479.6,1.6786,0.7301209133608855,Industrials,0.7301209133608855,,
2017-08-01,196736,RTN,buy,rebalance,3.0,163.686,2017-08-01,491.058,1.718703,0.729053754717053,Industrials,0.729053754717053,,
2017-09-01,195259,RAI,sell,delisted,22.0,65.4,2017-07-24,1438.8000000000002,5.035800000000001,,,,334.60704,1099.1571600000002
2017-09-01,198610,PNW,buy,rebalance,4.0,62.575,2017-09-01,250.3,0.8760500000000001,0.734940684952228,Utilities,0.734940684952228,,
2017-09-01,199477,XEL,buy,rebalance,7.0,37.528,2017-09-01,262.69599999999997,0.9194359999999999,0.734673849405649,Utilities,0.734673849405649,,
2017-09-01,196598,RSG,buy,rebalance,4.0,56.706,2017-09-01,226.824,0.793884,0.7340163260913262,Industrials,0.7340163260913262,,
2017-09-01,199478,ES,buy,rebalance,5.0,45.566,2017-09-01,227.83,0.797405,0.7319373975561569,Utilities,0.7319373975561569,,
2017-09-01,198366,CMS,buy,rebalance,7.0,36.835,2017-09-01,257.845,0.9024575000000001,0.7312892910817615,Utilities,0.7312892910817615,,
2017-09-01,198260,WM,buy,rebalance,4.0,66.03,2017-09-01,264.12,0.92442,0.7310120769457427,Industrials,0.7310120769457427,,
2017-09-01,199527,MMM,buy,rebalance,2.0,127.271,2017-09-01,254.542,0.890897,0.7307204317937558,Industrials,0.7307204317937558,,
2017-09-01,197300,LMT,buy,rebalance,1.0,239.529,2017-09-01,239.529,0.8383515,0.730592967767326,Industrials,0.730592967767326,,
2017-09-01,199928,ADP,buy,rebalance,3.0,88.175,2017-09-01,264.525,0.9258375,0.7301209133608855,Industrials,0.7301209133608855,,
2017-09-01,196736,RTN,buy,rebalance,1.0,173.146,2017-09-01,173.146,0.606011,0.729053754717053,Industrials,0.729053754717053,,
2017-10-02,196598,RSG,buy,rebalance,2.0,58.209,2017-10-02,116.418,0.407463,0.7379611759035001,Industrials,0.7379611759035001,,
2017-10-02,198610,PNW,buy,rebalance,2.0,59.392,2017-10-02,118.784,0.415744,0.7378575846426036,Utilities,0.7378575846426036,,
2017-10-02,199478,ES,buy,rebalance,2.0,44.31,2017-10-02,88.62,0.31017,0.734628112091511,Utilities,0.734628112091511,,
2017-10-02,198366,CMS,buy,rebalance,3.0,35.314,2017-10-02,105.94200000000001,0.37079700000000004,0.733383902071308,Utilities,0.733383902071308,,
2017-10-02,199185,JNJ,buy,rebalance,1.0,103.176,2017-10-02,103.176,0.361116,0.7326331310466444,Healthcare,0.7326331310466444,,
2017-10-02,199433,PEP,buy,rebalance,1.0,83.236,2017-10-02,83.236,0.29132600000000003,0.7325453412495008,Consumer Defensive,0.7325453412495008,,
2017-10-02,198242,EIX,buy,rebalance,2.0,52.181,2017-10-02,104.362,0.365267,0.7321405178049938,Utilities,0.7321405178049938,,
2017-10-02,199477,XEL,buy,rebalance,3.0,36.271,2017-10-02,108.813,0.3808455,0.7321062709057214,Utilities,0.7321062709057214,,
2017-10-02,194830,DUK,buy,rebalance,2.0,58.752,2017-10-02,117.504,0.411264,0.7315745320403038,Utilities,0.7315745320403038,,
2017-11-01,196598,RSG,buy,rebalance,2.0,56.443,2017-11-01,112.886,0.395101,0.7379611759035001,Industrials,0.7379611759035001,,
2017-11-01,198610,PNW,buy,rebalance,2.0,61.386,2017-11-01,122.772,0.42970200000000003,0.7378575846426036,Utilities,0.7378575846426036,,
2017-11-01,199478,ES,buy,rebalance,2.0,45.998,2017-11-01,91.996,0.321986,0.734628112091511,Utilities,0.734628112091511,,
2017-11-01,198366,CMS,buy,rebalance,3.0,36.569,2017-11-01,109.70700000000001,0.38397450000000005,0.733383902071308,Utilities,0.733383902071308,,
2017-11-01,199185,JNJ,buy,rebalance,1.0,110.064,2017-11-01,110.064,0.385224,0.7326331310466444,Healthcare,0.7326331310466444,,
2017-11-01,199433,PEP,buy,rebalance,1.0,84.006,2017-11-01,84.006,0.29402100000000003,0.7325453412495008,Consumer Defensive,0.7325453412495008,,
2017-11-01,198242,EIX,buy,rebalance,2.0,53.591,2017-11-01,107.182,0.375137,0.7321405178049938,Utilities,0.7321405178049938,,
2017-11-01,199477,XEL,buy,rebalance,3.0,37.703,2017-11-01,113.10900000000001,0.39588150000000005,0.7321062709057214,Utilities,0.7321062709057214,,
2017-11-01,194830,DUK,buy,rebalance,2.0,61.19,2017-11-01,122.38,0.42833,0.7315745320403038,Utilities,0.7315745320403038,,
2017-12-01,196598,RSG,buy,rebalance,2.0,56.154,2017-12-01,112.308,0.39307800000000004,0.7379611759035,Industrials,0.7379611759035,,
2017-12-01,198610,PNW,buy,rebalance,2.0,63.878,2017-12-01,127.756,0.447146,0.7378575846426038,Utilities,0.7378575846426038,,
2017-12-01,199478,ES,buy,rebalance,2.0,48.016,2017-12-01,96.032,0.336112,0.734628112091511,Utilities,0.734628112091511,,
2017-12-01,198366,CMS,buy,rebalance,3.0,38.101,2017-12-01,114.303,0.4000605,0.7333839020713081,Utilities,0.7333839020713081,,
2017-12-01,199185,JNJ,buy,rebalance,1.0,110.734,2017-12-01,110.734,0.387569,0.7326331310466445,Healthcare,0.7326331310466445,,
2017-12-01,199433,PEP,buy,rebalance,1.0,89.694,2017-12-01,89.694,0.313929,0.7325453412495007,Consumer Defensive,0.7325453412495007,,
2017-12-01,198242,EIX,buy,rebalance,2.0,54.729,2017-12-01,109.458,0.383103,0.7321405178049937,Utilities,0.7321405178049937,,
2017-12-01,199477,XEL,buy,rebalance,3.0,39.334,2017-12-01,118.00200000000001,0.41300700000000007,0.7321062709057213,Utilities,0.7321062709057213,,
2017-12-01,194830,DUK,buy,rebalance,2.0,62.412,2017-12-01,124.824,0.436884,0.7315745320403038,Utilities,0.7315745320403038,,
2018-01-02,199477,XEL,buy,rebalance,3.0,36.891,2018-01-02,110.673,0.3873555,0.7406442346370928,Utilities,0.7406442346370928,,
2018-01-02,196598,RSG,buy,rebalance,2.0,58.515,2018-01-02,117.03,0.409605,0.740212793900915,Industrials,0.740212793900915,,
2018-01-02,198366,CMS,buy,rebalance,3.0,35.964,2018-01-02,107.892,0.377622,0.7395074830189626,Utilities,0.7395074830189626,,
2018-01-02,198566,HON,buy,rebalance,1.0,117.816,2018-01-02,117.816,0.412356,0.7387928845454242,Industrials,0.7387928845454242,,
2018-01-02,199478,ES,buy,rebalance,2.0,46.684,2018-01-02,93.368,0.32678799999999997,0.7384947143854677,Utilities,0.7384947143854677,,
2018-01-02,198610,PNW,buy,rebalance,2.0,58.88,2018-01-02,117.76,0.41216,0.7381636143976525,Utilities,0.7381636143976525,,
2018-01-02,196730,ED,buy,rebalance,2.0,61.014,2018-01-02,122.028,0.42709800000000003,0.7379777732951931,Utilities,0.7379777732951931,,
2018-01-02,198642,NEE,buy,rebalance,4.0,31.336,2018-01-02,125.344,0.438704,0.7368965403935702,Utilities,0.7368965403935702,,
2018-01-02,197165,AEE,buy,rebalance,2.0,45.832,2018-01-02,91.664,0.320824,0.736489044083213,Utilities,0.736489044083213,,
2018-01-02,196627,IDA,buy,rebalance,1.0,70.01,2018-01-02,70.01,0.24503500000000003,0.7362706475725712,Utilities,0.7362706475725712,,
2018-02-01,199477,XEL,buy,rebalance,3.0,34.576,2018-02-01,103.72800000000001,0.36304800000000004,0.7406442346370927,Utilities,0.7406442346370927,,
2018-02-01,196598,RSG,buy,rebalance,2.0,60.457,2018-02-01,120.914,0.423199,0.740212793900915,Industrials,0.740212793900915,,
2018-02-01,198366,CMS,buy,rebalance,3.0,33.827,2018-02-01,101.481,0.3551835,0.7395074830189626,Utilities,0.7395074830189626,,
2018-02-01,198566,HON,buy,rebalance,1.0,122.369,2018-02-01,122.369,0.4282915,0.7387928845454242,Industrials,0.7387928845454242,,
2018-02-01,199478,ES,buy,rebalance,2.0,44.473,2018-02-01,88.946,0.311311,0.7384947143854675,Utilities,0.7384947143854675,,
2018-02-01,198610,PNW,buy,rebalance,2.0,55.548,2018-02-01,111.096,0.388836,0.7381636143976525,Utilities,0.7381636143976525,,
2018-02-01,196730,ED,buy,rebalance,2.0,57.488,2018-02-01,114.976,0.402416,0.7379777732951931,Utilities,0.7379777732951931,,
2018-02-01,198642,NEE,buy,rebalance,3.0,31.588,2018-02-01,94.76400000000001,0.331674,0.7368965403935701,Utilities,0.7368965403935701,,
2018-02-01,197165,AEE,buy,rebalance,2.0,43.336,2018-02-01,86.672,0.303352,0.7364890440832129,Utilities,0.7364890440832129,,
2018-02-01,196627,IDA,buy,rebalance,1.0,66.184,2018-02-01,66.184,0.231644,0.7362706475725713,Utilities,0.7362706475725713,,
2018-03-01,199477,XEL,buy,rebalance,3.0,33.311,2018-03-01,99.93299999999999,0.3497655,0.7406442346370927,Utilities,0.7406442346370927,,
2018-03-01,196598,RSG,buy,rebalance,2.0,58.62,2018-03-01,117.24,0.41034,0.740212793900915,Industrials,0.740212793900915,,
2018-03-01,198366,CMS,buy,rebalance,3.0,32.713,2018-03-01,98.13900000000001,0.34348650000000003,0.7395074830189626,Utilities,0.7395074830189626,,
2018-03-01,198566,HON,buy,rebalance,1.0,113.382,2018-03-01,113.382,0.39683700000000005,0.7387928845454242,Industrials,0.7387928845454242,,
2018-03-01,199478,ES,buy,rebalance,2.0,41.804,2018-03-01,83.608,0.292628,0.7384947143854677,Utilities,0.7384947143854677,,
2018-03-01,198610,PNW,buy,rebalance,2.0,54.882,2018-03-01,109.764,0.384174,0.7381636143976525,Utilities,0.7381636143976525,,
2018-03-01,196730,ED,buy,rebalance,2.0,54.957,2018-03-01,109.914,0.384699,0.7379777732951931,Utilities,0.7379777732951931,,
2018-03-01,198642,NEE,buy,rebalance,3.0,31.182,2018-03-01,93.54599999999999,0.32741099999999995,0.7368965403935702,Utilities,0.7368965403935702,,
2018-03-01,197165,AEE,buy,rebalance,2.0,42.355,2018-03-01,84.71,0.296485,0.736489044083213,Utilities,0.736489044083213,,
2018-03-01,196627,IDA,buy,rebalance,1.0,63.945,2018-03-01,63.945,0.2238075,0.7362706475725712,Utilities,0.7362706475725712,,
2018-04-02,197694,ELS,buy,rebalance,3.0,35.484,2018-04-02,106.452,0.372582,0.7365962937458256,Real Estate,0.7365962937458256,,
2018-04-02,196121,WGL,buy,rebalance,1.0,83.074,2018-04-02,83.074,0.290759,0.7340592143231874,Utilities,0.7340592143231874,,
2018-04-02,197675,ATR,buy,rebalance,1.0,78.844,2018-04-02,78.844,0.275954,0.7312721205174566,Healthcare,0.7312721205174566,,
2018-04-02,198260,WM,buy,rebalance,1.0,72.662,2018-04-02,72.662,0.254317,0.7287576570805478,Industrials,0.7287576570805478,,
2018-04-02,196598,RSG,buy,rebalance,2.0,58.166,2018-04-02,116.332,0.40716199999999997,0.7286946675481697,Industrials,0.7286946675481697,,
2018-04-02,198366,CMS,buy,rebalance,3.0,34.759,2018-04-02,104.277,0.3649695,0.7256200585789641,Utilities,0.7256200585789641,,
2018-04-02,199760,ECL,buy,rebalance,1.0,122.685,2018-04-02,122.685,0.42939750000000004,0.7227210626400131,Basic Materials,0.7227210626400131,,
2018-04-02,199433,PEP,buy,rebalance,1.0,82.833,2018-04-02,82.833,0.2899155,0.7226522833179684,Consumer Defensive,0.7226522833179684,,
2018-04-02,195616,DCT1,buy,rebalance,2.0,54.891,2018-04-02,109.782,0.384237,0.7223271567326911,Real Estate,0.7223271567326911,,
2018-04-02,198642,NEE,buy,rebalance,3.0,33.042,2018-04-02,99.126,0.346941,0.7219706037297935,Utilities,0.7219706037297935,,
2018-05-01,197694,ELS,buy,rebalance,3.0,36.394,2018-05-01,109.18199999999999,0.38213699999999995,0.7365962937458255,Real Estate,0.7365962937458255,,
2018-05-01,196121,WGL,buy,rebalance,1.0,85.55,2018-05-01,85.55,0.299425,0.7340592143231873,Utilities,0.7340592143231873,,
2018-05-01,197675,ATR,buy,rebalance,1.0,83.875,2018-05-01,83.875,0.2935625,0.7312721205174566,Healthcare,0.7312721205174566,,
2018-05-01,198260,WM,buy,rebalance,1.0,70.636,2018-05-01,70.636,0.247226,0.7287576570805478,Industrials,0.7287576570805478,,
2018-05-01,196598,RSG,buy,rebalance,2.0,57.167,2018-05-01,114.334,0.400169,0.7286946675481696,Industrials,0.7286946675481696,,
2018-05-01,198366,CMS,buy,rebalance,3.0,36.335,2018-05-01,109.005,0.3815175,0.7256200585789642,Utilities,0.7256200585789642,,
2018-05-01,199433,PEP,buy,rebalance,1.0,76.705,2018-05-01,76.705,0.2684675,0.7226522833179684,Consumer Defensive,0.7226522833179684,,
2018-05-01,195616,DCT1,buy,rebalance,1.0,65.891,2018-05-01,65.891,0.23061850000000003,0.7223271567326911,Real Estate,0.7223271567326911,,
2018-05-01,198642,NEE,buy,rebalance,3.0,33.215,2018-05-01,99.64500000000001,0.34875750000000005,0.7219706037297936,Utilities,0.7219706037297936,,
2018-06-01,197694,ELS,buy,rebalance,3.0,37.307,2018-06-01,111.921,0.39172350000000006,0.7365962937458255,Real Estate,0.7365962937458255,,
2018-06-01,196121,WGL,buy,rebalance,1.0,88.45,2018-06-01,88.45,0.309575,0.7340592143231873,Utilities,0.7340592143231873,,
2018-06-01,197675,ATR,buy,rebalance,1.0,83.474,2018-06-01,83.474,0.292159,0.7312721205174566,Healthcare,0.7312721205174566,,
2018-06-01,198260,WM,buy,rebalance,1.0,72.705,2018-06-01,72.705,0.2544675,0.7287576570805478,Industrials,0.7287576570805478,,
2018-06-01,196598,RSG,buy,rebalance,2.0,60.056,2018-06-01,120.112,0.420392,0.7286946675481696,Industrials,0.7286946675481696,,
2018-06-01,198366,CMS,buy,rebalance,4.0,35.151,2018-06-01,140.604,0.49211400000000005,0.7256200585789642,Utilities,0.7256200585789642,,
2018-06-01,199760,ECL,buy,rebalance,1.0,131.504,2018-06-01,131.504,0.46026399999999995,0.7227210626400131,Basic Materials,0.7227210626400131,,
2018-06-01,199433,PEP,buy,rebalance,1.0,78.289,2018-06-01,78.289,0.2740115,0.7226522833179684,Consumer Defensive,0.7226522833179684,,
2018-06-01,195616,DCT1,buy,rebalance,2.0,65.434,2018-06-01,130.868,0.458038,0.7223271567326911,Real Estate,0.7223271567326911,,
2018-06-01,198642,NEE,buy,rebalance,4.0,33.187,2018-06-01,132.748,0.464618,0.7219706037297936,Utilities,0.7219706037297936,,
2018-07-02,196768,RASFQ,sell,delisted,40.0,0.156,2018-05-11,6.24,0.021840000000000002,,,,1229.0898105,-1222.8716505000002
2018-07-02,198642,NEE,buy,rebalance,3.0,34.63,2018-07-02,103.89000000000001,0.3636150000000001,0.7363856619364698,Utilities,0.7363856619364698,,
2018-07-02,199526,ALE,buy,rebalance,2.0,58.289,2018-07-02,116.578,0.408023,0.7341855517840548,Utilities,0.7341855517840548,,
2018-07-02,197694,ELS,buy,rebalance,3.0,37.348,2018-07-02,112.044,0.392154,0.7323475485746419,Real Estate,0.7323475485746419,,
2018-07-02,198512,PEG,buy,rebalance,3.0,41.239,2018-07-02,123.71699999999998,0.43300949999999994,0.7303988671004231,Utilities,0.7303988671004231,,
2018-07-02,196627,IDA,buy,rebalance,1.0,73.183,2018-07-02,73.183,0.25614050000000005,0.7288571882722555,Utilities,0.7288571882722555,,
2018-07-02,196121,WGL,buy,rebalance,1.0,88.73,2018-07-02,88.73,0.310555,0.7280639833152276,Utilities,0.7280639833152276,,
2018-07-02,197165,AEE,buy,rebalance,2.0,48.856,2018-07-02,97.712,0.341992,0.7272442499654623,Utilities,0.7272442499654623,,
2018-07-02,199025,LNT,buy,rebalance,4.0,33.03,2018-07-02,132.12,0.46242000000000005,0.7271378736632897,Utilities,0.7271378736632897,,
2018-07-02,193849,AWK,buy,rebalance,1.0,73.396,2018-07-02,73.396,0.256886,0.7262263134700581,Utilities,0.7262263134700581,,
2018-07-02,197304,DTE,buy,rebalance,2.0,67.882,2018-07-02,135.764,0.47517400000000004,0.7256933259036651,Utilities,0.7256933259036651,,
2018-08-01,195786,GXP,sell,delisted,27.0,31.99,2018-06-04,863.7299999999999,3.023055,,,,305.53062750000004,555.1763174999999
2018-08-01,199603,WR1,sell,delisted,149.0,54.0,2018-06-04,8046.0,28.161,,,,4576.377456000001,3441.461543999999
2018-08-01,198642,NEE,buy,rebalance,29.0,34.403,2018-08-01,997.687,3.4919045,0.7363856619364698,Utilities,0.7363856619364698,,
2018-08-01,199526,ALE,buy,rebalance,17.0,57.218,2018-08-01,972.706,3.404471,0.7341855517840548,Utilities,0.7341855517840548,,
2018-08-01,197694,ELS,buy,rebalance,27.0,37.237,2018-08-01,1005.399,3.5188965,0.7323475485746419,Real Estate,0.7323475485746419,,
2018-08-01,198512,PEG,buy,rebalance,26.0,38.654,2018-08-01,1005.0040000000001,3.5175140000000007,0.7303988671004231,Utilities,0.7303988671004231,,
2018-08-01,196627,IDA,buy,rebalance,13.0,73.364,2018-08-01,953.7320000000001,3.3380620000000003,0.7288571882722554,Utilities,0.7288571882722554,,
2018-08-01,197165,AEE,buy,rebalance,20.0,48.968,2018-08-01,979.3600000000001,3.4277600000000006,0.7272442499654623,Utilities,0.7272442499654623,,
2018-08-01,199025,LNT,buy,rebalance,30.0,33.026,2018-08-01,990.7800000000001,3.4677300000000004,0.7271378736632897,Utilities,0.7271378736632897,,
2018-08-01,193849,AWK,buy,rebalance,13.0,73.609,2018-08-01,956.9169999999999,3.3492094999999997,0.7262263134700581,Utilities,0.7262263134700581,,
2018-08-01,197304,DTE,buy,rebalance,14.0,69.991,2018-08-01,979.874,3.4295590000000002,0.7256933259036651,Utilities,0.7256933259036651,,
2018-08-01,199003,HE,buy,rebalance,35.0,28.689,2018-08-01,1004.115,3.5144025,0.7237146968421638,Utilities,0.7237146968421638,,
2018-09-04,196121,WGL,sell,delisted,17.0,88.74,2018-07-06,1508.58,5.28003,,,,665.3194965,837.9804735
2018-09-04,198642,NEE,buy,rebalance,7.0,35.066,2018-09-04,245.46200000000002,0.8591170000000001,0.7363856619364698,Utilities,0.7363856619364698,,
2018-09-04,199526,ALE,buy,rebalance,4.0,56.896,2018-09-04,227.584,0.796544,0.7341855517840548,Utilities,0.7341855517840548,,
2018-09-04,197694,ELS,buy,rebalance,7.0,39.341,2018-09-04,275.387,0.9638545000000001,0.7323475485746419,Real Estate,0.7323475485746419,,
2018-09-04,198512,PEG,buy,rebalance,6.0,40.329,2018-09-04,241.974,0.846909,0.730398867100423,Utilities,0.730398867100423,,
2018-09-04,196627,IDA,buy,rebalance,3.0,77.663,2018-09-04,232.98899999999998,0.8154615,0.7288571882722554,Utilities,0.7288571882722554,,
2018-09-04,197165,AEE,buy,rebalance,5.0,50.875,2018-09-04,254.375,0.8903125000000001,0.7272442499654624,Utilities,0.7272442499654624,,
2018-09-04,199025,LNT,buy,rebalance,8.0,33.587,2018-09-04,268.696,0.9404360000000002,0.7271378736632899,Utilities,0.7271378736632899,,
2018-09-04,193849,AWK,buy,rebalance,3.0,75.903,2018-09-04,227.709,0.7969815,0.7262263134700581,Utilities,0.7262263134700581,,
2018-09-04,197304,DTE,buy,rebalance,3.0,72.477,2018-09-04,217.431,0.7610085000000001,0.7256933259036652,Utilities,0.7256933259036652,,
2018-09-04,199003,HE,buy,rebalance,9.0,29.544,2018-09-04,265.896,0.930636,0.7237146968421638,Utilities,0.7237146968421638,,
2018-10-01,195616,DCT1,sell,delisted,5.0,66.28,2018-08-21,331.4,1.1599,,,,307.6138935,22.626206499999967
2018-10-01,198366,CMS,buy,rebalance,4.0,38.299,2018-10-01,153.196,0.536186,0.7333101874818431,Utilities,0.7333101874818431,,
2018-10-01,196627,IDA,buy,rebalance,2.0,77.615,2018-10-01,155.23,0.5433049999999999,0.7322665074489891,Utilities,0.7322665074489891,,
2018-10-01,196214,VVC,buy,rebalance,2.0,71.101,2018-10-01,142.202,0.497707,0.732121827919598,Utilities,0.732121827919598,,
2018-10-01,199426,WTRG,buy,rebalance,5.0,29.336,2018-10-01,146.68,0.5133800000000001,0.7305800336953022,Utilities,0.7305800336953022,,
2018-10-01,199526,ALE,buy,rebalance,2.0,55.916,2018-10-01,111.832,0.391412,0.7305208799319163,Utilities,0.7305208799319163,,
2018-10-01,197304,DTE,buy,rebalance,2.0,71.32,2018-10-01,142.64,0.49923999999999996,0.7303230594109686,Utilities,0.7303230594109686,,
2018-10-01,193849,AWK,buy,rebalance,2.0,74.817,2018-10-01,149.634,0.5237189999999999,0.7298717358761678,Utilities,0.7298717358761678,,
2018-10-01,198642,NEE,buy,rebalance,4.0,34.439,2018-10-01,137.756,0.482146,0.7282655804221576,Utilities,0.7282655804221576,,
2018-10-01,196956,WPC,buy,rebalance,4.0,39.999,2018-10-01,159.996,0.5599860000000001,0.7275113050672902,Real Estate,0.7275113050672902,,
2018-10-01,199003,HE,buy,rebalance,5.0,29.453,2018-10-01,147.265,0.5154274999999999,0.7272927476989398,Utilities,0.7272927476989398,,
2018-11-01,198366,CMS,buy,rebalance,3.0,38.391,2018-11-01,115.173,0.4031055,0.7333101874818431,Utilities,0.7333101874818431,,
2018-11-01,196627,IDA,buy,rebalance,1.0,76.033,2018-11-01,76.033,0.2661155,0.732266507448989,Utilities,0.732266507448989,,
2018-11-01,196214,VVC,buy,rebalance,1.0,71.151,2018-11-01,71.151,0.24902849999999999,0.732121827919598,Utilities,0.732121827919598,,
2018-11-01,199426,WTRG,buy,rebalance,4.0,26.158,2018-11-01,104.632,0.36621200000000004,0.7305800336953022,Utilities,0.7305800336953022,,
2018-11-01,199526,ALE,buy,rebalance,2.0,56.255,2018-11-01,112.51,0.39378500000000005,0.7305208799319164,Utilities,0.7305208799319164,,
2018-11-01,197304,DTE,buy,rebalance,1.0,73.321,2018-11-01,73.321,0.2566235,0.7303230594109689,Utilities,0.7303230594109689,,
2018-11-01,193849,AWK,buy,rebalance,1.0,75.501,2018-11-01,75.501,0.26425350000000003,0.7298717358761678,Utilities,0.7298717358761678,,
2018-11-01,198642,NEE,buy,rebalance,3.0,35.157,2018-11-01,105.47099999999999,0.3691485,0.7282655804221576,Utilities,0.7282655804221576,,
2018-11-01,196956,WPC,buy,rebalance,2.0,40.772,2018-11-01,81.544,0.285404,0.7275113050672902,Real Estate,0.7275113050672902,,
2018-11-01,199003,HE,buy,rebalance,3.0,30.861,2018-11-01,92.583,0.3240405,0.7272927476989398,Utilities,0.7272927476989398,,
2018-12-03,198366,CMS,buy,rebalance,3.0,41.345,2018-12-03,124.035,0.4341225,0.7333101874818431,Utilities,0.7333101874818431,,
2018-12-03,196627,IDA,buy,rebalance,1.0,79.508,2018-12-03,79.508,0.27827799999999997,0.7322665074489891,Utilities,0.7322665074489891,,
2018-12-03,196214,VVC,buy,rebalance,1.0,71.95,2018-12-03,71.95,0.251825,0.7321218279195981,Utilities,0.7321218279195981,,
2018-12-03,199426,WTRG,buy,rebalance,4.0,27.452,2018-12-03,109.808,0.38432800000000006,0.7305800336953022,Utilities,0.7305800336953022,,
2018-12-03,199526,ALE,buy,rebalance,2.0,62.549,2018-12-03,125.098,0.437843,0.7305208799319164,Utilities,0.7305208799319164,,
2018-12-03,197304,DTE,buy,rebalance,1.0,77.946,2018-12-03,77.946,0.272811,0.7303230594109689,Utilities,0.7303230594109689,,
2018-12-03,193849,AWK,buy,rebalance,1.0,82.219,2018-12-03,82.219,0.2877665,0.7298717358761678,Utilities,0.7298717358761678,,
2018-12-03,198642,NEE,buy,rebalance,3.0,37.872,2018-12-03,113.616,0.397656,0.7282655804221576,Utilities,0.7282655804221576,,
2018-12-03,196956,WPC,buy,rebalance,3.0,43.178,2018-12-03,129.534,0.45336899999999997,0.7275113050672902,Real Estate,0.7275113050672902,,
2018-12-03,199003,HE,buy,rebalance,4.0,32.143,2018-12-03,128.572,0.450002,0.7272927476989398,Utilities,0.7272927476989398,,
2019-01-02,198366,CMS,buy,rebalance,3.0,38.154,2019-01-02,114.46200000000002,0.40061700000000006,0.7441416283789812,Utilities,0.7441416283789812,,
2019-01-02,196214,VVC,buy,rebalance,1.0,71.92,2019-01-02,71.92,0.25172,0.7406005282019705,Utilities,0.7406005282019705,,
2019-01-02,197165,AEE,buy,rebalance,2.0,51.399,2019-01-02,102.798,0.35979300000000003,0.7397745826296966,Utilities,0.7397745826296966,,
2019-01-02,198536,WEC,buy,rebalance,2.0,52.769,2019-01-02,105.538,0.369383,0.7397498632799755,Utilities,0.7397498632799755,,
2019-01-02,199972,AEP,buy,rebalance,2.0,55.732,2019-01-02,111.464,0.390124,0.7385651640100874,Utilities,0.7385651640100874,,
2019-01-02,197828,UGI,buy,rebalance,3.0,38.262,2019-01-02,114.786,0.401751,0.738359259232487,Utilities,0.738359259232487,,
2019-01-02,198529,POR,buy,rebalance,3.0,33.228,2019-01-02,99.684,0.348894,0.7364679364084626,Utilities,0.7364679364084626,,
2019-01-02,196598,RSG,buy,rebalance,1.0,64.171,2019-01-02,64.171,0.22459850000000003,0.7362685227439564,Industrials,0.7362685227439564,,
2019-01-02,199526,ALE,buy,rebalance,2.0,55.832,2019-01-02,111.664,0.390824,0.7344364484749976,Utilities,0.7344364484749976,,
2019-01-02,196066,EXC,buy,rebalance,5.0,24.394,2019-01-02,121.97,0.426895,0.7337185272703285,Utilities,0.7337185272703285,,
2019-02-01,198638,SCG,sell,delisted,213.0,47.78,2018-12-31,10177.14,35.61999,,,,6318.748485,3822.771525
2019-02-01,124686,SEP,sell,delisted,74.0,35.4,2018-12-14,2619.6,9.1686,,,,1592.9288055,1017.5025945
2019-02-01,198366,CMS,buy,rebalance,33.0,41.195,2019-02-01,1359.435,4.7580225,0.7441416283789812,Utilities,0.7441416283789812,,
2019-02-01,196214,VVC,buy,rebalance,19.0,72.38,2019-02-01,1375.2199999999998,4.813269999999999,0.7406005282019704,Utilities,0.7406005282019704,,
2019-02-01,197165,AEE,buy,rebalance,25.0,55.703,2019-02-01,1392.575,4.8740125,0.7397745826296965,Utilities,0.7397745826296965,,
2019-02-01,198536,WEC,buy,rebalance,24.0,56.853,2019-02-01,1364.472,4.775652,0.7397498632799755,Utilities,0.7397498632799755,,
2019-02-01,199972,AEP,buy,rebalance,23.0,60.446,2019-02-01,1390.258,4.865903,0.7385651640100873,Utilities,0.7385651640100873,,
2019-02-01,197828,UGI,buy,rebalance,33.0,41.776,2019-02-01,1378.6080000000002,4.825128,0.738359259232487,Utilities,0.738359259232487,,
2019-02-01,198529,POR,buy,rebalance,39.0,35.577,2019-02-01,1387.503,4.856260499999999,0.7364679364084628,Utilities,0.7364679364084628,,
2019-02-01,196598,RSG,buy,rebalance,20.0,69.034,2019-02-01,1380.68,4.832380000000001,0.7362685227439564,Industrials,0.7362685227439564,,
2019-02-01,199526,ALE,buy,rebalance,24.0,57.306,2019-02-01,1375.344,4.813704,0.7344364484749976,Utilities,0.7344364484749976,,
2019-02-01,196066,EXC,buy,rebalance,53.0,26.271,2019-02-01,1392.363,4.8732705,0.7337185272703285,Utilities,0.7337185272703285,,
2019-03-01,198366,CMS,buy,rebalance,2.0,43.041,2019-03-01,86.082,0.30128699999999997,0.7441416283789812,Utilities,0.7441416283789812,,
2019-03-01,197165,AEE,buy,rebalance,1.0,57.386,2019-03-01,57.386,0.200851,0.7397745826296965,Utilities,0.7397745826296965,,
2019-03-01,198536,WEC,buy,rebalance,1.0,59.839,2019-03-01,59.839,0.2094365,0.7397498632799755,Utilities,0.7397498632799755,,
2019-03-01,199972,AEP,buy,rebalance,1.0,62.721,2019-03-01,62.721,0.21952349999999998,0.7385651640100873,Utilities,0.7385651640100873,,
2019-03-01,197828,UGI,buy,rebalance,2.0,39.902,2019-03-01,79.804,0.279314,0.738359259232487,Utilities,0.738359259232487,,
2019-03-01,198529,POR,buy,rebalance,3.0,37.531,2019-03-01,112.59299999999999,0.39407549999999997,0.7364679364084628,Utilities,0.7364679364084628,,
2019-03-01,196598,RSG,buy,rebalance,1.0,70.442,2019-03-01,70.442,0.246547,0.7362685227439564,Industrials,0.7362685227439564,,
2019-03-01,199526,ALE,buy,rebalance,1.0,62.53,2019-03-01,62.53,0.21885500000000002,0.7344364484749976,Utilities,0.7344364484749976,,
2019-03-01,196066,EXC,buy,rebalance,4.0,27.071,2019-03-01,108.284,0.37899400000000005,0.7337185272703285,Utilities,0.7337185272703285,,
2019-03-01,199477,XEL,buy,rebalance,2.0,43.798,2019-03-01,87.596,0.306586,0.7336495626272939,Utilities,0.7336495626272939,,
2019-04-01,196214,VVC,sell,delisted,42.0,72.38,2019-01-31,3039.96,10.63986,,,,2051.5624245,977.7577154999999
2019-04-01,194892,TLP,sell,delisted,20.0,40.99,2019-02-26,819.8000000000001,2.8693000000000004,,,,418.31900999999993,398.6116900000002
2019-04-01,196598,RSG,buy,rebalance,7.0,72.096,2019-04-01,504.672,1.7663520000000001,0.7401930225665596,Industrials,0.7401930225665596,,
2019-04-01,198260,WM,buy,rebalance,5.0,92.327,2019-04-01,461.635,1.6157225,0.737324012995518,Industrials,0.737324012995518,,
2019-04-01,194830,DUK,buy,rebalance,7.0,66.418,2019-04-01,464.92600000000004,1.6272410000000002,0.7372546550284111,Utilities,0.7372546550284111,,
2019-04-01,197304,DTE,buy,rebalance,6.0,82.251,2019-04-01,493.50600000000003,1.7272710000000002,0.7369189851751247,Utilities,0.7369189851751247,,
2019-04-01,198366,CMS,buy,rebalance,11.0,43.749,2019-04-01,481.23900000000003,1.6843365000000001,0.7366616735186335,Utilities,0.7366616735186335,,
2019-04-01,197515,AVB,buy,rebalance,3.0,156.164,2019-04-01,468.49199999999996,1.639722,0.7360853413256409,Real Estate,0.7360853413256409,,
2019-04-01,198536,WEC,buy,rebalance,8.0,61.477,2019-04-01,491.816,1.7213559999999999,0.7358579126900388,Utilities,0.7358579126900388,,
2019-04-01,197165,AEE,buy,rebalance,8.0,59.278,2019-04-01,474.224,1.659784,0.7358026215050164,Utilities,0.7358026215050164,,
2019-04-01,199478,ES,buy,rebalance,9.0,54.434,2019-04-01,489.90599999999995,1.7146709999999998,0.7356243654703298,Utilities,0.7356243654703298,,
2019-04-01,196730,ED,buy,rebalance,8.0,64.463,2019-04-01,515.704,1.8049639999999998,0.7351898735656991,Utilities,0.7351898735656991,,
2019-05-01,196598,RSG,buy,rebalance,1.0,73.925,2019-05-01,73.925,0.2587375,0.7401930225665596,Industrials,0.7401930225665596,,
2019-05-01,198260,WM,buy,rebalance,1.0,94.129,2019-05-01,94.129,0.3294515,0.737324012995518,Industrials,0.737324012995518,,
2019-05-01,194830,DUK,buy,rebalance,1.0,67.259,2019-05-01,67.259,0.23540650000000002,0.7372546550284111,Utilities,0.7372546550284111,,
2019-05-01,197304,DTE,buy,rebalance,1.0,82.39,2019-05-01,82.39,0.288365,0.7369189851751247,Utilities,0.7369189851751247,,
2019-05-01,198366,CMS,buy,rebalance,3.0,43.741,2019-05-01,131.223,0.45928050000000004,0.7366616735186335,Utilities,0.7366616735186335,,
2019-05-01,198536,WEC,buy,rebalance,2.0,61.114,2019-05-01,122.228,0.427798,0.7358579126900386,Utilities,0.7358579126900386,,
2019-05-01,197165,AEE,buy,rebalance,2.0,58.83,2019-05-01,117.66,0.41181,0.7358026215050164,Utilities,0.7358026215050164,,
2019-05-01,199478,ES,buy,rebalance,2.0,54.781,2019-05-01,109.562,0.383467,0.7356243654703298,Utilities,0.7356243654703298,,
2019-05-01,196730,ED,buy,rebalance,2.0,65.159,2019-05-01,130.318,0.45611300000000005,0.7351898735656991,Utilities,0.7351898735656991,,
2019-06-03,196598,RSG,buy,rebalance,1.0,77.035,2019-06-03,77.035,0.2696225,0.7401930225665596,Industrials,0.7401930225665596,,
2019-06-03,198260,WM,buy,rebalance,1.0,98.851,2019-06-03,98.851,0.3459785,0.737324012995518,Industrials,0.737324012995518,,
2019-06-03,194830,DUK,buy,rebalance,2.0,64.681,2019-06-03,129.362,0.452767,0.7372546550284111,Utilities,0.7372546550284111,,
2019-06-03,197304,DTE,buy,rebalance,1.0,84.27,2019-06-03,84.27,0.294945,0.7369189851751247,Utilities,0.7369189851751247,,
2019-06-03,198366,CMS,buy,rebalance,3.0,45.666,2019-06-03,136.998,0.479493,0.7366616735186335,Utilities,0.7366616735186335,,
2019-06-03,198536,WEC,buy,rebalance,2.0,64.666,2019-06-03,129.332,0.452662,0.7358579126900386,Utilities,0.7358579126900386,,
2019-06-03,197165,AEE,buy,rebalance,2.0,60.654,2019-06-03,121.308,0.424578,0.7358026215050164,Utilities,0.7358026215050164,,
2019-06-03,199478,ES,buy,rebalance,2.0,58.049,2019-06-03,116.098,0.406343,0.7356243654703298,Utilities,0.7356243654703298,,
2019-06-03,196730,ED,buy,rebalance,2.0,67.377,2019-06-03,134.754,0.471639,0.7351898735656991,Utilities,0.7351898735656991,,
2019-07-01,197304,DTE,buy,rebalance,1.0,85.849,2019-07-01,85.849,0.3004715,0.7429041666689029,Utilities,0.7429041666689029,,
2019-07-01,198610,PNW,buy,rebalance,1.0,69.358,2019-07-01,69.358,0.24275300000000002,0.7407449761782806,Utilities,0.7407449761782806,,
2019-07-01,196598,RSG,buy,rebalance,1.0,78.409,2019-07-01,78.409,0.27443150000000005,0.7404499938720971,Industrials,0.7404499938720971,,
2019-07-01,194830,DUK,buy,rebalance,2.0,66.178,2019-07-01,132.356,0.463246,0.7394471842445415,Utilities,0.7394471842445415,,
2019-07-01,198512,PEG,buy,rebalance,2.0,46.145,2019-07-01,92.29,0.32301500000000005,0.7393990254516111,Utilities,0.7393990254516111,,
2019-07-01,197000,OGE,buy,rebalance,4.0,31.145,2019-07-01,124.58,0.43603000000000003,0.7393691143439257,Utilities,0.7393691143439257,,
2019-07-01,199478,ES,buy,rebalance,2.0,58.692,2019-07-01,117.384,0.410844,0.7382868792237608,Utilities,0.7382868792237608,,
2019-07-01,191468,GLPI,buy,rebalance,5.0,25.295,2019-07-01,126.47500000000001,0.4426625,0.737675092570744,Real Estate,0.737675092570744,,
2019-07-01,197165,AEE,buy,rebalance,2.0,61.637,2019-07-01,123.274,0.43145900000000004,0.7372036424641785,Utilities,0.7372036424641785,,
2019-08-01,197304,DTE,buy,rebalance,1.0,86.364,2019-08-01,86.364,0.30227400000000004,0.7429041666689031,Utilities,0.7429041666689031,,
2019-08-01,198610,PNW,buy,rebalance,2.0,68.467,2019-08-01,136.934,0.479269,0.7407449761782807,Utilities,0.7407449761782807,,
2019-08-01,196598,RSG,buy,rebalance,1.0,79.876,2019-08-01,79.876,0.27956600000000004,0.7404499938720971,Industrials,0.7404499938720971,,
2019-08-01,194830,DUK,buy,rebalance,2.0,65.794,2019-08-01,131.588,0.46055799999999997,0.7394471842445415,Utilities,0.7394471842445415,,
2019-08-01,198512,PEG,buy,rebalance,3.0,45.166,2019-08-01,135.498,0.47424299999999997,0.7393990254516112,Utilities,0.7393990254516112,,
2019-08-01,197000,OGE,buy,rebalance,4.0,31.777,2019-08-01,127.108,0.44487800000000005,0.7393691143439257,Utilities,0.7393691143439257,,
2019-08-01,199478,ES,buy,rebalance,2.0,59.375,2019-08-01,118.75,0.415625,0.7382868792237608,Utilities,0.7382868792237608,,
2019-08-01,191468,GLPI,buy,rebalance,5.0,24.296,2019-08-01,121.47999999999999,0.42517999999999995,0.737675092570744,Real Estate,0.737675092570744,,
2019-08-01,197165,AEE,buy,rebalance,2.0,62.809,2019-08-01,125.618,0.43966299999999997,0.7372036424641786,Utilities,0.7372036424641786,,
2019-09-03,197304,DTE,buy,rebalance,1.0,88.258,2019-09-03,88.258,0.308903,0.742904166668903,Utilities,0.742904166668903,,
2019-09-03,198610,PNW,buy,rebalance,1.0,71.154,2019-09-03,71.154,0.24903899999999998,0.7407449761782807,Utilities,0.7407449761782807,,
2019-09-03,196598,RSG,buy,rebalance,1.0,81.17,2019-09-03,81.17,0.284095,0.7404499938720972,Industrials,0.7404499938720972,,
2019-09-03,194830,DUK,buy,rebalance,1.0,71.179,2019-09-03,71.179,0.2491265,0.7394471842445415,Utilities,0.7394471842445415,,
2019-09-03,198512,PEG,buy,rebalance,2.0,48.325,2019-09-03,96.65,0.33827500000000005,0.7393990254516112,Utilities,0.7393990254516112,,
2019-09-03,197000,OGE,buy,rebalance,4.0,31.968,2019-09-03,127.872,0.447552,0.7393691143439257,Utilities,0.7393691143439257,,
2019-09-03,199478,ES,buy,rebalance,2.0,63.199,2019-09-03,126.398,0.442393,0.7382868792237609,Utilities,0.7382868792237609,,
2019-09-03,191468,GLPI,buy,rebalance,5.0,25.529,2019-09-03,127.645,0.4467575,0.7376750925707439,Real Estate,0.7376750925707439,,
2019-09-03,197165,AEE,buy,rebalance,2.0,64.325,2019-09-03,128.65,0.45027500000000004,0.7372036424641786,Utilities,0.7372036424641786,,
2019-10-01,197333,APU,sell,delisted,28.0,31.22,2019-08-21,874.16,3.05956,,,,588.362085,282.73835499999996
2019-10-01,197304,DTE,buy,rebalance,2.0,89.791,2019-10-01,179.582,0.628537,0.742508212281247,Utilities,0.742508212281247,,
2019-10-01,196598,RSG,buy,rebalance,2.0,78.349,2019-10-01,156.698,0.548443,0.7417275132427272,Industrials,0.7417275132427272,,
2019-10-01,197165,AEE,buy,rebalance,3.0,65.701,2019-10-01,197.10299999999998,0.6898605,0.7413655685036663,Utilities,0.7413655685036663,,
2019-10-01,199972,AEP,buy,rebalance,3.0,72.951,2019-10-01,218.85299999999998,0.7659855,0.741234133068476,Utilities,0.741234133068476,,
2019-10-01,199478,ES,buy,rebalance,3.0,66.643,2019-10-01,199.929,0.6997515,0.7411097301475014,Utilities,0.7411097301475014,,
2019-10-01,198366,CMS,buy,rebalance,4.0,51.727,2019-10-01,206.908,0.724178,0.7402164417764163,Utilities,0.7402164417764163,,
2019-10-01,199477,XEL,buy,rebalance,4.0,52.863,2019-10-01,211.452,0.740082,0.7400277938998276,Utilities,0.7400277938998276,,
2019-10-01,196627,IDA,buy,rebalance,2.0,91.579,2019-10-01,183.158,0.641053,0.7386305540115463,Utilities,0.7386305540115463,,
2019-10-01,199025,LNT,buy,rebalance,5.0,43.311,2019-10-01,216.555,0.7579425000000001,0.738377096623108,Utilities,0.738377096623108,,
2019-10-01,194830,DUK,buy,rebalance,3.0,73.094,2019-10-01,219.28199999999998,0.7674869999999999,0.7382811594656591,Utilities,0.7382811594656591,,
2019-11-01,197304,DTE,buy,rebalance,1.0,85.618,2019-11-01,85.618,0.299663,0.742508212281247,Utilities,0.742508212281247,,
2019-11-01,196598,RSG,buy,rebalance,1.0,78.831,2019-11-01,78.831,0.2759085,0.7417275132427273,Industrials,0.7417275132427273,,
2019-11-01,197165,AEE,buy,rebalance,2.0,63.804,2019-11-01,127.608,0.446628,0.7413655685036663,Utilities,0.7413655685036663,,
2019-11-01,199972,AEP,buy,rebalance,1.0,73.217,2019-11-01,73.217,0.2562595,0.741234133068476,Utilities,0.741234133068476,,
2019-11-01,199478,ES,buy,rebalance,2.0,64.636,2019-11-01,129.272,0.45245199999999997,0.7411097301475014,Utilities,0.7411097301475014,,
2019-11-01,198366,CMS,buy,rebalance,2.0,51.379,2019-11-01,102.758,0.359653,0.7402164417764163,Utilities,0.7402164417764163,,
2019-11-01,199477,XEL,buy,rebalance,2.0,51.357,2019-11-01,102.714,0.359499,0.7400277938998278,Utilities,0.7400277938998278,,
2019-11-01,196627,IDA,buy,rebalance,1.0,88.066,2019-11-01,88.066,0.30823100000000003,0.7386305540115464,Utilities,0.7386305540115464,,
2019-11-01,199025,LNT,buy,rebalance,3.0,42.905,2019-11-01,128.715,0.45050250000000003,0.738377096623108,Utilities,0.738377096623108,,
2019-11-01,194830,DUK,buy,rebalance,1.0,71.719,2019-11-01,71.719,0.2510165,0.738281159465659,Utilities,0.738281159465659,,
2019-12-02,199154,CTWS,sell,delisted,16.0,69.98,2019-10-09,1119.68,3.91888,,,,285.4265085,830.3346115000002
2019-12-02,197304,DTE,buy,rebalance,2.0,83.177,2019-12-02,166.354,0.5822390000000001,0.742508212281247,Utilities,0.742508212281247,,
2019-12-02,196598,RSG,buy,rebalance,3.0,79.749,2019-12-02,239.24699999999999,0.8373645,0.7417275132427271,Industrials,0.7417275132427271,,
2019-12-02,197165,AEE,buy,rebalance,3.0,60.769,2019-12-02,182.307,0.6380745,0.7413655685036662,Utilities,0.7413655685036662,,
2019-12-02,199972,AEP,buy,rebalance,3.0,71.204,2019-12-02,213.61199999999997,0.7476419999999999,0.7412341330684759,Utilities,0.7412341330684759,,
2019-12-02,199478,ES,buy,rebalance,3.0,64.035,2019-12-02,192.105,0.6723675,0.7411097301475013,Utilities,0.7411097301475013,,
2019-12-02,198366,CMS,buy,rebalance,4.0,49.376,2019-12-02,197.504,0.691264,0.7402164417764161,Utilities,0.7402164417764161,,
2019-12-02,199477,XEL,buy,rebalance,4.0,49.81,2019-12-02,199.24,0.6973400000000001,0.7400277938998276,Utilities,0.7400277938998276,,
2019-12-02,196627,IDA,buy,rebalance,2.0,85.265,2019-12-02,170.53,0.596855,0.7386305540115462,Utilities,0.7386305540115462,,
2019-12-02,199025,LNT,buy,rebalance,5.0,42.42,2019-12-02,212.10000000000002,0.7423500000000001,0.738377096623108,Utilities,0.738377096623108,,
2019-12-02,194830,DUK,buy,rebalance,3.0,67.041,2019-12-02,201.123,0.7039305,0.738281159465659,Utilities,0.738281159465659,,
2020-01-02,199972,AEP,buy,rebalance,1.0,73.712,2020-01-02,73.712,0.257992,0.7411522720148341,Utilities,0.7411522720148341,,
2020-01-02,198536,WEC,buy,rebalance,1.0,72.848,2020-01-02,72.848,0.25496800000000003,0.7406308375560112,Utilities,0.7406308375560112,,
2020-01-02,199477,XEL,buy,rebalance,2.0,51.098,2020-01-02,102.196,0.357686,0.7404808147516752,Utilities,0.7404808147516752,,
2020-01-02,197304,DTE,buy,rebalance,1.0,87.467,2020-01-02,87.467,0.3061345,0.7403805721867898,Utilities,0.7403805721867898,,
2020-01-02,197165,AEE,buy,rebalance,2.0,63.14,2020-01-02,126.28,0.44198000000000004,0.7401082605728053,Utilities,0.7401082605728053,,
2020-01-02,198366,CMS,buy,rebalance,2.0,50.057,2020-01-02,100.114,0.350399,0.7399864469914919,Utilities,0.7399864469914919,,
2020-01-02,199478,ES,buy,rebalance,2.0,65.395,2020-01-02,130.79,0.457765,0.7398635693852794,Utilities,0.7398635693852794,,
2020-01-02,195935,SR,buy,rebalance,2.0,62.982,2020-01-02,125.964,0.440874,0.7396344069426289,Utilities,0.7396344069426289,,
2020-01-02,199003,HE,buy,rebalance,3.0,39.628,2020-01-02,118.884,0.416094,0.7389178519031003,Utilities,0.7389178519031003,,
2020-01-02,194830,DUK,buy,rebalance,2.0,69.384,2020-01-02,138.768,0.485688,0.7388246150065138,Utilities,0.7388246150065138,,
2020-02-03,199972,AEP,buy,rebalance,1.0,82.198,2020-02-03,82.198,0.287693,0.741152272014834,Utilities,0.741152272014834,,
2020-02-03,198536,WEC,buy,rebalance,1.0,81.059,2020-02-03,81.059,0.2837065,0.7406308375560112,Utilities,0.7406308375560112,,
2020-02-03,199477,XEL,buy,rebalance,2.0,56.889,2020-02-03,113.778,0.39822300000000005,0.7404808147516752,Utilities,0.7404808147516752,,
2020-02-03,197304,DTE,buy,rebalance,1.0,90.92,2020-02-03,90.92,0.31822,0.7403805721867898,Utilities,0.7403805721867898,,
2020-02-03,197165,AEE,buy,rebalance,1.0,68.603,2020-02-03,68.603,0.24011049999999998,0.7401082605728052,Utilities,0.7401082605728052,,
2020-02-03,198366,CMS,buy,rebalance,2.0,55.549,2020-02-03,111.098,0.388843,0.7399864469914919,Utilities,0.7399864469914919,,
2020-02-03,199478,ES,buy,rebalance,1.0,72.608,2020-02-03,72.608,0.254128,0.7398635693852794,Utilities,0.7398635693852794,,
2020-02-03,195935,SR,buy,rebalance,2.0,65.241,2020-02-03,130.482,0.456687,0.7396344069426289,Utilities,0.7396344069426289,,
2020-02-03,199003,HE,buy,rebalance,3.0,42.091,2020-02-03,126.273,0.4419555,0.7389178519031003,Utilities,0.7389178519031003,,
2020-02-03,194830,DUK,buy,rebalance,1.0,75.013,2020-02-03,75.013,0.26254550000000004,0.7388246150065135,Utilities,0.7388246150065135,,
2020-03-02,199972,AEP,buy,rebalance,1.0,75.515,2020-03-02,75.515,0.2643025,0.7411522720148341,Utilities,0.7411522720148341,,
2020-03-02,198536,WEC,buy,rebalance,1.0,78.979,2020-03-02,78.979,0.2764265,0.7406308375560112,Utilities,0.7406308375560112,,
2020-03-02,199477,XEL,buy,rebalance,2.0,53.957,2020-03-02,107.914,0.377699,0.7404808147516752,Utilities,0.7404808147516752,,
2020-03-02,197304,DTE,buy,rebalance,1.0,79.271,2020-03-02,79.271,0.2774485,0.7403805721867898,Utilities,0.7403805721867898,,
2020-03-02,197165,AEE,buy,rebalance,2.0,70.089,2020-03-02,140.178,0.490623,0.7401082605728053,Utilities,0.7401082605728053,,
2020-03-02,198366,CMS,buy,rebalance,2.0,52.343,2020-03-02,104.686,0.36640100000000003,0.7399864469914919,Utilities,0.7399864469914919,,
2020-03-02,199478,ES,buy,rebalance,1.0,73.558,2020-03-02,73.558,0.25745300000000004,0.7398635693852794,Utilities,0.7398635693852794,,
2020-03-02,195935,SR,buy,rebalance,2.0,60.692,2020-03-02,121.384,0.424844,0.7396344069426289,Utilities,0.7396344069426289,,
2020-03-02,199003,HE,buy,rebalance,3.0,39.094,2020-03-02,117.28200000000001,0.41048700000000005,0.7389178519031003,Utilities,0.7389178519031003,,
2020-03-02,194830,DUK,buy,rebalance,1.0,74.946,2020-03-02,74.946,0.262311,0.7388246150065138,Utilities,0.7388246150065138,,
2020-04-01,197456,LPT,sell,delisted,128.0,61.95,2020-02-03,7929.6,27.753600000000002,,,,2843.3580434999994,5058.488356500001
2020-04-01,198366,CMS,buy,rebalance,20.0,45.464,2020-04-01,909.28,3.18248,0.7402906735567888,Utilities,0.7402906735567888,,
2020-04-01,197165,AEE,buy,rebalance,16.0,56.57,2020-04-01,905.12,3.16792,0.74005731542632,Utilities,0.74005731542632,,
2020-04-01,199972,AEP,buy,rebalance,15.0,59.22,2020-04-01,888.3,3.10905,0.7399708388002076,Utilities,0.7399708388002076,,
2020-04-01,198536,WEC,buy,rebalance,13.0,67.523,2020-04-01,877.799,3.0722965,0.7397694564472922,Utilities,0.7397694564472922,,
2020-04-01,199472,NWE,buy,rebalance,22.0,41.685,2020-04-01,917.07,3.2097450000000003,0.7389689316788633,Utilities,0.7389689316788633,,
2020-04-01,199477,XEL,buy,rebalance,19.0,47.909,2020-04-01,910.271,3.1859485,0.7386476726077507,Utilities,0.7386476726077507,,
2020-04-01,196627,IDA,buy,rebalance,13.0,70.589,2020-04-01,917.6569999999999,3.2117994999999997,0.7386084874251932,Utilities,0.7386084874251932,,
2020-04-01,199025,LNT,buy,rebalance,25.0,36.617,2020-04-01,915.425,3.2039874999999998,0.7375383606231382,Utilities,0.7375383606231382,,
2020-04-01,199478,ES,buy,rebalance,15.0,60.073,2020-04-01,901.095,3.1538325,0.737441016009066,Utilities,0.737441016009066,,
2020-04-01,197000,OGE,buy,rebalance,42.0,21.792,2020-04-01,915.2640000000001,3.2034240000000005,0.7372902691940141,Utilities,0.7372902691940141,,
2020-05-01,198366,CMS,buy,rebalance,2.0,45.659,2020-05-01,91.318,0.319613,0.7402906735567888,Utilities,0.7402906735567888,,
2020-05-01,197165,AEE,buy,rebalance,2.0,59.677,2020-05-01,119.354,0.417739,0.74005731542632,Utilities,0.74005731542632,,
2020-05-01,199972,AEP,buy,rebalance,1.0,64.636,2020-05-01,64.636,0.22622599999999998,0.7399708388002078,Utilities,0.7399708388002078,,
2020-05-01,198536,WEC,buy,rebalance,1.0,71.517,2020-05-01,71.517,0.2503095,0.7397694564472923,Utilities,0.7397694564472923,,
2020-05-01,199472,NWE,buy,rebalance,2.0,41.954,2020-05-01,83.908,0.293678,0.7389689316788633,Utilities,0.7389689316788633,,
2020-05-01,199477,XEL,buy,rebalance,2.0,51.291,2020-05-01,102.582,0.359037,0.7386476726077507,Utilities,0.7386476726077507,,
2020-05-01,196627,IDA,buy,rebalance,1.0,73.015,2020-05-01,73.015,0.2555525,0.7386084874251932,Utilities,0.7386084874251932,,
2020-05-01,199025,LNT,buy,rebalance,3.0,38.769,2020-05-01,116.30699999999999,0.40707449999999995,0.7375383606231382,Utilities,0.7375383606231382,,
2020-05-01,199478,ES,buy,rebalance,1.0,63.14,2020-05-01,63.14,0.22099000000000002,0.737441016009066,Utilities,0.737441016009066,,
2020-05-01,197000,OGE,buy,rebalance,5.0,22.995,2020-05-01,114.97500000000001,0.40241250000000006,0.7372902691940141,Utilities,0.7372902691940141,,
2020-06-01,196736,RTN,sell,delisted,8.0,116.96,2020-04-02,935.68,3.27488,,,,1216.5611130000002,-284.1559930000003
2020-06-01,198366,CMS,buy,rebalance,4.0,48.518,2020-06-01,194.072,0.6792520000000001,0.7402906735567889,Utilities,0.7402906735567889,,
2020-06-01,197165,AEE,buy,rebalance,3.0,62.116,2020-06-01,186.348,0.6522180000000001,0.74005731542632,Utilities,0.74005731542632,,
2020-06-01,199972,AEP,buy,rebalance,3.0,69.017,2020-06-01,207.051,0.7246785,0.7399708388002078,Utilities,0.7399708388002078,,
2020-06-01,198536,WEC,buy,rebalance,2.0,75.854,2020-06-01,151.708,0.530978,0.7397694564472922,Utilities,0.7397694564472922,,
2020-06-01,199472,NWE,buy,rebalance,5.0,45.232,2020-06-01,226.16,0.79156,0.7389689316788633,Utilities,0.7389689316788633,,
2020-06-01,199477,XEL,buy,rebalance,4.0,54.236,2020-06-01,216.944,0.759304,0.7386476726077505,Utilities,0.7386476726077505,,
2020-06-01,196627,IDA,buy,rebalance,2.0,77.803,2020-06-01,155.606,0.544621,0.7386084874251932,Utilities,0.7386084874251932,,
2020-06-01,199025,LNT,buy,rebalance,5.0,40.582,2020-06-01,202.91,0.710185,0.7375383606231383,Utilities,0.7375383606231383,,
2020-06-01,199478,ES,buy,rebalance,3.0,68.145,2020-06-01,204.435,0.7155225000000001,0.7374410160090661,Utilities,0.7374410160090661,,
2020-06-01,197000,OGE,buy,rebalance,9.0,24.384,2020-06-01,219.45600000000002,0.7680960000000001,0.7372902691940141,Utilities,0.7372902691940141,,
2020-07-01,199756,EE1,buy,rebalance,1.0,67.25,2020-07-01,67.25,0.235375,0.7420591462043976,Utilities,0.7420591462043976,,
2020-07-01,199645,HRL,buy,rebalance,3.0,39.009,2020-07-01,117.027,0.40959450000000003,0.7382983320727323,Consumer Defensive,0.7382983320727323,,
2020-07-01,196598,RSG,buy,rebalance,1.0,75.125,2020-07-01,75.125,0.2629375,0.736863126072936,Industrials,0.736863126072936,,
2020-07-01,196115,MDLZ,buy,rebalance,2.0,43.785,2020-07-01,87.57,0.30649499999999996,0.7368073154483895,Consumer Defensive,0.7368073154483895,,
2020-07-01,198739,VZ,buy,rebalance,3.0,37.7,2020-07-01,113.10000000000001,0.39585000000000004,0.7348530239851145,Communication Services,0.7348530239851145,,
2020-07-01,198681,EXPD,buy,rebalance,1.0,71.167,2020-07-01,71.167,0.24908450000000001,0.7347463659651334,Industrials,0.7347463659651334,,
2020-07-01,198366,CMS,buy,rebalance,2.0,49.299,2020-07-01,98.598,0.345093,0.7343279568405441,Utilities,0.7343279568405441,,
2020-07-01,199120,CHD,buy,rebalance,1.0,72.362,2020-07-01,72.362,0.25326699999999996,0.7337058657545747,Consumer Defensive,0.7337058657545747,,
2020-07-01,199972,AEP,buy,rebalance,1.0,65.7,2020-07-01,65.7,0.22995000000000002,0.733631473779318,Utilities,0.733631473779318,,
2020-08-03,199645,HRL,buy,rebalance,3.0,41.973,2020-08-03,125.919,0.4407165,0.7382983320727323,Consumer Defensive,0.7382983320727323,,
2020-08-03,196598,RSG,buy,rebalance,1.0,80.7,2020-08-03,80.7,0.28245000000000003,0.736863126072936,Industrials,0.736863126072936,,
2020-08-03,196115,MDLZ,buy,rebalance,3.0,47.565,2020-08-03,142.695,0.4994325,0.7368073154483894,Consumer Defensive,0.7368073154483894,,
2020-08-03,198739,VZ,buy,rebalance,3.0,39.922,2020-08-03,119.76599999999999,0.41918099999999997,0.7348530239851144,Communication Services,0.7348530239851144,,
2020-08-03,198681,EXPD,buy,rebalance,1.0,80.172,2020-08-03,80.172,0.280602,0.7347463659651333,Industrials,0.7347463659651333,,
2020-08-03,198366,CMS,buy,rebalance,2.0,51.773,2020-08-03,103.546,0.36241100000000004,0.7343279568405441,Utilities,0.7343279568405441,,
2020-08-03,199120,CHD,buy,rebalance,1.0,86.769,2020-08-03,86.769,0.3036915,0.7337058657545747,Consumer Defensive,0.7337058657545747,,
2020-08-03,199972,AEP,buy,rebalance,2.0,68.721,2020-08-03,137.442,0.48104700000000006,0.733631473779318,Utilities,0.733631473779318,,
2020-08-03,198260,WM,buy,rebalance,1.0,98.984,2020-08-03,98.984,0.346444,0.7333409856881591,Industrials,0.7333409856881591,,
2020-09-01,199756,EE1,sell,delisted,1.0,68.41,2020-07-28,68.41,0.23943499999999998,,,,67.485375,0.6851899999999915
2020-09-01,199645,HRL,buy,rebalance,3.0,41.883,2020-09-01,125.649,0.43977150000000004,0.7382983320727323,Consumer Defensive,0.7382983320727323,,
2020-09-01,196598,RSG,buy,rebalance,1.0,86.108,2020-09-01,86.108,0.30137800000000003,0.736863126072936,Industrials,0.736863126072936,,
2020-09-01,196115,MDLZ,buy,rebalance,3.0,49.888,2020-09-01,149.664,0.523824,0.7368073154483895,Consumer Defensive,0.7368073154483895,,
2020-09-01,198739,VZ,buy,rebalance,3.0,41.261,2020-09-01,123.78300000000002,0.4332405000000001,0.7348530239851145,Communication Services,0.7348530239851145,,
2020-09-01,198681,EXPD,buy,rebalance,1.0,83.768,2020-09-01,83.768,0.293188,0.7347463659651333,Industrials,0.7347463659651333,,
2020-09-01,198366,CMS,buy,rebalance,3.0,49.839,2020-09-01,149.517,0.5233095,0.734327956840544,Utilities,0.734327956840544,,
2020-09-01,199120,CHD,buy,rebalance,1.0,88.777,2020-09-01,88.777,0.31071950000000004,0.7337058657545746,Consumer Defensive,0.7337058657545746,,
2020-09-01,199972,AEP,buy,rebalance,2.0,62.855,2020-09-01,125.71,0.439985,0.733631473779318,Utilities,0.733631473779318,,
2020-09-01,198260,WM,buy,rebalance,1.0,103.216,2020-09-01,103.216,0.36125599999999997,0.7333409856881591,Industrials,0.7333409856881591,,
2020-10-01,199685,GIS,buy,rebalance,3.0,49.796,2020-10-01,149.388,0.522858,0.7386352305415493,Consumer Defensive,0.7386352305415493,,
2020-10-01,196115,MDLZ,buy,rebalance,3.0,49.917,2020-10-01,149.751,0.5241285,0.7376295421824601,Consumer Defensive,0.7376295421824601,,
2020-10-01,198366,CMS,buy,rebalance,3.0,51.048,2020-10-01,153.144,0.536004,0.7369053809888126,Utilities,0.7369053809888126,,
2020-10-01,199645,HRL,buy,rebalance,3.0,40.718,2020-10-01,122.15400000000001,0.42753900000000006,0.7359991134026113,Consumer Defensive,0.7359991134026113,,
2020-10-01,192908,COR2,buy,rebalance,1.0,114.335,2020-10-01,114.335,0.4001725,0.735893605215233,Real Estate,0.735893605215233,,
2020-10-01,198260,WM,buy,rebalance,1.0,103.037,2020-10-01,103.037,0.36062950000000005,0.735519893585661,Industrials,0.735519893585661,,
2020-10-01,196598,RSG,buy,rebalance,1.0,86.204,2020-10-01,86.204,0.301714,0.7345407814455746,Industrials,0.7345407814455746,,
2020-10-01,199836,CL,buy,rebalance,2.0,66.94,2020-10-01,133.88,0.46858,0.7342128800421397,Consumer Defensive,0.7342128800421397,,
2020-10-01,198739,VZ,buy,rebalance,3.0,41.464,2020-10-01,124.392,0.435372,0.7340758200106957,Communication Services,0.7340758200106957,,
2020-11-02,199685,GIS,buy,rebalance,3.0,47.931,2020-11-02,143.793,0.5032755,0.7386352305415493,Consumer Defensive,0.7386352305415493,,
2020-11-02,196115,MDLZ,buy,rebalance,3.0,46.839,2020-11-02,140.517,0.4918095,0.7376295421824601,Consumer Defensive,0.7376295421824601,,
2020-11-02,198366,CMS,buy,rebalance,2.0,53.257,2020-11-02,106.514,0.372799,0.7369053809888126,Utilities,0.7369053809888126,,
2020-11-02,199645,HRL,buy,rebalance,3.0,41.058,2020-11-02,123.174,0.431109,0.7359991134026113,Consumer Defensive,0.7359991134026113,,
2020-11-02,192908,COR2,buy,rebalance,1.0,115.711,2020-11-02,115.711,0.40498850000000003,0.735893605215233,Real Estate,0.735893605215233,,
2020-11-02,198260,WM,buy,rebalance,1.0,101.011,2020-11-02,101.011,0.3535385,0.735519893585661,Industrials,0.735519893585661,,
2020-11-02,196598,RSG,buy,rebalance,1.0,83.32,2020-11-02,83.32,0.29162,0.7345407814455746,Industrials,0.7345407814455746,,
2020-11-02,199836,CL,buy,rebalance,2.0,70.02,2020-11-02,140.04,0.49013999999999996,0.7342128800421397,Consumer Defensive,0.7342128800421397,,
2020-11-02,198739,VZ,buy,rebalance,3.0,40.67,2020-11-02,122.01,0.42703500000000005,0.7340758200106957,Communication Services,0.7340758200106957,,
2020-12-01,199685,GIS,buy,rebalance,2.0,49.199,2020-12-01,98.398,0.344393,0.7386352305415493,Consumer Defensive,0.7386352305415493,,
2020-12-01,196115,MDLZ,buy,rebalance,2.0,50.391,2020-12-01,100.782,0.352737,0.7376295421824601,Consumer Defensive,0.7376295421824601,,
2020-12-01,198366,CMS,buy,rebalance,2.0,51.229,2020-12-01,102.458,0.358603,0.7369053809888126,Utilities,0.7369053809888126,,
2020-12-01,199645,HRL,buy,rebalance,3.0,39.456,2020-12-01,118.36800000000001,0.41428800000000005,0.7359991134026113,Consumer Defensive,0.7359991134026113,,
2020-12-01,192908,COR2,buy,rebalance,1.0,119.463,2020-12-01,119.463,0.4181205,0.735893605215233,Real Estate,0.735893605215233,,
2020-12-01,198260,WM,buy,rebalance,1.0,109.198,2020-12-01,109.198,0.382193,0.735519893585661,Industrials,0.735519893585661,,
2020-12-01,196598,RSG,buy,rebalance,1.0,90.08,2020-12-01,90.08,0.31528,0.7345407814455746,Industrials,0.7345407814455746,,
2020-12-01,199836,CL,buy,rebalance,1.0,75.348,2020-12-01,75.348,0.263718,0.7342128800421397,Consumer Defensive,0.7342128800421397,,
2020-12-01,198739,VZ,buy,rebalance,3.0,42.7,2020-12-01,128.10000000000002,0.4483500000000001,0.7340758200106957,Communication Services,0.7340758200106957,,
2021-05-03,124603,TCP,sell,delisted,52.0,30.21,2021-03-02,1570.92,5.498220000000001,,,,1125.019836,440.4019440000002
2021-10-01,198233,WRI,sell,delisted,147.0,31.44,2021-08-03,4621.68,16.175880000000003,,,,2591.6742225,2013.8298975000007
2022-02-01,192908,COR2,sell,delisted,3.0,169.41,2021-12-27,508.23,1.7788050000000002,,,,350.7322815,155.71891350000004
2022-04-01,199518,MNR2,sell,delisted,416.0,20.98,2022-02-24,8727.68,30.54688,,,,1424.9589615,7272.1741585
2022-09-01,198004,PSB,sell,delisted,31.0,187.44,2022-07-19,5810.64,20.33724,,,,1709.982063,4080.3206970000006
2022-11-01,198539,DRE,sell,delisted,21.0,48.2,2022-09-30,1012.2,3.5427000000000004,,,,363.25596149999996,645.4013385000001
2023-09-01,197266,LSI,sell,delisted,98.0,133.1,2023-07-19,13043.8,45.6533,,,,1280.5613325000002,11717.5853675
2023-10-02,196927,UBA,sell,delisted,96.0,21.14,2023-08-17,2029.44,7.10304,,,,1397.3857919999998,624.9511680000003
2023-11-01,195934,MMP,sell,delisted,219.0,69.0,2023-09-22,15111.0,52.8885,,,,2311.477956,12746.633544
