date,asset,ticker,side,reason,shares,price,price_date,gross,cost,combined_score,group,score_forest_nonloser_dd30_3y,score_factor_mom_12_2_3y,cost_basis,profit
2005-01-03,197515,AVB,buy,rebalance,2.0,34.56,2005-01-03,69.12,0.24192000000000002,-288.5,Real Estate,0.7698174546393518,0.8235160336593131,,
2005-01-03,197777,LTC,buy,rebalance,18.0,5.533,2005-01-03,99.59400000000001,0.348579,-294.5,Real Estate,0.6463789504313314,0.8721855810780077,,
2005-01-03,198445,OXY,buy,rebalance,6.0,14.624,2005-01-03,87.744,0.307104,-311.5,Energy,0.6392335705023933,0.8683193086195133,,
2005-01-03,169024,THX,buy,rebalance,1.0,52.82,2005-01-03,52.82,0.18487,-329.0,Energy,0.5967026858986804,0.8992494882874688,,
2005-01-03,198649,STR1,buy,rebalance,16.0,6.158,2005-01-03,98.528,0.34484800000000004,-339.0,Utilities,0.6655380756939152,0.8267000227427792,,
2005-01-03,186663,BDK,buy,rebalance,1.0,78.641,2005-01-03,78.641,0.27524350000000003,-346.0,Industrials,0.5783899434694932,0.9103934500795997,,
2005-01-03,124040,SCNYB,buy,rebalance,3.0,26.371,2005-01-03,79.113,0.2768955,-347.0,Consumer Cyclical,0.5856336807014635,0.901296338412554,,
2005-01-03,196981,TXU,buy,rebalance,3.0,29.261,2005-01-03,87.783,0.3072405,-348.0,Utilities,0.5309954666068488,0.9711166704571299,,
2005-01-03,199673,GGG,buy,rebalance,11.0,8.563,2005-01-03,94.19300000000001,0.32967550000000007,-354.0,Industrials,0.6877925799341069,0.8066863770752786,,
2005-01-03,199915,BCR,buy,rebalance,1.0,59.387,2005-01-03,59.387,0.2078545,-408.0,Healthcare,0.6196334152477092,0.829656584034569,,
2005-02-01,197515,AVB,buy,rebalance,3.0,31.54,2005-02-01,94.62,0.33117,-286.0,Real Estate,0.7698174546393519,0.8235160336593131,,
2005-02-01,197777,LTC,buy,rebalance,21.0,5.5,2005-02-01,115.5,0.40425,-292.0,Real Estate,0.6463789504313314,0.8721855810780077,,
2005-02-01,198445,OXY,buy,rebalance,7.0,15.361,2005-02-01,107.527,0.3763445,-308.5,Energy,0.6392335705023933,0.8683193086195133,,
2005-02-01,169024,THX,buy,rebalance,2.0,55.06,2005-02-01,110.12,0.38542000000000004,-326.0,Energy,0.5967026858986804,0.8992494882874688,,
2005-02-01,198649,STR1,buy,rebalance,18.0,6.433,2005-02-01,115.794,0.405279,-336.5,Utilities,0.6655380756939152,0.8267000227427792,,
2005-02-01,186663,BDK,buy,rebalance,1.0,74.357,2005-02-01,74.357,0.2602495,-343.5,Industrials,0.5783899434694932,0.9103934500795997,,
2005-02-01,124040,SCNYB,buy,rebalance,4.0,27.565,2005-02-01,110.26,0.38591000000000003,-344.0,Consumer Cyclical,0.5856336807014635,0.901296338412554,,
2005-02-01,196981,TXU,buy,rebalance,3.0,31.992,2005-02-01,95.976,0.335916,-345.5,Utilities,0.5309954666068488,0.9711166704571299,,
2005-02-01,199673,GGG,buy,rebalance,14.0,8.437,2005-02-01,118.118,0.413413,-351.5,Industrials,0.6877925799341068,0.8066863770752786,,
2005-02-01,199915,BCR,buy,rebalance,1.0,63.586,2005-02-01,63.586,0.222551,-404.5,Healthcare,0.6196334152477092,0.829656584034569,,
2005-03-01,197515,AVB,buy,rebalance,3.0,32.404,2005-03-01,97.21200000000002,0.34024200000000004,-285.0,Real Estate,0.7698174546393518,0.8235160336593131,,
2005-03-01,197777,LTC,buy,rebalance,22.0,5.181,2005-03-01,113.982,0.398937,-291.0,Real Estate,0.6463789504313314,0.8721855810780077,,
2005-03-01,198445,OXY,buy,rebalance,6.0,17.924,2005-03-01,107.544,0.376404,-307.5,Energy,0.6392335705023933,0.8683193086195133,,
2005-03-01,169024,THX,buy,rebalance,2.0,56.48,2005-03-01,112.96,0.39536,-325.0,Energy,0.5967026858986804,0.8992494882874688,,
2005-03-01,198649,STR1,buy,rebalance,17.0,6.686,2005-03-01,113.662,0.39781700000000003,-335.5,Utilities,0.6655380756939152,0.8267000227427792,,
2005-03-01,186663,BDK,buy,rebalance,1.0,75.307,2005-03-01,75.307,0.2635745,-342.5,Industrials,0.5783899434694932,0.9103934500795997,,
2005-03-01,124040,SCNYB,buy,rebalance,4.0,25.874,2005-03-01,103.496,0.362236,-343.0,Consumer Cyclical,0.5856336807014635,0.901296338412554,,
2005-03-01,196981,TXU,buy,rebalance,3.0,35.209,2005-03-01,105.62700000000001,0.36969450000000004,-344.0,Utilities,0.5309954666068488,0.9711166704571299,,
2005-03-01,199673,GGG,buy,rebalance,13.0,9.013,2005-03-01,117.169,0.4100915,-350.5,Industrials,0.6877925799341068,0.8066863770752786,,
2005-03-01,199915,BCR,buy,rebalance,1.0,62.073,2005-03-01,62.073,0.21725550000000002,-403.0,Healthcare,0.6196334152477092,0.829656584034569,,
2005-04-01,197515,AVB,buy,rebalance,3.0,31.304,2005-04-01,93.91199999999999,0.328692,-207.0,Real Estate,0.7679565237941279,0.8768809849521204,,
2005-04-01,199913,BRN,buy,rebalance,6.0,16.931,2005-04-01,101.58600000000001,0.35555100000000006,-252.5,Energy,0.5736030191099759,0.970360237118103,,
2005-04-01,198645,MGRC,buy,rebalance,9.0,12.56,2005-04-01,113.04,0.39564000000000005,-266.5,Industrials,0.6483378070098912,0.883264933880529,,
2005-04-01,199652,HSY,buy,rebalance,3.0,35.621,2005-04-01,106.863,0.37402050000000003,-274.0,Consumer Defensive,0.662184943135343,0.8689010487916097,,
2005-04-01,199288,TPL,buy,rebalance,40.0,2.863,2005-04-01,114.52,0.40082,-310.0,Energy,0.5588899519426379,0.9548563611491108,,
2005-04-01,172871,LAF,buy,rebalance,2.0,57.668,2005-04-01,115.336,0.403676,-317.5,Basic Materials,0.6525211238391951,0.8506611947104423,,
2005-04-01,183304,RA1,buy,rebalance,4.0,28.239,2005-04-01,112.956,0.39534600000000003,-319.0,Real Estate,0.706820981520815,0.826265389876881,,
2005-04-01,196333,ARLP,buy,rebalance,39.0,2.94,2005-04-01,114.66,0.40131,-353.5,Basic Materials,0.5308747954125118,0.9648882808937529,,
2005-05-02,197515,AVB,buy,rebalance,3.0,33.792,2005-05-02,101.376,0.354816,-205.0,Real Estate,0.767956523794128,0.8768809849521204,,
2005-05-02,199913,BRN,buy,rebalance,6.0,20.056,2005-05-02,120.33600000000001,0.42117600000000005,-252.0,Energy,0.5736030191099759,0.970360237118103,,
2005-05-02,198645,MGRC,buy,rebalance,10.0,12.443,2005-05-02,124.42999999999999,0.435505,-264.5,Industrials,0.6483378070098911,0.883264933880529,,
2005-05-02,199652,HSY,buy,rebalance,3.0,37.761,2005-05-02,113.28300000000002,0.3964905000000001,-272.0,Consumer Defensive,0.662184943135343,0.8689010487916097,,
2005-05-02,199288,TPL,buy,rebalance,40.0,3.155,2005-05-02,126.19999999999999,0.4417,-309.0,Energy,0.5588899519426379,0.9548563611491108,,
2005-05-02,172871,LAF,buy,rebalance,2.0,54.625,2005-05-02,109.25,0.382375,-315.0,Basic Materials,0.6525211238391951,0.8506611947104423,,
2005-05-02,183304,RA1,buy,rebalance,4.0,29.648,2005-05-02,118.592,0.415072,-316.5,Real Estate,0.706820981520815,0.826265389876881,,
2005-05-02,196333,ARLP,buy,rebalance,43.0,2.978,2005-05-02,128.054,0.448189,-352.5,Basic Materials,0.5308747954125118,0.9648882808937529,,
2005-06-01,197515,AVB,buy,rebalance,3.0,35.839,2005-06-01,107.517,0.3763095,-203.0,Real Estate,0.7679565237941282,0.8768809849521204,,
2005-06-01,199913,BRN,buy,rebalance,6.0,19.537,2005-06-01,117.222,0.410277,-252.0,Energy,0.573603019109976,0.970360237118103,,
2005-06-01,198645,MGRC,buy,rebalance,10.0,13.122,2005-06-01,131.22,0.45927,-263.0,Industrials,0.6483378070098912,0.883264933880529,,
2005-06-01,199652,HSY,buy,rebalance,3.0,38.537,2005-06-01,115.61099999999999,0.40463849999999996,-270.0,Consumer Defensive,0.662184943135343,0.8689010487916097,,
2005-06-01,199288,TPL,buy,rebalance,42.0,3.153,2005-06-01,132.426,0.463491,-309.0,Energy,0.5588899519426379,0.9548563611491108,,
2005-06-01,172871,LAF,buy,rebalance,2.0,59.859,2005-06-01,119.718,0.419013,-312.5,Basic Materials,0.6525211238391952,0.8506611947104423,,
2005-06-01,183304,RA1,buy,rebalance,4.0,29.379,2005-06-01,117.516,0.411306,-313.5,Real Estate,0.7068209815208151,0.826265389876881,,
2005-06-01,196333,ARLP,buy,rebalance,40.0,3.279,2005-06-01,131.16,0.45906,-352.0,Basic Materials,0.5308747954125118,0.9648882808937529,,
2005-07-01,168303,CMM,buy,rebalance,6.0,22.11,2005-07-01,132.66,0.46431,-187.0,Real Estate,0.6374285305301292,0.9412835685025034,,
2005-07-01,197581,CBLAQ,buy,rebalance,10.0,13.449,2005-07-01,134.49,0.47071500000000005,-198.5,Real Estate,0.7560116636228246,0.889849795175239,,
2005-07-01,195607,NRP,buy,rebalance,2.0,58.215,2005-07-01,116.43,0.407505,-247.5,Basic Materials,0.6472361289003494,0.8994082840236687,,
2005-07-01,198649,STR1,buy,rebalance,15.0,8.587,2005-07-01,128.805,0.45081750000000004,-294.0,Utilities,0.616495037131506,0.9012289485662267,,
2005-07-01,116116,KPP,buy,rebalance,2.0,61.46,2005-07-01,122.92,0.43022,-298.0,Energy,0.7068682060873631,0.8475193445607647,,
2005-07-01,197083,ETP1,buy,rebalance,4.0,27.423,2005-07-01,109.692,0.383922,-319.5,Energy,0.6127038347293103,0.8914428766499772,,
2005-07-01,172871,LAF,buy,rebalance,2.0,62.302,2005-07-01,124.604,0.436114,-329.0,Basic Materials,0.653664947551766,0.8538916704597178,,
2005-07-01,195845,COL,buy,rebalance,3.0,38.273,2005-07-01,114.81900000000002,0.40186650000000007,-357.5,Industrials,0.6037352720434664,0.8789258079198907,,
2005-08-01,116116,KPP,sell,delisted,2.0,61.46,2005-06-30,122.92,0.43022,,,,,123.35022000000001,-0.8604400000000112
2005-08-01,168303,CMM,buy,rebalance,6.0,21.55,2005-08-01,129.3,0.45255000000000006,-186.0,Real Estate,0.6374285305301292,0.9412835685025034,,
2005-08-01,197581,CBLAQ,buy,rebalance,10.0,14.243,2005-08-01,142.43,0.49850500000000003,-196.0,Real Estate,0.7560116636228246,0.889849795175239,,
2005-08-01,195607,NRP,buy,rebalance,2.0,66.567,2005-08-01,133.134,0.46596899999999997,-245.5,Basic Materials,0.6472361289003494,0.8994082840236687,,
2005-08-01,198649,STR1,buy,rebalance,16.0,8.969,2005-08-01,143.504,0.5022639999999999,-292.0,Utilities,0.616495037131506,0.9012289485662267,,
2005-08-01,197083,ETP1,buy,rebalance,4.0,30.422,2005-08-01,121.688,0.425908,-317.5,Energy,0.6127038347293103,0.8914428766499772,,
2005-08-01,189743,OVV,buy,rebalance,2.0,69.654,2005-08-01,139.308,0.487578,-323.0,Energy,0.5705842521673659,0.9326354119253527,,
2005-08-01,172871,LAF,buy,rebalance,2.0,68.74,2005-08-01,137.48,0.48118,-326.5,Basic Materials,0.653664947551766,0.8538916704597178,,
2005-08-01,195845,COL,buy,rebalance,3.0,39.682,2005-08-01,119.046,0.41666100000000006,-355.0,Industrials,0.6037352720434664,0.8789258079198907,,
2005-09-01,168303,CMM,buy,rebalance,7.0,18.5,2005-09-01,129.5,0.45325,-185.0,Real Estate,0.6374285305301293,0.9412835685025034,,
2005-09-01,197581,CBLAQ,buy,rebalance,10.0,13.109,2005-09-01,131.09,0.45881500000000003,-195.5,Real Estate,0.7560116636228246,0.889849795175239,,
2005-09-01,195607,NRP,buy,rebalance,2.0,63.381,2005-09-01,126.762,0.44366700000000003,-244.5,Basic Materials,0.6472361289003494,0.8994082840236687,,
2005-09-01,198649,STR1,buy,rebalance,14.0,9.979,2005-09-01,139.706,0.488971,-291.0,Utilities,0.616495037131506,0.9012289485662267,,
2005-09-01,197083,ETP1,buy,rebalance,4.0,29.483,2005-09-01,117.932,0.412762,-316.5,Energy,0.6127038347293102,0.8914428766499772,,
2005-09-01,189743,OVV,buy,rebalance,1.0,85.295,2005-09-01,85.295,0.29853250000000003,-322.0,Energy,0.5705842521673657,0.9326354119253527,,
2005-09-01,172871,LAF,buy,rebalance,2.0,67.113,2005-09-01,134.226,0.469791,-324.5,Basic Materials,0.653664947551766,0.8538916704597178,,
2005-09-01,195845,COL,buy,rebalance,3.0,39.016,2005-09-01,117.048,0.40966800000000003,-354.0,Industrials,0.6037352720434664,0.8789258079198907,,
2005-10-03,199728,CLGX,buy,rebalance,6.0,23.37,2005-10-03,140.22,0.49077,-320.5,Technology,0.6880361225836976,0.8379114642451759,,
2005-10-03,197083,ETP1,buy,rebalance,5.0,27.723,2005-10-03,138.615,0.48515250000000004,-335.0,Energy,0.6294178855684983,0.8626560726447219,,
2005-10-03,199288,TPL,buy,rebalance,52.0,2.736,2005-10-03,142.27200000000002,0.49795200000000006,-339.0,Energy,0.5467913989504404,0.9518728717366629,,
2005-10-03,197828,UGI,buy,rebalance,15.0,9.46,2005-10-03,141.9,0.49665000000000004,-342.0,Utilities,0.6273591682440129,0.8603859250851306,,
2005-10-03,177864,BOY,buy,rebalance,16.0,8.622,2005-10-03,137.952,0.482832,-355.0,Real Estate,0.6000507814785756,0.8785471055618616,,
2005-10-03,198686,JOE,buy,rebalance,2.0,57.099,2005-10-03,114.198,0.39969299999999996,-375.5,Real Estate,0.5654403054204395,0.9082860385925086,,
2005-10-03,198076,POT,buy,rebalance,18.0,7.811,2005-10-03,140.598,0.49209300000000006,-378.0,Basic Materials,0.5549807885085669,0.9171396140749148,,
2005-10-03,198649,STR1,buy,rebalance,12.0,11.418,2005-10-03,137.016,0.479556,-383.5,Utilities,0.605509638379965,0.8572077185017026,,
2005-11-01,124040,SCNYB,sell,delisted,11.0,22.97,2005-09-16,252.67,0.8843449999999999,,,,,293.89404149999996,-42.108386499999966
2005-11-01,199728,CLGX,buy,rebalance,7.0,22.489,2005-11-01,157.423,0.5509805,-319.0,Technology,0.6880361225836976,0.8379114642451759,,
2005-11-01,197083,ETP1,buy,rebalance,5.0,26.776,2005-11-01,133.88,0.46858,-333.5,Energy,0.6294178855684984,0.8626560726447219,,
2005-11-01,199288,TPL,buy,rebalance,58.0,2.725,2005-11-01,158.05,0.5531750000000001,-336.5,Energy,0.5467913989504405,0.9518728717366629,,
2005-11-01,197828,UGI,buy,rebalance,20.0,7.745,2005-11-01,154.9,0.54215,-340.5,Utilities,0.6273591682440129,0.8603859250851306,,
2005-11-01,177864,BOY,buy,rebalance,21.0,7.57,2005-11-01,158.97,0.556395,-353.0,Real Estate,0.6000507814785756,0.8785471055618616,,
2005-11-01,198686,JOE,buy,rebalance,2.0,60.483,2005-11-01,120.966,0.423381,-373.0,Real Estate,0.5654403054204395,0.9082860385925086,,
2005-11-01,198076,POT,buy,rebalance,22.0,7.017,2005-11-01,154.374,0.540309,-375.5,Basic Materials,0.5549807885085669,0.9171396140749148,,
2005-11-01,198649,STR1,buy,rebalance,16.0,9.954,2005-11-01,159.264,0.557424,-381.5,Utilities,0.605509638379965,0.8572077185017026,,
2005-12-01,199728,CLGX,buy,rebalance,5.0,24.374,2005-12-01,121.86999999999999,0.42654499999999995,-316.0,Technology,0.6880361225836976,0.8379114642451759,,
2005-12-01,197083,ETP1,buy,rebalance,5.0,26.618,2005-12-01,133.09,0.46581500000000003,-332.0,Energy,0.6294178855684983,0.8626560726447219,,
2005-12-01,199288,TPL,buy,rebalance,50.0,2.763,2005-12-01,138.15,0.48352500000000004,-334.5,Energy,0.5467913989504405,0.9518728717366629,,
2005-12-01,197828,UGI,buy,rebalance,18.0,7.527,2005-12-01,135.486,0.474201,-338.5,Utilities,0.6273591682440129,0.8603859250851306,,
2005-12-01,177864,BOY,buy,rebalance,16.0,8.304,2005-12-01,132.864,0.46502400000000005,-352.0,Real Estate,0.6000507814785756,0.8785471055618616,,
2005-12-01,198686,JOE,buy,rebalance,2.0,61.709,2005-12-01,123.418,0.43196300000000004,-371.5,Real Estate,0.5654403054204397,0.9082860385925086,,
2005-12-01,198076,POT,buy,rebalance,21.0,6.413,2005-12-01,134.673,0.47135550000000004,-373.5,Basic Materials,0.5549807885085669,0.9171396140749148,,
2005-12-01,198649,STR1,buy,rebalance,14.0,9.752,2005-12-01,136.52800000000002,0.4778480000000001,-379.5,Utilities,0.605509638379965,0.8572077185017026,,
2006-01-03,178243,INGR1,buy,rebalance,2.0,49.97,2006-01-03,99.94,0.34979,-213.5,Technology,0.6517214055074552,0.9185675182481752,,
2006-01-03,116077,KMI1,buy,rebalance,1.0,89.619,2006-01-03,89.619,0.3136665,-265.0,Utilities,0.7049101835464343,0.8679288321167883,,
2006-01-03,198242,EIX,buy,rebalance,6.0,21.49,2006-01-03,128.94,0.45129,-311.5,Utilities,0.6192340948463361,0.8932481751824818,,
2006-01-03,196847,TUC,buy,rebalance,11.0,11.54,2006-01-03,126.94,0.44429,-341.5,Consumer Cyclical,0.6017624989348368,0.8923357664233577,,
2006-01-03,199711,FCE.A,buy,rebalance,3.0,34.385,2006-01-03,103.155,0.3610425,-370.5,Real Estate,0.7282339586841245,0.8008667883211679,,
2006-01-03,197383,DVA,buy,rebalance,5.0,25.76,2006-01-03,128.8,0.45080000000000003,-374.5,Healthcare,0.6031895585031674,0.874315693430657,,
2006-01-03,197513,MLM,buy,rebalance,2.0,62.368,2006-01-03,124.736,0.436576,-376.0,Basic Materials,0.6106186880591097,0.8661040145985401,,
2006-01-03,123288,TUG1,buy,rebalance,5.0,25.926,2006-01-03,129.63,0.45370499999999997,-378.5,Energy,0.5579523650002922,0.9315693430656934,,
2006-01-03,177855,RCI1,buy,rebalance,2.0,47.26,2006-01-03,94.52,0.33082,-383.5,Healthcare,0.6264449762430345,0.8505930656934306,,
2006-01-03,167098,RBA,buy,rebalance,13.0,9.682,2006-01-03,125.866,0.440531,-385.0,Industrials,0.6501886014618894,0.8264142335766423,,
2006-02-01,178243,INGR1,buy,rebalance,3.0,38.83,2006-02-01,116.49,0.407715,-212.5,Technology,0.6517214055074552,0.9185675182481752,,
2006-02-01,116077,KMI1,buy,rebalance,1.0,91.666,2006-02-01,91.666,0.320831,-262.5,Utilities,0.7049101835464343,0.8679288321167883,,
2006-02-01,198242,EIX,buy,rebalance,5.0,21.043,2006-02-01,105.215,0.36825250000000004,-310.5,Utilities,0.6192340948463361,0.8932481751824818,,
2006-02-01,196847,TUC,buy,rebalance,9.0,12.49,2006-02-01,112.41,0.393435,-340.5,Consumer Cyclical,0.6017624989348368,0.8923357664233577,,
2006-02-01,199711,FCE.A,buy,rebalance,3.0,35.203,2006-02-01,105.60900000000001,0.36963150000000006,-367.0,Real Estate,0.7282339586841245,0.8008667883211679,,
2006-02-01,197383,DVA,buy,rebalance,4.0,27.095,2006-02-01,108.38,0.37933,-372.0,Healthcare,0.6031895585031674,0.874315693430657,,
2006-02-01,197513,MLM,buy,rebalance,1.0,72.146,2006-02-01,72.146,0.252511,-373.5,Basic Materials,0.6106186880591097,0.8661040145985401,,
2006-02-01,123288,TUG1,buy,rebalance,4.0,25.679,2006-02-01,102.716,0.359506,-377.0,Energy,0.5579523650002923,0.9315693430656934,,
2006-02-01,177855,RCI1,buy,rebalance,2.0,47.44,2006-02-01,94.88,0.33208,-381.0,Healthcare,0.6264449762430344,0.8505930656934306,,
2006-02-01,167098,RBA,buy,rebalance,11.0,10.062,2006-02-01,110.68199999999999,0.387387,-382.0,Industrials,0.6501886014618895,0.8264142335766423,,
2006-03-01,168303,CMM,sell,delisted,19.0,20.0,2006-01-18,380.0,1.33,,,,,392.83011,-14.160109999999975
2006-03-01,178243,INGR1,buy,rebalance,4.0,37.2,2006-03-01,148.8,0.5208,-212.0,Technology,0.6517214055074552,0.9185675182481752,,
2006-03-01,116077,KMI1,buy,rebalance,1.0,90.22,2006-03-01,90.22,0.31577,-261.5,Utilities,0.7049101835464343,0.8679288321167883,,
2006-03-01,198242,EIX,buy,rebalance,7.0,21.259,2006-03-01,148.813,0.5208455,-309.5,Utilities,0.6192340948463361,0.8932481751824818,,
2006-03-01,196847,TUC,buy,rebalance,12.0,12.09,2006-03-01,145.07999999999998,0.50778,-339.5,Consumer Cyclical,0.6017624989348368,0.8923357664233577,,
2006-03-01,199711,FCE.A,buy,rebalance,4.0,36.829,2006-03-01,147.316,0.515606,-365.5,Real Estate,0.7282339586841245,0.8008667883211679,,
2006-03-01,197383,DVA,buy,rebalance,5.0,29.085,2006-03-01,145.425,0.5089875,-370.5,Healthcare,0.6031895585031674,0.874315693430657,,
2006-03-01,197513,MLM,buy,rebalance,1.0,78.374,2006-03-01,78.374,0.27430899999999997,-372.0,Basic Materials,0.6106186880591097,0.8661040145985401,,
2006-03-01,123288,TUG1,buy,rebalance,6.0,22.499,2006-03-01,134.994,0.472479,-376.0,Energy,0.5579523650002923,0.9315693430656934,,
2006-03-01,177855,RCI1,buy,rebalance,3.0,47.74,2006-03-01,143.22,0.50127,-380.0,Healthcare,0.6264449762430344,0.8505930656934306,,
2006-03-01,167098,RBA,buy,rebalance,14.0,10.965,2006-03-01,153.51,0.537285,-380.5,Industrials,0.6501886014618895,0.8264142335766423,,
2006-04-03,196950,KRC,buy,rebalance,3.0,33.458,2006-04-03,100.374,0.351309,-263.0,Real Estate,0.7436224637478603,0.870561282932417,,
2006-04-03,197638,PZZA,buy,rebalance,9.0,12.564,2006-04-03,113.076,0.395766,-284.0,Consumer Cyclical,0.6111721383124118,0.920274914089347,,
2006-04-03,196819,SLG,buy,rebalance,2.0,45.579,2006-04-03,91.158,0.31905300000000003,-334.5,Real Estate,0.7453813204146753,0.8334478808705613,,
2006-04-03,199890,BF.B,buy,rebalance,11.0,10.236,2006-04-03,112.596,0.39408600000000005,-374.5,Consumer Defensive,0.6740278260740471,0.8311569301260023,,
2006-04-03,192161,ESRX,buy,rebalance,5.0,21.907,2006-04-03,109.535,0.3833725,-401.0,Healthcare,0.5341603094464296,0.9523482245131729,,
2006-04-03,196607,MCO,buy,rebalance,2.0,57.111,2006-04-03,114.222,0.399777,-433.0,Financial Services,0.6318435438855483,0.8306987399770905,,
2006-04-03,196744,CHH,buy,rebalance,4.0,25.696,2006-04-03,102.784,0.359744,-433.5,Consumer Cyclical,0.5808200955884258,0.8753722794959908,,
2006-04-03,198103,AGN1,buy,rebalance,2.0,54.455,2006-04-03,108.91,0.381185,-433.5,Healthcare,0.5948970068097585,0.8602520045819015,,
2006-04-03,197312,BNI,buy,rebalance,1.0,80.454,2006-04-03,80.454,0.281589,-447.5,Industrials,0.5858814164934225,0.8630011454753723,,
2006-04-03,198649,STR1,buy,rebalance,13.0,9.189,2006-04-03,119.457,0.4180995,-453.0,Utilities,0.5607075021416477,0.8936998854524628,,
2006-05-01,177855,RCI1,sell,delisted,7.0,47.94,2006-03-30,335.58,1.17453,,,,,333.78417,0.6212999999999624
2006-05-01,196950,KRC,buy,rebalance,4.0,31.399,2006-05-01,125.596,0.43958600000000003,-259.5,Real Estate,0.7436224637478603,0.870561282932417,,
2006-05-01,197638,PZZA,buy,rebalance,11.0,12.983,2006-05-01,142.81300000000002,0.49984550000000005,-283.0,Consumer Cyclical,0.6111721383124118,0.920274914089347,,
2006-05-01,196819,SLG,buy,rebalance,3.0,45.765,2006-05-01,137.29500000000002,0.4805325000000001,-330.5,Real Estate,0.7453813204146753,0.8334478808705613,,
2006-05-01,199890,BF.B,buy,rebalance,15.0,9.789,2006-05-01,146.835,0.5139225000000001,-370.5,Consumer Defensive,0.6740278260740471,0.8311569301260023,,
2006-05-01,192161,ESRX,buy,rebalance,7.0,18.55,2006-05-01,129.85,0.45447499999999996,-399.5,Healthcare,0.5341603094464297,0.9523482245131729,,
2006-05-01,196607,MCO,buy,rebalance,3.0,47.333,2006-05-01,141.999,0.4969965,-429.0,Financial Services,0.6318435438855482,0.8306987399770905,,
2006-05-01,196744,CHH,buy,rebalance,4.0,29.667,2006-05-01,118.668,0.41533800000000004,-429.0,Consumer Cyclical,0.580820095588426,0.8753722794959908,,
2006-05-01,198103,AGN1,buy,rebalance,2.0,51.715,2006-05-01,103.43,0.362005,-429.0,Healthcare,0.5948970068097585,0.8602520045819015,,
2006-05-01,197312,BNI,buy,rebalance,1.0,74.997,2006-05-01,74.997,0.2624895,-443.0,Industrials,0.5858814164934226,0.8630011454753723,,
2006-05-01,198649,STR1,buy,rebalance,14.0,10.372,2006-05-01,145.208,0.508228,-449.0,Utilities,0.5607075021416477,0.8936998854524628,,
2006-06-01,196950,KRC,buy,rebalance,4.0,29.974,2006-06-01,119.896,0.419636,-258.5,Real Estate,0.7436224637478603,0.870561282932417,,
2006-06-01,197638,PZZA,buy,rebalance,9.0,12.417,2006-06-01,111.753,0.3911355,-282.0,Consumer Cyclical,0.6111721383124118,0.920274914089347,,
2006-06-01,196819,SLG,buy,rebalance,2.0,46.934,2006-06-01,93.868,0.328538,-328.5,Real Estate,0.7453813204146753,0.8334478808705613,,
2006-06-01,199890,BF.B,buy,rebalance,12.0,9.911,2006-06-01,118.93199999999999,0.41626199999999997,-368.0,Consumer Defensive,0.6740278260740471,0.8311569301260023,,
2006-06-01,192161,ESRX,buy,rebalance,6.0,18.49,2006-06-01,110.94,0.38829,-398.5,Healthcare,0.5341603094464297,0.9523482245131729,,
2006-06-01,196607,MCO,buy,rebalance,2.0,41.618,2006-06-01,83.236,0.29132600000000003,-426.0,Financial Services,0.6318435438855483,0.8306987399770905,,
2006-06-01,196744,CHH,buy,rebalance,3.0,31.159,2006-06-01,93.477,0.3271695,-427.5,Consumer Cyclical,0.580820095588426,0.8753722794959908,,
2006-06-01,198103,AGN1,buy,rebalance,2.0,48.575,2006-06-01,97.15,0.340025,-427.5,Healthcare,0.5948970068097585,0.8602520045819015,,
2006-06-01,197312,BNI,buy,rebalance,1.0,73.199,2006-06-01,73.199,0.2561965,-441.5,Industrials,0.5858814164934226,0.8630011454753723,,
2006-06-01,198649,STR1,buy,rebalance,12.0,9.672,2006-06-01,116.06400000000001,0.40622400000000003,-447.5,Utilities,0.5607075021416478,0.8936998854524628,,
2006-07-03,172871,LAF,sell,delisted,12.0,85.46,2006-05-16,1025.52,3.58932,,,,,743.206149,278.72453099999996
2006-07-03,198049,CDP,buy,rebalance,12.0,17.865,2006-07-03,214.38,0.75033,-320.0,Real Estate,0.6869785412111842,0.8538336807968496,,
2006-07-03,195059,DLR,buy,rebalance,19.0,11.553,2006-07-03,219.507,0.7682745000000001,-369.0,Real Estate,0.5810144821472696,0.9173036831132731,,
2006-07-03,199273,TWIN,buy,rebalance,18.0,12.165,2006-07-03,218.96999999999997,0.7663949999999999,-441.0,Industrials,0.5147929470306585,0.9701181375955524,,
2006-07-03,197638,PZZA,buy,rebalance,17.0,12.898,2006-07-03,219.266,0.767431,-445.5,Consumer Cyclical,0.603514035609924,0.8519805420430855,,
2006-07-03,196277,WWE,buy,rebalance,25.0,8.538,2006-07-03,213.45000000000002,0.747075,-472.5,Communication Services,0.5913748175037309,0.8498957609451008,,
2006-07-03,198952,NSC,buy,rebalance,6.0,34.171,2006-07-03,205.026,0.7175910000000001,-475.0,Industrials,0.5864669481461892,0.8542969654852907,,
2006-07-03,197891,ATNI,buy,rebalance,16.0,13.004,2006-07-03,208.064,0.728224,-491.5,Communication Services,0.6122791323125631,0.8193189715079917,,
2006-07-03,198039,RS,buy,rebalance,7.0,29.591,2006-07-03,207.137,0.7249795,-506.5,Basic Materials,0.5124828048696157,0.9430159833217512,,
2006-07-03,196607,MCO,buy,rebalance,5.0,43.611,2006-07-03,218.05499999999998,0.7631924999999999,-510.5,Financial Services,0.5923149675417727,0.826963168867269,,
2006-08-01,198049,CDP,buy,rebalance,6.0,19.146,2006-08-01,114.876,0.40206600000000003,-317.0,Real Estate,0.6869785412111842,0.8538336807968496,,
2006-08-01,195059,DLR,buy,rebalance,9.0,12.794,2006-08-01,115.146,0.403011,-366.0,Real Estate,0.5810144821472696,0.9173036831132731,,
2006-08-01,199273,TWIN,buy,rebalance,8.0,14.212,2006-08-01,113.696,0.397936,-439.0,Industrials,0.5147929470306585,0.9701181375955524,,
2006-08-01,197638,PZZA,buy,rebalance,10.0,11.991,2006-08-01,119.91,0.419685,-442.5,Consumer Cyclical,0.603514035609924,0.8519805420430855,,
2006-08-01,196277,WWE,buy,rebalance,16.0,7.902,2006-08-01,126.432,0.442512,-469.5,Communication Services,0.5913748175037309,0.8498957609451008,,
2006-08-01,198952,NSC,buy,rebalance,4.0,26.758,2006-08-01,107.032,0.374612,-472.0,Industrials,0.5864669481461893,0.8542969654852907,,
2006-08-01,197891,ATNI,buy,rebalance,10.0,11.782,2006-08-01,117.82,0.41236999999999996,-488.0,Communication Services,0.6122791323125631,0.8193189715079917,,
2006-08-01,198039,RS,buy,rebalance,5.0,24.133,2006-08-01,120.66499999999999,0.42232749999999997,-503.0,Basic Materials,0.5124828048696157,0.9430159833217512,,
2006-08-01,196607,MCO,buy,rebalance,2.0,42.789,2006-08-01,85.578,0.29952300000000004,-507.0,Financial Services,0.5923149675417728,0.826963168867269,,
2006-09-01,198049,CDP,buy,rebalance,6.0,19.648,2006-09-01,117.888,0.41260800000000003,-314.5,Real Estate,0.6869785412111844,0.8538336807968496,,
2006-09-01,195059,DLR,buy,rebalance,9.0,13.821,2006-09-01,124.389,0.4353615,-362.5,Real Estate,0.5810144821472697,0.9173036831132731,,
2006-09-01,199273,TWIN,buy,rebalance,9.0,13.862,2006-09-01,124.758,0.436653,-434.5,Industrials,0.5147929470306585,0.9701181375955524,,
2006-09-01,197638,PZZA,buy,rebalance,9.0,13.351,2006-09-01,120.159,0.42055650000000006,-439.5,Consumer Cyclical,0.603514035609924,0.8519805420430855,,
2006-09-01,196277,WWE,buy,rebalance,15.0,8.323,2006-09-01,124.845,0.4369575,-466.5,Communication Services,0.5913748175037309,0.8498957609451008,,
2006-09-01,198952,NSC,buy,rebalance,4.0,27.203,2006-09-01,108.812,0.380842,-468.5,Industrials,0.5864669481461892,0.8542969654852907,,
2006-09-01,197891,ATNI,buy,rebalance,10.0,11.865,2006-09-01,118.65,0.415275,-484.0,Communication Services,0.6122791323125633,0.8193189715079917,,
2006-09-01,198039,RS,buy,rebalance,5.0,23.392,2006-09-01,116.96,0.40936,-496.0,Basic Materials,0.5124828048696157,0.9430159833217512,,
2006-09-01,196607,MCO,buy,rebalance,2.0,49.529,2006-09-01,99.058,0.34670300000000004,-503.0,Financial Services,0.5923149675417728,0.826963168867269,,
2006-10-02,196819,SLG,buy,rebalance,2.0,52.926,2006-10-02,105.852,0.37048200000000003,-156.0,Real Estate,0.7109040296311065,0.9273148148148148,,
2006-10-02,197091,BRE,buy,rebalance,1.0,59.59,2006-10-02,59.59,0.20856500000000003,-285.5,Real Estate,0.7869754406936204,0.8372685185185185,,
2006-10-02,195259,RAI,buy,rebalance,13.0,8.79,2006-10-02,114.26999999999998,0.39994499999999994,-297.0,Consumer Defensive,0.672780734825202,0.8694444444444445,,
2006-10-02,197000,OGE,buy,rebalance,14.0,8.403,2006-10-02,117.64200000000001,0.41174700000000003,-344.5,Utilities,0.6838141898449178,0.830787037037037,,
2006-10-02,182974,VLG,buy,rebalance,4.0,24.64,2006-10-02,98.56,0.34496,-361.0,Basic Materials,0.5685920476574623,0.9388888888888889,,
2006-10-02,188187,CPICQ,buy,rebalance,3.0,36.463,2006-10-02,109.38900000000001,0.3828615,-363.0,Consumer Cyclical,0.5840913816312935,0.9155092592592593,,
2006-10-02,185391,BLS,buy,rebalance,2.0,42.001,2006-10-02,84.002,0.29400699999999996,-379.5,Communication Services,0.6697025981685942,0.825462962962963,,
2006-10-02,197083,ETP1,buy,rebalance,3.0,37.083,2006-10-02,111.249,0.3893715,-388.0,Energy,0.6842194650311816,0.8064814814814815,,
2006-10-02,172978,HCT1,buy,rebalance,3.0,36.02,2006-10-02,108.06,0.37821,-388.5,Communication Services,0.6705761552353559,0.819212962962963,,
2006-10-02,185780,KTII,buy,rebalance,1.0,63.0,2006-10-02,63.0,0.2205,-390.0,Technology,0.5836387320749802,0.9006944444444445,,
2006-11-01,177864,BOY,sell,delisted,53.0,7.61,2006-09-20,403.33000000000004,1.411655,,,,,431.290251,-29.371905999999967
2006-11-01,196819,SLG,buy,rebalance,2.0,56.623,2006-11-01,113.246,0.396361,-155.5,Real Estate,0.7109040296311064,0.9273148148148148,,
2006-11-01,197091,BRE,buy,rebalance,2.0,64.05,2006-11-01,128.1,0.44834999999999997,-283.0,Real Estate,0.7869754406936204,0.8372685185185185,,
2006-11-01,195259,RAI,buy,rebalance,17.0,8.993,2006-11-01,152.881,0.5350835,-295.0,Consumer Defensive,0.672780734825202,0.8694444444444445,,
2006-11-01,197000,OGE,buy,rebalance,17.0,9.139,2006-11-01,155.363,0.5437705,-342.0,Utilities,0.6838141898449178,0.830787037037037,,
2006-11-01,182974,VLG,buy,rebalance,5.0,27.45,2006-11-01,137.25,0.480375,-360.5,Basic Materials,0.5685920476574623,0.9388888888888889,,
2006-11-01,188187,CPICQ,buy,rebalance,4.0,34.296,2006-11-01,137.184,0.480144,-362.5,Consumer Cyclical,0.5840913816312935,0.9155092592592593,,
2006-11-01,185391,BLS,buy,rebalance,3.0,44.2,2006-11-01,132.60000000000002,0.46410000000000007,-377.0,Communication Services,0.6697025981685942,0.825462962962963,,
2006-11-01,197083,ETP1,buy,rebalance,4.0,38.614,2006-11-01,154.456,0.540596,-384.5,Energy,0.6842194650311816,0.8064814814814815,,
2006-11-01,172978,HCT1,buy,rebalance,4.0,36.3,2006-11-01,145.2,0.5082,-385.5,Communication Services,0.6705761552353559,0.819212962962963,,
2006-11-01,185780,KTII,buy,rebalance,2.0,65.57,2006-11-01,131.14,0.45898999999999995,-388.5,Technology,0.5836387320749802,0.9006944444444445,,
2006-12-01,196819,SLG,buy,rebalance,1.0,63.561,2006-12-01,63.561,0.2224635,-154.5,Real Estate,0.7109040296311064,0.9273148148148148,,
2006-12-01,197091,BRE,buy,rebalance,1.0,64.42,2006-12-01,64.42,0.22547,-282.5,Real Estate,0.7869754406936204,0.8372685185185185,,
2006-12-01,195259,RAI,buy,rebalance,13.0,9.024,2006-12-01,117.31199999999998,0.41059199999999996,-294.0,Consumer Defensive,0.672780734825202,0.8694444444444445,,
2006-12-01,197000,OGE,buy,rebalance,13.0,9.146,2006-12-01,118.89800000000001,0.41614300000000004,-341.0,Utilities,0.6838141898449178,0.830787037037037,,
2006-12-01,182974,VLG,buy,rebalance,4.0,26.25,2006-12-01,105.0,0.3675,-359.5,Basic Materials,0.5685920476574623,0.9388888888888889,,
2006-12-01,188187,CPICQ,buy,rebalance,4.0,30.614,2006-12-01,122.456,0.42859600000000003,-361.5,Consumer Cyclical,0.5840913816312935,0.9155092592592593,,
2006-12-01,185391,BLS,buy,rebalance,2.0,44.6,2006-12-01,89.2,0.31220000000000003,-376.0,Communication Services,0.6697025981685942,0.825462962962963,,
2006-12-01,197083,ETP1,buy,rebalance,2.0,43.08,2006-12-01,86.16,0.30156,-383.5,Energy,0.6842194650311816,0.8064814814814815,,
2006-12-01,185780,KTII,buy,rebalance,1.0,68.83,2006-12-01,68.83,0.240905,-387.5,Technology,0.5836387320749803,0.9006944444444445,,
2006-12-01,196277,WWE,buy,rebalance,15.0,7.941,2006-12-01,119.115,0.4169025,-412.5,Communication Services,0.6042433232126074,0.8641203703703704,,
2007-01-03,178243,INGR1,sell,delisted,9.0,44.0,2006-11-29,396.0,1.3860000000000001,,,,,366.508305,28.10569499999997
2007-01-03,123288,TUG1,sell,delisted,15.0,37.5,2006-11-28,562.5,1.96875,,,,,368.62568999999996,191.90556000000004
2007-01-03,172978,HCT1,sell,delisted,7.0,36.3,2006-11-03,254.09999999999997,0.8893499999999999,,,,,254.14640999999997,-0.9357600000000161
2007-01-03,196819,SLG,buy,rebalance,3.0,63.193,2007-01-03,189.579,0.6635265,-152.0,Real Estate,0.7986484632004969,0.9250580046403712,,
2007-01-03,197574,AEC1,buy,rebalance,28.0,8.746,2007-01-03,244.888,0.857108,-202.0,Real Estate,0.7466713600279521,0.9359628770301625,,
2007-01-03,197000,OGE,buy,rebalance,26.0,9.388,2007-01-03,244.088,0.854308,-293.5,Utilities,0.7727665672303439,0.8607888631090487,,
2007-01-03,195259,RAI,buy,rebalance,26.0,9.342,2007-01-03,242.89200000000002,0.8501220000000002,-310.0,Consumer Defensive,0.7592853413000399,0.8631090487238979,,
2007-01-03,197597,OKS,buy,rebalance,15.0,15.58,2007-01-03,233.7,0.81795,-333.5,Energy,0.7732652630788595,0.8392111368909513,,
2007-01-03,185780,KTII,buy,rebalance,3.0,76.36,2007-01-03,229.07999999999998,0.8017799999999999,-337.0,Technology,0.693306899219533,0.931322505800464,,
2007-01-03,199226,AVA,buy,rebalance,21.0,11.318,2007-01-03,237.678,0.831873,-347.5,Utilities,0.7530966411237829,0.851508120649652,,
2007-01-03,193176,TW2,buy,rebalance,6.0,39.849,2007-01-03,239.094,0.836829,-365.5,Industrials,0.7271199675106514,0.8679814385150812,,
2007-01-03,199238,VFC,buy,rebalance,21.0,11.251,2007-01-03,236.271,0.8269485,-367.0,Consumer Cyclical,0.7584967801615812,0.8354988399071925,,
2007-01-03,188187,CPICQ,buy,rebalance,7.0,34.644,2007-01-03,242.50799999999998,0.8487779999999999,-367.5,Consumer Cyclical,0.6564648825572852,0.9835266821345707,,
2007-02-01,185391,BLS,sell,delisted,7.0,47.11,2006-12-29,329.77,1.1541949999999999,,,,,306.87230700000003,21.74349799999993
2007-02-01,196819,SLG,buy,rebalance,2.0,70.481,2007-02-01,140.962,0.49336699999999994,-150.5,Real Estate,0.7986484632004969,0.9250580046403712,,
2007-02-01,197574,AEC1,buy,rebalance,13.0,10.456,2007-02-01,135.928,0.475748,-200.5,Real Estate,0.7466713600279521,0.9359628770301625,,
2007-02-01,197000,OGE,buy,rebalance,15.0,9.254,2007-02-01,138.81,0.485835,-290.0,Utilities,0.7727665672303439,0.8607888631090487,,
2007-02-01,195259,RAI,buy,rebalance,15.0,9.259,2007-02-01,138.885,0.48609749999999996,-306.5,Consumer Defensive,0.7592853413000399,0.8631090487238979,,
2007-02-01,197597,OKS,buy,rebalance,9.0,16.028,2007-02-01,144.25199999999998,0.5048819999999999,-329.5,Energy,0.7732652630788595,0.8392111368909513,,
2007-02-01,185780,KTII,buy,rebalance,2.0,71.73,2007-02-01,143.46,0.5021100000000001,-334.5,Technology,0.693306899219533,0.931322505800464,,
2007-02-01,199226,AVA,buy,rebalance,12.0,11.229,2007-02-01,134.748,0.471618,-343.5,Utilities,0.7530966411237828,0.851508120649652,,
2007-02-01,193176,TW2,buy,rebalance,3.0,39.086,2007-02-01,117.258,0.410403,-362.0,Industrials,0.7271199675106516,0.8679814385150812,,
2007-02-01,199238,VFC,buy,rebalance,13.0,10.535,2007-02-01,136.955,0.47934250000000006,-363.0,Consumer Cyclical,0.7584967801615812,0.8354988399071925,,
2007-02-01,188187,CPICQ,buy,rebalance,3.0,40.339,2007-02-01,121.017,0.4235595,-365.5,Consumer Cyclical,0.6564648825572851,0.9835266821345707,,
2007-03-01,183304,RA1,sell,delisted,12.0,47.1,2007-01-24,565.2,1.9782000000000002,,,,,350.285724,212.936076
2007-03-01,196819,SLG,buy,rebalance,2.0,68.847,2007-03-01,137.694,0.481929,-150.0,Real Estate,0.7986484632004969,0.9250580046403712,,
2007-03-01,197574,AEC1,buy,rebalance,16.0,10.139,2007-03-01,162.224,0.567784,-200.0,Real Estate,0.7466713600279521,0.9359628770301625,,
2007-03-01,197000,OGE,buy,rebalance,18.0,9.045,2007-03-01,162.81,0.569835,-288.5,Utilities,0.7727665672303439,0.8607888631090487,,
2007-03-01,195259,RAI,buy,rebalance,19.0,8.633,2007-03-01,164.027,0.5740945,-305.0,Consumer Defensive,0.7592853413000399,0.8631090487238979,,
2007-03-01,197597,OKS,buy,rebalance,10.0,16.405,2007-03-01,164.05,0.5741750000000001,-328.0,Energy,0.7732652630788595,0.8392111368909513,,
2007-03-01,185780,KTII,buy,rebalance,2.0,73.12,2007-03-01,146.24,0.5118400000000001,-334.0,Technology,0.693306899219533,0.931322505800464,,
2007-03-01,199226,AVA,buy,rebalance,15.0,10.543,2007-03-01,158.14499999999998,0.5535074999999999,-342.0,Utilities,0.7530966411237829,0.851508120649652,,
2007-03-01,193176,TW2,buy,rebalance,3.0,42.104,2007-03-01,126.312,0.442092,-360.5,Industrials,0.7271199675106516,0.8679814385150812,,
2007-03-01,199238,VFC,buy,rebalance,15.0,10.96,2007-03-01,164.4,0.5754,-361.5,Consumer Cyclical,0.7584967801615812,0.8354988399071925,,
2007-03-01,188187,CPICQ,buy,rebalance,4.0,37.55,2007-03-01,150.2,0.5257,-365.0,Consumer Cyclical,0.6564648825572851,0.9835266821345707,,
2007-04-02,182974,VLG,sell,delisted,13.0,26.89,2007-02-26,349.57,1.223495,,,,,342.002835,6.343669999999975
2007-04-02,196767,EPR,buy,rebalance,8.0,17.401,2007-04-02,139.208,0.487228,-170.0,Real Estate,0.8186949188376003,0.9154007945781725,,
2007-04-02,196819,SLG,buy,rebalance,2.0,66.206,2007-04-02,132.412,0.463442,-211.0,Real Estate,0.7633603697300956,0.9210095816779621,,
2007-04-02,197138,SPH,buy,rebalance,17.0,8.606,2007-04-02,146.302,0.512057,-268.5,Utilities,0.7515887653788139,0.903014723066137,,
2007-04-02,197597,OKS,buy,rebalance,8.0,16.996,2007-04-02,135.968,0.475888,-275.5,Energy,0.7728511905451546,0.8745033886422061,,
2007-04-02,195656,CMCSA,buy,rebalance,18.0,7.993,2007-04-02,143.874,0.503559,-285.0,Communication Services,0.7289576650347089,0.91493339565319,,
2007-04-02,199622,IFF,buy,rebalance,4.0,30.432,2007-04-02,121.728,0.426048,-308.0,Basic Materials,0.757327611740641,0.8738022902547324,,
2007-04-02,197083,ETP1,buy,rebalance,3.0,46.095,2007-04-02,138.285,0.4839975,-312.5,Energy,0.782758728526744,0.8501986445431176,,
2007-04-02,199357,SHW,buy,rebalance,8.0,17.215,2007-04-02,137.72,0.48202,-317.0,Basic Materials,0.7249877204863855,0.9023136246786633,,
2007-04-02,196487,CXW,buy,rebalance,11.0,12.646,2007-04-02,139.106,0.486871,-318.0,Industrials,0.6966524002738765,0.9460154241645244,,
2007-04-02,193176,TW2,buy,rebalance,3.0,42.815,2007-04-02,128.445,0.4495575,-343.5,Industrials,0.727893759652157,0.8836176676793643,,
2007-05-01,196767,EPR,buy,rebalance,6.0,17.11,2007-05-01,102.66,0.35931,-169.0,Real Estate,0.8186949188376004,0.9154007945781725,,
2007-05-01,196819,SLG,buy,rebalance,1.0,66.472,2007-05-01,66.472,0.232652,-209.5,Real Estate,0.7633603697300956,0.9210095816779621,,
2007-05-01,197138,SPH,buy,rebalance,11.0,9.229,2007-05-01,101.51899999999999,0.3553165,-266.5,Utilities,0.7515887653788139,0.903014723066137,,
2007-05-01,197597,OKS,buy,rebalance,6.0,18.263,2007-05-01,109.578,0.383523,-273.0,Energy,0.7728511905451546,0.8745033886422061,,
2007-05-01,195656,CMCSA,buy,rebalance,13.0,8.292,2007-05-01,107.79599999999999,0.37728599999999995,-283.5,Communication Services,0.7289576650347088,0.91493339565319,,
2007-05-01,199622,IFF,buy,rebalance,3.0,31.181,2007-05-01,93.543,0.32740050000000004,-305.5,Basic Materials,0.757327611740641,0.8738022902547324,,
2007-05-01,197083,ETP1,buy,rebalance,2.0,49.291,2007-05-01,98.582,0.345037,-309.0,Energy,0.782758728526744,0.8501986445431176,,
2007-05-01,199357,SHW,buy,rebalance,6.0,16.499,2007-05-01,98.994,0.346479,-315.0,Basic Materials,0.7249877204863855,0.9023136246786633,,
2007-05-01,196487,CXW,buy,rebalance,8.0,13.47,2007-05-01,107.76,0.37716000000000005,-316.0,Industrials,0.6966524002738765,0.9460154241645244,,
2007-05-01,193176,TW2,buy,rebalance,2.0,42.41,2007-05-01,84.82,0.29686999999999997,-341.0,Industrials,0.727893759652157,0.8836176676793643,,
2007-06-01,196767,EPR,buy,rebalance,6.0,16.932,2007-06-01,101.59199999999998,0.35557199999999994,-166.0,Real Estate,0.8186949188376004,0.9154007945781725,,
2007-06-01,196582,BXMT,buy,rebalance,3.0,33.806,2007-06-01,101.41799999999999,0.354963,-206.0,Real Estate,0.7691908324392603,0.9135311988782426,,
2007-06-01,197138,SPH,buy,rebalance,11.0,9.487,2007-06-01,104.357,0.3652495,-262.0,Utilities,0.7515887653788139,0.903014723066137,,
2007-06-01,197597,OKS,buy,rebalance,6.0,17.924,2007-06-01,107.544,0.376404,-268.0,Energy,0.7728511905451547,0.8745033886422061,,
2007-06-01,195656,CMCSA,buy,rebalance,13.0,8.493,2007-06-01,110.409,0.38643150000000004,-278.5,Communication Services,0.7289576650347089,0.91493339565319,,
2007-06-01,199622,IFF,buy,rebalance,3.0,33.215,2007-06-01,99.64500000000001,0.34875750000000005,-300.0,Basic Materials,0.757327611740641,0.8738022902547324,,
2007-06-01,197083,ETP1,buy,rebalance,2.0,48.944,2007-06-01,97.888,0.342608,-303.5,Energy,0.7827587285267442,0.8501986445431176,,
2007-06-01,199357,SHW,buy,rebalance,6.0,17.591,2007-06-01,105.546,0.36941100000000004,-309.5,Basic Materials,0.7249877204863855,0.9023136246786633,,
2007-06-01,196487,CXW,buy,rebalance,7.0,15.147,2007-06-01,106.029,0.3711015,-312.0,Industrials,0.6966524002738764,0.9460154241645244,,
2007-06-01,193176,TW2,buy,rebalance,2.0,45.496,2007-06-01,90.992,0.31847200000000003,-334.5,Industrials,0.727893759652157,0.8836176676793643,,
2007-07-02,116077,KMI1,sell,delisted,3.0,107.48,2007-05-30,322.44,1.12854,,,,,272.4552675,48.85619250000002
2007-07-02,195664,MWE,buy,rebalance,7.0,18.414,2007-07-02,128.89800000000002,0.45114300000000007,-169.0,Energy,0.7675122871575462,0.9335689045936396,,
2007-07-02,199451,PCAR,buy,rebalance,6.0,21.233,2007-07-02,127.398,0.445893,-195.5,Industrials,0.7514761155046389,0.9394581861012956,,
2007-07-02,199535,ETR,buy,rebalance,5.0,25.328,2007-07-02,126.64,0.44324,-197.0,Utilities,0.7779041697848644,0.9104829210836278,,
2007-07-02,123334,APRO1,buy,rebalance,5.0,24.81,2007-07-02,124.05,0.434175,-206.0,Real Estate,0.7910014756205793,0.8994110718492344,,
2007-07-02,188139,NHP1,buy,rebalance,6.0,22.361,2007-07-02,134.166,0.469581,-212.5,Real Estate,0.8144422816659699,0.887396937573616,,
2007-07-02,199147,EGN,buy,rebalance,2.0,52.025,2007-07-02,104.05,0.36417499999999997,-240.5,Energy,0.7500145618122058,0.9161366313309777,,
2007-07-02,199660,HAS,buy,rebalance,8.0,17.691,2007-07-02,141.528,0.49534799999999996,-242.0,Consumer Cyclical,0.7356298308316389,0.9314487632508834,,
2007-07-02,197138,SPH,buy,rebalance,15.0,9.403,2007-07-02,141.04500000000002,0.4936575000000001,-250.0,Utilities,0.7475081002911343,0.9137809187279152,,
2007-07-02,198738,T,buy,rebalance,13.0,10.847,2007-07-02,141.011,0.4935385,-261.5,Communication Services,0.7709803557837536,0.8803297997644287,,
2007-07-02,199552,MCD,buy,rebalance,4.0,29.996,2007-07-02,119.984,0.419944,-271.0,Consumer Cyclical,0.7664396053279693,0.8789163722025913,,
2007-08-01,169024,THX,sell,delisted,5.0,60.01,2007-06-06,300.05,1.050175,,,,,276.86564999999996,22.134175000000027
2007-08-01,195664,MWE,buy,rebalance,7.0,19.156,2007-08-01,134.09199999999998,0.46932199999999996,-165.5,Energy,0.7675122871575463,0.9335689045936396,,
2007-08-01,199451,PCAR,buy,rebalance,7.0,19.428,2007-08-01,135.996,0.475986,-191.5,Industrials,0.7514761155046389,0.9394581861012956,,
2007-08-01,199535,ETR,buy,rebalance,6.0,23.327,2007-08-01,139.96200000000002,0.48986700000000005,-193.0,Utilities,0.7779041697848644,0.9104829210836278,,
2007-08-01,123334,APRO1,buy,rebalance,5.0,24.62,2007-08-01,123.10000000000001,0.43085000000000007,-201.5,Real Estate,0.7910014756205793,0.8994110718492344,,
2007-08-01,188139,NHP1,buy,rebalance,7.0,19.564,2007-08-01,136.948,0.479318,-208.0,Real Estate,0.8144422816659699,0.887396937573616,,
2007-08-01,199147,EGN,buy,rebalance,2.0,50.018,2007-08-01,100.036,0.350126,-236.0,Energy,0.7500145618122057,0.9161366313309777,,
2007-08-01,199660,HAS,buy,rebalance,8.0,15.896,2007-08-01,127.168,0.44508800000000004,-238.0,Consumer Cyclical,0.7356298308316389,0.9314487632508834,,
2007-08-01,197138,SPH,buy,rebalance,15.0,9.258,2007-08-01,138.86999999999998,0.48604499999999995,-245.5,Utilities,0.7475081002911343,0.9137809187279152,,
2007-08-01,198738,T,buy,rebalance,13.0,10.518,2007-08-01,136.734,0.478569,-257.0,Communication Services,0.7709803557837536,0.8803297997644287,,
2007-08-01,199552,MCD,buy,rebalance,5.0,28.18,2007-08-01,140.9,0.49315000000000003,-266.5,Consumer Cyclical,0.7664396053279693,0.8789163722025913,,
2007-09-04,195664,MWE,buy,rebalance,6.0,17.394,2007-09-04,104.36399999999999,0.365274,-164.0,Energy,0.7675122871575462,0.9335689045936396,,
2007-09-04,199451,PCAR,buy,rebalance,5.0,20.62,2007-09-04,103.10000000000001,0.36085000000000006,-189.5,Industrials,0.7514761155046389,0.9394581861012956,,
2007-09-04,199535,ETR,buy,rebalance,4.0,24.442,2007-09-04,97.768,0.342188,-192.0,Utilities,0.7779041697848644,0.9104829210836278,,
2007-09-04,123334,APRO1,buy,rebalance,4.0,25.29,2007-09-04,101.16,0.35406,-200.5,Real Estate,0.7910014756205793,0.8994110718492344,,
2007-09-04,188139,NHP1,buy,rebalance,4.0,22.553,2007-09-04,90.212,0.315742,-207.0,Real Estate,0.8144422816659699,0.887396937573616,,
2007-09-04,199147,EGN,buy,rebalance,2.0,51.042,2007-09-04,102.084,0.357294,-234.0,Energy,0.7500145618122057,0.9161366313309777,,
2007-09-04,199660,HAS,buy,rebalance,7.0,15.389,2007-09-04,107.723,0.3770305,-236.0,Consumer Cyclical,0.7356298308316389,0.9314487632508834,,
2007-09-04,197138,SPH,buy,rebalance,12.0,9.107,2007-09-04,109.28399999999999,0.382494,-243.5,Utilities,0.7475081002911343,0.9137809187279152,,
2007-09-04,198738,T,buy,rebalance,10.0,10.531,2007-09-04,105.31,0.368585,-255.0,Communication Services,0.7709803557837536,0.8803297997644287,,
2007-09-04,199552,MCD,buy,rebalance,3.0,28.991,2007-09-04,86.973,0.3044055,-264.5,Consumer Cyclical,0.7664396053279693,0.8789163722025913,,
2007-10-01,195664,MWE,buy,rebalance,6.0,16.299,2007-10-01,97.794,0.342279,-290.5,Energy,0.7746367999183568,0.8521511766104112,,
2007-10-01,196859,MTD,buy,rebalance,1.0,103.53,2007-10-01,103.53,0.36235500000000004,-339.5,Healthcare,0.7542453546797422,0.8490610886617542,,
2007-10-01,199109,DE,buy,rebalance,2.0,52.701,2007-10-01,105.402,0.368907,-344.0,Industrials,0.7350888863470888,0.8664131209888282,,
2007-10-01,179377,ENN,buy,rebalance,4.0,22.6,2007-10-01,90.4,0.3164,-358.5,Real Estate,0.7609596547864724,0.8307582600427859,,
2007-10-01,198642,NEE,buy,rebalance,12.0,8.962,2007-10-01,107.544,0.376404,-363.0,Utilities,0.7798830434452745,0.8105538388400285,,
2007-10-01,178185,MWP,buy,rebalance,1.0,56.782,2007-10-01,56.782,0.198737,-385.0,Energy,0.660868287813517,0.9648205371999049,,
2007-10-01,199209,WLY,buy,rebalance,3.0,28.174,2007-10-01,84.52199999999999,0.29582699999999995,-402.0,Consumer Cyclical,0.7457016665171492,0.8241026859995246,,
2007-10-01,195852,FIS,buy,rebalance,6.0,17.961,2007-10-01,107.76599999999999,0.377181,-403.5,Technology,0.7133015867533488,0.8678393154266698,,
2007-10-01,197305,DLTR,buy,rebalance,7.0,13.75,2007-10-01,96.25,0.336875,-405.0,Consumer Defensive,0.7095121583248396,0.8730686950320894,,
2007-11-01,123334,APRO1,sell,delisted,14.0,25.26,2007-09-17,353.64000000000004,1.2377400000000003,,,,,349.529085,2.87317500000006
2007-11-01,195664,MWE,buy,rebalance,9.0,17.519,2007-11-01,157.671,0.5518485,-288.0,Energy,0.7746367999183568,0.8521511766104112,,
2007-11-01,196859,MTD,buy,rebalance,1.0,105.11,2007-11-01,105.11,0.367885,-337.0,Healthcare,0.7542453546797422,0.8490610886617542,,
2007-11-01,199109,DE,buy,rebalance,3.0,52.571,2007-11-01,157.713,0.5519955,-342.0,Industrials,0.7350888863470888,0.8664131209888282,,
2007-11-01,198642,NEE,buy,rebalance,16.0,9.569,2007-11-01,153.104,0.535864,-360.0,Utilities,0.7798830434452745,0.8105538388400285,,
2007-11-01,178185,MWP,buy,rebalance,2.0,59.084,2007-11-01,118.168,0.413588,-382.5,Energy,0.660868287813517,0.9648205371999049,,
2007-11-01,199209,WLY,buy,rebalance,5.0,27.081,2007-11-01,135.405,0.4739175,-399.0,Consumer Cyclical,0.7457016665171492,0.8241026859995246,,
2007-11-01,197513,MLM,buy,rebalance,1.0,100.088,2007-11-01,100.088,0.350308,-399.5,Basic Materials,0.6835491227654856,0.9177561207511291,,
2007-11-01,195852,FIS,buy,rebalance,8.0,18.237,2007-11-01,145.896,0.510636,-401.0,Technology,0.7133015867533489,0.8678393154266698,,
2007-11-01,197305,DLTR,buy,rebalance,13.0,12.203,2007-11-01,158.63899999999998,0.5552364999999999,-402.5,Consumer Defensive,0.7095121583248397,0.8730686950320894,,
2007-11-01,124117,JCI,buy,rebalance,6.0,24.653,2007-11-01,147.918,0.517713,-404.5,Basic Materials,0.7084560757471087,0.8742571903969575,,
2007-12-03,196981,TXU,sell,delisted,9.0,69.24,2007-10-10,623.16,2.18106,,,,,290.398851,330.580089
2007-12-03,179377,ENN,sell,delisted,4.0,23.02,2007-10-25,92.08,0.32228,,,,,90.71640000000001,1.0413199999999847
2007-12-03,195664,MWE,buy,rebalance,10.0,17.757,2007-12-03,177.57000000000002,0.6214950000000001,-285.0,Energy,0.7746367999183568,0.8521511766104112,,
2007-12-03,196859,MTD,buy,rebalance,1.0,115.8,2007-12-03,115.8,0.4053,-334.0,Healthcare,0.7542453546797422,0.8490610886617542,,
2007-12-03,199109,DE,buy,rebalance,3.0,61.821,2007-12-03,185.463,0.6491205,-339.0,Industrials,0.7350888863470888,0.8664131209888282,,
2007-12-03,198642,NEE,buy,rebalance,18.0,10.348,2007-12-03,186.264,0.6519240000000001,-355.5,Utilities,0.7798830434452745,0.8105538388400285,,
2007-12-03,178185,MWP,buy,rebalance,3.0,59.685,2007-12-03,179.055,0.6266925,-377.5,Energy,0.660868287813517,0.9648205371999049,,
2007-12-03,199209,WLY,buy,rebalance,7.0,25.699,2007-12-03,179.893,0.6296255000000001,-394.5,Consumer Cyclical,0.7457016665171492,0.8241026859995246,,
2007-12-03,197513,MLM,buy,rebalance,1.0,108.359,2007-12-03,108.359,0.3792565,-395.0,Basic Materials,0.6835491227654856,0.9177561207511291,,
2007-12-03,195852,FIS,buy,rebalance,10.0,17.466,2007-12-03,174.66000000000003,0.6113100000000001,-397.5,Technology,0.7133015867533489,0.8678393154266698,,
2007-12-03,197305,DLTR,buy,rebalance,19.0,9.807,2007-12-03,186.333,0.6521655,-398.5,Consumer Defensive,0.7095121583248397,0.8730686950320894,,
2007-12-03,124117,JCI,buy,rebalance,8.0,22.227,2007-12-03,177.816,0.622356,-400.5,Basic Materials,0.7084560757471087,0.8742571903969575,,
2008-01-02,197439,PPL,buy,rebalance,6.0,20.482,2008-01-02,122.892,0.430122,-250.5,Utilities,0.8095476719348748,0.866874550251859,,
2008-01-02,186484,PAS,buy,rebalance,3.0,31.277,2008-01-02,93.831,0.3284085,-270.0,Consumer Defensive,0.7709879781556852,0.9062125209882466,,
2008-01-02,197606,BWA,buy,rebalance,7.0,16.728,2008-01-02,117.096,0.40983600000000003,-282.5,Consumer Cyclical,0.7541674932885445,0.922763252578556,,
2008-01-02,188121,GR,buy,rebalance,1.0,64.264,2008-01-02,64.264,0.22492399999999999,-312.0,Industrials,0.7691259343199102,0.8839050131926122,,
2008-01-02,199109,DE,buy,rebalance,1.0,63.169,2008-01-02,63.169,0.2210915,-316.0,Industrials,0.7512992549327021,0.9110098344926841,,
2008-01-02,199327,CVX,buy,rebalance,2.0,44.779,2008-01-02,89.558,0.31345300000000004,-352.5,Energy,0.7940217285569613,0.8280163108659151,,
2008-01-02,197821,PX1,buy,rebalance,1.0,69.344,2008-01-02,69.344,0.24270399999999998,-355.0,Basic Materials,0.8011302903261538,0.820340609258815,,
2008-01-02,197138,SPH,buy,rebalance,15.0,8.198,2008-01-02,122.97,0.430395,-372.0,Utilities,0.7791190406323567,0.8385704005756777,,
2008-01-02,196859,MTD,buy,rebalance,1.0,112.1,2008-01-02,112.1,0.39235,-372.5,Healthcare,0.7644367458929848,0.857279923242984,,
2008-01-02,197942,IDXX,buy,rebalance,4.0,29.09,2008-01-02,116.36,0.40726,-376.0,Healthcare,0.7725882346896356,0.8450467738066683,,
2008-02-01,197439,PPL,buy,rebalance,6.0,19.906,2008-02-01,119.43599999999999,0.418026,-248.5,Utilities,0.8095476719348748,0.866874550251859,,
2008-02-01,186484,PAS,buy,rebalance,5.0,24.705,2008-02-01,123.52499999999999,0.4323375,-267.5,Consumer Defensive,0.7709879781556853,0.9062125209882466,,
2008-02-01,197606,BWA,buy,rebalance,6.0,18.296,2008-02-01,109.776,0.384216,-279.5,Consumer Cyclical,0.7541674932885444,0.922763252578556,,
2008-02-01,188121,GR,buy,rebalance,2.0,58.379,2008-02-01,116.758,0.408653,-309.5,Industrials,0.7691259343199102,0.8839050131926122,,
2008-02-01,199109,DE,buy,rebalance,2.0,62.266,2008-02-01,124.532,0.43586199999999997,-313.0,Industrials,0.7512992549327022,0.9110098344926841,,
2008-02-01,199327,CVX,buy,rebalance,3.0,39.523,2008-02-01,118.56900000000002,0.41499150000000007,-347.0,Energy,0.7940217285569613,0.8280163108659151,,
2008-02-01,197821,PX1,buy,rebalance,1.0,66.056,2008-02-01,66.056,0.23119599999999998,-349.0,Basic Materials,0.8011302903261538,0.820340609258815,,
2008-02-01,197138,SPH,buy,rebalance,15.0,8.386,2008-02-01,125.78999999999999,0.44026499999999996,-367.5,Utilities,0.7791190406323566,0.8385704005756777,,
2008-02-01,196859,MTD,buy,rebalance,1.0,99.11,2008-02-01,99.11,0.346885,-369.0,Healthcare,0.7644367458929848,0.857279923242984,,
2008-02-01,197942,IDXX,buy,rebalance,4.0,28.9,2008-02-01,115.6,0.4046,-372.0,Healthcare,0.7725882346896356,0.8450467738066683,,
2008-03-03,197439,PPL,buy,rebalance,6.0,18.512,2008-03-03,111.072,0.38875200000000004,-244.5,Utilities,0.8095476719348748,0.866874550251859,,
2008-03-03,186484,PAS,buy,rebalance,4.0,24.364,2008-03-03,97.456,0.341096,-264.5,Consumer Defensive,0.7709879781556854,0.9062125209882466,,
2008-03-03,197606,BWA,buy,rebalance,7.0,15.376,2008-03-03,107.63199999999999,0.376712,-276.5,Consumer Cyclical,0.7541674932885445,0.922763252578556,,
2008-03-03,188121,GR,buy,rebalance,2.0,56.774,2008-03-03,113.548,0.397418,-306.0,Industrials,0.7691259343199099,0.8839050131926122,,
2008-03-03,199109,DE,buy,rebalance,1.0,61.327,2008-03-03,61.327,0.2146445,-309.0,Industrials,0.7512992549327021,0.9110098344926841,,
2008-03-03,199327,CVX,buy,rebalance,2.0,42.075,2008-03-03,84.15,0.29452500000000004,-342.5,Energy,0.7940217285569613,0.8280163108659151,,
2008-03-03,197821,PX1,buy,rebalance,1.0,63.985,2008-03-03,63.985,0.2239475,-344.0,Basic Materials,0.8011302903261538,0.820340609258815,,
2008-03-03,197138,SPH,buy,rebalance,13.0,8.421,2008-03-03,109.47299999999998,0.3831555,-362.5,Utilities,0.7791190406323566,0.8385704005756777,,
2008-03-03,196859,MTD,buy,rebalance,1.0,99.34,2008-03-03,99.34,0.34769,-363.0,Healthcare,0.7644367458929848,0.857279923242984,,
2008-03-03,197942,IDXX,buy,rebalance,4.0,27.085,2008-03-03,108.34,0.37919,-367.0,Healthcare,0.7725882346896356,0.8450467738066683,,
2008-04-01,178185,MWP,sell,delisted,6.0,60.15,2008-02-21,360.9,1.26315,,,,,355.24401750000004,4.39283249999994
2008-04-01,197439,PPL,buy,rebalance,8.0,19.16,2008-04-01,153.28,0.5364800000000001,-190.0,Utilities,0.8025881715327233,0.911358682489707,,
2008-04-01,199354,SIAL,buy,rebalance,2.0,56.725,2008-04-01,113.45,0.397075,-225.5,Basic Materials,0.8012449506549612,0.89319447808186,,
2008-04-01,199552,MCD,buy,rebalance,4.0,34.331,2008-04-01,137.324,0.48063400000000006,-229.5,Consumer Cyclical,0.7993388110387818,0.8951319932186971,,
2008-04-01,199485,NBL,buy,rebalance,4.0,32.407,2008-04-01,129.628,0.45369799999999993,-233.5,Energy,0.7722848223730392,0.92879631872124,,
2008-04-01,196983,CVD,buy,rebalance,1.0,85.52,2008-04-01,85.52,0.29932,-240.0,Healthcare,0.787275774720939,0.9048195689028821,,
2008-04-01,199989,APD,buy,rebalance,2.0,55.887,2008-04-01,111.774,0.39120900000000003,-253.0,Basic Materials,0.7994090563717494,0.881569387260838,,
2008-04-01,197010,IRM,buy,rebalance,15.0,9.737,2008-04-01,146.055,0.5111925,-255.5,Real Estate,0.7910032710828219,0.8924679099055461,,
2008-04-01,199439,PH,buy,rebalance,2.0,53.688,2008-04-01,107.376,0.37581600000000004,-258.0,Industrials,0.7626266390969748,0.9317025914264955,,
2008-04-01,198565,APC1,buy,rebalance,2.0,56.73,2008-04-01,113.46,0.39710999999999996,-259.0,Energy,0.7713763100996072,0.9162024703317995,,
2008-04-01,196648,LLL1,buy,rebalance,1.0,85.548,2008-04-01,85.548,0.299418,-265.5,Industrials,0.803699922718775,0.8663114555582465,,
2008-05-01,197439,PPL,buy,rebalance,6.0,19.586,2008-05-01,117.51599999999999,0.411306,-188.0,Utilities,0.8025881715327234,0.911358682489707,,
2008-05-01,199354,SIAL,buy,rebalance,2.0,53.296,2008-05-01,106.592,0.373072,-223.0,Basic Materials,0.8012449506549609,0.89319447808186,,
2008-05-01,199552,MCD,buy,rebalance,3.0,36.75,2008-05-01,110.25,0.385875,-227.0,Consumer Cyclical,0.7993388110387819,0.8951319932186971,,
2008-05-01,199485,NBL,buy,rebalance,3.0,36.289,2008-05-01,108.867,0.3810345,-232.0,Energy,0.7722848223730391,0.92879631872124,,
2008-05-01,196983,CVD,buy,rebalance,1.0,84.11,2008-05-01,84.11,0.294385,-238.0,Healthcare,0.7872757747209391,0.9048195689028821,,
2008-05-01,199989,APD,buy,rebalance,2.0,57.23,2008-05-01,114.46,0.40060999999999997,-250.0,Basic Materials,0.7994090563717493,0.881569387260838,,
2008-05-01,197010,IRM,buy,rebalance,12.0,11.212,2008-05-01,134.54399999999998,0.47090399999999993,-253.0,Real Estate,0.791003271082822,0.8924679099055461,,
2008-05-01,199439,PH,buy,rebalance,2.0,59.657,2008-05-01,119.314,0.417599,-256.5,Industrials,0.7626266390969749,0.9317025914264955,,
2008-05-01,198565,APC1,buy,rebalance,2.0,59.006,2008-05-01,118.012,0.413042,-257.0,Energy,0.7713763100996073,0.9162024703317995,,
2008-05-01,196648,LLL1,buy,rebalance,1.0,86.044,2008-05-01,86.044,0.301154,-262.0,Industrials,0.8036999227187751,0.8663114555582465,,
2008-06-02,197439,PPL,buy,rebalance,6.0,20.438,2008-06-02,122.62799999999999,0.42919799999999997,-183.5,Utilities,0.8025881715327233,0.911358682489707,,
2008-06-02,199354,SIAL,buy,rebalance,2.0,53.684,2008-06-02,107.368,0.375788,-217.5,Basic Materials,0.801244950654961,0.89319447808186,,
2008-06-02,199552,MCD,buy,rebalance,3.0,35.32,2008-06-02,105.96000000000001,0.37086,-221.5,Consumer Cyclical,0.7993388110387819,0.8951319932186971,,
2008-06-02,199485,NBL,buy,rebalance,2.0,42.618,2008-06-02,85.236,0.29832600000000004,-228.0,Energy,0.7722848223730392,0.92879631872124,,
2008-06-02,196983,CVD,buy,rebalance,1.0,80.79,2008-06-02,80.79,0.28276500000000004,-233.0,Healthcare,0.7872757747209389,0.9048195689028821,,
2008-06-02,199989,APD,buy,rebalance,2.0,58.638,2008-06-02,117.276,0.410466,-244.5,Basic Materials,0.7994090563717493,0.881569387260838,,
2008-06-02,197010,IRM,buy,rebalance,11.0,10.899,2008-06-02,119.889,0.41961149999999997,-247.0,Real Estate,0.7910032710828219,0.8924679099055461,,
2008-06-02,198565,APC1,buy,rebalance,1.0,68.718,2008-06-02,68.718,0.240513,-252.0,Energy,0.7713763100996072,0.9162024703317995,,
2008-06-02,199439,PH,buy,rebalance,2.0,61.15,2008-06-02,122.3,0.42805,-252.5,Industrials,0.762626639096975,0.9317025914264955,,
2008-06-02,196648,LLL1,buy,rebalance,1.0,80.875,2008-06-02,80.875,0.2830625,-256.0,Industrials,0.8036999227187751,0.8663114555582465,,
2008-07-01,199354,SIAL,buy,rebalance,2.0,49.931,2008-07-01,99.862,0.34951699999999997,-168.5,Basic Materials,0.7987364031156577,0.9311427881130708,,
2008-07-01,195646,XEC,buy,rebalance,1.0,63.192,2008-07-01,63.192,0.221172,-186.0,Energy,0.7729691698820016,0.9567528388499638,,
2008-07-01,199003,HE,buy,rebalance,9.0,12.704,2008-07-01,114.33600000000001,0.40017600000000003,-200.5,Utilities,0.8417887030014172,0.8864460014496255,,
2008-07-01,196983,CVD,buy,rebalance,1.0,85.18,2008-07-01,85.18,0.29813,-225.5,Healthcare,0.7885836557653628,0.9132640734476927,,
2008-07-01,185526,SY2,buy,rebalance,4.0,29.27,2008-07-01,117.08,0.40978,-233.5,Technology,0.7830463473486333,0.9159217202222759,,
2008-07-01,199715,FMC,buy,rebalance,5.0,24.552,2008-07-01,122.75999999999999,0.42966,-239.5,Basic Materials,0.7619693687765349,0.9451558347426915,,
2008-07-01,196648,LLL1,buy,rebalance,1.0,68.019,2008-07-01,68.019,0.23806650000000001,-243.0,Industrials,0.8138768896144537,0.8719497463155351,,
2008-07-01,198566,HON,buy,rebalance,4.0,30.67,2008-07-01,122.68,0.42938000000000004,-246.5,Industrials,0.7910624126978401,0.8973181928001933,,
2008-07-01,196343,PSD,buy,rebalance,5.0,23.611,2008-07-01,118.055,0.4131925,-249.0,Utilities,0.8101105664877042,0.8733993718289442,,
2008-07-01,199746,EQT,buy,rebalance,3.0,31.355,2008-07-01,94.065,0.3292275,-253.0,Energy,0.7568708512864981,0.9456390432471612,,
2008-08-01,199354,SIAL,buy,rebalance,2.0,55.583,2008-08-01,111.166,0.389081,-167.5,Basic Materials,0.7987364031156577,0.9311427881130708,,
2008-08-01,195646,XEC,buy,rebalance,2.0,46.781,2008-08-01,93.562,0.327467,-185.0,Energy,0.7729691698820015,0.9567528388499638,,
2008-08-01,199003,HE,buy,rebalance,10.0,12.278,2008-08-01,122.78,0.42973,-198.5,Utilities,0.8417887030014172,0.8864460014496255,,
2008-08-01,196983,CVD,buy,rebalance,1.0,91.14,2008-08-01,91.14,0.31899,-223.5,Healthcare,0.7885836557653628,0.9132640734476927,,
2008-08-01,185526,SY2,buy,rebalance,3.0,33.96,2008-08-01,101.88,0.35658,-232.0,Technology,0.7830463473486333,0.9159217202222759,,
2008-08-01,199715,FMC,buy,rebalance,5.0,23.721,2008-08-01,118.605,0.41511750000000003,-238.5,Basic Materials,0.7619693687765349,0.9451558347426915,,
2008-08-01,196648,LLL1,buy,rebalance,1.0,75.159,2008-08-01,75.159,0.2630565,-240.5,Industrials,0.8138768896144537,0.8719497463155351,,
2008-08-01,198566,HON,buy,rebalance,4.0,30.754,2008-08-01,123.016,0.43055600000000005,-244.5,Industrials,0.7910624126978401,0.8973181928001933,,
2008-08-01,196343,PSD,buy,rebalance,4.0,27.135,2008-08-01,108.54,0.37989,-246.5,Utilities,0.8101105664877042,0.8733993718289442,,
2008-08-01,199746,EQT,buy,rebalance,5.0,23.607,2008-08-01,118.035,0.4131225,-252.0,Energy,0.7568708512864981,0.9456390432471612,,
2008-09-02,199354,SIAL,buy,rebalance,2.0,51.836,2008-09-02,103.672,0.362852,-165.0,Basic Materials,0.7987364031156577,0.9311427881130708,,
2008-09-02,195646,XEC,buy,rebalance,2.0,45.824,2008-09-02,91.648,0.320768,-183.0,Energy,0.7729691698820016,0.9567528388499638,,
2008-09-02,199003,HE,buy,rebalance,8.0,13.492,2008-09-02,107.936,0.37777600000000006,-195.5,Utilities,0.8417887030014172,0.8864460014496255,,
2008-09-02,196983,CVD,buy,rebalance,1.0,94.61,2008-09-02,94.61,0.331135,-220.5,Healthcare,0.7885836557653628,0.9132640734476927,,
2008-09-02,185526,SY2,buy,rebalance,3.0,34.77,2008-09-02,104.31,0.365085,-229.0,Technology,0.7830463473486333,0.9159217202222759,,
2008-09-02,199715,FMC,buy,rebalance,5.0,23.254,2008-09-02,116.27000000000001,0.40694500000000006,-236.0,Basic Materials,0.7619693687765349,0.9451558347426915,,
2008-09-02,196648,LLL1,buy,rebalance,1.0,79.72,2008-09-02,79.72,0.27902,-237.0,Industrials,0.8138768896144537,0.8719497463155351,,
2008-09-02,198566,HON,buy,rebalance,3.0,30.438,2008-09-02,91.314,0.31959899999999997,-241.5,Industrials,0.7910624126978401,0.8973181928001933,,
2008-09-02,196343,PSD,buy,rebalance,4.0,27.154,2008-09-02,108.616,0.380156,-243.0,Utilities,0.8101105664877042,0.8733993718289442,,
2008-09-02,199746,EQT,buy,rebalance,5.0,21.44,2008-09-02,107.2,0.37520000000000003,-249.5,Energy,0.7568708512864981,0.9456390432471612,,
2008-10-01,199147,EGN,buy,rebalance,2.0,40.245,2008-10-01,80.49,0.281715,-191.5,Energy,0.7772555653181529,0.9458937198067633,,
2008-10-01,185526,SY2,buy,rebalance,3.0,30.6,2008-10-01,91.80000000000001,0.32130000000000003,-200.0,Technology,0.7737224210503918,0.946376811594203,,
2008-10-01,185400,BUD1,buy,rebalance,1.0,65.35,2008-10-01,65.35,0.22872499999999998,-201.0,Consumer Defensive,0.7913845705727063,0.9231884057971015,,
2008-10-01,199233,WMT,buy,rebalance,8.0,13.806,2008-10-01,110.448,0.38656799999999997,-211.0,Consumer Defensive,0.8039500490957997,0.9033816425120773,,
2008-10-01,199354,SIAL,buy,rebalance,2.0,49.347,2008-10-01,98.694,0.34542900000000004,-211.0,Basic Materials,0.7990083908641659,0.9082125603864735,,
2008-10-01,196912,FE,buy,rebalance,4.0,28.687,2008-10-01,114.748,0.40161800000000003,-215.0,Utilities,0.8169291475535169,0.8905797101449275,,
2008-10-01,199715,FMC,buy,rebalance,7.0,16.329,2008-10-01,114.303,0.4000605,-225.0,Basic Materials,0.7574018411748602,0.9579710144927536,,
2008-10-01,199517,MDU,buy,rebalance,18.0,6.23,2008-10-01,112.14000000000001,0.39249000000000006,-229.0,Industrials,0.8139325568847048,0.885024154589372,,
2008-10-01,195646,XEC,buy,rebalance,2.0,42.871,2008-10-01,85.742,0.300097,-238.5,Energy,0.7490784166842237,0.9630434782608696,,
2008-10-01,198597,WELL,buy,rebalance,4.0,24.111,2008-10-01,96.444,0.337554,-243.0,Real Estate,0.8262262470029897,0.8707729468599034,,
2008-11-03,199147,EGN,buy,rebalance,3.0,31.157,2008-11-03,93.471,0.3271485,-190.0,Energy,0.7772555653181529,0.9458937198067633,,
2008-11-03,185526,SY2,buy,rebalance,4.0,27.12,2008-11-03,108.48,0.37968,-198.5,Technology,0.7737224210503918,0.946376811594203,,
2008-11-03,185400,BUD1,buy,rebalance,1.0,63.54,2008-11-03,63.54,0.22239,-199.5,Consumer Defensive,0.7913845705727063,0.9231884057971015,,
2008-11-03,199233,WMT,buy,rebalance,9.0,12.952,2008-11-03,116.568,0.407988,-208.5,Consumer Defensive,0.8039500490957997,0.9033816425120773,,
2008-11-03,199354,SIAL,buy,rebalance,2.0,40.544,2008-11-03,81.088,0.283808,-209.0,Basic Materials,0.7990083908641659,0.9082125603864735,,
2008-11-03,196912,FE,buy,rebalance,5.0,23.488,2008-11-03,117.44,0.41104,-212.0,Utilities,0.8169291475535171,0.8905797101449275,,
2008-11-03,199715,FMC,buy,rebalance,8.0,14.643,2008-11-03,117.144,0.41000400000000004,-224.0,Basic Materials,0.7574018411748602,0.9579710144927536,,
2008-11-03,199517,MDU,buy,rebalance,29.0,3.98,2008-11-03,115.42,0.40397,-225.5,Industrials,0.8139325568847048,0.885024154589372,,
2008-11-03,195646,XEC,buy,rebalance,3.0,33.474,2008-11-03,100.422,0.351477,-237.5,Energy,0.7490784166842237,0.9630434782608696,,
2008-11-03,198597,WELL,buy,rebalance,6.0,19.425,2008-11-03,116.55000000000001,0.40792500000000004,-239.5,Real Estate,0.8262262470029897,0.8707729468599034,,
2008-12-01,199147,EGN,buy,rebalance,4.0,25.938,2008-12-01,103.752,0.363132,-189.5,Energy,0.7772555653181529,0.9458937198067633,,
2008-12-01,185526,SY2,buy,rebalance,5.0,22.7,2008-12-01,113.5,0.39725,-198.0,Technology,0.7737224210503918,0.946376811594203,,
2008-12-01,199233,WMT,buy,rebalance,9.0,12.267,2008-12-01,110.40299999999999,0.3864105,-207.5,Consumer Defensive,0.8039500490957996,0.9033816425120773,,
2008-12-01,199354,SIAL,buy,rebalance,3.0,35.573,2008-12-01,106.719,0.3735165,-208.0,Basic Materials,0.7990083908641661,0.9082125603864735,,
2008-12-01,196912,FE,buy,rebalance,4.0,24.475,2008-12-01,97.9,0.34265,-210.0,Utilities,0.8169291475535171,0.8905797101449275,,
2008-12-01,199120,CHD,buy,rebalance,10.0,10.979,2008-12-01,109.78999999999999,0.38426499999999997,-213.0,Consumer Defensive,0.8035183609428752,0.9012077294685991,,
2008-12-01,199517,MDU,buy,rebalance,29.0,3.866,2008-12-01,112.114,0.392399,-223.5,Industrials,0.8139325568847048,0.885024154589372,,
2008-12-01,199715,FMC,buy,rebalance,10.0,11.394,2008-12-01,113.94,0.39879,-224.0,Basic Materials,0.7574018411748602,0.9579710144927536,,
2008-12-01,195646,XEC,buy,rebalance,5.0,22.643,2008-12-01,113.215,0.3962525,-237.5,Energy,0.7490784166842237,0.9630434782608696,,
2008-12-01,198597,WELL,buy,rebalance,7.0,15.544,2008-12-01,108.808,0.38082800000000006,-237.5,Real Estate,0.8262262470029897,0.8707729468599034,,
2009-01-02,185400,BUD1,sell,delisted,2.0,68.58,2008-11-17,137.16,0.48006,,,,,129.341115,7.338824999999986
2009-01-02,199233,WMT,buy,rebalance,8.0,13.29,2009-01-02,106.32,0.37212,-63.0,Consumer Defensive,0.7795095230019919,0.9762941461054668,,
2009-01-02,199003,HE,buy,rebalance,10.0,11.578,2009-01-02,115.78,0.40523000000000003,-76.0,Utilities,0.7916597783370466,0.9564586357039188,,
2009-01-02,199423,PNY,buy,rebalance,5.0,23.498,2009-01-02,117.49000000000001,0.41121500000000005,-78.5,Utilities,0.7784456378980552,0.9678277697145622,,
2009-01-02,197913,NHI,buy,rebalance,12.0,9.888,2009-01-02,118.656,0.41529600000000005,-103.0,Real Estate,0.803772057464955,0.9366231253023706,,
2009-01-02,199639,EGP,buy,rebalance,6.0,18.42,2009-01-02,110.52000000000001,0.38682000000000005,-122.5,Real Estate,0.802019032948031,0.9259796806966618,,
2009-01-02,199021,UHS,buy,rebalance,6.0,17.52,2009-01-02,105.12,0.36792,-145.5,Healthcare,0.7708586853262315,0.9407353652636672,,
2009-01-02,199685,GIS,buy,rebalance,7.0,16.299,2009-01-02,114.09299999999999,0.39932549999999994,-145.5,Consumer Defensive,0.7789455122587375,0.9283986453797775,,
2009-01-02,199715,FMC,buy,rebalance,8.0,14.597,2009-01-02,116.776,0.40871599999999997,-151.5,Basic Materials,0.7474999405033291,0.975084663763909,,
2009-01-02,123241,DSCP,buy,rebalance,2.0,52.26,2009-01-02,104.52,0.36582,-152.5,Healthcare,0.7400028139980783,0.9837929366231253,,
2009-01-02,199262,UNP,buy,rebalance,6.0,17.247,2009-01-02,103.482,0.362187,-153.0,Industrials,0.7628421399494159,0.949685534591195,,
2009-02-02,199233,WMT,buy,rebalance,9.0,10.824,2009-02-02,97.416,0.340956,-62.5,Consumer Defensive,0.7795095230019919,0.9762941461054668,,
2009-02-02,199003,HE,buy,rebalance,9.0,11.246,2009-02-02,101.214,0.354249,-74.5,Utilities,0.7916597783370466,0.9564586357039188,,
2009-02-02,199423,PNY,buy,rebalance,5.0,19.802,2009-02-02,99.00999999999999,0.346535,-78.0,Utilities,0.7784456378980552,0.9678277697145622,,
2009-02-02,197913,NHI,buy,rebalance,10.0,10.315,2009-02-02,103.14999999999999,0.361025,-101.0,Real Estate,0.803772057464955,0.9366231253023706,,
2009-02-02,199639,EGP,buy,rebalance,6.0,16.559,2009-02-02,99.35400000000001,0.3477390000000001,-120.5,Real Estate,0.802019032948031,0.9259796806966618,,
2009-02-02,199021,UHS,buy,rebalance,6.0,17.718,2009-02-02,106.30799999999999,0.37207799999999996,-143.5,Healthcare,0.7708586853262315,0.9407353652636672,,
2009-02-02,199685,GIS,buy,rebalance,6.0,16.128,2009-02-02,96.768,0.338688,-143.5,Consumer Defensive,0.7789455122587375,0.9283986453797775,,
2009-02-02,199262,UNP,buy,rebalance,7.0,14.832,2009-02-02,103.82400000000001,0.36338400000000004,-151.0,Industrials,0.7628421399494159,0.949685534591195,,
2009-02-02,199715,FMC,buy,rebalance,7.0,14.256,2009-02-02,99.792,0.349272,-151.0,Basic Materials,0.7474999405033291,0.975084663763909,,
2009-02-02,197771,KMP,buy,rebalance,3.0,33.832,2009-02-02,101.49600000000001,0.35523600000000005,-154.5,Energy,0.8169168548497868,0.9025157232704403,,
2009-03-02,123241,DSCP,sell,delisted,2.0,52.97,2009-01-29,105.94,0.37079,,,,,104.88582,0.6833900000000028
2009-03-02,199233,WMT,buy,rebalance,10.0,11.166,2009-03-02,111.66,0.39081,-62.0,Consumer Defensive,0.7795095230019919,0.9762941461054668,,
2009-03-02,199003,HE,buy,rebalance,16.0,7.278,2009-03-02,116.448,0.407568,-74.0,Utilities,0.7916597783370466,0.9564586357039188,,
2009-03-02,199423,PNY,buy,rebalance,6.0,17.609,2009-03-02,105.65400000000001,0.36978900000000003,-77.5,Utilities,0.7784456378980552,0.9678277697145622,,
2009-03-02,197913,NHI,buy,rebalance,13.0,8.638,2009-03-02,112.294,0.393029,-100.0,Real Estate,0.803772057464955,0.9366231253023706,,
2009-03-02,199639,EGP,buy,rebalance,9.0,12.515,2009-03-02,112.635,0.39422250000000003,-119.5,Real Estate,0.802019032948031,0.9259796806966618,,
2009-03-02,199685,GIS,buy,rebalance,8.0,14.232,2009-03-02,113.856,0.398496,-142.0,Consumer Defensive,0.7789455122587375,0.9283986453797775,,
2009-03-02,199021,UHS,buy,rebalance,7.0,15.505,2009-03-02,108.53500000000001,0.37987250000000006,-142.5,Healthcare,0.7708586853262315,0.9407353652636672,,
2009-03-02,199262,UNP,buy,rebalance,9.0,12.406,2009-03-02,111.65400000000001,0.39078900000000005,-150.0,Industrials,0.7628421399494159,0.949685534591195,,
2009-03-02,199715,FMC,buy,rebalance,9.0,11.74,2009-03-02,105.66,0.36980999999999997,-150.5,Basic Materials,0.7474999405033291,0.975084663763909,,
2009-03-02,197771,KMP,buy,rebalance,3.0,29.987,2009-03-02,89.961,0.3148635,-153.0,Energy,0.8169168548497869,0.9025157232704403,,
2009-04-01,196343,PSD,sell,delisted,13.0,29.98,2009-02-06,389.74,1.36409,,,,,336.3842385,51.99167150000005
2009-04-01,188966,NST,buy,rebalance,5.0,27.971,2009-04-01,139.855,0.4894925,-102.5,Utilities,0.7792101088254816,0.9571567672833495,,
2009-04-01,199084,AMGN,buy,rebalance,4.0,32.275,2009-04-01,129.1,0.45185,-119.0,Healthcare,0.7697371984628875,0.9615384615384616,,
2009-04-01,196583,CHG2,buy,rebalance,3.0,38.637,2009-04-01,115.911,0.4056885,-119.5,Utilities,0.7720282456684152,0.9578870496592016,,
2009-04-01,195711,ETP,buy,rebalance,31.0,4.606,2009-04-01,142.786,0.499751,-122.0,Energy,0.7754020804088859,0.950827653359299,,
2009-04-01,199233,WMT,buy,rebalance,11.0,12.347,2009-04-01,135.817,0.47535950000000005,-132.0,Consumer Defensive,0.7825774277888987,0.9371957156767283,,
2009-04-01,199685,GIS,buy,rebalance,10.0,13.819,2009-04-01,138.19,0.483665,-134.5,Consumer Defensive,0.7793341211473284,0.938412852969815,,
2009-04-01,198112,SLGN,buy,rebalance,14.0,10.287,2009-04-01,144.018,0.504063,-135.5,Consumer Cyclical,0.7784551184887494,0.939873417721519,,
2009-04-01,198438,CSR,buy,rebalance,3.0,37.604,2009-04-01,112.812,0.394842,-150.5,Real Estate,0.7690711948960096,0.9442551119766309,,
2009-04-01,199891,BMY,buy,rebalance,12.0,11.821,2009-04-01,141.852,0.49648200000000003,-154.0,Healthcare,0.7757847652721983,0.932570593962999,,
2009-04-01,198260,WM,buy,rebalance,8.0,16.466,2009-04-01,131.728,0.461048,-167.0,Industrials,0.7924623532720051,0.9026290165530672,,
2009-05-01,188966,NST,buy,rebalance,4.0,27.968,2009-05-01,111.872,0.391552,-99.5,Utilities,0.7792101088254816,0.9571567672833495,,
2009-05-01,196583,CHG2,buy,rebalance,2.0,39.196,2009-05-01,78.392,0.274372,-116.5,Utilities,0.7720282456684151,0.9578870496592016,,
2009-05-01,199084,AMGN,buy,rebalance,3.0,32.462,2009-05-01,97.38600000000001,0.340851,-116.5,Healthcare,0.7697371984628874,0.9615384615384616,,
2009-05-01,195711,ETP,buy,rebalance,24.0,4.677,2009-05-01,112.24799999999999,0.392868,-119.0,Energy,0.7754020804088859,0.950827653359299,,
2009-05-01,199233,WMT,buy,rebalance,9.0,11.699,2009-05-01,105.291,0.36851849999999997,-128.5,Consumer Defensive,0.7825774277888987,0.9371957156767283,,
2009-05-01,199685,GIS,buy,rebalance,8.0,13.848,2009-05-01,110.784,0.38774400000000003,-131.0,Consumer Defensive,0.7793341211473283,0.938412852969815,,
2009-05-01,198112,SLGN,buy,rebalance,12.0,9.224,2009-05-01,110.688,0.38740800000000003,-132.0,Consumer Cyclical,0.7784551184887494,0.939873417721519,,
2009-05-01,198438,CSR,buy,rebalance,3.0,33.987,2009-05-01,101.96100000000001,0.35686350000000006,-147.0,Real Estate,0.7690711948960096,0.9442551119766309,,
2009-05-01,199891,BMY,buy,rebalance,10.0,10.379,2009-05-01,103.78999999999999,0.363265,-150.0,Healthcare,0.7757847652721983,0.932570593962999,,
2009-05-01,198260,WM,buy,rebalance,6.0,16.84,2009-05-01,101.03999999999999,0.35363999999999995,-162.5,Industrials,0.7924623532720051,0.9026290165530672,,
2009-06-01,188966,NST,buy,rebalance,3.0,27.517,2009-06-01,82.551,0.28892850000000003,-97.0,Utilities,0.7792101088254816,0.9571567672833495,,
2009-06-01,196583,CHG2,buy,rebalance,3.0,36.378,2009-06-01,109.134,0.381969,-114.0,Utilities,0.7720282456684151,0.9578870496592016,,
2009-06-01,199084,AMGN,buy,rebalance,3.0,33.457,2009-06-01,100.37100000000001,0.3512985,-114.0,Healthcare,0.7697371984628875,0.9615384615384616,,
2009-06-01,195711,ETP,buy,rebalance,22.0,4.858,2009-06-01,106.87599999999999,0.37406599999999995,-116.0,Energy,0.7754020804088859,0.950827653359299,,
2009-06-01,199233,WMT,buy,rebalance,9.0,11.89,2009-06-01,107.01,0.374535,-124.5,Consumer Defensive,0.7825774277888987,0.9371957156767283,,
2009-06-01,199685,GIS,buy,rebalance,7.0,14.037,2009-06-01,98.259,0.3439065,-127.0,Consumer Defensive,0.7793341211473284,0.938412852969815,,
2009-06-01,198112,SLGN,buy,rebalance,12.0,8.97,2009-06-01,107.64000000000001,0.3767400000000001,-128.0,Consumer Cyclical,0.7784551184887493,0.939873417721519,,
2009-06-01,198438,CSR,buy,rebalance,3.0,34.665,2009-06-01,103.995,0.36398250000000004,-143.0,Real Estate,0.7690711948960096,0.9442551119766309,,
2009-06-01,199891,BMY,buy,rebalance,10.0,10.82,2009-06-01,108.2,0.37870000000000004,-146.0,Healthcare,0.7757847652721982,0.932570593962999,,
2009-06-01,198260,WM,buy,rebalance,5.0,18.778,2009-06-01,93.88999999999999,0.32861499999999993,-158.0,Industrials,0.792462353272005,0.9026290165530672,,
2009-07-01,199426,WTRG,buy,rebalance,12.0,8.912,2009-07-01,106.94400000000002,0.3743040000000001,-84.5,Utilities,0.8014481285214838,0.9482589504659147,,
2009-07-01,199584,MZTI,buy,rebalance,3.0,29.629,2009-07-01,88.887,0.3111045,-87.5,Consumer Defensive,0.769674204368795,0.9838155958803335,,
2009-07-01,196583,CHG2,buy,rebalance,2.0,40.588,2009-07-01,81.176,0.28411600000000004,-95.5,Utilities,0.7893506977537005,0.9485041687101521,,
2009-07-01,195711,ETP,buy,rebalance,21.0,5.005,2009-07-01,105.105,0.3678675,-104.5,Energy,0.7863855354421148,0.9467876410004904,,
2009-07-01,198523,JJSF,buy,rebalance,3.0,28.51,2009-07-01,85.53,0.29935500000000004,-127.5,Consumer Defensive,0.7607005132658137,0.9757233938205002,,
2009-07-01,196997,DGX,buy,rebalance,2.0,41.834,2009-07-01,83.668,0.29283800000000004,-129.5,Healthcare,0.7804582522797477,0.9374693477194703,,
2009-07-01,188818,WYE,buy,rebalance,2.0,45.081,2009-07-01,90.162,0.31556700000000004,-142.0,Healthcare,0.7835911767645609,0.9242275625306523,,
2009-07-01,196056,NS,buy,rebalance,7.0,14.102,2009-07-01,98.714,0.345499,-151.5,Energy,0.7864170952384505,0.9149092692496321,,
2009-07-01,197919,MNRO,buy,rebalance,8.0,12.366,2009-07-01,98.928,0.346248,-174.0,Consumer Cyclical,0.732878055916396,0.9897008337420304,,
2009-08-03,199426,WTRG,buy,rebalance,13.0,8.922,2009-08-03,115.986,0.405951,-84.0,Utilities,0.801448128521484,0.9482589504659147,,
2009-08-03,199584,MZTI,buy,rebalance,4.0,28.166,2009-08-03,112.664,0.394324,-87.5,Consumer Defensive,0.7696742043687952,0.9838155958803335,,
2009-08-03,196583,CHG2,buy,rebalance,2.0,43.446,2009-08-03,86.892,0.304122,-95.0,Utilities,0.7893506977537005,0.9485041687101521,,
2009-08-03,195711,ETP,buy,rebalance,22.0,5.432,2009-08-03,119.504,0.418264,-104.0,Energy,0.7863855354421149,0.9467876410004904,,
2009-08-03,198523,JJSF,buy,rebalance,3.0,33.867,2009-08-03,101.601,0.3556035,-127.5,Consumer Defensive,0.7607005132658137,0.9757233938205002,,
2009-08-03,196997,DGX,buy,rebalance,3.0,39.681,2009-08-03,119.04299999999999,0.4166505,-128.5,Healthcare,0.7804582522797479,0.9374693477194703,,
2009-08-03,188818,WYE,buy,rebalance,2.0,46.561,2009-08-03,93.122,0.325927,-140.5,Healthcare,0.783591176764561,0.9242275625306523,,
2009-08-03,196056,NS,buy,rebalance,8.0,14.744,2009-08-03,117.952,0.412832,-150.0,Energy,0.7864170952384505,0.9149092692496321,,
2009-08-03,197919,MNRO,buy,rebalance,9.0,12.859,2009-08-03,115.731,0.4050585,-173.0,Consumer Cyclical,0.7328780559163961,0.9897008337420304,,
2009-09-01,199426,WTRG,buy,rebalance,14.0,8.428,2009-09-01,117.99200000000002,0.41297200000000006,-83.0,Utilities,0.8014481285214838,0.9482589504659147,,
2009-09-01,199584,MZTI,buy,rebalance,3.0,31.883,2009-09-01,95.649,0.3347715,-87.0,Consumer Defensive,0.7696742043687952,0.9838155958803335,,
2009-09-01,196583,CHG2,buy,rebalance,3.0,38.615,2009-09-01,115.845,0.4054575,-94.0,Utilities,0.7893506977537005,0.9485041687101521,,
2009-09-01,195711,ETP,buy,rebalance,23.0,5.212,2009-09-01,119.87599999999999,0.419566,-103.0,Energy,0.7863855354421148,0.9467876410004904,,
2009-09-01,198523,JJSF,buy,rebalance,3.0,33.606,2009-09-01,100.81800000000001,0.35286300000000004,-126.0,Consumer Defensive,0.7607005132658136,0.9757233938205002,,
2009-09-01,196997,DGX,buy,rebalance,3.0,39.032,2009-09-01,117.09599999999999,0.409836,-127.5,Healthcare,0.7804582522797477,0.9374693477194703,,
2009-09-01,188818,WYE,buy,rebalance,2.0,47.79,2009-09-01,95.58,0.33453,-139.5,Healthcare,0.7835911767645609,0.9242275625306523,,
2009-09-01,196056,NS,buy,rebalance,8.0,13.882,2009-09-01,111.056,0.388696,-149.0,Energy,0.7864170952384505,0.9149092692496321,,
2009-09-01,197919,MNRO,buy,rebalance,9.0,12.462,2009-09-01,112.158,0.392553,-172.5,Consumer Cyclical,0.7328780559163961,0.9897008337420304,,
2009-10-01,196056,NS,buy,rebalance,9.0,13.554,2009-10-01,121.986,0.426951,-143.5,Energy,0.787703164862187,0.9212734452122409,,
2009-10-01,196583,CHG2,buy,rebalance,3.0,37.437,2009-10-01,112.31099999999999,0.3930885,-144.5,Utilities,0.792687639110862,0.9178183613030603,,
2009-10-01,198705,NVE,buy,rebalance,12.0,9.992,2009-10-01,119.90400000000001,0.41966400000000004,-144.5,Utilities,0.7899905929270671,0.9195459032576505,,
2009-10-01,199656,HWKN,buy,rebalance,14.0,8.594,2009-10-01,120.31599999999999,0.421106,-147.5,Basic Materials,0.7712533192459882,0.9420039486673247,,
2009-10-01,120545,EPE1,buy,rebalance,4.0,29.141,2009-10-01,116.564,0.407974,-148.5,Energy,0.7735515340355726,0.9385488647581441,,
2009-10-01,199584,MZTI,buy,rebalance,3.0,32.225,2009-10-01,96.67500000000001,0.33836250000000007,-162.5,Consumer Defensive,0.7695924934083817,0.9353405725567621,,
2009-10-01,199701,FRS,buy,rebalance,8.0,15.103,2009-10-01,120.824,0.422884,-176.5,Consumer Cyclical,0.7715035040786999,0.9232477788746298,,
2009-10-01,199088,COKE,buy,rebalance,31.0,4.029,2009-10-01,124.899,0.4371465,-189.5,Consumer Defensive,0.7550794173168025,0.9407699901283317,,
2009-10-01,186953,APSG1,buy,rebalance,5.0,21.907,2009-10-01,109.535,0.3833725,-196.0,Technology,0.7310926300432279,0.9748272458045409,,
2009-11-02,196056,NS,buy,rebalance,8.0,14.197,2009-11-02,113.576,0.397516,-142.0,Energy,0.787703164862187,0.9212734452122409,,
2009-11-02,196583,CHG2,buy,rebalance,3.0,36.088,2009-11-02,108.26400000000001,0.37892400000000004,-143.0,Utilities,0.792687639110862,0.9178183613030603,,
2009-11-02,198705,NVE,buy,rebalance,12.0,9.879,2009-11-02,118.548,0.414918,-143.0,Utilities,0.7899905929270671,0.9195459032576505,,
2009-11-02,199656,HWKN,buy,rebalance,14.0,8.171,2009-11-02,114.39399999999999,0.400379,-147.0,Basic Materials,0.7712533192459882,0.9420039486673247,,
2009-11-02,120545,EPE1,buy,rebalance,3.0,31.854,2009-11-02,95.562,0.334467,-148.0,Energy,0.7735515340355726,0.9385488647581441,,
2009-11-02,199584,MZTI,buy,rebalance,3.0,31.21,2009-11-02,93.63,0.32770499999999997,-162.0,Consumer Defensive,0.7695924934083817,0.9353405725567621,,
2009-11-02,199701,FRS,buy,rebalance,8.0,14.09,2009-11-02,112.72,0.39452,-175.0,Consumer Cyclical,0.7715035040786999,0.9232477788746298,,
2009-11-02,199088,COKE,buy,rebalance,31.0,3.828,2009-11-02,118.66799999999999,0.415338,-189.0,Consumer Defensive,0.7550794173168025,0.9407699901283317,,
2009-11-02,186953,APSG1,buy,rebalance,6.0,19.847,2009-11-02,119.08200000000001,0.416787,-195.5,Technology,0.7310926300432279,0.9748272458045409,,
2009-12-01,188818,WYE,sell,delisted,6.0,50.39,2009-10-15,302.34000000000003,1.0581900000000002,,,,,279.840024,21.44178599999998
2009-12-01,196056,NS,buy,rebalance,10.0,14.236,2009-12-01,142.36,0.49826000000000004,-141.5,Energy,0.787703164862187,0.9212734452122409,,
2009-12-01,196583,CHG2,buy,rebalance,4.0,34.878,2009-12-01,139.512,0.488292,-142.5,Utilities,0.792687639110862,0.9178183613030603,,
2009-12-01,198705,NVE,buy,rebalance,14.0,10.384,2009-12-01,145.376,0.508816,-142.5,Utilities,0.7899905929270671,0.9195459032576505,,
2009-12-01,199656,HWKN,buy,rebalance,18.0,8.269,2009-12-01,148.842,0.520947,-146.5,Basic Materials,0.7712533192459882,0.9420039486673247,,
2009-12-01,120545,EPE1,buy,rebalance,4.0,36.263,2009-12-01,145.052,0.507682,-147.5,Energy,0.7735515340355726,0.9385488647581441,,
2009-12-01,199584,MZTI,buy,rebalance,4.0,31.12,2009-12-01,124.48,0.43568,-161.5,Consumer Defensive,0.7695924934083817,0.9353405725567621,,
2009-12-01,199701,FRS,buy,rebalance,10.0,13.822,2009-12-01,138.22,0.48377000000000003,-174.5,Consumer Cyclical,0.7715035040786999,0.9232477788746298,,
2009-12-01,199088,COKE,buy,rebalance,36.0,4.169,2009-12-01,150.08399999999997,0.5252939999999999,-188.5,Consumer Defensive,0.7550794173168025,0.9407699901283317,,
2009-12-01,186953,APSG1,buy,rebalance,7.0,19.563,2009-12-01,136.941,0.47929350000000004,-195.5,Technology,0.7310926300432279,0.9748272458045409,,
2010-01-04,194892,TLP,buy,rebalance,8.0,15.006,2010-01-04,120.048,0.42016800000000004,-326.5,Energy,0.6795971970565686,0.8763763763763763,,
2010-01-04,124603,TCP,buy,rebalance,7.0,17.058,2010-01-04,119.406,0.41792100000000004,-328.0,Energy,0.7499298906465549,0.7975475475475475,,
2010-01-04,197001,NUS,buy,rebalance,7.0,16.835,2010-01-04,117.845,0.4124575,-331.5,Consumer Defensive,0.6573781034796704,0.9109109109109109,,
2010-01-04,188102,LZ1,buy,rebalance,1.0,72.9,2010-01-04,72.9,0.25515000000000004,-362.5,Basic Materials,0.6735034346959428,0.8616116116116116,,
2010-01-04,199827,CSC,buy,rebalance,5.0,22.04,2010-01-04,110.19999999999999,0.3857,-366.0,Technology,0.6817663741445215,0.8488488488488488,,
2010-01-04,194855,TISUQ,buy,rebalance,8.0,14.831,2010-01-04,118.648,0.41526799999999997,-394.5,Consumer Defensive,0.6293019519622259,0.9226726726726727,,
2010-01-04,198397,CERN,buy,rebalance,6.0,20.381,2010-01-04,122.286,0.428001,-394.5,Healthcare,0.6682018612798395,0.8521021021021021,,
2010-01-04,197110,TUPBQ,buy,rebalance,3.0,32.751,2010-01-04,98.25299999999999,0.34388549999999996,-405.5,Consumer Cyclical,0.6277266829962388,0.9181681681681682,,
2010-01-04,188950,TECD,buy,rebalance,2.0,46.96,2010-01-04,93.92,0.32872,-407.0,Technology,0.6587935695284229,0.8583583583583584,,
2010-02-01,124603,TCP,buy,rebalance,7.0,16.83,2010-02-01,117.80999999999999,0.41233499999999995,-324.5,Energy,0.7499298906465549,0.7975475475475475,,
2010-02-01,194892,TLP,buy,rebalance,8.0,14.698,2010-02-01,117.584,0.411544,-325.0,Energy,0.6795971970565686,0.8763763763763763,,
2010-02-01,197001,NUS,buy,rebalance,8.0,14.606,2010-02-01,116.848,0.408968,-330.5,Consumer Defensive,0.6573781034796703,0.9109109109109109,,
2010-02-01,188102,LZ1,buy,rebalance,1.0,71.182,2010-02-01,71.182,0.24913700000000003,-361.0,Basic Materials,0.6735034346959428,0.8616116116116116,,
2010-02-01,199827,CSC,buy,rebalance,6.0,20.043,2010-02-01,120.258,0.42090299999999997,-364.0,Technology,0.6817663741445216,0.8488488488488488,,
2010-02-01,198397,CERN,buy,rebalance,6.0,18.79,2010-02-01,112.74,0.39459,-392.5,Healthcare,0.6682018612798395,0.8521021021021021,,
2010-02-01,194855,TISUQ,buy,rebalance,9.0,13.741,2010-02-01,123.669,0.4328415,-393.5,Consumer Defensive,0.6293019519622259,0.9226726726726727,,
2010-02-01,197110,TUPBQ,buy,rebalance,4.0,29.629,2010-02-01,118.516,0.414806,-404.5,Consumer Cyclical,0.6277266829962388,0.9181681681681682,,
2010-02-01,188950,TECD,buy,rebalance,3.0,41.51,2010-02-01,124.53,0.435855,-405.5,Technology,0.6587935695284229,0.8583583583583584,,
2010-03-01,124603,TCP,buy,rebalance,7.0,17.276,2010-03-01,120.932,0.423262,-324.5,Energy,0.7499298906465549,0.7975475475475475,,
2010-03-01,194892,TLP,buy,rebalance,8.0,15.164,2010-03-01,121.312,0.424592,-325.0,Energy,0.6795971970565686,0.8763763763763763,,
2010-03-01,197001,NUS,buy,rebalance,6.0,17.72,2010-03-01,106.32,0.37212,-330.5,Consumer Defensive,0.6573781034796704,0.9109109109109109,,
2010-03-01,188102,LZ1,buy,rebalance,1.0,78.777,2010-03-01,78.777,0.2757195,-361.0,Basic Materials,0.6735034346959428,0.8616116116116116,,
2010-03-01,199827,CSC,buy,rebalance,6.0,20.021,2010-03-01,120.126,0.420441,-364.0,Technology,0.6817663741445216,0.8488488488488488,,
2010-03-01,198397,CERN,buy,rebalance,5.0,20.534,2010-03-01,102.66999999999999,0.35934499999999997,-392.5,Healthcare,0.6682018612798395,0.8521021021021021,,
2010-03-01,194855,TISUQ,buy,rebalance,10.0,12.013,2010-03-01,120.13,0.42045499999999997,-393.5,Consumer Defensive,0.6293019519622259,0.9226726726726727,,
2010-03-01,197110,TUPBQ,buy,rebalance,3.0,32.279,2010-03-01,96.83700000000002,0.33892950000000005,-404.5,Consumer Cyclical,0.6277266829962388,0.9181681681681682,,
2010-03-01,188950,TECD,buy,rebalance,2.0,44.83,2010-03-01,89.66,0.31381,-405.5,Technology,0.6587935695284228,0.8583583583583584,,
2010-04-01,197312,BNI,sell,delisted,3.0,100.21,2010-02-12,300.63,1.052205,,,,,229.45027499999998,70.12752
2010-04-01,186484,PAS,sell,delisted,12.0,29.88,2010-02-25,358.56,1.25496,,,,,315.913842,41.39119800000003
2010-04-01,188102,LZ1,buy,rebalance,2.0,91.305,2010-04-01,182.61,0.639135,-335.0,Basic Materials,0.6667496392863116,0.8838577641340496,,
2010-04-01,120545,EPE1,buy,rebalance,4.0,45.12,2010-04-01,180.48,0.63168,-422.0,Energy,0.7091168884911888,0.7656689690457917,,
2010-04-01,194709,DCP,buy,rebalance,16.0,11.459,2010-04-01,183.344,0.6417039999999999,-441.0,Energy,0.6427821212509441,0.8656945510360706,,
2010-04-01,199496,NTY,buy,rebalance,3.0,49.01,2010-04-01,147.03,0.514605,-450.5,Healthcare,0.6297975012076422,0.8797646456894347,,
2010-04-01,197192,EL,buy,rebalance,7.0,26.824,2010-04-01,187.768,0.657188,-453.5,Consumer Defensive,0.6717532081590528,0.8035303146584805,,
2010-04-01,197001,NUS,buy,rebalance,10.0,18.454,2010-04-01,184.54000000000002,0.6458900000000001,-454.0,Consumer Defensive,0.6569489002811463,0.8301355845484779,,
2010-04-01,195268,HSP,buy,rebalance,3.0,56.52,2010-04-01,169.56,0.59346,-464.5,Healthcare,0.7157183567654326,0.7331798413916603,,
2010-04-01,188202,NRGP,buy,rebalance,8.0,23.638,2010-04-01,189.104,0.661864,-471.5,Communication Services,0.6644658637149803,0.8081350729086723,,
2010-04-01,195008,CNSL,buy,rebalance,22.0,8.599,2010-04-01,189.178,0.662123,-483.5,Communication Services,0.6760631928122944,0.7766692248656946,,
2010-04-01,197998,SCHL,buy,rebalance,9.0,19.794,2010-04-01,178.14600000000002,0.623511,-496.0,Consumer Cyclical,0.6293945029994544,0.8529035558966488,,
2010-05-03,186663,BDK,sell,delisted,3.0,74.05,2010-03-12,222.14999999999998,0.7775249999999999,,,,,229.10406750000004,-7.731592500000062
2010-05-03,185780,KTII,sell,delisted,11.0,150.01,2010-04-01,1650.11,5.775385,,,,,784.486125,859.84849
2010-05-03,188102,LZ1,buy,rebalance,3.0,90.413,2010-05-03,271.239,0.9493364999999999,-333.5,Basic Materials,0.6667496392863116,0.8838577641340496,,
2010-05-03,120545,EPE1,buy,rebalance,6.0,46.48,2010-05-03,278.88,0.9760800000000001,-420.0,Energy,0.7091168884911888,0.7656689690457917,,
2010-05-03,194709,DCP,buy,rebalance,24.0,12.004,2010-05-03,288.096,1.0083360000000001,-438.5,Energy,0.6427821212509441,0.8656945510360706,,
2010-05-03,199496,NTY,buy,rebalance,7.0,41.38,2010-05-03,289.66,1.01381,-447.5,Healthcare,0.6297975012076421,0.8797646456894347,,
2010-05-03,197192,EL,buy,rebalance,11.0,27.048,2010-05-03,297.52799999999996,1.041348,-450.5,Consumer Defensive,0.6717532081590528,0.8035303146584805,,
2010-05-03,197001,NUS,buy,rebalance,15.0,19.076,2010-05-03,286.14,1.00149,-452.0,Consumer Defensive,0.6569489002811462,0.8301355845484779,,
2010-05-03,195268,HSP,buy,rebalance,5.0,53.62,2010-05-03,268.09999999999997,0.9383499999999999,-460.5,Healthcare,0.7157183567654326,0.7331798413916603,,
2010-05-03,188202,NRGP,buy,rebalance,12.0,23.983,2010-05-03,287.796,1.007286,-468.5,Communication Services,0.6644658637149803,0.8081350729086723,,
2010-05-03,195008,CNSL,buy,rebalance,34.0,8.675,2010-05-03,294.95000000000005,1.0323250000000002,-480.5,Communication Services,0.6760631928122944,0.7766692248656946,,
2010-05-03,197998,SCHL,buy,rebalance,14.0,20.307,2010-05-03,284.298,0.995043,-493.0,Consumer Cyclical,0.6293945029994544,0.8529035558966488,,
2010-06-01,188102,LZ1,buy,rebalance,1.0,84.804,2010-06-01,84.804,0.296814,-332.0,Basic Materials,0.6667496392863116,0.8838577641340496,,
2010-06-01,120545,EPE1,buy,rebalance,2.0,42.75,2010-06-01,85.5,0.29925,-418.0,Energy,0.7091168884911889,0.7656689690457917,,
2010-06-01,194709,DCP,buy,rebalance,10.0,10.594,2010-06-01,105.94,0.37079,-437.0,Energy,0.6427821212509441,0.8656945510360706,,
2010-06-01,199496,NTY,buy,rebalance,3.0,33.37,2010-06-01,100.10999999999999,0.35038499999999995,-446.0,Healthcare,0.6297975012076421,0.8797646456894347,,
2010-06-01,197192,EL,buy,rebalance,4.0,23.69,2010-06-01,94.76,0.33166,-448.0,Consumer Defensive,0.6717532081590528,0.8035303146584805,,
2010-06-01,197001,NUS,buy,rebalance,6.0,17.67,2010-06-01,106.02000000000001,0.37107000000000007,-450.0,Consumer Defensive,0.6569489002811463,0.8301355845484779,,
2010-06-01,195268,HSP,buy,rebalance,2.0,50.64,2010-06-01,101.28,0.35448,-458.5,Healthcare,0.7157183567654326,0.7331798413916603,,
2010-06-01,188202,NRGP,buy,rebalance,4.0,23.448,2010-06-01,93.792,0.328272,-466.0,Communication Services,0.6644658637149803,0.8081350729086723,,
2010-06-01,195008,CNSL,buy,rebalance,14.0,7.894,2010-06-01,110.516,0.38680600000000004,-478.0,Communication Services,0.6760631928122944,0.7766692248656946,,
2010-06-01,197998,SCHL,buy,rebalance,6.0,18.691,2010-06-01,112.14599999999999,0.39251099999999994,-491.5,Consumer Cyclical,0.6293945029994544,0.8529035558966488,,
2010-07-01,188202,NRGP,buy,rebalance,4.0,25.91,2010-07-01,103.64,0.36274,-325.5,Communication Services,0.6787202630605634,0.8674262040393579,,
2010-07-01,188136,LNCR,buy,rebalance,3.0,29.647,2010-07-01,88.941,0.3112935,-341.0,Healthcare,0.6903280966905573,0.8379078197824961,,
2010-07-01,115441,WPZ1,buy,rebalance,3.0,34.247,2010-07-01,102.741,0.3595935,-358.0,Energy,0.6223993695382735,0.9528741584671155,,
2010-07-01,195664,MWE,buy,rebalance,4.0,23.641,2010-07-01,94.564,0.330974,-406.5,Energy,0.61829960170317,0.9274987053340238,,
2010-07-01,188516,DLM,buy,rebalance,8.0,14.072,2010-07-01,112.576,0.394016,-418.0,Consumer Defensive,0.6949331904674673,0.778612118073537,,
2010-07-01,191345,PRGO,buy,rebalance,2.0,42.419,2010-07-01,84.838,0.296933,-425.0,Healthcare,0.6756897213414885,0.8076126359399275,,
2010-07-01,188102,LZ1,buy,rebalance,1.0,78.139,2010-07-01,78.139,0.27348649999999997,-445.0,Basic Materials,0.6556338235747026,0.8252200932159502,,
2010-07-01,199324,SWK,buy,rebalance,3.0,33.079,2010-07-01,99.237,0.3473295,-448.5,Industrials,0.672763262829459,0.7962195753495598,,
2010-07-01,174689,RBI,buy,rebalance,8.0,13.46,2010-07-01,107.68,0.37688000000000005,-451.0,Consumer Cyclical,0.6470606167159833,0.8376488865872604,,
2010-07-01,197192,EL,buy,rebalance,4.0,23.277,2010-07-01,93.108,0.325878,-457.5,Consumer Defensive,0.6652587005360077,0.8008803728638011,,
2010-08-02,188202,NRGP,buy,rebalance,3.0,30.627,2010-08-02,91.881,0.3215835,-324.0,Communication Services,0.6787202630605634,0.8674262040393579,,
2010-08-02,188136,LNCR,buy,rebalance,5.0,22.965,2010-08-02,114.825,0.4018875,-339.5,Healthcare,0.6903280966905573,0.8379078197824961,,
2010-08-02,115441,WPZ1,buy,rebalance,3.0,38.003,2010-08-02,114.009,0.3990315,-356.5,Energy,0.6223993695382735,0.9528741584671155,,
2010-08-02,195664,MWE,buy,rebalance,4.0,26.239,2010-08-02,104.956,0.367346,-405.0,Energy,0.61829960170317,0.9274987053340238,,
2010-08-02,188516,DLM,buy,rebalance,8.0,13.828,2010-08-02,110.624,0.387184,-416.0,Consumer Defensive,0.6949331904674673,0.778612118073537,,
2010-08-02,191345,PRGO,buy,rebalance,2.0,41.851,2010-08-02,83.702,0.292957,-423.5,Healthcare,0.6756897213414885,0.8076126359399275,,
2010-08-02,188102,LZ1,buy,rebalance,1.0,94.039,2010-08-02,94.039,0.3291365,-443.5,Basic Materials,0.6556338235747026,0.8252200932159502,,
2010-08-02,199324,SWK,buy,rebalance,3.0,38.973,2010-08-02,116.919,0.4092165,-446.5,Industrials,0.672763262829459,0.7962195753495598,,
2010-08-02,174689,RBI,buy,rebalance,8.0,13.54,2010-08-02,108.32,0.37911999999999996,-449.5,Consumer Cyclical,0.6470606167159833,0.8376488865872604,,
2010-08-02,197192,EL,buy,rebalance,4.0,25.952,2010-08-02,103.808,0.36332800000000004,-455.5,Consumer Defensive,0.6652587005360077,0.8008803728638011,,
2010-09-01,185526,SY2,sell,delisted,22.0,64.98,2010-07-29,1429.5600000000002,5.0034600000000005,,,,,639.279675,785.2768650000003
2010-09-01,188202,NRGP,buy,rebalance,9.0,27.542,2010-09-01,247.87800000000001,0.867573,-320.5,Communication Services,0.6787202630605635,0.8674262040393579,,
2010-09-01,188136,LNCR,buy,rebalance,11.0,21.955,2010-09-01,241.505,0.8452675,-337.0,Healthcare,0.6903280966905573,0.8379078197824961,,
2010-09-01,115441,WPZ1,buy,rebalance,7.0,34.409,2010-09-01,240.863,0.8430205000000001,-354.5,Energy,0.6223993695382735,0.9528741584671155,,
2010-09-01,195664,MWE,buy,rebalance,10.0,24.985,2010-09-01,249.85,0.874475,-402.5,Energy,0.6182996017031698,0.9274987053340238,,
2010-09-01,188516,DLM,buy,rebalance,19.0,13.017,2010-09-01,247.32299999999998,0.8656305,-413.5,Consumer Defensive,0.6949331904674673,0.778612118073537,,
2010-09-01,191345,PRGO,buy,rebalance,5.0,42.834,2010-09-01,214.17000000000002,0.7495950000000001,-420.0,Healthcare,0.6756897213414885,0.8076126359399275,,
2010-09-01,188102,LZ1,buy,rebalance,2.0,96.844,2010-09-01,193.688,0.677908,-440.0,Basic Materials,0.6556338235747027,0.8252200932159502,,
2010-09-01,199324,SWK,buy,rebalance,6.0,37.679,2010-09-01,226.074,0.791259,-443.0,Industrials,0.672763262829459,0.7962195753495598,,
2010-09-01,197192,EL,buy,rebalance,10.0,23.756,2010-09-01,237.56,0.83146,-452.0,Consumer Defensive,0.6652587005360077,0.8008803728638011,,
2010-09-01,195349,TDG,buy,rebalance,9.0,25.611,2010-09-01,230.499,0.8067465,-470.0,Industrials,0.6990831383990918,0.7371828068358364,,
2010-10-01,174689,RBI,sell,delisted,16.0,13.56,2010-08-05,216.96,0.75936,,,,,216.756,-0.555359999999979
2010-10-01,120545,EPE1,buy,rebalance,2.0,59.17,2010-10-01,118.34,0.41419,-206.5,Energy,0.7008748340022211,0.9041525202402716,,
2010-10-01,188202,NRGP,buy,rebalance,4.0,30.45,2010-10-01,121.8,0.4263,-263.0,Communication Services,0.6649522826752043,0.9226952206842518,,
2010-10-01,124686,SEP,buy,rebalance,6.0,21.584,2010-10-01,129.504,0.453264,-265.0,Energy,0.7235437528624643,0.8469574301384173,,
2010-10-01,191345,PRGO,buy,rebalance,2.0,47.621,2010-10-01,95.242,0.333347,-274.0,Healthcare,0.6589782452595113,0.9294855053538783,,
2010-10-01,196170,EW,buy,rebalance,12.0,11.185,2010-10-01,134.22,0.46977,-313.5,Healthcare,0.6874667843470179,0.857926351527814,,
2010-10-01,199819,HSH,buy,rebalance,7.0,19.714,2010-10-01,137.998,0.48299299999999995,-320.5,Consumer Defensive,0.7100183342473921,0.8239749281796814,,
2010-10-01,194655,AHGP,buy,rebalance,5.0,23.847,2010-10-01,119.23500000000001,0.41732250000000004,-321.0,Basic Materials,0.6744713912520433,0.8712457560720814,,
2010-10-01,197192,EL,buy,rebalance,5.0,25.887,2010-10-01,129.435,0.4530225,-323.5,Consumer Defensive,0.6752823173909425,0.8686341081222251,,
2010-10-01,199660,HAS,buy,rebalance,5.0,26.568,2010-10-01,132.84,0.46494,-331.0,Consumer Cyclical,0.6980175658642014,0.8302428832593366,,
2010-10-01,198663,DFZ,buy,rebalance,14.0,9.554,2010-10-01,133.756,0.468146,-346.5,Consumer Cyclical,0.659879167197837,0.8793418647166362,,
2010-11-01,199496,NTY,sell,delisted,13.0,54.98,2010-10-01,714.74,2.50159,,,,,538.6788,173.55961000000002
2010-11-01,120545,EPE1,buy,rebalance,2.0,63.83,2010-11-01,127.66,0.44681,-205.5,Energy,0.7008748340022211,0.9041525202402716,,
2010-11-01,188202,NRGP,buy,rebalance,6.0,30.48,2010-11-01,182.88,0.64008,-261.5,Communication Services,0.6649522826752043,0.9226952206842518,,
2010-11-01,124686,SEP,buy,rebalance,8.0,21.779,2010-11-01,174.232,0.609812,-262.5,Energy,0.7235437528624643,0.8469574301384173,,
2010-11-01,191345,PRGO,buy,rebalance,3.0,49.467,2010-11-01,148.401,0.5194035,-272.5,Healthcare,0.6589782452595113,0.9294855053538783,,
2010-11-01,196170,EW,buy,rebalance,17.0,10.702,2010-11-01,181.934,0.636769,-310.5,Healthcare,0.6874667843470179,0.857926351527814,,
2010-11-01,199819,HSH,buy,rebalance,8.0,20.933,2010-11-01,167.464,0.586124,-317.5,Consumer Defensive,0.7100183342473921,0.8239749281796814,,
2010-11-01,194655,AHGP,buy,rebalance,8.0,22.718,2010-11-01,181.744,0.636104,-318.5,Basic Materials,0.6744713912520434,0.8712457560720814,,
2010-11-01,197192,EL,buy,rebalance,6.0,28.574,2010-11-01,171.44400000000002,0.6000540000000001,-321.0,Consumer Defensive,0.6752823173909425,0.8686341081222251,,
2010-11-01,199660,HAS,buy,rebalance,6.0,27.934,2010-11-01,167.604,0.5866140000000001,-328.0,Consumer Cyclical,0.6980175658642014,0.8302428832593366,,
2010-11-01,198663,DFZ,buy,rebalance,19.0,9.48,2010-11-01,180.12,0.63042,-344.0,Consumer Cyclical,0.659879167197837,0.8793418647166362,,
2010-12-01,124686,SEP,buy,rebalance,5.0,21.21,2010-12-01,106.05000000000001,0.37117500000000003,-260.5,Energy,0.7235437528624643,0.8469574301384173,,
2010-12-01,191345,PRGO,buy,rebalance,2.0,45.205,2010-12-01,90.41,0.316435,-271.0,Healthcare,0.6589782452595113,0.9294855053538783,,
2010-12-01,124492,CEQP,buy,rebalance,1.0,102.318,2010-12-01,102.318,0.358113,-284.5,Energy,0.7161566296729521,0.8362496735440063,,
2010-12-01,196170,EW,buy,rebalance,10.0,11.263,2010-12-01,112.63,0.39420499999999997,-308.5,Healthcare,0.6874667843470179,0.857926351527814,,
2010-12-01,199819,HSH,buy,rebalance,5.0,22.489,2010-12-01,112.44500000000001,0.39355750000000006,-315.0,Consumer Defensive,0.7100183342473921,0.8239749281796814,,
2010-12-01,194655,AHGP,buy,rebalance,4.0,26.101,2010-12-01,104.404,0.365414,-316.5,Basic Materials,0.6744713912520433,0.8712457560720814,,
2010-12-01,197192,EL,buy,rebalance,3.0,31.868,2010-12-01,95.604,0.334614,-319.0,Consumer Defensive,0.6752823173909425,0.8686341081222251,,
2010-12-01,199660,HAS,buy,rebalance,4.0,28.599,2010-12-01,114.396,0.400386,-325.5,Consumer Cyclical,0.6980175658642014,0.8302428832593366,,
2010-12-01,198663,DFZ,buy,rebalance,11.0,10.793,2010-12-01,118.72299999999998,0.41553049999999997,-342.0,Consumer Cyclical,0.659879167197837,0.8793418647166362,,
2010-12-01,195008,CNSL,buy,rebalance,13.0,8.928,2010-12-01,116.06400000000001,0.40622400000000003,-347.0,Communication Services,0.6900187844392445,0.8265865761295378,,
2011-01-03,120545,EPE1,sell,delisted,27.0,63.99,2010-11-22,1727.73,6.047055,,,,,1152.056133,569.626812
2011-01-03,188202,NRGP,sell,delisted,50.0,30.71,2010-11-05,1535.5,5.37425,,,,,1323.3866985,206.73905149999996
2011-01-03,194655,AHGP,buy,rebalance,15.0,27.282,2011-01-03,409.23,1.4323050000000002,-172.0,Basic Materials,0.6251216240632967,0.9511615628299894,,
2011-01-03,193792,WES2,buy,rebalance,22.0,19.628,2011-01-03,431.81600000000003,1.5113560000000001,-198.5,Energy,0.6332859294826989,0.9192185850052799,,
2011-01-03,199648,HRC,buy,rebalance,12.0,35.119,2011-01-03,421.428,1.474998,-255.5,Healthcare,0.6143456523628535,0.9134107708553326,,
2011-01-03,197997,AZO,buy,rebalance,1.0,268.4,2011-01-03,268.4,0.9393999999999999,-266.0,Consumer Cyclical,0.6471057884030467,0.8629883843717001,,
2011-01-03,199736,FDO,buy,rebalance,9.0,47.519,2011-01-03,427.671,1.4968485,-275.5,Consumer Defensive,0.6350769587288015,0.8711721224920802,,
2011-01-03,199660,HAS,buy,rebalance,15.0,27.922,2011-01-03,418.83,1.465905,-293.0,Consumer Cyclical,0.6455412070797173,0.8468848996832101,,
2011-01-03,187636,ENDPQ,buy,rebalance,12.0,36.04,2011-01-03,432.48,1.5136800000000001,-296.0,Healthcare,0.6423764000697423,0.8482048574445618,,
2011-01-03,196854,Q1,buy,rebalance,57.0,7.603,2011-01-03,433.371,1.5167985,-308.0,Communication Services,0.5999425788699719,0.9078669482576558,,
2011-01-03,115441,WPZ1,buy,rebalance,11.0,39.231,2011-01-03,431.541,1.5103935,-310.0,Energy,0.5962748837286292,0.9157866948257656,,
2011-01-03,187047,PVG1,buy,rebalance,16.0,25.978,2011-01-03,415.648,1.454768,-317.0,Basic Materials,0.5880031100812362,0.9284582893347413,,
2011-02-01,194655,AHGP,buy,rebalance,4.0,27.93,2011-02-01,111.72,0.39102,-169.0,Basic Materials,0.625121624063297,0.9511615628299894,,
2011-02-01,193792,WES2,buy,rebalance,5.0,21.596,2011-02-01,107.98,0.37793000000000004,-193.5,Energy,0.6332859294826989,0.9192185850052799,,
2011-02-01,199648,HRC,buy,rebalance,3.0,36.327,2011-02-01,108.981,0.3814335,-250.5,Healthcare,0.6143456523628535,0.9134107708553326,,
2011-02-01,199736,FDO,buy,rebalance,3.0,40.09,2011-02-01,120.27000000000001,0.42094500000000007,-268.5,Consumer Defensive,0.6350769587288012,0.8711721224920802,,
2011-02-01,199660,HAS,buy,rebalance,4.0,26.413,2011-02-01,105.652,0.369782,-285.5,Consumer Cyclical,0.6455412070797173,0.8468848996832101,,
2011-02-01,187636,ENDPQ,buy,rebalance,3.0,34.45,2011-02-01,103.35000000000001,0.361725,-288.5,Healthcare,0.6423764000697423,0.8482048574445618,,
2011-02-01,196854,Q1,buy,rebalance,17.0,7.07,2011-02-01,120.19,0.420665,-302.0,Communication Services,0.5999425788699719,0.9078669482576558,,
2011-02-01,115441,WPZ1,buy,rebalance,3.0,39.739,2011-02-01,119.21699999999998,0.41725949999999995,-303.5,Energy,0.5962748837286292,0.9157866948257656,,
2011-02-01,187047,PVG1,buy,rebalance,4.0,26.481,2011-02-01,105.924,0.370734,-310.5,Basic Materials,0.5880031100812363,0.9284582893347413,,
2011-03-01,194655,AHGP,buy,rebalance,4.0,30.73,2011-03-01,122.92,0.43022,-167.5,Basic Materials,0.6251216240632967,0.9511615628299894,,
2011-03-01,193792,WES2,buy,rebalance,5.0,22.57,2011-03-01,112.85,0.39497499999999997,-191.0,Energy,0.6332859294826989,0.9192185850052799,,
2011-03-01,199648,HRC,buy,rebalance,3.0,33.514,2011-03-01,100.542,0.351897,-248.0,Healthcare,0.6143456523628532,0.9134107708553326,,
2011-03-01,199736,FDO,buy,rebalance,2.0,47.358,2011-03-01,94.716,0.33150599999999997,-265.5,Consumer Defensive,0.6350769587288015,0.8711721224920802,,
2011-03-01,199660,HAS,buy,rebalance,4.0,26.835,2011-03-01,107.34,0.37569,-283.0,Consumer Cyclical,0.6455412070797175,0.8468848996832101,,
2011-03-01,187636,ENDPQ,buy,rebalance,3.0,36.21,2011-03-01,108.63,0.380205,-286.0,Healthcare,0.6423764000697423,0.8482048574445618,,
2011-03-01,196854,Q1,buy,rebalance,18.0,6.66,2011-03-01,119.88,0.41958,-299.0,Communication Services,0.5999425788699719,0.9078669482576558,,
2011-03-01,115441,WPZ1,buy,rebalance,2.0,42.88,2011-03-01,85.76,0.30016000000000004,-301.0,Energy,0.5962748837286294,0.9157866948257656,,
2011-03-01,187047,PVG1,buy,rebalance,4.0,26.38,2011-03-01,105.52,0.36932,-308.0,Basic Materials,0.5880031100812362,0.9284582893347413,,
2011-04-01,186953,APSG1,sell,delisted,18.0,38.01,2011-01-31,684.18,2.39463,,,,,366.837453,314.94791699999996
2011-04-01,197214,SAM,buy,rebalance,2.0,92.11,2011-04-01,184.22,0.64477,-320.0,Consumer Defensive,0.5908618285423485,0.9198503873897943,,
2011-04-01,187636,ENDPQ,buy,rebalance,5.0,38.86,2011-04-01,194.3,0.68005,-321.5,Healthcare,0.619095803069021,0.8674859738177932,,
2011-04-01,196854,Q1,buy,rebalance,28.0,6.83,2011-04-01,191.24,0.66934,-341.5,Communication Services,0.5979636375637214,0.8950040074806305,,
2011-04-01,194655,AHGP,buy,rebalance,6.0,29.259,2011-04-01,175.554,0.6144390000000001,-344.5,Basic Materials,0.6155098481501439,0.8602725086828747,,
2011-04-01,197305,DLTR,buy,rebalance,6.0,28.36,2011-04-01,170.16,0.59556,-350.0,Consumer Defensive,0.6070900370154346,0.8738979428266097,,
2011-04-01,124603,TCP,buy,rebalance,7.0,25.874,2011-04-01,181.118,0.633913,-351.5,Energy,0.6735296042086371,0.7892065188351589,,
2011-04-01,196333,ARLP,buy,rebalance,18.0,10.54,2011-04-01,189.71999999999997,0.6640199999999999,-352.5,Basic Materials,0.6095726607162583,0.8677531391931605,,
2011-04-01,195735,AAP,buy,rebalance,3.0,56.765,2011-04-01,170.29500000000002,0.5960325000000001,-361.5,Consumer Cyclical,0.6187659043374703,0.8439754207854662,,
2011-04-01,196855,AME,buy,rebalance,7.0,26.921,2011-04-01,188.447,0.6595645,-375.0,Industrials,0.6214457825799266,0.8308843173924659,,
2011-05-02,188516,DLM,sell,delisted,35.0,18.99,2011-03-08,664.65,2.326275,,,,,472.1698305,190.15389449999998
2011-05-02,196854,Q1,sell,delisted,120.0,6.83,2011-03-31,819.6,2.8686000000000003,,,,,867.7073835,-50.975983499999984
2011-05-02,187047,PVG1,sell,delisted,24.0,25.51,2011-03-10,612.24,2.14284,,,,,629.286822,-19.189662
2011-05-02,197997,AZO,buy,rebalance,1.0,281.18,2011-05-02,281.18,0.9841300000000001,-300.0,Consumer Cyclical,0.647340496494151,0.8394336094042212,,
2011-05-02,197214,SAM,buy,rebalance,3.0,92.24,2011-05-02,276.71999999999997,0.9685199999999999,-312.5,Consumer Defensive,0.5908618285423486,0.9198503873897943,,
2011-05-02,187636,ENDPQ,buy,rebalance,8.0,40.02,2011-05-02,320.16,1.12056,-313.5,Healthcare,0.619095803069021,0.8674859738177932,,
2011-05-02,194655,AHGP,buy,rebalance,11.0,29.348,2011-05-02,322.828,1.1298979999999998,-336.0,Basic Materials,0.6155098481501439,0.8602725086828747,,
2011-05-02,197305,DLTR,buy,rebalance,11.0,29.01,2011-05-02,319.11,1.1168850000000001,-341.5,Consumer Defensive,0.6070900370154348,0.8738979428266097,,
2011-05-02,124603,TCP,buy,rebalance,14.0,24.103,2011-05-02,337.442,1.181047,-343.0,Energy,0.6735296042086371,0.7892065188351589,,
2011-05-02,196333,ARLP,buy,rebalance,32.0,10.397,2011-05-02,332.704,1.164464,-344.0,Basic Materials,0.6095726607162583,0.8677531391931605,,
2011-05-02,195735,AAP,buy,rebalance,6.0,56.147,2011-05-02,336.882,1.179087,-353.5,Consumer Cyclical,0.61876590433747,0.8439754207854662,,
2011-05-02,196855,AME,buy,rebalance,12.0,27.482,2011-05-02,329.784,1.154244,-366.5,Industrials,0.6214457825799266,0.8308843173924659,,
2011-05-02,193792,WES2,buy,rebalance,14.0,24.195,2011-05-02,338.73,1.1855550000000001,-387.0,Energy,0.6284157784151505,0.8105797488645472,,
2011-06-01,187636,ENDPQ,buy,rebalance,2.0,41.5,2011-06-01,83.0,0.2905,-309.0,Healthcare,0.619095803069021,0.8674859738177932,,
2011-06-01,197214,SAM,buy,rebalance,1.0,82.49,2011-06-01,82.49,0.288715,-310.0,Consumer Defensive,0.5908618285423485,0.9198503873897943,,
2011-06-01,194655,AHGP,buy,rebalance,4.0,26.092,2011-06-01,104.368,0.365288,-331.5,Basic Materials,0.6155098481501439,0.8602725086828747,,
2011-06-01,197305,DLTR,buy,rebalance,3.0,31.335,2011-06-01,94.005,0.3290175,-337.0,Consumer Defensive,0.6070900370154346,0.8738979428266097,,
2011-06-01,124603,TCP,buy,rebalance,5.0,23.191,2011-06-01,115.955,0.4058425,-337.5,Energy,0.6735296042086371,0.7892065188351589,,
2011-06-01,196333,ARLP,buy,rebalance,13.0,9.263,2011-06-01,120.419,0.4214665,-339.0,Basic Materials,0.6095726607162583,0.8677531391931605,,
2011-06-01,195735,AAP,buy,rebalance,2.0,52.355,2011-06-01,104.71,0.366485,-348.5,Consumer Cyclical,0.61876590433747,0.8439754207854662,,
2011-06-01,196855,AME,buy,rebalance,4.0,25.388,2011-06-01,101.552,0.355432,-361.0,Industrials,0.6214457825799266,0.8308843173924659,,
2011-06-01,193792,WES2,buy,rebalance,5.0,22.682,2011-06-01,113.41,0.396935,-381.5,Energy,0.6284157784151505,0.8105797488645472,,
2011-07-01,193792,WES2,buy,rebalance,5.0,23.422,2011-07-01,117.11,0.409885,-230.0,Energy,0.6374330908135245,0.8923863330642992,,
2011-07-01,187636,ENDPQ,buy,rebalance,3.0,40.66,2011-07-01,121.97999999999999,0.42693,-278.0,Healthcare,0.612007265069293,0.901802528921173,,
2011-07-01,195259,RAI,buy,rebalance,8.0,14.368,2011-07-01,114.944,0.402304,-290.0,Consumer Defensive,0.6676950070259208,0.8272800645682001,,
2011-07-01,193811,PM,buy,rebalance,3.0,32.687,2011-07-01,98.06099999999999,0.3432135,-293.0,Consumer Defensive,0.6640670453183111,0.8278181329028786,,
2011-07-01,197935,BIIB,buy,rebalance,1.0,100.009,2011-07-01,100.009,0.3500315,-297.0,Healthcare,0.5956714966074995,0.9211729889695991,,
2011-07-01,196333,ARLP,buy,rebalance,12.0,10.146,2011-07-01,121.75200000000001,0.42613200000000007,-320.5,Basic Materials,0.5915223560898896,0.9141781006187786,,
2011-07-01,198112,SLGN,buy,rebalance,7.0,16.767,2011-07-01,117.369,0.41079150000000003,-345.0,Consumer Cyclical,0.6236215053680754,0.8458434221146085,,
2011-07-01,199327,CVX,buy,rebalance,2.0,56.222,2011-07-01,112.444,0.393554,-359.5,Energy,0.6344556628749409,0.8221684153887544,,
2011-07-01,194920,IHS2,buy,rebalance,1.0,83.88,2011-07-01,83.88,0.29358,-363.5,Communication Services,0.6113252757224844,0.8531073446327684,,
2011-07-01,198040,SRCL,buy,rebalance,1.0,91.22,2011-07-01,91.22,0.31927,-374.5,Industrials,0.6188174175286927,0.8356201237557169,,
2011-08-01,188139,NHP1,sell,delisted,17.0,42.42,2011-07-01,721.14,2.52399,,,,,362.590641,356.02536899999996
2011-08-01,193792,WES2,buy,rebalance,8.0,23.466,2011-08-01,187.728,0.6570480000000001,-229.5,Energy,0.6374330908135243,0.8923863330642992,,
2011-08-01,187636,ENDPQ,buy,rebalance,5.0,36.7,2011-08-01,183.5,0.64225,-277.5,Healthcare,0.612007265069293,0.901802528921173,,
2011-08-01,195259,RAI,buy,rebalance,14.0,13.405,2011-08-01,187.67,0.656845,-289.0,Consumer Defensive,0.6676950070259209,0.8272800645682001,,
2011-08-01,193811,PM,buy,rebalance,5.0,34.631,2011-08-01,173.155,0.6060425,-292.0,Consumer Defensive,0.6640670453183112,0.8278181329028786,,
2011-08-01,197935,BIIB,buy,rebalance,2.0,94.847,2011-08-01,189.694,0.663929,-296.5,Healthcare,0.5956714966074994,0.9211729889695991,,
2011-08-01,196333,ARLP,buy,rebalance,19.0,9.985,2011-08-01,189.71499999999997,0.6640024999999999,-320.0,Basic Materials,0.5915223560898897,0.9141781006187786,,
2011-08-01,198112,SLGN,buy,rebalance,12.0,15.87,2011-08-01,190.44,0.66654,-344.0,Consumer Cyclical,0.6236215053680756,0.8458434221146085,,
2011-08-01,199327,CVX,buy,rebalance,3.0,56.919,2011-08-01,170.757,0.5976495000000001,-358.5,Energy,0.6344556628749409,0.8221684153887544,,
2011-08-01,194920,IHS2,buy,rebalance,2.0,73.35,2011-08-01,146.7,0.51345,-362.5,Communication Services,0.6113252757224844,0.8531073446327684,,
2011-08-01,198040,SRCL,buy,rebalance,2.0,81.49,2011-08-01,162.98,0.57043,-373.5,Industrials,0.6188174175286927,0.8356201237557169,,
2011-09-01,193792,WES2,buy,rebalance,4.0,24.349,2011-09-01,97.396,0.340886,-228.0,Energy,0.6374330908135243,0.8923863330642992,,
2011-09-01,187636,ENDPQ,buy,rebalance,3.0,31.81,2011-09-01,95.42999999999999,0.334005,-276.0,Healthcare,0.6120072650692933,0.901802528921173,,
2011-09-01,195259,RAI,buy,rebalance,7.0,14.337,2011-09-01,100.359,0.35125649999999997,-285.5,Consumer Defensive,0.6676950070259208,0.8272800645682001,,
2011-09-01,193811,PM,buy,rebalance,3.0,33.936,2011-09-01,101.80799999999999,0.356328,-288.5,Consumer Defensive,0.6640670453183112,0.8278181329028786,,
2011-09-01,197935,BIIB,buy,rebalance,1.0,86.284,2011-09-01,86.284,0.30199400000000004,-295.0,Healthcare,0.5956714966074994,0.9211729889695991,,
2011-09-01,196333,ARLP,buy,rebalance,11.0,9.702,2011-09-01,106.722,0.373527,-318.5,Basic Materials,0.5915223560898897,0.9141781006187786,,
2011-09-01,198112,SLGN,buy,rebalance,7.0,15.273,2011-09-01,106.911,0.37418850000000003,-340.5,Consumer Cyclical,0.6236215053680756,0.8458434221146085,,
2011-09-01,199327,CVX,buy,rebalance,2.0,53.638,2011-09-01,107.276,0.375466,-355.0,Energy,0.6344556628749409,0.8221684153887544,,
2011-09-01,194920,IHS2,buy,rebalance,1.0,77.17,2011-09-01,77.17,0.27009500000000003,-359.0,Communication Services,0.6113252757224842,0.8531073446327684,,
2011-09-01,198040,SRCL,buy,rebalance,1.0,85.5,2011-09-01,85.5,0.29925,-369.5,Industrials,0.6188174175286927,0.8356201237557169,,
2011-10-03,188048,KCI,buy,rebalance,1.0,65.39,2011-10-03,65.39,0.228865,-231.5,Industrials,0.624323254694642,0.9149512459371615,,
2011-10-03,197892,TNH,buy,rebalance,1.0,80.884,2011-10-03,80.884,0.283094,-256.5,Basic Materials,0.6068159693225924,0.9271397616468039,,
2011-10-03,198901,COO,buy,rebalance,6.0,18.429,2011-10-03,110.57399999999998,0.38700899999999994,-283.5,Healthcare,0.6042263418470565,0.9157638136511376,,
2011-10-03,196837,OKE,buy,rebalance,9.0,12.331,2011-10-03,110.979,0.3884265,-338.0,Energy,0.6051431968841438,0.8786565547128927,,
2011-10-03,198685,ROST,buy,rebalance,7.0,16.516,2011-10-03,115.612,0.404642,-361.0,Consumer Cyclical,0.6393838553539658,0.8066088840736728,,
2011-10-03,198794,PNRA,buy,rebalance,1.0,101.17,2011-10-03,101.17,0.354095,-361.0,Consumer Cyclical,0.6065357804958057,0.861863488624052,,
2011-10-03,195522,HLF,buy,rebalance,4.0,24.021,2011-10-03,96.084,0.33629400000000004,-361.5,Consumer Defensive,0.5659014748559603,0.9360780065005417,,
2011-10-03,197192,EL,buy,rebalance,3.0,34.78,2011-10-03,104.34,0.36519,-380.5,Consumer Defensive,0.5757294403936853,0.9073672806067172,,
2011-10-03,197935,BIIB,buy,rebalance,1.0,81.998,2011-10-03,81.998,0.286993,-394.0,Healthcare,0.6031401932025775,0.8469664138678223,,
2011-10-03,198266,CLH,buy,rebalance,2.0,47.83,2011-10-03,95.66,0.33481,-398.5,Industrials,0.574917886269213,0.8954496208017335,,
2011-11-01,188102,LZ1,sell,delisted,13.0,134.97,2011-09-16,1754.61,6.141134999999999,,,,,1131.3238230000002,617.1450419999996
2011-11-01,188048,KCI,buy,rebalance,4.0,68.4,2011-11-01,273.6,0.9576000000000001,-229.0,Industrials,0.6243232546946418,0.9149512459371615,,
2011-11-01,197892,TNH,buy,rebalance,2.0,102.113,2011-11-01,204.226,0.7147910000000001,-254.0,Basic Materials,0.6068159693225924,0.9271397616468039,,
2011-11-01,198901,COO,buy,rebalance,17.0,16.634,2011-11-01,282.778,0.9897230000000001,-281.0,Healthcare,0.6042263418470565,0.9157638136511376,,
2011-11-01,196837,OKE,buy,rebalance,20.0,14.093,2011-11-01,281.86,0.9865100000000001,-335.0,Energy,0.6051431968841438,0.8786565547128927,,
2011-11-01,198685,ROST,buy,rebalance,15.0,18.809,2011-11-01,282.135,0.9874725,-356.5,Consumer Cyclical,0.6393838553539658,0.8066088840736728,,
2011-11-01,198794,PNRA,buy,rebalance,2.0,132.13,2011-11-01,264.26,0.92491,-357.5,Consumer Cyclical,0.6065357804958057,0.861863488624052,,
2011-11-01,195522,HLF,buy,rebalance,10.0,27.456,2011-11-01,274.56,0.96096,-360.0,Consumer Defensive,0.5659014748559603,0.9360780065005417,,
2011-11-01,197192,EL,buy,rebalance,7.0,40.381,2011-11-01,282.66700000000003,0.9893345000000001,-377.5,Consumer Defensive,0.5757294403936853,0.9073672806067172,,
2011-11-01,197935,BIIB,buy,rebalance,2.0,105.041,2011-11-01,210.082,0.735287,-390.0,Healthcare,0.6031401932025774,0.8469664138678223,,
2011-11-01,198266,CLH,buy,rebalance,5.0,55.64,2011-11-01,278.2,0.9737,-395.5,Industrials,0.5749178862692129,0.8954496208017335,,
2011-12-01,197892,TNH,buy,rebalance,1.0,102.155,2011-12-01,102.155,0.3575425,-251.5,Basic Materials,0.6068159693225924,0.9271397616468039,,
2011-12-01,198901,COO,buy,rebalance,8.0,15.284,2011-12-01,122.272,0.42795200000000005,-277.5,Healthcare,0.6042263418470565,0.9157638136511376,,
2011-12-01,196837,OKE,buy,rebalance,8.0,16.006,2011-12-01,128.048,0.448168,-331.5,Energy,0.6051431968841438,0.8786565547128927,,
2011-12-01,198685,ROST,buy,rebalance,6.0,19.998,2011-12-01,119.988,0.419958,-353.0,Consumer Cyclical,0.639383855353966,0.8066088840736728,,
2011-12-01,195522,HLF,buy,rebalance,4.0,26.541,2011-12-01,106.164,0.371574,-356.5,Consumer Defensive,0.5659014748559602,0.9360780065005417,,
2011-12-01,197192,EL,buy,rebalance,2.0,48.212,2011-12-01,96.424,0.337484,-373.0,Consumer Defensive,0.5757294403936853,0.9073672806067172,,
2011-12-01,197935,BIIB,buy,rebalance,1.0,107.364,2011-12-01,107.364,0.375774,-386.0,Healthcare,0.6031401932025775,0.8469664138678223,,
2011-12-01,198266,CLH,buy,rebalance,2.0,59.56,2011-12-01,119.12,0.41692,-391.0,Industrials,0.5749178862692129,0.8954496208017335,,
2011-12-01,198167,FCFS,buy,rebalance,3.0,32.593,2011-12-01,97.77900000000001,0.34222650000000004,-399.5,Financial Services,0.5741328212374829,0.893011917659805,,
2012-01-03,188048,KCI,sell,delisted,5.0,68.47,2011-11-04,342.35,1.198225,,,,,340.176465,0.9753100000000359
2012-01-03,114950,CV1,buy,rebalance,4.0,34.952,2012-01-03,139.808,0.489328,-152.0,Utilities,0.5873111517323987,0.9604473540643753,,
2012-01-03,197305,DLTR,buy,rebalance,3.0,41.215,2012-01-03,123.64500000000001,0.4327575,-159.0,Consumer Defensive,0.6103450152066121,0.9189852700490998,,
2012-01-03,199177,SUG,buy,rebalance,3.0,42.1,2012-01-03,126.30000000000001,0.44205000000000005,-171.0,Energy,0.5909217475744869,0.9410801963993454,,
2012-01-03,197736,MTCH,buy,rebalance,13.0,12.102,2012-01-03,157.326,0.5506409999999999,-188.5,Communication Services,0.583878425273739,0.9405346426623022,,
2012-01-03,115441,WPZ1,buy,rebalance,3.0,53.415,2012-01-03,160.245,0.5608575,-190.0,Energy,0.6304562240678248,0.8780687397708674,,
2012-01-03,196912,FE,buy,rebalance,7.0,22.7,2012-01-03,158.9,0.55615,-193.5,Utilities,0.6149405975534097,0.8938897981451173,,
2012-01-03,193634,LO,buy,rebalance,5.0,32.121,2012-01-03,160.60500000000002,0.5621175,-197.0,Consumer Defensive,0.6061755293666143,0.9042553191489362,,
2012-01-03,188121,GR,buy,rebalance,1.0,122.872,2012-01-03,122.872,0.430052,-208.0,Industrials,0.584377827954398,0.9271685761047463,,
2012-01-03,196637,WCN,buy,rebalance,8.0,18.331,2012-01-03,146.648,0.513268,-212.0,Industrials,0.6203698639946073,0.8764320785597381,,
2012-02-01,114950,CV1,buy,rebalance,3.0,34.932,2012-02-01,104.796,0.36678600000000006,-150.5,Utilities,0.5873111517323986,0.9604473540643753,,
2012-02-01,197305,DLTR,buy,rebalance,3.0,42.84,2012-02-01,128.52,0.44982000000000005,-157.5,Consumer Defensive,0.6103450152066121,0.9189852700490998,,
2012-02-01,199177,SUG,buy,rebalance,3.0,43.48,2012-02-01,130.44,0.45654,-169.5,Energy,0.5909217475744869,0.9410801963993454,,
2012-02-01,115441,WPZ1,buy,rebalance,2.0,54.224,2012-02-01,108.448,0.37956799999999996,-186.0,Energy,0.6304562240678248,0.8780687397708674,,
2012-02-01,197736,MTCH,buy,rebalance,10.0,13.029,2012-02-01,130.29,0.456015,-187.0,Communication Services,0.583878425273739,0.9405346426623022,,
2012-02-01,196912,FE,buy,rebalance,5.0,22.562,2012-02-01,112.81,0.394835,-191.0,Utilities,0.6149405975534097,0.8938897981451173,,
2012-02-01,193634,LO,buy,rebalance,4.0,30.488,2012-02-01,121.952,0.426832,-194.5,Consumer Defensive,0.6061755293666143,0.9042553191489362,,
2012-02-01,188121,GR,buy,rebalance,1.0,124.475,2012-02-01,124.475,0.4356625,-206.5,Industrials,0.584377827954398,0.9271685761047463,,
2012-02-01,196637,WCN,buy,rebalance,7.0,18.359,2012-02-01,128.513,0.4497955,-208.0,Industrials,0.6203698639946073,0.8764320785597381,,
2012-03-01,114950,CV1,buy,rebalance,3.0,35.091,2012-03-01,105.273,0.3684555,-150.0,Utilities,0.5873111517323987,0.9604473540643753,,
2012-03-01,197305,DLTR,buy,rebalance,2.0,45.38,2012-03-01,90.76,0.31766,-156.5,Consumer Defensive,0.6103450152066121,0.9189852700490998,,
2012-03-01,199177,SUG,buy,rebalance,2.0,43.82,2012-03-01,87.64,0.30674,-169.5,Energy,0.5909217475744869,0.9410801963993454,,
2012-03-01,115441,WPZ1,buy,rebalance,2.0,54.664,2012-03-01,109.328,0.38264800000000004,-184.5,Energy,0.6304562240678248,0.8780687397708674,,
2012-03-01,197736,MTCH,buy,rebalance,9.0,13.475,2012-03-01,121.27499999999999,0.42446249999999996,-186.5,Communication Services,0.5838784252737391,0.9405346426623022,,
2012-03-01,196912,FE,buy,rebalance,5.0,23.808,2012-03-01,119.03999999999999,0.41663999999999995,-189.5,Utilities,0.6149405975534097,0.8938897981451173,,
2012-03-01,193634,LO,buy,rebalance,3.0,37.275,2012-03-01,111.82499999999999,0.39138749999999994,-193.0,Consumer Defensive,0.6061755293666143,0.9042553191489362,,
2012-03-01,196637,WCN,buy,rebalance,7.0,17.781,2012-03-01,124.46699999999998,0.4356345,-206.5,Industrials,0.6203698639946073,0.8764320785597381,,
2012-04-02,197597,OKS,buy,rebalance,3.0,38.551,2012-04-02,115.653,0.4047855,-86.0,Energy,0.6378761161789095,0.9403846153846154,,
2012-04-02,197305,DLTR,buy,rebalance,2.0,47.48,2012-04-02,94.96,0.33236,-96.5,Consumer Defensive,0.6124650724479311,0.9620879120879121,,
2012-04-02,198685,ROST,buy,rebalance,5.0,25.437,2012-04-02,127.185,0.44514750000000003,-124.5,Consumer Cyclical,0.6171341801761321,0.9379120879120879,,
2012-04-02,197659,ORLY,buy,rebalance,22.0,6.191,2012-04-02,136.202,0.476707,-125.5,Consumer Cyclical,0.613535708052269,0.942032967032967,,
2012-04-02,199891,BMY,buy,rebalance,6.0,20.849,2012-04-02,125.094,0.43782899999999997,-142.5,Healthcare,0.6232199677503076,0.9178571428571428,,
2012-04-02,195318,NSR1,buy,rebalance,3.0,37.06,2012-04-02,111.18,0.38913000000000003,-165.5,Communication Services,0.6356350294208243,0.8906593406593407,,
2012-04-02,199472,NWE,buy,rebalance,6.0,20.151,2012-04-02,120.906,0.423171,-174.5,Utilities,0.6324306784043431,0.8884615384615384,,
2012-04-02,193634,LO,buy,rebalance,3.0,37.829,2012-04-02,113.487,0.3972045,-176.5,Consumer Defensive,0.5792014973420724,0.953021978021978,,
2012-04-02,196956,WPC,buy,rebalance,6.0,20.206,2012-04-02,121.23599999999999,0.424326,-179.0,Real Estate,0.6041091978027205,0.9167582417582417,,
2012-04-02,196730,ED,buy,rebalance,4.0,34.029,2012-04-02,136.116,0.47640600000000005,-193.5,Utilities,0.6325426088709191,0.8763736263736264,,
2012-05-01,199177,SUG,sell,delisted,8.0,41.1,2012-03-26,328.8,1.1508,,,,,345.58533,-17.93612999999999
2012-05-01,197597,OKS,buy,rebalance,3.0,39.345,2012-05-01,118.035,0.4131225,-83.0,Energy,0.6378761161789095,0.9403846153846154,,
2012-05-01,197305,DLTR,buy,rebalance,2.0,51.025,2012-05-01,102.05,0.357175,-95.0,Consumer Defensive,0.6124650724479311,0.9620879120879121,,
2012-05-01,198685,ROST,buy,rebalance,5.0,27.145,2012-05-01,135.725,0.4750375,-121.5,Consumer Cyclical,0.6171341801761319,0.9379120879120879,,
2012-05-01,197659,ORLY,buy,rebalance,21.0,7.04,2012-05-01,147.84,0.51744,-122.5,Consumer Cyclical,0.6135357080522691,0.942032967032967,,
2012-05-01,199891,BMY,buy,rebalance,7.0,20.829,2012-05-01,145.803,0.5103105,-139.0,Healthcare,0.6232199677503076,0.9178571428571428,,
2012-05-01,195318,NSR1,buy,rebalance,4.0,36.54,2012-05-01,146.16,0.51156,-160.5,Communication Services,0.6356350294208243,0.8906593406593407,,
2012-05-01,199472,NWE,buy,rebalance,7.0,19.86,2012-05-01,139.01999999999998,0.48656999999999995,-169.5,Utilities,0.6324306784043431,0.8884615384615384,,
2012-05-01,193634,LO,buy,rebalance,3.0,38.328,2012-05-01,114.98400000000001,0.402444,-173.5,Consumer Defensive,0.5792014973420724,0.953021978021978,,
2012-05-01,196956,WPC,buy,rebalance,7.0,19.996,2012-05-01,139.97199999999998,0.48990199999999995,-175.5,Real Estate,0.6041091978027205,0.9167582417582417,,
2012-05-01,196730,ED,buy,rebalance,4.0,34.674,2012-05-01,138.696,0.485436,-188.5,Utilities,0.6325426088709192,0.8763736263736264,,
2012-06-01,188966,NST,sell,delisted,12.0,48.3,2012-04-05,579.5999999999999,2.0285999999999995,,,,,335.447973,242.12342699999994
2012-06-01,197597,OKS,buy,rebalance,4.0,37.84,2012-06-01,151.36,0.52976,-81.5,Energy,0.6378761161789095,0.9403846153846154,,
2012-06-01,197305,DLTR,buy,rebalance,3.0,49.97,2012-06-01,149.91,0.524685,-93.0,Consumer Defensive,0.6124650724479311,0.9620879120879121,,
2012-06-01,198685,ROST,buy,rebalance,6.0,26.828,2012-06-01,160.968,0.563388,-119.5,Consumer Cyclical,0.6171341801761319,0.9379120879120879,,
2012-06-01,197659,ORLY,buy,rebalance,28.0,6.203,2012-06-01,173.684,0.607894,-120.5,Consumer Cyclical,0.613535708052269,0.942032967032967,,
2012-06-01,199891,BMY,buy,rebalance,8.0,20.711,2012-06-01,165.688,0.579908,-136.5,Healthcare,0.6232199677503076,0.9178571428571428,,
2012-06-01,195318,NSR1,buy,rebalance,5.0,31.26,2012-06-01,156.3,0.54705,-158.0,Communication Services,0.6356350294208243,0.8906593406593407,,
2012-06-01,199472,NWE,buy,rebalance,8.0,19.826,2012-06-01,158.608,0.5551280000000001,-167.0,Utilities,0.6324306784043431,0.8884615384615384,,
2012-06-01,193634,LO,buy,rebalance,4.0,34.861,2012-06-01,139.444,0.488054,-171.0,Consumer Defensive,0.5792014973420724,0.953021978021978,,
2012-06-01,196956,WPC,buy,rebalance,9.0,19.248,2012-06-01,173.232,0.606312,-172.0,Real Estate,0.6041091978027205,0.9167582417582417,,
2012-06-01,196730,ED,buy,rebalance,4.0,35.399,2012-06-01,141.596,0.495586,-185.5,Utilities,0.6325426088709192,0.8763736263736264,,
2012-07-02,197597,OKS,buy,rebalance,2.0,39.025,2012-07-02,78.05,0.273175,-121.5,Energy,0.6339142302562925,0.9234370696777747,,
2012-07-02,197659,ORLY,buy,rebalance,20.0,5.673,2012-07-02,113.46000000000001,0.39711,-149.5,Consumer Cyclical,0.598402878001135,0.9465711925089507,,
2012-07-02,197305,DLTR,buy,rebalance,2.0,52.13,2012-07-02,104.26,0.36491,-153.0,Consumer Defensive,0.5997277388207972,0.9427155053704214,,
2012-07-02,198685,ROST,buy,rebalance,4.0,27.538,2012-07-02,110.152,0.385532,-157.5,Consumer Cyclical,0.60210636138721,0.9361057559900854,,
2012-07-02,195711,ETP,buy,rebalance,9.0,12.075,2012-07-02,108.675,0.3803625,-172.5,Energy,0.6010803603850287,0.9261911319195814,,
2012-07-02,198798,MLAB,buy,rebalance,2.0,42.721,2012-07-02,85.442,0.299047,-183.0,Technology,0.5645063804436964,0.9804461580831727,,
2012-07-02,195318,NSR1,buy,rebalance,3.0,33.91,2012-07-02,101.72999999999999,0.35605499999999995,-184.0,Communication Services,0.6078215712031906,0.9113191958138254,,
2012-07-02,194855,TISUQ,buy,rebalance,8.0,14.184,2012-07-02,113.472,0.397152,-190.5,Consumer Defensive,0.5625059143745798,0.97934453318645,,
2012-07-02,195988,GRMN,buy,rebalance,4.0,24.754,2012-07-02,99.016,0.34655600000000003,-208.0,Technology,0.5831292240781384,0.9278435692646654,,
2012-08-01,114950,CV1,sell,delisted,10.0,35.26,2012-06-27,352.59999999999997,1.2341,,,,,351.1015695,0.2643304999999714
2012-08-01,197597,OKS,buy,rebalance,3.0,41.39,2012-08-01,124.17,0.434595,-119.0,Energy,0.6339142302562925,0.9234370696777747,,
2012-08-01,197659,ORLY,buy,rebalance,28.0,5.671,2012-08-01,158.788,0.5557580000000001,-148.0,Consumer Cyclical,0.598402878001135,0.9465711925089507,,
2012-08-01,197305,DLTR,buy,rebalance,3.0,50.02,2012-08-01,150.06,0.5252100000000001,-151.5,Consumer Defensive,0.5997277388207972,0.9427155053704214,,
2012-08-01,198685,ROST,buy,rebalance,5.0,28.797,2012-08-01,143.985,0.5039475000000001,-156.0,Consumer Cyclical,0.60210636138721,0.9361057559900854,,
2012-08-01,195711,ETP,buy,rebalance,12.0,13.253,2012-08-01,159.036,0.5566260000000001,-170.5,Energy,0.6010803603850288,0.9261911319195814,,
2012-08-01,195318,NSR1,buy,rebalance,4.0,34.66,2012-08-01,138.64,0.48523999999999995,-180.5,Communication Services,0.6078215712031906,0.9113191958138254,,
2012-08-01,198798,MLAB,buy,rebalance,3.0,42.619,2012-08-01,127.857,0.4474995,-181.5,Technology,0.5645063804436964,0.9804461580831727,,
2012-08-01,194855,TISUQ,buy,rebalance,12.0,13.214,2012-08-01,158.568,0.554988,-189.0,Consumer Defensive,0.5625059143745798,0.97934453318645,,
2012-08-01,195988,GRMN,buy,rebalance,6.0,25.439,2012-08-01,152.63400000000001,0.5342190000000001,-205.5,Technology,0.5831292240781385,0.9278435692646654,,
2012-08-01,193422,VRSK,buy,rebalance,3.0,45.513,2012-08-01,136.539,0.4778865,-209.5,Industrials,0.5913407197050109,0.9151748829523547,,
2012-09-04,188121,GR,sell,delisted,7.0,127.2,2012-07-25,890.4,3.1164,,,,,543.8137095,343.4698905
2012-09-04,197597,OKS,buy,rebalance,5.0,40.43,2012-09-04,202.15,0.7075250000000001,-115.5,Energy,0.6339142302562925,0.9234370696777747,,
2012-09-04,197659,ORLY,buy,rebalance,36.0,5.561,2012-09-04,200.196,0.700686,-145.0,Consumer Cyclical,0.598402878001135,0.9465711925089507,,
2012-09-04,197305,DLTR,buy,rebalance,4.0,48.19,2012-09-04,192.76,0.67466,-148.5,Consumer Defensive,0.5997277388207972,0.9427155053704214,,
2012-09-04,198685,ROST,buy,rebalance,6.0,30.321,2012-09-04,181.92600000000002,0.6367410000000001,-152.5,Consumer Cyclical,0.60210636138721,0.9361057559900854,,
2012-09-04,195711,ETP,buy,rebalance,13.0,15.307,2012-09-04,198.991,0.6964685,-166.5,Energy,0.6010803603850287,0.9261911319195814,,
2012-09-04,195318,NSR1,buy,rebalance,5.0,38.42,2012-09-04,192.10000000000002,0.6723500000000001,-177.0,Communication Services,0.6078215712031906,0.9113191958138254,,
2012-09-04,198798,MLAB,buy,rebalance,4.0,44.354,2012-09-04,177.416,0.620956,-180.5,Technology,0.5645063804436964,0.9804461580831727,,
2012-09-04,194855,TISUQ,buy,rebalance,14.0,14.222,2012-09-04,199.108,0.696878,-188.0,Consumer Defensive,0.5625059143745798,0.97934453318645,,
2012-09-04,195988,GRMN,buy,rebalance,7.0,25.749,2012-09-04,180.243,0.6308505,-201.5,Technology,0.5831292240781384,0.9278435692646654,,
2012-09-04,193422,VRSK,buy,rebalance,4.0,45.912,2012-09-04,183.648,0.642768,-205.5,Industrials,0.5913407197050109,0.9151748829523547,,
2012-10-01,188136,LNCR,sell,delisted,19.0,41.49,2012-08-13,788.3100000000001,2.7590850000000002,,,,,446.8294485,338.7214665
2012-10-01,198685,ROST,buy,rebalance,6.0,28.872,2012-10-01,173.232,0.606312,-132.0,Consumer Cyclical,0.5954973428719393,0.9640287769784173,,
2012-10-01,195127,MIC2,buy,rebalance,117.0,1.613,2012-10-01,188.721,0.6605235,-136.5,Industrials,0.5849759984071969,0.9775871610403984,,
2012-10-01,199357,SHW,buy,rebalance,4.0,43.19,2012-10-01,172.76,0.60466,-165.0,Basic Materials,0.5825307763707376,0.9629219701162147,,
2012-10-01,199196,TJX,buy,rebalance,10.0,18.86,2012-10-01,188.6,0.6601,-172.0,Consumer Cyclical,0.5933295992795561,0.9443829551743221,,
2012-10-01,199781,DG,buy,rebalance,4.0,44.236,2012-10-01,176.944,0.619304,-174.5,Consumer Defensive,0.5929765009060907,0.9438295517432208,,
2012-10-01,199233,WMT,buy,rebalance,10.0,18.837,2012-10-01,188.37,0.6592950000000001,-212.5,Consumer Defensive,0.612577815209267,0.893469839513005,,
2012-10-01,199747,EFX,buy,rebalance,4.0,40.793,2012-10-01,163.172,0.571102,-214.0,Industrials,0.5779800989178036,0.9418926397343663,,
2012-10-01,195207,HEP,buy,rebalance,13.0,14.088,2012-10-01,183.14399999999998,0.6410039999999999,-232.5,Energy,0.6210287778122521,0.8763143331488655,,
2012-10-01,195656,CMCSA,buy,rebalance,15.0,11.989,2012-10-01,179.835,0.6294225,-239.0,Communication Services,0.5836543777998113,0.9167127836192585,,
2012-11-01,198685,ROST,buy,rebalance,5.0,24.935,2012-11-01,124.675,0.4363625,-130.5,Consumer Cyclical,0.5954973428719393,0.9640287769784173,,
2012-11-01,195127,MIC2,buy,rebalance,75.0,1.685,2012-11-01,126.375,0.4423125,-135.5,Industrials,0.5849759984071969,0.9775871610403984,,
2012-11-01,199357,SHW,buy,rebalance,3.0,41.846,2012-11-01,125.53799999999998,0.43938299999999997,-163.5,Basic Materials,0.5825307763707376,0.9629219701162147,,
2012-11-01,199196,TJX,buy,rebalance,7.0,17.568,2012-11-01,122.97600000000001,0.4304160000000001,-167.5,Consumer Cyclical,0.5933295992795561,0.9443829551743221,,
2012-11-01,199781,DG,buy,rebalance,3.0,41.571,2012-11-01,124.713,0.4364955,-170.0,Consumer Defensive,0.5929765009060907,0.9438295517432208,,
2012-11-01,199233,WMT,buy,rebalance,6.0,18.684,2012-11-01,112.10400000000001,0.39236400000000005,-208.0,Consumer Defensive,0.612577815209267,0.893469839513005,,
2012-11-01,199747,EFX,buy,rebalance,2.0,43.616,2012-11-01,87.232,0.30531200000000003,-209.5,Industrials,0.5779800989178037,0.9418926397343663,,
2012-11-01,195207,HEP,buy,rebalance,9.0,14.133,2012-11-01,127.19699999999999,0.44518949999999996,-227.0,Energy,0.6210287778122521,0.8763143331488655,,
2012-11-01,195656,CMCSA,buy,rebalance,10.0,12.724,2012-11-01,127.24000000000001,0.44534,-234.5,Communication Services,0.5836543777998114,0.9167127836192585,,
2012-12-03,198685,ROST,buy,rebalance,4.0,24.664,2012-12-03,98.656,0.34529600000000005,-130.5,Consumer Cyclical,0.5954973428719393,0.9640287769784173,,
2012-12-03,195127,MIC2,buy,rebalance,71.0,1.685,2012-12-03,119.635,0.41872250000000005,-135.5,Industrials,0.5849759984071969,0.9775871610403984,,
2012-12-03,199357,SHW,buy,rebalance,2.0,44.474,2012-12-03,88.948,0.311318,-163.5,Basic Materials,0.5825307763707376,0.9629219701162147,,
2012-12-03,199196,TJX,buy,rebalance,6.0,18.346,2012-12-03,110.076,0.385266,-167.0,Consumer Cyclical,0.5933295992795561,0.9443829551743221,,
2012-12-03,199781,DG,buy,rebalance,2.0,41.794,2012-12-03,83.588,0.292558,-169.5,Consumer Defensive,0.5929765009060907,0.9438295517432208,,
2012-12-03,199233,WMT,buy,rebalance,6.0,18.148,2012-12-03,108.888,0.381108,-206.0,Consumer Defensive,0.612577815209267,0.893469839513005,,
2012-12-03,199747,EFX,buy,rebalance,2.0,46.397,2012-12-03,92.794,0.324779,-209.0,Industrials,0.5779800989178036,0.9418926397343663,,
2012-12-03,195207,HEP,buy,rebalance,8.0,14.21,2012-12-03,113.68,0.39788,-224.0,Energy,0.6210287778122521,0.8763143331488655,,
2012-12-03,195656,CMCSA,buy,rebalance,9.0,12.565,2012-12-03,113.085,0.39579749999999997,-233.5,Communication Services,0.5836543777998113,0.9167127836192585,,
2013-01-02,198999,HD,buy,rebalance,2.0,46.325,2013-01-02,92.65,0.32427500000000004,-172.0,Consumer Cyclical,0.627230133433105,0.9250349650349651,,
2013-01-02,199196,TJX,buy,rebalance,7.0,17.979,2013-01-02,125.853,0.4404855,-179.5,Consumer Cyclical,0.637761916779572,0.9034965034965035,,
2013-01-02,199357,SHW,buy,rebalance,2.0,45.78,2013-01-02,91.56,0.32046,-209.0,Basic Materials,0.605274128855438,0.9275524475524476,,
2013-01-02,196696,CCI,buy,rebalance,2.0,45.412,2013-01-02,90.824,0.317884,-221.0,Real Estate,0.6096574410458054,0.9124475524475525,,
2013-01-02,195656,CMCSA,buy,rebalance,9.0,13.111,2013-01-02,117.99900000000001,0.41299650000000004,-228.0,Communication Services,0.6284288177949451,0.8858741258741258,,
2013-01-02,197685,JAH,buy,rebalance,5.0,23.556,2013-01-02,117.78,0.41223,-252.0,Consumer Defensive,0.5875316252102226,0.9303496503496503,,
2013-01-02,195711,ETP,buy,rebalance,7.0,17.364,2013-01-02,121.548,0.425418,-264.0,Energy,0.6020385368898717,0.8981818181818182,,
2013-01-02,194291,TWC,buy,rebalance,1.0,92.272,2013-01-02,92.272,0.322952,-270.5,Communication Services,0.6314428808136233,0.8525874125874126,,
2013-01-02,199217,WST,buy,rebalance,4.0,25.74,2013-01-02,102.96,0.36035999999999996,-281.5,Healthcare,0.6300457260505811,0.8475524475524475,,
2013-01-02,196487,CXW,buy,rebalance,7.0,17.661,2013-01-02,123.62700000000001,0.43269450000000004,-283.5,Industrials,0.5878119132898819,0.9082517482517483,,
2013-02-01,198999,HD,buy,rebalance,2.0,49.113,2013-02-01,98.226,0.343791,-171.0,Consumer Cyclical,0.6272301334331049,0.9250349650349651,,
2013-02-01,199196,TJX,buy,rebalance,6.0,18.866,2013-02-01,113.196,0.396186,-178.0,Consumer Cyclical,0.637761916779572,0.9034965034965035,,
2013-02-01,199357,SHW,buy,rebalance,2.0,47.872,2013-02-01,95.744,0.335104,-207.5,Basic Materials,0.605274128855438,0.9275524475524476,,
2013-02-01,196696,CCI,buy,rebalance,2.0,43.229,2013-02-01,86.458,0.302603,-219.5,Real Estate,0.6096574410458055,0.9124475524475525,,
2013-02-01,195656,CMCSA,buy,rebalance,9.0,13.138,2013-02-01,118.242,0.413847,-226.5,Communication Services,0.6284288177949451,0.8858741258741258,,
2013-02-01,197685,JAH,buy,rebalance,4.0,26.404,2013-02-01,105.616,0.369656,-250.5,Consumer Defensive,0.5875316252102227,0.9303496503496503,,
2013-02-01,195711,ETP,buy,rebalance,5.0,20.383,2013-02-01,101.91499999999999,0.3567025,-262.0,Energy,0.6020385368898717,0.8981818181818182,,
2013-02-01,194291,TWC,buy,rebalance,1.0,84.008,2013-02-01,84.008,0.294028,-268.5,Communication Services,0.6314428808136233,0.8525874125874126,,
2013-02-01,199217,WST,buy,rebalance,4.0,27.965,2013-02-01,111.86,0.39151,-279.5,Healthcare,0.6300457260505808,0.8475524475524475,,
2013-02-01,196487,CXW,buy,rebalance,6.0,18.373,2013-02-01,110.238,0.385833,-281.5,Industrials,0.5878119132898819,0.9082517482517483,,
2013-03-01,198999,HD,buy,rebalance,2.0,50.375,2013-03-01,100.75,0.352625,-169.5,Consumer Cyclical,0.627230133433105,0.9250349650349651,,
2013-03-01,199196,TJX,buy,rebalance,6.0,18.781,2013-03-01,112.68599999999999,0.394401,-176.5,Consumer Cyclical,0.637761916779572,0.9034965034965035,,
2013-03-01,199357,SHW,buy,rebalance,2.0,47.627,2013-03-01,95.254,0.33338900000000005,-206.0,Basic Materials,0.605274128855438,0.9275524475524476,,
2013-03-01,196696,CCI,buy,rebalance,2.0,42.412,2013-03-01,84.824,0.296884,-218.0,Real Estate,0.6096574410458057,0.9124475524475525,,
2013-03-01,195656,CMCSA,buy,rebalance,8.0,13.625,2013-03-01,109.0,0.3815,-224.5,Communication Services,0.6284288177949451,0.8858741258741258,,
2013-03-01,197685,JAH,buy,rebalance,4.0,27.293,2013-03-01,109.172,0.382102,-249.0,Consumer Defensive,0.5875316252102227,0.9303496503496503,,
2013-03-01,195711,ETP,buy,rebalance,5.0,21.05,2013-03-01,105.25,0.368375,-260.0,Energy,0.6020385368898717,0.8981818181818182,,
2013-03-01,194291,TWC,buy,rebalance,1.0,83.158,2013-03-01,83.158,0.291053,-265.5,Communication Services,0.6314428808136234,0.8525874125874126,,
2013-03-01,199217,WST,buy,rebalance,4.0,28.461,2013-03-01,113.844,0.398454,-276.5,Healthcare,0.6300457260505808,0.8475524475524475,,
2013-03-01,197752,TCO,buy,rebalance,2.0,57.703,2013-03-01,115.406,0.40392100000000003,-279.0,Real Estate,0.6249034110549928,0.8548251748251748,,
2013-04-01,199357,SHW,buy,rebalance,2.0,49.119,2013-04-01,98.238,0.343833,-135.0,Basic Materials,0.6348579725754072,0.9331641285956007,,
2013-04-01,198436,UHT,buy,rebalance,3.0,28.856,2013-04-01,86.56800000000001,0.30298800000000004,-192.5,Real Estate,0.670801542211964,0.8688663282571912,,
2013-04-01,197685,JAH,buy,rebalance,3.0,28.807,2013-04-01,86.42099999999999,0.3024735,-233.5,Consumer Defensive,0.5955684587363386,0.9235758601240834,,
2013-04-01,198999,HD,buy,rebalance,2.0,51.122,2013-04-01,102.244,0.357854,-237.5,Consumer Cyclical,0.6280828023745838,0.8722504230118443,,
2013-04-01,193204,CLNY1,buy,rebalance,6.0,18.474,2013-04-01,110.844,0.38795399999999997,-259.0,Real Estate,0.6384094956631736,0.8477157360406091,,
2013-04-01,195934,MMP,buy,rebalance,4.0,27.713,2013-04-01,110.852,0.38798200000000005,-271.5,Energy,0.6273796044980551,0.8516638465877044,,
2013-04-01,196904,MMS,buy,rebalance,3.0,34.825,2013-04-01,104.47500000000001,0.36566250000000006,-272.5,Industrials,0.5806804449568709,0.9289340101522843,,
2013-04-01,199084,AMGN,buy,rebalance,1.0,70.741,2013-04-01,70.741,0.2475935,-273.0,Healthcare,0.616003754659257,0.8677382966723068,,
2013-04-01,195920,FLO,buy,rebalance,8.0,13.299,2013-04-01,106.392,0.372372,-275.5,Consumer Defensive,0.6124335211301377,0.871404399323181,,
2013-04-01,191420,AGN,buy,rebalance,1.0,87.133,2013-04-01,87.133,0.3049655,-276.5,Healthcare,0.5829132524515508,0.9187817258883249,,
2013-05-01,199357,SHW,buy,rebalance,2.0,53.085,2013-05-01,106.17,0.371595,-130.0,Basic Materials,0.6348579725754072,0.9331641285956007,,
2013-05-01,198436,UHT,buy,rebalance,4.0,26.353,2013-05-01,105.412,0.36894200000000005,-186.5,Real Estate,0.670801542211964,0.8688663282571912,,
2013-05-01,197685,JAH,buy,rebalance,3.0,29.807,2013-05-01,89.42099999999999,0.31297349999999996,-228.5,Consumer Defensive,0.5955684587363386,0.9235758601240834,,
2013-05-01,198999,HD,buy,rebalance,2.0,53.39,2013-05-01,106.78,0.37373,-231.5,Consumer Cyclical,0.6280828023745839,0.8722504230118443,,
2013-05-01,193204,CLNY1,buy,rebalance,6.0,18.382,2013-05-01,110.292,0.38602200000000003,-253.0,Real Estate,0.6384094956631738,0.8477157360406091,,
2013-05-01,195934,MMP,buy,rebalance,4.0,27.341,2013-05-01,109.364,0.382774,-265.5,Energy,0.6273796044980551,0.8516638465877044,,
2013-05-01,196904,MMS,buy,rebalance,3.0,33.732,2013-05-01,101.196,0.354186,-267.0,Industrials,0.5806804449568709,0.9289340101522843,,
2013-05-01,199084,AMGN,buy,rebalance,1.0,72.283,2013-05-01,72.283,0.2529905,-267.0,Healthcare,0.6160037546592572,0.8677382966723068,,
2013-05-01,195920,FLO,buy,rebalance,8.0,13.06,2013-05-01,104.48,0.36568,-269.5,Consumer Defensive,0.6124335211301378,0.871404399323181,,
2013-05-01,191420,AGN,buy,rebalance,1.0,98.375,2013-05-01,98.375,0.3443125,-271.0,Healthcare,0.5829132524515508,0.9187817258883249,,
2013-06-03,188187,CPICQ,sell,delisted,25.0,0.016,2013-05-01,0.4,0.0014000000000000002,,,,,885.8436389999999,-885.445039
2013-06-03,199357,SHW,buy,rebalance,2.0,55.045,2013-06-03,110.09,0.385315,-128.5,Basic Materials,0.6348579725754072,0.9331641285956007,,
2013-06-03,198436,UHT,buy,rebalance,5.0,22.469,2013-06-03,112.345,0.3932075,-184.0,Real Estate,0.670801542211964,0.8688663282571912,,
2013-06-03,197685,JAH,buy,rebalance,3.0,30.653,2013-06-03,91.959,0.32185650000000005,-226.5,Consumer Defensive,0.5955684587363386,0.9235758601240834,,
2013-06-03,198999,HD,buy,rebalance,1.0,58.027,2013-06-03,58.027,0.2030945,-228.5,Consumer Cyclical,0.6280828023745839,0.8722504230118443,,
2013-06-03,193204,CLNY1,buy,rebalance,6.0,18.123,2013-06-03,108.738,0.380583,-250.0,Real Estate,0.6384094956631738,0.8477157360406091,,
2013-06-03,195934,MMP,buy,rebalance,4.0,27.641,2013-06-03,110.564,0.386974,-262.5,Energy,0.6273796044980551,0.8516638465877044,,
2013-06-03,199084,AMGN,buy,rebalance,1.0,68.841,2013-06-03,68.841,0.24094349999999998,-264.0,Healthcare,0.616003754659257,0.8677382966723068,,
2013-06-03,196904,MMS,buy,rebalance,3.0,32.538,2013-06-03,97.61399999999999,0.341649,-265.0,Industrials,0.5806804449568709,0.9289340101522843,,
2013-06-03,195920,FLO,buy,rebalance,8.0,13.469,2013-06-03,107.752,0.37713199999999997,-266.5,Consumer Defensive,0.6124335211301378,0.871404399323181,,
2013-07-01,199447,PKG,buy,rebalance,3.0,34.045,2013-07-01,102.135,0.3574725,-220.5,Consumer Cyclical,0.6009773713210872,0.9265616207090602,,
2013-07-01,197414,GEO,buy,rebalance,10.0,11.731,2013-07-01,117.31,0.41058500000000003,-226.0,Industrials,0.5780991986501282,0.9687675858187957,,
2013-07-01,198363,FUN,buy,rebalance,4.0,25.852,2013-07-01,103.408,0.361928,-233.5,Consumer Cyclical,0.6306648263114102,0.8798536859876196,,
2013-07-01,196101,TWX,buy,rebalance,2.0,50.88,2013-07-01,101.76,0.35616000000000003,-266.0,Communication Services,0.6202429935803324,0.871131119864941,,
2013-07-01,195934,MMP,buy,rebalance,4.0,29.533,2013-07-01,118.132,0.41346200000000005,-279.0,Energy,0.6151856508422686,0.8714124929656725,,
2013-07-01,199426,WTRG,buy,rebalance,7.0,17.274,2013-07-01,120.918,0.423213,-280.0,Utilities,0.6615407445211628,0.8247045582442318,,
2013-07-01,196641,AWR,buy,rebalance,6.0,20.492,2013-07-01,122.952,0.430332,-285.5,Utilities,0.6300416808528875,0.8491840180078785,,
2013-07-01,195154,MPT,buy,rebalance,22.0,5.583,2013-07-01,122.82600000000001,0.429891,-290.5,Real Estate,0.5761926102019314,0.9310635903207654,,
2013-07-01,199615,RYN,buy,rebalance,5.0,21.641,2013-07-01,108.20499999999998,0.37871749999999993,-303.0,Real Estate,0.668100322398304,0.8078221722003377,,
2013-07-01,196366,ZD,buy,rebalance,4.0,31.842,2013-07-01,127.368,0.445788,-309.5,Communication Services,0.582626838264977,0.8989870568373663,,
2013-08-01,196583,CHG2,sell,delisted,25.0,64.99,2013-06-27,1624.7499999999998,5.686624999999999,,,,,950.7530294999999,668.3103454999998
2013-08-01,199447,PKG,buy,rebalance,7.0,37.791,2013-08-01,264.537,0.9258795,-219.5,Consumer Cyclical,0.6009773713210871,0.9265616207090602,,
2013-08-01,197414,GEO,buy,rebalance,23.0,11.85,2013-08-01,272.55,0.953925,-224.5,Industrials,0.5780991986501282,0.9687675858187957,,
2013-08-01,198363,FUN,buy,rebalance,10.0,26.775,2013-08-01,267.75,0.937125,-232.0,Consumer Cyclical,0.6306648263114103,0.8798536859876196,,
2013-08-01,196101,TWX,buy,rebalance,4.0,55.034,2013-08-01,220.136,0.770476,-264.5,Communication Services,0.6202429935803325,0.871131119864941,,
2013-08-01,195934,MMP,buy,rebalance,9.0,29.931,2013-08-01,269.379,0.9428265000000001,-277.5,Energy,0.6151856508422687,0.8714124929656725,,
2013-08-01,199426,WTRG,buy,rebalance,13.0,19.707,2013-08-01,256.19100000000003,0.8966685000000001,-278.0,Utilities,0.6615407445211628,0.8247045582442318,,
2013-08-01,196641,AWR,buy,rebalance,11.0,24.612,2013-08-01,270.73199999999997,0.9475619999999999,-283.5,Utilities,0.6300416808528875,0.8491840180078785,,
2013-08-01,195154,MPT,buy,rebalance,49.0,5.528,2013-08-01,270.87199999999996,0.9480519999999999,-289.0,Real Estate,0.5761926102019315,0.9310635903207654,,
2013-08-01,199615,RYN,buy,rebalance,11.0,23.546,2013-08-01,259.006,0.9065209999999999,-300.0,Real Estate,0.6681003223983042,0.8078221722003377,,
2013-08-01,196366,ZD,buy,rebalance,7.0,34.564,2013-08-01,241.948,0.8468180000000001,-308.0,Communication Services,0.5826268382649769,0.8989870568373663,,
2013-09-03,199447,PKG,buy,rebalance,3.0,36.186,2013-09-03,108.55799999999999,0.379953,-218.0,Consumer Cyclical,0.6009773713210872,0.9265616207090602,,
2013-09-03,197414,GEO,buy,rebalance,10.0,10.567,2013-09-03,105.67,0.36984500000000003,-223.0,Industrials,0.5780991986501282,0.9687675858187957,,
2013-09-03,198363,FUN,buy,rebalance,4.0,26.603,2013-09-03,106.412,0.37244200000000005,-230.5,Consumer Cyclical,0.6306648263114102,0.8798536859876196,,
2013-09-03,196101,TWX,buy,rebalance,2.0,53.803,2013-09-03,107.606,0.376621,-263.0,Communication Services,0.6202429935803324,0.871131119864941,,
2013-09-03,195934,MMP,buy,rebalance,3.0,28.756,2013-09-03,86.268,0.301938,-276.0,Energy,0.6151856508422687,0.8714124929656725,,
2013-09-03,199426,WTRG,buy,rebalance,6.0,17.352,2013-09-03,104.112,0.364392,-276.0,Utilities,0.6615407445211628,0.8247045582442318,,
2013-09-03,196641,AWR,buy,rebalance,5.0,19.758,2013-09-03,98.78999999999999,0.345765,-281.5,Utilities,0.6300416808528875,0.8491840180078785,,
2013-09-03,195154,MPT,buy,rebalance,25.0,4.525,2013-09-03,113.12500000000001,0.39593750000000005,-287.0,Real Estate,0.5761926102019315,0.9310635903207654,,
2013-09-03,199615,RYN,buy,rebalance,5.0,21.633,2013-09-03,108.16499999999999,0.37857749999999996,-297.5,Real Estate,0.6681003223983041,0.8078221722003377,,
2013-09-03,196366,ZD,buy,rebalance,3.0,37.242,2013-09-03,111.726,0.391041,-306.5,Communication Services,0.5826268382649769,0.8989870568373663,,
2013-10-01,195920,FLO,buy,rebalance,8.0,13.281,2013-10-01,106.248,0.37186800000000003,-255.5,Consumer Defensive,0.5890356327223591,0.9038081805359661,,
2013-10-01,198006,OA,buy,rebalance,2.0,43.228,2013-10-01,86.456,0.30259600000000003,-261.0,Industrials,0.5785053831971201,0.9198871650211565,,
2013-10-01,196469,LIFE2,buy,rebalance,1.0,74.87,2013-10-01,74.87,0.26204500000000003,-263.5,Healthcare,0.5976959371975528,0.8854724964739069,,
2013-10-01,199902,HRB,buy,rebalance,6.0,17.52,2013-10-01,105.12,0.36792,-292.0,Consumer Cyclical,0.5708819100353115,0.9165021156558533,,
2013-10-01,193182,MSGN,buy,rebalance,6.0,16.527,2013-10-01,99.162,0.347067,-293.5,Communication Services,0.603251352394174,0.8595204513399154,,
2013-10-01,195812,COR,buy,rebalance,2.0,52.317,2013-10-01,104.634,0.366219,-299.5,Healthcare,0.6361421347127099,0.817771509167842,,
2013-10-01,194855,TISUQ,buy,rebalance,4.0,23.512,2013-10-01,94.048,0.329168,-307.0,Consumer Defensive,0.594158507400594,0.8623413258110014,,
2013-10-01,199447,PKG,buy,rebalance,2.0,40.238,2013-10-01,80.476,0.281666,-323.0,Consumer Cyclical,0.5924272234231551,0.8561354019746121,,
2013-10-01,199807,CXT,buy,rebalance,6.0,17.544,2013-10-01,105.26400000000001,0.36842400000000003,-325.5,Industrials,0.5810594522099265,0.8722143864598025,,
2013-10-01,197202,MATV,buy,rebalance,3.0,33.858,2013-10-01,101.57399999999998,0.35550899999999996,-331.5,Basic Materials,0.5841716059410901,0.864033850493653,,
2013-11-01,195920,FLO,buy,rebalance,7.0,15.303,2013-11-01,107.12100000000001,0.3749235,-253.5,Consumer Defensive,0.5890356327223591,0.9038081805359661,,
2013-11-01,198006,OA,buy,rebalance,2.0,47.951,2013-11-01,95.902,0.335657,-258.5,Industrials,0.5785053831971201,0.9198871650211565,,
2013-11-01,196469,LIFE2,buy,rebalance,1.0,75.37,2013-11-01,75.37,0.263795,-261.5,Healthcare,0.5976959371975528,0.8854724964739069,,
2013-11-01,199902,HRB,buy,rebalance,6.0,18.167,2013-11-01,109.00200000000001,0.38150700000000004,-289.5,Consumer Cyclical,0.5708819100353115,0.9165021156558533,,
2013-11-01,193182,MSGN,buy,rebalance,6.0,16.429,2013-11-01,98.57399999999998,0.34500899999999995,-291.5,Communication Services,0.603251352394174,0.8595204513399154,,
2013-11-01,195812,COR,buy,rebalance,2.0,55.583,2013-11-01,111.166,0.389081,-297.0,Healthcare,0.63614213471271,0.817771509167842,,
2013-11-01,194855,TISUQ,buy,rebalance,4.0,25.861,2013-11-01,103.444,0.36205400000000004,-305.0,Consumer Defensive,0.5941585074005941,0.8623413258110014,,
2013-11-01,199447,PKG,buy,rebalance,2.0,43.272,2013-11-01,86.544,0.302904,-321.0,Consumer Cyclical,0.5924272234231551,0.8561354019746121,,
2013-11-01,199807,CXT,buy,rebalance,6.0,17.885,2013-11-01,107.31,0.375585,-323.5,Industrials,0.5810594522099267,0.8722143864598025,,
2013-11-01,197202,MATV,buy,rebalance,3.0,34.292,2013-11-01,102.876,0.360066,-329.5,Basic Materials,0.5841716059410901,0.864033850493653,,
2013-12-02,195920,FLO,buy,rebalance,8.0,13.33,2013-12-02,106.64,0.37324,-251.5,Consumer Defensive,0.5890356327223593,0.9038081805359661,,
2013-12-02,198006,OA,buy,rebalance,2.0,53.766,2013-12-02,107.532,0.376362,-256.5,Industrials,0.5785053831971201,0.9198871650211565,,
2013-12-02,196469,LIFE2,buy,rebalance,1.0,75.71,2013-12-02,75.71,0.26498499999999997,-259.0,Healthcare,0.5976959371975528,0.8854724964739069,,
2013-12-02,199902,HRB,buy,rebalance,6.0,17.878,2013-12-02,107.268,0.375438,-287.5,Consumer Cyclical,0.5708819100353115,0.9165021156558533,,
2013-12-02,193182,MSGN,buy,rebalance,7.0,15.704,2013-12-02,109.928,0.384748,-289.0,Communication Services,0.603251352394174,0.8595204513399154,,
2013-12-02,195812,COR,buy,rebalance,1.0,59.56,2013-12-02,59.56,0.20846,-294.5,Healthcare,0.63614213471271,0.817771509167842,,
2013-12-02,194855,TISUQ,buy,rebalance,4.0,27.052,2013-12-02,108.208,0.378728,-302.5,Consumer Defensive,0.5941585074005941,0.8623413258110014,,
2013-12-02,199447,PKG,buy,rebalance,2.0,42.443,2013-12-02,84.886,0.297101,-318.5,Consumer Cyclical,0.5924272234231551,0.8561354019746121,,
2013-12-02,199807,CXT,buy,rebalance,6.0,17.512,2013-12-02,105.072,0.367752,-321.0,Industrials,0.5810594522099267,0.8722143864598025,,
2013-12-02,197202,MATV,buy,rebalance,3.0,28.426,2013-12-02,85.27799999999999,0.298473,-327.0,Basic Materials,0.5841716059410901,0.864033850493653,,
2014-01-02,199217,WST,buy,rebalance,2.0,45.887,2014-01-02,91.774,0.321209,-260.0,Healthcare,0.6469052597585171,0.8604190260475651,,
2014-01-02,194504,HBI,buy,rebalance,8.0,13.119,2014-01-02,104.952,0.367332,-273.0,Consumer Cyclical,0.6054302040167497,0.9048697621744054,,
2014-01-02,193176,TW2,buy,rebalance,1.0,115.492,2014-01-02,115.492,0.404222,-302.0,Industrials,0.5978974656614989,0.9026047565118913,,
2014-01-02,195878,NOC,buy,rebalance,1.0,91.915,2014-01-02,91.915,0.3217025,-307.5,Industrials,0.6667765697245724,0.8103057757644394,,
2014-01-02,198158,LEA,buy,rebalance,1.0,64.286,2014-01-02,64.286,0.225001,-360.5,Consumer Cyclical,0.6018655039134975,0.8575877689694225,,
2014-01-02,199021,UHS,buy,rebalance,1.0,76.614,2014-01-02,76.614,0.268149,-361.0,Healthcare,0.6194236482718716,0.8281426953567383,,
2014-01-02,199588,KR,buy,rebalance,7.0,15.114,2014-01-02,105.798,0.37029300000000004,-397.0,Consumer Defensive,0.6382940831532999,0.7800113250283126,,
2014-01-02,194695,VIAB,buy,rebalance,1.0,74.948,2014-01-02,74.948,0.262318,-444.5,Communication Services,0.6308634332967482,0.7576443941109853,,
2014-01-02,194189,TEL,buy,rebalance,3.0,38.393,2014-01-02,115.179,0.4031265,-474.5,Technology,0.5893020315022203,0.8137032842582106,,
2014-02-03,198705,NVE,sell,delisted,38.0,23.74,2013-12-19,902.1199999999999,3.1574199999999997,,,,,385.171398,513.7911819999999
2014-02-03,199217,WST,buy,rebalance,5.0,43.749,2014-02-03,218.745,0.7656075,-258.5,Healthcare,0.6469052597585171,0.8604190260475651,,
2014-02-03,194504,HBI,buy,rebalance,17.0,12.848,2014-02-03,218.41600000000003,0.7644560000000001,-272.0,Consumer Cyclical,0.6054302040167497,0.9048697621744054,,
2014-02-03,193176,TW2,buy,rebalance,2.0,104.235,2014-02-03,208.47,0.729645,-301.0,Industrials,0.5978974656614989,0.9026047565118913,,
2014-02-03,195878,NOC,buy,rebalance,2.0,91.931,2014-02-03,183.862,0.643517,-305.5,Industrials,0.6667765697245724,0.8103057757644394,,
2014-02-03,198158,LEA,buy,rebalance,3.0,58.175,2014-02-03,174.52499999999998,0.6108374999999999,-359.0,Consumer Cyclical,0.6018655039134976,0.8575877689694225,,
2014-02-03,199021,UHS,buy,rebalance,2.0,74.771,2014-02-03,149.542,0.523397,-359.5,Healthcare,0.6194236482718715,0.8281426953567383,,
2014-02-03,199588,KR,buy,rebalance,16.0,13.613,2014-02-03,217.808,0.762328,-394.5,Consumer Defensive,0.6382940831532999,0.7800113250283126,,
2014-02-03,194695,VIAB,buy,rebalance,3.0,67.923,2014-02-03,203.769,0.7131915000000001,-442.0,Communication Services,0.6308634332967482,0.7576443941109853,,
2014-02-03,194189,TEL,buy,rebalance,5.0,38.978,2014-02-03,194.89000000000001,0.682115,-473.0,Technology,0.5893020315022203,0.8137032842582106,,
2014-03-03,196847,TUC,sell,delisted,32.0,21.25,2014-01-08,680.0,2.38,,,,,385.77550499999995,291.84449500000005
2014-03-03,199217,WST,buy,rebalance,5.0,42.597,2014-03-03,212.985,0.7454475,-257.5,Healthcare,0.646905259758517,0.8604190260475651,,
2014-03-03,194504,HBI,buy,rebalance,15.0,13.995,2014-03-03,209.92499999999998,0.7347374999999999,-271.0,Consumer Cyclical,0.6054302040167497,0.9048697621744054,,
2014-03-03,193176,TW2,buy,rebalance,2.0,98.805,2014-03-03,197.61,0.6916350000000001,-300.0,Industrials,0.5978974656614989,0.9026047565118913,,
2014-03-03,195878,NOC,buy,rebalance,2.0,98.738,2014-03-03,197.476,0.6911660000000001,-304.5,Industrials,0.6667765697245723,0.8103057757644394,,
2014-03-03,198158,LEA,buy,rebalance,3.0,65.426,2014-03-03,196.27800000000002,0.6869730000000001,-358.0,Consumer Cyclical,0.6018655039134975,0.8575877689694225,,
2014-03-03,199021,UHS,buy,rebalance,2.0,77.089,2014-03-03,154.178,0.539623,-358.5,Healthcare,0.6194236482718715,0.8281426953567383,,
2014-03-03,199588,KR,buy,rebalance,13.0,16.229,2014-03-03,210.97699999999998,0.7384194999999999,-392.5,Consumer Defensive,0.6382940831532999,0.7800113250283126,,
2014-03-03,194695,VIAB,buy,rebalance,2.0,74.043,2014-03-03,148.086,0.518301,-440.0,Communication Services,0.6308634332967482,0.7576443941109853,,
2014-03-03,194189,TEL,buy,rebalance,5.0,41.229,2014-03-03,206.14499999999998,0.7215075,-472.0,Technology,0.5893020315022204,0.8137032842582106,,
2014-04-01,196469,LIFE2,sell,delisted,3.0,76.04,2014-02-03,228.12,0.79842,,,,,226.74082500000003,0.5807549999999821
2014-04-01,197300,LMT,buy,rebalance,1.0,117.328,2014-04-01,117.328,0.410648,-195.5,Industrials,0.6745786518875224,0.8767826583000571,,
2014-04-01,195878,NOC,buy,rebalance,1.0,101.128,2014-04-01,101.128,0.353948,-248.5,Industrials,0.6801439233048311,0.8422703936109527,,
2014-04-01,199217,WST,buy,rebalance,3.0,42.342,2014-04-01,127.026,0.444591,-287.0,Healthcare,0.648851510319712,0.8399885909868796,,
2014-04-01,194210,BR,buy,rebalance,5.0,30.314,2014-04-01,151.57,0.5304949999999999,-310.5,Technology,0.6438399608774068,0.8288648031945237,,
2014-04-01,199588,KR,buy,rebalance,9.0,16.859,2014-04-01,151.73100000000002,0.5310585000000001,-357.0,Consumer Defensive,0.631520862577228,0.8163148887621221,,
2014-04-01,197377,MCK,buy,rebalance,1.0,161.109,2014-04-01,161.109,0.5638815,-364.0,Healthcare,0.6227766048386125,0.820593268682259,,
2014-04-01,197638,PZZA,buy,rebalance,3.0,40.959,2014-04-01,122.87700000000001,0.43006950000000005,-373.5,Consumer Cyclical,0.6106850447341516,0.8302909298345693,,
2014-04-01,198158,LEA,buy,rebalance,2.0,70.337,2014-04-01,140.674,0.49235900000000005,-390.5,Consumer Cyclical,0.5963428915112413,0.8502567027952083,,
2014-04-01,194855,TISUQ,buy,rebalance,6.0,26.261,2014-04-01,157.566,0.551481,-412.5,Consumer Defensive,0.6181943505365156,0.7943525385054193,,
2014-04-01,196831,SYNT,buy,rebalance,5.0,28.834,2014-04-01,144.17,0.504595,-426.5,Technology,0.6070884025732447,0.8054763262977752,,
2014-05-01,197091,BRE,sell,delisted,4.0,62.78,2014-03-31,251.12,0.87892,,,,,252.992385,-2.751305000000002
2014-05-01,197300,LMT,buy,rebalance,1.0,116.712,2014-05-01,116.712,0.408492,-195.0,Industrials,0.6745786518875224,0.8767826583000571,,
2014-05-01,195878,NOC,buy,rebalance,1.0,98.403,2014-05-01,98.403,0.3444105,-247.0,Industrials,0.6801439233048311,0.8422703936109527,,
2014-05-01,199217,WST,buy,rebalance,3.0,40.498,2014-05-01,121.494,0.425229,-285.0,Healthcare,0.648851510319712,0.8399885909868796,,
2014-05-01,194210,BR,buy,rebalance,4.0,30.578,2014-05-01,122.312,0.42809200000000003,-308.5,Technology,0.6438399608774068,0.8288648031945237,,
2014-05-01,199588,KR,buy,rebalance,8.0,17.844,2014-05-01,142.752,0.499632,-354.0,Consumer Defensive,0.631520862577228,0.8163148887621221,,
2014-05-01,197638,PZZA,buy,rebalance,4.0,34.659,2014-05-01,138.636,0.485226,-371.5,Consumer Cyclical,0.6106850447341515,0.8302909298345693,,
2014-05-01,198158,LEA,buy,rebalance,2.0,67.444,2014-05-01,134.888,0.472108,-388.5,Consumer Cyclical,0.5963428915112413,0.8502567027952083,,
2014-05-01,194855,TISUQ,buy,rebalance,6.0,23.071,2014-05-01,138.42600000000002,0.48449100000000006,-408.0,Consumer Defensive,0.6181943505365156,0.7943525385054193,,
2014-05-01,198821,TSS,buy,rebalance,4.0,30.47,2014-05-01,121.88,0.42658,-421.0,Financial Services,0.6567621578456041,0.7450085567598402,,
2014-06-02,197300,LMT,buy,rebalance,1.0,118.574,2014-06-02,118.574,0.415009,-194.0,Industrials,0.6745786518875223,0.8767826583000571,,
2014-06-02,195878,NOC,buy,rebalance,1.0,100.084,2014-06-02,100.084,0.350294,-245.5,Industrials,0.6801439233048311,0.8422703936109527,,
2014-06-02,199217,WST,buy,rebalance,3.0,39.94,2014-06-02,119.82,0.41936999999999997,-283.5,Healthcare,0.648851510319712,0.8399885909868796,,
2014-06-02,194210,BR,buy,rebalance,4.0,33.233,2014-06-02,132.932,0.46526199999999995,-307.0,Technology,0.6438399608774068,0.8288648031945237,,
2014-06-02,199588,KR,buy,rebalance,7.0,18.427,2014-06-02,128.989,0.4514615,-352.0,Consumer Defensive,0.631520862577228,0.8163148887621221,,
2014-06-02,197638,PZZA,buy,rebalance,3.0,34.166,2014-06-02,102.49799999999999,0.358743,-369.5,Consumer Cyclical,0.6106850447341515,0.8302909298345693,,
2014-06-02,198158,LEA,buy,rebalance,1.0,71.771,2014-06-02,71.771,0.2511985,-386.5,Consumer Cyclical,0.5963428915112413,0.8502567027952083,,
2014-06-02,194855,TISUQ,buy,rebalance,5.0,25.805,2014-06-02,129.025,0.45158750000000003,-406.0,Consumer Defensive,0.6181943505365156,0.7943525385054193,,
2014-06-02,198821,TSS,buy,rebalance,4.0,29.253,2014-06-02,117.012,0.409542,-418.0,Financial Services,0.6567621578456041,0.7450085567598402,,
2014-07-01,197300,LMT,buy,rebalance,1.0,116.067,2014-07-01,116.067,0.4062345,-174.0,Industrials,0.6694171360899166,0.8997715591090806,,
2014-07-01,195878,NOC,buy,rebalance,1.0,98.828,2014-07-01,98.828,0.34589800000000004,-279.0,Industrials,0.661016994697969,0.8406624785836665,,
2014-07-01,195711,ETP,buy,rebalance,3.0,34.174,2014-07-01,102.52199999999999,0.35882699999999995,-295.0,Energy,0.6513066554259849,0.8380925185608223,,
2014-07-01,199271,TSN,buy,rebalance,4.0,28.911,2014-07-01,115.644,0.404754,-367.5,Consumer Defensive,0.5932411886840386,0.8823529411764706,,
2014-07-01,194210,BR,buy,rebalance,3.0,33.517,2014-07-01,100.55100000000002,0.3519285000000001,-388.0,Technology,0.6568125453615944,0.7681324957167333,,
2014-07-01,199178,STJ,buy,rebalance,1.0,66.992,2014-07-01,66.992,0.234472,-388.0,Healthcare,0.6040890177062997,0.846944603083952,,
2014-07-01,195934,MMP,buy,rebalance,2.0,46.793,2014-07-01,93.586,0.327551,-391.5,Energy,0.6547055329154162,0.7684180468303826,,
2014-07-01,199296,TFX,buy,rebalance,1.0,98.865,2014-07-01,98.865,0.3460275,-396.5,Healthcare,0.6832062717872996,0.7372929754426042,,
2014-08-01,197300,LMT,buy,rebalance,1.0,120.749,2014-08-01,120.749,0.4226215,-171.5,Industrials,0.6694171360899167,0.8997715591090806,,
2014-08-01,195878,NOC,buy,rebalance,1.0,101.692,2014-08-01,101.692,0.35592199999999996,-276.0,Industrials,0.6610169946979692,0.8406624785836665,,
2014-08-01,195711,ETP,buy,rebalance,4.0,32.267,2014-08-01,129.068,0.45173800000000003,-292.0,Energy,0.6513066554259849,0.8380925185608223,,
2014-08-01,199271,TSN,buy,rebalance,5.0,28.285,2014-08-01,141.425,0.4949875,-364.0,Consumer Defensive,0.5932411886840387,0.8823529411764706,,
2014-08-01,194291,TWC,buy,rebalance,1.0,140.701,2014-08-01,140.701,0.4924535,-376.0,Communication Services,0.6314083926361855,0.8041119360365505,,
2014-08-01,199178,STJ,buy,rebalance,2.0,62.715,2014-08-01,125.43,0.43900500000000003,-384.0,Healthcare,0.6040890177062996,0.846944603083952,,
2014-08-01,194210,BR,buy,rebalance,4.0,32.576,2014-08-01,130.304,0.456064,-384.5,Technology,0.6568125453615944,0.7681324957167333,,
2014-08-01,195934,MMP,buy,rebalance,3.0,43.774,2014-08-01,131.322,0.459627,-388.0,Energy,0.6547055329154162,0.7684180468303826,,
2014-08-01,199296,TFX,buy,rebalance,1.0,97.433,2014-08-01,97.433,0.3410155,-392.5,Healthcare,0.6832062717872996,0.7372929754426042,,
2014-09-02,197300,LMT,buy,rebalance,1.0,126.534,2014-09-02,126.534,0.442869,-169.5,Industrials,0.6694171360899167,0.8997715591090806,,
2014-09-02,195878,NOC,buy,rebalance,1.0,106.09,2014-09-02,106.09,0.371315,-273.5,Industrials,0.6610169946979692,0.8406624785836665,,
2014-09-02,195711,ETP,buy,rebalance,3.0,36.063,2014-09-02,108.18900000000001,0.37866150000000004,-289.0,Energy,0.6513066554259849,0.8380925185608223,,
2014-09-02,199271,TSN,buy,rebalance,4.0,29.351,2014-09-02,117.404,0.410914,-361.5,Consumer Defensive,0.5932411886840387,0.8823529411764706,,
2014-09-02,199178,STJ,buy,rebalance,2.0,63.042,2014-09-02,126.084,0.441294,-381.0,Healthcare,0.6040890177062996,0.846944603083952,,
2014-09-02,194210,BR,buy,rebalance,4.0,34.409,2014-09-02,137.636,0.481726,-381.5,Technology,0.6568125453615943,0.7681324957167333,,
2014-09-02,195934,MMP,buy,rebalance,3.0,45.921,2014-09-02,137.763,0.4821705,-385.0,Energy,0.6547055329154162,0.7684180468303826,,
2014-09-02,199296,TFX,buy,rebalance,1.0,101.218,2014-09-02,101.218,0.354263,-389.5,Healthcare,0.6832062717872995,0.7372929754426042,,
2014-10-01,199819,HSH,sell,delisted,20.0,62.96,2014-08-28,1259.2,4.4072000000000005,,,,,419.3696745,835.4231255
2014-10-01,195861,POM1,buy,rebalance,10.0,25.441,2014-10-01,254.41,0.890435,-222.5,Utilities,0.6579040054079603,0.8717366628830874,,
2014-10-01,195934,MMP,buy,rebalance,5.0,45.135,2014-10-01,225.67499999999998,0.7898624999999999,-230.5,Energy,0.6421021234051922,0.8887627695800226,,
2014-10-01,199626,INTC,buy,rebalance,10.0,25.91,2014-10-01,259.1,0.90685,-238.0,Technology,0.6496861719879684,0.8700340522133939,,
2014-10-01,195711,ETP,buy,rebalance,7.0,34.766,2014-10-01,243.362,0.851767,-270.0,Energy,0.6417393916021703,0.8632236095346197,,
2014-10-01,199917,BALL,buy,rebalance,9.0,27.523,2014-10-01,247.707,0.8669745,-301.0,Consumer Cyclical,0.6622908034217394,0.8161180476730987,,
2014-10-01,197377,MCK,buy,rebalance,1.0,176.681,2014-10-01,176.681,0.6183835000000001,-311.5,Healthcare,0.6115709053379969,0.8884790011350738,,
2014-10-01,194210,BR,buy,rebalance,8.0,33.309,2014-10-01,266.472,0.9326519999999999,-321.0,Technology,0.634719460946899,0.8422247446083996,,
2014-10-01,196724,MAR,buy,rebalance,4.0,60.46,2014-10-01,241.84,0.8464400000000001,-321.0,Consumer Cyclical,0.6077337970415803,0.8896140749148694,,
2014-10-01,197034,WLFC,buy,rebalance,41.0,6.534,2014-10-01,267.894,0.937629,-335.0,Industrials,0.5923156325220053,0.9086265607264472,,
2014-10-01,199296,TFX,buy,rebalance,2.0,96.862,2014-10-01,193.724,0.678034,-341.0,Healthcare,0.6835115155114768,0.7738365493757094,,
2014-11-03,198663,DFZ,sell,delisted,44.0,18.98,2014-09-03,835.12,2.92292,,,,,434.1130965,398.08398350000004
2014-11-03,195861,POM1,buy,rebalance,8.0,25.972,2014-11-03,207.776,0.7272160000000001,-221.5,Utilities,0.6579040054079603,0.8717366628830874,,
2014-11-03,195934,MMP,buy,rebalance,4.0,46.287,2014-11-03,185.148,0.648018,-229.5,Energy,0.6421021234051922,0.8887627695800226,,
2014-11-03,199626,INTC,buy,rebalance,8.0,26.154,2014-11-03,209.232,0.732312,-237.0,Technology,0.6496861719879684,0.8700340522133939,,
2014-11-03,195711,ETP,buy,rebalance,6.0,34.366,2014-11-03,206.196,0.721686,-269.0,Energy,0.6417393916021703,0.8632236095346197,,
2014-11-03,199917,BALL,buy,rebalance,7.0,28.09,2014-11-03,196.63,0.688205,-298.5,Consumer Cyclical,0.6622908034217394,0.8161180476730987,,
2014-11-03,197377,MCK,buy,rebalance,1.0,186.608,2014-11-03,186.608,0.653128,-310.5,Healthcare,0.6115709053379971,0.8884790011350738,,
2014-11-03,194210,BR,buy,rebalance,6.0,35.614,2014-11-03,213.68399999999997,0.747894,-319.5,Technology,0.6347194609468992,0.8422247446083996,,
2014-11-03,196724,MAR,buy,rebalance,3.0,67.455,2014-11-03,202.365,0.7082775,-320.0,Consumer Cyclical,0.6077337970415803,0.8896140749148694,,
2014-11-03,197034,WLFC,buy,rebalance,30.0,7.012,2014-11-03,210.35999999999999,0.7362599999999999,-334.5,Industrials,0.5923156325220053,0.9086265607264472,,
2014-11-03,199296,TFX,buy,rebalance,2.0,104.736,2014-11-03,209.472,0.733152,-338.5,Healthcare,0.6835115155114767,0.7738365493757094,,
2014-12-01,195861,POM1,buy,rebalance,4.0,26.077,2014-12-01,104.308,0.365078,-220.0,Utilities,0.6579040054079603,0.8717366628830874,,
2014-12-01,195934,MMP,buy,rebalance,2.0,44.149,2014-12-01,88.298,0.309043,-228.0,Energy,0.6421021234051922,0.8887627695800226,,
2014-12-01,199626,INTC,buy,rebalance,3.0,28.523,2014-12-01,85.569,0.2994915,-235.5,Technology,0.6496861719879684,0.8700340522133939,,
2014-12-01,195711,ETP,buy,rebalance,3.0,34.141,2014-12-01,102.423,0.35848050000000004,-267.5,Energy,0.6417393916021703,0.8632236095346197,,
2014-12-01,199917,BALL,buy,rebalance,3.0,29.921,2014-12-01,89.763,0.3141705,-297.0,Consumer Cyclical,0.6622908034217394,0.8161180476730987,,
2014-12-01,194210,BR,buy,rebalance,3.0,36.48,2014-12-01,109.44,0.38304,-318.0,Technology,0.6347194609468992,0.8422247446083996,,
2014-12-01,196724,MAR,buy,rebalance,1.0,69.102,2014-12-01,69.102,0.24185700000000002,-318.5,Consumer Cyclical,0.6077337970415803,0.8896140749148694,,
2014-12-01,197034,WLFC,buy,rebalance,15.0,6.986,2014-12-01,104.78999999999999,0.36676499999999995,-333.5,Industrials,0.5923156325220053,0.9086265607264472,,
2014-12-01,199296,TFX,buy,rebalance,1.0,109.018,2014-12-01,109.018,0.381563,-336.0,Healthcare,0.6835115155114768,0.7738365493757094,,
2015-01-02,197771,KMP,sell,delisted,6.0,102.03,2014-11-26,612.1800000000001,2.1426300000000005,,,,,192.1270995,417.9102705
2015-01-02,195934,MMP,buy,rebalance,3.0,47.268,2015-01-02,141.804,0.49631400000000003,-162.5,Energy,0.6792464736903366,0.9113604488078542,,
2015-01-02,199689,GD,buy,rebalance,1.0,107.664,2015-01-02,107.664,0.376824,-198.5,Industrials,0.6489128172218951,0.9298737727910238,,
2015-01-02,197828,UGI,buy,rebalance,7.0,25.46,2015-01-02,178.22,0.62377,-202.5,Utilities,0.6940783695541263,0.8723702664796634,,
2015-01-02,195133,EXR,buy,rebalance,4.0,38.551,2015-01-02,154.204,0.539714,-210.5,Real Estate,0.6832826151889736,0.8757363253856942,,
2015-01-02,195861,POM1,buy,rebalance,7.0,26.02,2015-01-02,182.14,0.63749,-218.5,Utilities,0.6623349774272399,0.8956521739130435,,
2015-01-02,193748,KDP,buy,rebalance,19.0,9.596,2015-01-02,182.324,0.6381340000000001,-229.0,Consumer Defensive,0.6651898297845814,0.8844319775596073,,
2015-01-02,199576,VGR,buy,rebalance,35.0,5.283,2015-01-02,184.905,0.6471675,-234.0,Consumer Defensive,0.6346470362490748,0.9335203366058906,,
2015-01-02,195349,TDG,buy,rebalance,1.0,124.083,2015-01-02,124.083,0.4342905,-256.0,Industrials,0.6522521997813949,0.8855539971949509,,
2015-01-02,198233,WRI,buy,rebalance,8.0,22.965,2015-01-02,183.72,0.64302,-256.5,Real Estate,0.6856685462723052,0.8446002805049089,,
2015-01-02,197383,DVA,buy,rebalance,2.0,75.83,2015-01-02,151.66,0.53081,-276.0,Healthcare,0.6604913793271888,0.8617110799438991,,
2015-02-02,195934,MMP,buy,rebalance,2.0,44.295,2015-02-02,88.59,0.31006500000000004,-160.5,Energy,0.6792464736903366,0.9113604488078542,,
2015-02-02,199689,GD,buy,rebalance,1.0,106.33,2015-02-02,106.33,0.372155,-196.0,Industrials,0.6489128172218952,0.9298737727910238,,
2015-02-02,197828,UGI,buy,rebalance,5.0,25.125,2015-02-02,125.625,0.4396875,-200.5,Utilities,0.6940783695541265,0.8723702664796634,,
2015-02-02,195133,EXR,buy,rebalance,2.0,43.267,2015-02-02,86.534,0.30286900000000005,-208.5,Real Estate,0.6832826151889735,0.8757363253856942,,
2015-02-02,195861,POM1,buy,rebalance,4.0,26.298,2015-02-02,105.192,0.368172,-216.5,Utilities,0.6623349774272398,0.8956521739130435,,
2015-02-02,193748,KDP,buy,rebalance,11.0,10.521,2015-02-02,115.73100000000001,0.40505850000000004,-227.0,Consumer Defensive,0.6651898297845814,0.8844319775596073,,
2015-02-02,199576,VGR,buy,rebalance,22.0,5.577,2015-02-02,122.694,0.429429,-231.5,Consumer Defensive,0.6346470362490749,0.9335203366058906,,
2015-02-02,198233,WRI,buy,rebalance,5.0,24.098,2015-02-02,120.49,0.421715,-254.5,Real Estate,0.6856685462723052,0.8446002805049089,,
2015-02-02,197383,DVA,buy,rebalance,1.0,75.57,2015-02-02,75.57,0.264495,-274.0,Healthcare,0.6604913793271889,0.8617110799438991,,
2015-03-02,195934,MMP,buy,rebalance,2.0,45.645,2015-03-02,91.29,0.31951500000000005,-160.5,Energy,0.6792464736903366,0.9113604488078542,,
2015-03-02,199689,GD,buy,rebalance,1.0,109.205,2015-03-02,109.205,0.3822175,-196.0,Industrials,0.6489128172218952,0.9298737727910238,,
2015-03-02,197828,UGI,buy,rebalance,5.0,22.159,2015-03-02,110.79499999999999,0.3877825,-200.0,Utilities,0.6940783695541265,0.8723702664796634,,
2015-03-02,195133,EXR,buy,rebalance,3.0,43.489,2015-03-02,130.46699999999998,0.45663449999999994,-208.0,Real Estate,0.6832826151889735,0.8757363253856942,,
2015-03-02,195861,POM1,buy,rebalance,5.0,25.981,2015-03-02,129.905,0.4546675,-216.0,Utilities,0.6623349774272398,0.8956521739130435,,
2015-03-02,193748,KDP,buy,rebalance,12.0,10.615,2015-03-02,127.38,0.44583,-226.5,Consumer Defensive,0.6651898297845814,0.8844319775596073,,
2015-03-02,199576,VGR,buy,rebalance,23.0,5.562,2015-03-02,127.926,0.447741,-231.5,Consumer Defensive,0.6346470362490749,0.9335203366058906,,
2015-03-02,198233,WRI,buy,rebalance,5.0,23.502,2015-03-02,117.50999999999999,0.41128499999999996,-254.0,Real Estate,0.6856685462723052,0.8446002805049089,,
2015-03-02,197383,DVA,buy,rebalance,1.0,75.56,2015-03-02,75.56,0.26446000000000003,-273.5,Healthcare,0.6604913793271889,0.8617110799438991,,
2015-04-01,196983,CVD,sell,delisted,6.0,106.42,2015-02-18,638.52,2.23482,,,,,523.1747250000001,113.11045499999989
2015-04-01,115441,WPZ1,sell,delisted,36.0,48.15,2015-02-02,1733.3999999999999,6.0668999999999995,,,,,1477.3045319999999,250.02856799999995
2015-04-01,199588,KR,buy,rebalance,12.0,30.046,2015-04-01,360.552,1.261932,-78.0,Consumer Defensive,0.6720341014767045,0.9702831511073732,,
2015-04-01,198615,MO,buy,rebalance,15.0,24.163,2015-04-01,362.445,1.2685575,-99.0,Consumer Defensive,0.6960707827031458,0.9394449116904963,,
2015-04-01,197425,AIV,buy,rebalance,216.0,1.68,2015-04-01,362.88,1.27008,-131.5,Real Estate,0.6772561036445719,0.9338379590692458,,
2015-04-01,195861,POM1,buy,rebalance,14.0,25.942,2015-04-01,363.188,1.271158,-162.5,Utilities,0.6645806417280109,0.9293523969722456,,
2015-04-01,197515,AVB,buy,rebalance,3.0,118.833,2015-04-01,356.499,1.2477465,-172.0,Real Estate,0.6868686792895562,0.9013176338659938,,
2015-04-01,197505,TEG,buy,rebalance,5.0,71.98,2015-04-01,359.90000000000003,1.2596500000000002,-176.0,Utilities,0.6623837154648264,0.9251471825063078,,
2015-04-01,199546,CVS,buy,rebalance,4.0,73.442,2015-04-01,293.768,1.0281879999999999,-185.0,Healthcare,0.698118473025992,0.8873002523128679,,
2015-04-01,196527,CBRL,buy,rebalance,3.0,93.364,2015-04-01,280.092,0.9803219999999999,-201.0,Consumer Cyclical,0.6612570081877704,0.9139332772638071,,
2015-04-01,199357,SHW,buy,rebalance,4.0,85.556,2015-04-01,342.224,1.197784,-226.5,Basic Materials,0.6457003991327328,0.9229044014578077,,
2015-04-01,194210,BR,buy,rebalance,8.0,44.925,2015-04-01,359.4,1.2579,-242.5,Technology,0.6562651925788192,0.895991028875806,,
2015-05-01,198103,AGN1,sell,delisted,6.0,240.22,2015-03-16,1441.32,5.04462,,,,,310.573215,1125.7021650000002
2015-05-01,199588,KR,buy,rebalance,9.0,27.448,2015-05-01,247.032,0.864612,-78.0,Consumer Defensive,0.6720341014767045,0.9702831511073732,,
2015-05-01,198615,MO,buy,rebalance,10.0,24.335,2015-05-01,243.35000000000002,0.8517250000000001,-98.0,Consumer Defensive,0.6960707827031459,0.9394449116904963,,
2015-05-01,197425,AIV,buy,rebalance,159.0,1.651,2015-05-01,262.509,0.9187815,-130.0,Real Estate,0.6772561036445718,0.9338379590692458,,
2015-05-01,195861,POM1,buy,rebalance,10.0,25.254,2015-05-01,252.54000000000002,0.8838900000000001,-160.5,Utilities,0.6645806417280108,0.9293523969722456,,
2015-05-01,197515,AVB,buy,rebalance,2.0,115.204,2015-05-01,230.408,0.8064279999999999,-170.0,Real Estate,0.6868686792895562,0.9013176338659938,,
2015-05-01,197505,TEG,buy,rebalance,3.0,72.941,2015-05-01,218.823,0.7658805000000001,-174.0,Utilities,0.6623837154648266,0.9251471825063078,,
2015-05-01,199546,CVS,buy,rebalance,3.0,72.398,2015-05-01,217.194,0.7601789999999999,-183.0,Healthcare,0.698118473025992,0.8873002523128679,,
2015-05-01,196527,CBRL,buy,rebalance,3.0,83.747,2015-05-01,251.24099999999999,0.8793435,-199.0,Consumer Cyclical,0.6612570081877704,0.9139332772638071,,
2015-05-01,199357,SHW,buy,rebalance,3.0,84.461,2015-05-01,253.38299999999998,0.8868404999999999,-224.5,Basic Materials,0.6457003991327328,0.9229044014578077,,
2015-05-01,194210,BR,buy,rebalance,5.0,44.467,2015-05-01,222.33499999999998,0.7781724999999999,-240.5,Technology,0.6562651925788192,0.895991028875806,,
2015-06-01,199588,KR,buy,rebalance,4.0,28.641,2015-06-01,114.564,0.400974,-78.0,Consumer Defensive,0.6720341014767045,0.9702831511073732,,
2015-06-01,198615,MO,buy,rebalance,4.0,24.595,2015-06-01,98.38,0.34432999999999997,-97.5,Consumer Defensive,0.6960707827031458,0.9394449116904963,,
2015-06-01,197425,AIV,buy,rebalance,73.0,1.679,2015-06-01,122.56700000000001,0.42898450000000005,-129.5,Real Estate,0.6772561036445718,0.9338379590692458,,
2015-06-01,195861,POM1,buy,rebalance,4.0,26.29,2015-06-01,105.16,0.36806,-160.0,Utilities,0.6645806417280108,0.9293523969722456,,
2015-06-01,197515,AVB,buy,rebalance,1.0,115.658,2015-06-01,115.658,0.404803,-168.5,Real Estate,0.6868686792895562,0.9013176338659938,,
2015-06-01,197505,TEG,buy,rebalance,1.0,72.04,2015-06-01,72.04,0.25214000000000003,-173.5,Utilities,0.6623837154648264,0.9251471825063078,,
2015-06-01,199546,CVS,buy,rebalance,1.0,73.876,2015-06-01,73.876,0.258566,-181.5,Healthcare,0.698118473025992,0.8873002523128679,,
2015-06-01,196527,CBRL,buy,rebalance,1.0,87.476,2015-06-01,87.476,0.306166,-197.5,Consumer Cyclical,0.6612570081877704,0.9139332772638071,,
2015-06-01,199357,SHW,buy,rebalance,1.0,86.481,2015-06-01,86.481,0.3026835,-224.0,Basic Materials,0.6457003991327328,0.9229044014578077,,
2015-06-01,194210,BR,buy,rebalance,2.0,44.417,2015-06-01,88.834,0.310919,-239.0,Technology,0.6562651925788192,0.895991028875806,,
2015-07-01,194210,BR,buy,rebalance,2.0,42.486,2015-07-01,84.972,0.297402,-208.0,Technology,0.6611106298562853,0.9011692650334076,,
2015-07-01,199588,KR,buy,rebalance,4.0,28.735,2015-07-01,114.94,0.40229,-235.0,Consumer Defensive,0.6597074713568702,0.8869710467706013,,
2015-07-01,199546,CVS,buy,rebalance,1.0,76.182,2015-07-01,76.182,0.266637,-239.0,Healthcare,0.695351325548708,0.8608017817371938,,
2015-07-01,193748,KDP,buy,rebalance,12.0,10.121,2015-07-01,121.452,0.425082,-241.5,Consumer Defensive,0.6861970148633891,0.8644209354120267,,
2015-07-01,196527,CBRL,buy,rebalance,1.0,94.848,2015-07-01,94.848,0.331968,-245.0,Consumer Cyclical,0.6313954795064866,0.9217706013363028,,
2015-07-01,199357,SHW,buy,rebalance,1.0,84.252,2015-07-01,84.252,0.294882,-246.0,Basic Materials,0.6469129956927095,0.8983853006681515,,
2015-07-01,199361,SCI,buy,rebalance,5.0,24.471,2015-07-01,122.355,0.4282425,-248.5,Consumer Cyclical,0.6647429381987336,0.875,,
2015-07-01,192908,COR2,buy,rebalance,3.0,36.677,2015-07-01,110.031,0.3851085,-272.5,Real Estate,0.6349326987323481,0.9000556792873051,,
2015-07-01,198864,RDI,buy,rebalance,8.0,14.0,2015-07-01,112.0,0.392,-284.5,Communication Services,0.6014519404075039,0.9646436525612472,,
2015-08-03,193634,LO,sell,delisted,22.0,71.4,2015-06-11,1570.8000000000002,5.497800000000001,,,,,764.9650395,800.3371605000001
2015-08-03,197505,TEG,sell,delisted,9.0,69.66,2015-06-29,626.9399999999999,2.1942899999999996,,,,,653.0406705,-28.294960500000116
2015-08-03,194210,BR,buy,rebalance,7.0,44.666,2015-08-03,312.662,1.094317,-203.5,Technology,0.6611106298562853,0.9011692650334076,,
2015-08-03,197079,FDS,buy,rebalance,2.0,147.642,2015-08-03,295.284,1.033494,-209.5,Financial Services,0.6608383400350859,0.8981069042316259,,
2015-08-03,199588,KR,buy,rebalance,11.0,30.921,2015-08-03,340.131,1.1904584999999999,-230.5,Consumer Defensive,0.6597074713568702,0.8869710467706013,,
2015-08-03,199546,CVS,buy,rebalance,4.0,81.565,2015-08-03,326.26,1.14191,-234.5,Healthcare,0.695351325548708,0.8608017817371938,,
2015-08-03,193748,KDP,buy,rebalance,32.0,10.941,2015-08-03,350.112,1.225392,-237.0,Consumer Defensive,0.6861970148633891,0.8644209354120267,,
2015-08-03,196527,CBRL,buy,rebalance,3.0,97.054,2015-08-03,291.16200000000003,1.0190670000000002,-241.0,Consumer Cyclical,0.6313954795064866,0.9217706013363028,,
2015-08-03,199357,SHW,buy,rebalance,4.0,83.472,2015-08-03,333.888,1.1686079999999999,-241.5,Basic Materials,0.6469129956927095,0.8983853006681515,,
2015-08-03,199361,SCI,buy,rebalance,13.0,25.45,2015-08-03,330.84999999999997,1.157975,-244.0,Consumer Cyclical,0.6647429381987336,0.875,,
2015-08-03,192908,COR2,buy,rebalance,8.0,39.377,2015-08-03,315.016,1.102556,-267.5,Real Estate,0.634932698732348,0.9000556792873051,,
2015-08-03,198864,RDI,buy,rebalance,29.0,11.97,2015-08-03,347.13,1.214955,-282.0,Communication Services,0.6014519404075039,0.9646436525612472,,
2015-09-01,199736,FDO,sell,delisted,14.0,79.39,2015-07-06,1111.46,3.8901100000000004,,,,,644.9062995,462.66359049999994
2015-09-01,194210,BR,buy,rebalance,5.0,41.96,2015-09-01,209.8,0.7343000000000001,-201.0,Technology,0.6611106298562853,0.9011692650334076,,
2015-09-01,197079,FDS,buy,rebalance,1.0,136.579,2015-09-01,136.579,0.4780265,-207.0,Financial Services,0.6608383400350859,0.8981069042316259,,
2015-09-01,199588,KR,buy,rebalance,8.0,26.713,2015-09-01,213.704,0.7479640000000001,-228.0,Consumer Defensive,0.6597074713568702,0.8869710467706013,,
2015-09-01,199546,CVS,buy,rebalance,3.0,72.491,2015-09-01,217.473,0.7611555000000001,-231.5,Healthcare,0.695351325548708,0.8608017817371938,,
2015-09-01,193748,KDP,buy,rebalance,23.0,10.235,2015-09-01,235.40499999999997,0.8239175,-234.5,Consumer Defensive,0.6861970148633891,0.8644209354120267,,
2015-09-01,196527,CBRL,buy,rebalance,2.0,90.335,2015-09-01,180.67,0.6323449999999999,-238.0,Consumer Cyclical,0.6313954795064866,0.9217706013363028,,
2015-09-01,199357,SHW,buy,rebalance,3.0,74.75,2015-09-01,224.25,0.784875,-239.0,Basic Materials,0.6469129956927095,0.8983853006681515,,
2015-09-01,199361,SCI,buy,rebalance,9.0,23.807,2015-09-01,214.26299999999998,0.7499205,-241.5,Consumer Cyclical,0.6647429381987336,0.875,,
2015-09-01,192908,COR2,buy,rebalance,6.0,37.642,2015-09-01,225.85200000000003,0.7904820000000001,-264.5,Real Estate,0.634932698732348,0.9000556792873051,,
2015-09-01,198864,RDI,buy,rebalance,18.0,12.69,2015-09-01,228.42,0.79947,-279.5,Communication Services,0.6014519404075039,0.9646436525612472,,
2015-10-01,197574,AEC1,sell,delisted,57.0,28.75,2015-08-06,1638.75,5.735625,,,,,544.94064,1088.073735
2015-10-01,199701,FRS,sell,delisted,26.0,33.97,2015-08-24,883.22,3.09127,,,,,373.06517399999996,507.06355600000006
2015-10-01,199588,KR,buy,rebalance,13.0,28.946,2015-10-01,376.298,1.317043,-150.5,Consumer Defensive,0.6856575817769364,0.9135120198949986,,
2015-10-01,195259,RAI,buy,rebalance,9.0,41.172,2015-10-01,370.548,1.296918,-212.5,Consumer Defensive,0.654884538766339,0.9107488256424426,,
2015-10-01,197712,MD,buy,rebalance,4.0,76.51,2015-10-01,306.04,1.0711400000000002,-218.0,Healthcare,0.6661815335986825,0.8919591047250621,,
2015-10-01,199580,LEG,buy,rebalance,13.0,27.91,2015-10-01,362.83,1.269905,-219.0,Consumer Cyclical,0.6532871609655546,0.9079856313898867,,
2015-10-01,199361,SCI,buy,rebalance,16.0,22.62,2015-10-01,361.92,1.26672,-225.5,Consumer Cyclical,0.6896418050612438,0.8659850787510363,,
2015-10-01,198308,CNMD,buy,rebalance,8.0,42.154,2015-10-01,337.232,1.180312,-254.0,Healthcare,0.6280756352919507,0.9281569494335452,,
2015-10-01,197079,FDS,buy,rebalance,2.0,142.439,2015-10-01,284.878,0.997073,-273.5,Financial Services,0.667275346267358,0.8554849405913235,,
2015-10-01,199747,EFX,buy,rebalance,4.0,88.711,2015-10-01,354.844,1.241954,-288.0,Industrials,0.6849278303477876,0.8317214700193424,,
2015-10-01,195133,EXR,buy,rebalance,7.0,51.193,2015-10-01,358.351,1.2542285,-312.0,Real Estate,0.6714051783119737,0.8297872340425532,,
2015-10-01,197197,DIS,buy,rebalance,4.0,93.307,2015-10-01,373.228,1.306298,-316.5,Communication Services,0.6531405394287239,0.8502348715114673,,
2015-11-02,195268,HSP,sell,delisted,10.0,89.95,2015-09-02,899.5,3.14825,,,,,540.82629,355.52546000000007
2015-11-02,199588,KR,buy,rebalance,7.0,30.146,2015-11-02,211.022,0.738577,-150.0,Consumer Defensive,0.6856575817769364,0.9135120198949986,,
2015-11-02,195259,RAI,buy,rebalance,4.0,45.201,2015-11-02,180.804,0.632814,-212.0,Consumer Defensive,0.654884538766339,0.9107488256424426,,
2015-11-02,197712,MD,buy,rebalance,3.0,72.2,2015-11-02,216.60000000000002,0.7581000000000001,-217.5,Healthcare,0.6661815335986825,0.8919591047250621,,
2015-11-02,199580,LEG,buy,rebalance,7.0,30.725,2015-11-02,215.07500000000002,0.7527625000000001,-218.5,Consumer Cyclical,0.6532871609655546,0.9079856313898867,,
2015-11-02,199361,SCI,buy,rebalance,9.0,23.495,2015-11-02,211.455,0.7400925,-224.0,Consumer Cyclical,0.6896418050612438,0.8659850787510363,,
2015-11-02,198308,CNMD,buy,rebalance,5.0,37.468,2015-11-02,187.34000000000003,0.6556900000000001,-253.5,Healthcare,0.6280756352919507,0.9281569494335452,,
2015-11-02,197079,FDS,buy,rebalance,1.0,156.02,2015-11-02,156.02,0.54607,-272.0,Financial Services,0.6672753462673581,0.8554849405913235,,
2015-11-02,199747,EFX,buy,rebalance,2.0,97.088,2015-11-02,194.176,0.679616,-286.0,Industrials,0.6849278303477876,0.8317214700193424,,
2015-11-02,195133,EXR,buy,rebalance,4.0,53.913,2015-11-02,215.652,0.754782,-310.0,Real Estate,0.6714051783119737,0.8297872340425532,,
2015-11-02,197197,DIS,buy,rebalance,2.0,104.549,2015-11-02,209.098,0.731843,-315.0,Communication Services,0.6531405394287239,0.8502348715114673,,
2015-12-01,199588,KR,buy,rebalance,3.0,30.231,2015-12-01,90.69300000000001,0.3174255,-149.0,Consumer Defensive,0.6856575817769364,0.9135120198949986,,
2015-12-01,195259,RAI,buy,rebalance,2.0,43.531,2015-12-01,87.062,0.304717,-211.0,Consumer Defensive,0.6548845387663391,0.9107488256424426,,
2015-12-01,197712,MD,buy,rebalance,1.0,72.22,2015-12-01,72.22,0.25277,-216.5,Healthcare,0.6661815335986825,0.8919591047250621,,
2015-12-01,199580,LEG,buy,rebalance,3.0,31.308,2015-12-01,93.924,0.328734,-217.5,Consumer Cyclical,0.6532871609655546,0.9079856313898867,,
2015-12-01,199361,SCI,buy,rebalance,5.0,23.57,2015-12-01,117.85,0.412475,-222.5,Consumer Cyclical,0.6896418050612438,0.8659850787510363,,
2015-12-01,198308,CNMD,buy,rebalance,3.0,37.753,2015-12-01,113.259,0.3964065,-252.5,Healthcare,0.6280756352919507,0.9281569494335452,,
2015-12-01,199747,EFX,buy,rebalance,1.0,101.729,2015-12-01,101.729,0.3560515,-284.5,Industrials,0.6849278303477876,0.8317214700193424,,
2015-12-01,195133,EXR,buy,rebalance,2.0,57.424,2015-12-01,114.848,0.401968,-308.5,Real Estate,0.6714051783119735,0.8297872340425532,,
2015-12-01,197197,DIS,buy,rebalance,1.0,104.867,2015-12-01,104.867,0.36703450000000004,-313.5,Communication Services,0.653140539428724,0.8502348715114673,,
2016-01-04,195664,MWE,sell,delisted,63.0,41.53,2015-12-03,2616.39,9.157365,,,,,1254.1331565,1353.0994784999998
2016-01-04,199354,SIAL,sell,delisted,19.0,139.76,2015-11-18,2655.4399999999996,9.294039999999999,,,,,931.8611385,1714.2848214999995
2016-01-04,199849,CHDN,buy,rebalance,30.0,21.672,2016-01-04,650.16,2.27556,-142.5,Consumer Cyclical,0.6883645331555411,0.9446914952751528,,
2016-01-04,196510,LII,buy,rebalance,5.0,109.897,2016-01-04,549.485,1.9231975000000001,-192.0,Basic Materials,0.6844266301919177,0.9177320733740967,,
2016-01-04,195133,EXR,buy,rebalance,11.0,59.244,2016-01-04,651.684,2.280894,-204.5,Real Estate,0.6855095638412336,0.9102279043913285,,
2016-01-04,199975,UHAL,buy,rebalance,17.0,36.954,2016-01-04,628.218,2.198763,-234.0,Industrials,0.6571464724449773,0.9305169538632574,,
2016-01-04,199747,EFX,buy,rebalance,6.0,98.954,2016-01-04,593.7239999999999,2.0780339999999997,-237.0,Industrials,0.6788599343243183,0.8979988882712618,,
2016-01-04,194053,OPLN,buy,rebalance,51.0,12.777,2016-01-04,651.627,2.2806945,-238.5,Consumer Cyclical,0.6935883754410667,0.8804891606448026,,
2016-01-04,194210,BR,buy,rebalance,14.0,43.586,2016-01-04,610.204,2.1357139999999997,-246.0,Technology,0.6874186352448943,0.8829905503057254,,
2016-01-04,192908,COR2,buy,rebalance,14.0,44.174,2016-01-04,618.436,2.164526,-252.0,Real Estate,0.6485894604940763,0.9324624791550862,,
2016-01-04,199576,VGR,buy,rebalance,101.0,6.438,2016-01-04,650.2379999999999,2.275833,-255.0,Consumer Defensive,0.7019925696510386,0.8604780433574208,,
2016-01-04,198546,JKHY,buy,rebalance,9.0,67.353,2016-01-04,606.1769999999999,2.1216194999999995,-269.0,Technology,0.7227521780056707,0.8365758754863813,,
2016-02-01,199849,CHDN,buy,rebalance,5.0,22.113,2016-02-01,110.565,0.3869775,-142.0,Consumer Cyclical,0.6883645331555411,0.9446914952751528,,
2016-02-01,196510,LII,buy,rebalance,1.0,105.023,2016-02-01,105.023,0.3675805,-190.0,Basic Materials,0.6844266301919177,0.9177320733740967,,
2016-02-01,195133,EXR,buy,rebalance,2.0,60.371,2016-02-01,120.742,0.422597,-202.5,Real Estate,0.6855095638412337,0.9102279043913285,,
2016-02-01,199975,UHAL,buy,rebalance,3.0,34.787,2016-02-01,104.36099999999999,0.36526349999999996,-232.5,Industrials,0.6571464724449773,0.9305169538632574,,
2016-02-01,199747,EFX,buy,rebalance,1.0,96.667,2016-02-01,96.667,0.33833450000000004,-235.0,Industrials,0.6788599343243183,0.8979988882712618,,
2016-02-01,194053,OPLN,buy,rebalance,11.0,11.853,2016-02-01,130.383,0.45634050000000004,-236.0,Consumer Cyclical,0.6935883754410667,0.8804891606448026,,
2016-02-01,194210,BR,buy,rebalance,2.0,44.809,2016-02-01,89.618,0.31366299999999997,-243.5,Technology,0.6874186352448943,0.8829905503057254,,
2016-02-01,192908,COR2,buy,rebalance,2.0,52.162,2016-02-01,104.324,0.365134,-250.5,Real Estate,0.6485894604940763,0.9324624791550862,,
2016-02-01,199576,VGR,buy,rebalance,19.0,6.575,2016-02-01,124.925,0.4372375,-251.5,Consumer Defensive,0.7019925696510386,0.8604780433574208,,
2016-02-01,198546,JKHY,buy,rebalance,1.0,71.586,2016-02-01,71.586,0.250551,-265.5,Technology,0.7227521780056707,0.8365758754863813,,
2016-03-01,193176,TW2,sell,delisted,24.0,123.0,2016-01-04,2952.0,10.332,,,,,1313.0727255,1628.5952745000002
2016-03-01,199849,CHDN,buy,rebalance,19.0,21.825,2016-03-01,414.675,1.4513625,-140.5,Consumer Cyclical,0.6883645331555411,0.9446914952751528,,
2016-03-01,196510,LII,buy,rebalance,3.0,114.381,2016-03-01,343.14300000000003,1.2010005000000001,-188.0,Basic Materials,0.6844266301919177,0.9177320733740967,,
2016-03-01,195133,EXR,buy,rebalance,7.0,56.829,2016-03-01,397.803,1.3923105,-200.0,Real Estate,0.6855095638412337,0.9102279043913285,,
2016-03-01,199975,UHAL,buy,rebalance,12.0,33.392,2016-03-01,400.70400000000006,1.4024640000000002,-231.0,Industrials,0.6571464724449773,0.9305169538632574,,
2016-03-01,199747,EFX,buy,rebalance,4.0,96.576,2016-03-01,386.304,1.352064,-232.5,Industrials,0.6788599343243183,0.8979988882712618,,
2016-03-01,194053,OPLN,buy,rebalance,33.0,12.542,2016-03-01,413.88599999999997,1.4486009999999998,-233.0,Consumer Cyclical,0.6935883754410667,0.8804891606448026,,
2016-03-01,194210,BR,buy,rebalance,8.0,47.879,2016-03-01,383.032,1.340612,-240.5,Technology,0.6874186352448943,0.8829905503057254,,
2016-03-01,199576,VGR,buy,rebalance,66.0,6.313,2016-03-01,416.65799999999996,1.458303,-248.5,Consumer Defensive,0.7019925696510386,0.8604780433574208,,
2016-03-01,192908,COR2,buy,rebalance,8.0,51.922,2016-03-01,415.376,1.453816,-249.0,Real Estate,0.6485894604940763,0.9324624791550862,,
2016-03-01,198546,JKHY,buy,rebalance,5.0,73.075,2016-03-01,365.375,1.2788125000000001,-262.5,Technology,0.7227521780056707,0.8365758754863813,,
2016-04-01,199426,WTRG,buy,rebalance,5.0,24.076,2016-04-01,120.38,0.42133,-141.5,Utilities,0.7226983277096387,0.9126430365615406,,
2016-04-01,197561,MAA,buy,rebalance,1.0,70.553,2016-04-01,70.553,0.2469355,-144.5,Real Estate,0.6975883071441414,0.9366452693273792,,
2016-04-01,199576,VGR,buy,rebalance,19.0,6.44,2016-04-01,122.36000000000001,0.42826000000000003,-146.0,Consumer Defensive,0.705717703947047,0.9246441529444599,,
2016-04-01,199552,MCD,buy,rebalance,1.0,99.082,2016-04-01,99.082,0.346787,-152.0,Consumer Cyclical,0.7134178224857196,0.9132012280212113,,
2016-04-01,199474,NWN,buy,rebalance,3.0,36.262,2016-04-01,108.786,0.380751,-154.5,Utilities,0.7259936229772659,0.9023164945576333,,
2016-04-01,197066,VRSN,buy,rebalance,1.0,88.039,2016-04-01,88.039,0.30813650000000004,-166.0,Technology,0.6614129466043258,0.972369522746302,,
2016-04-01,193748,KDP,buy,rebalance,9.0,12.609,2016-04-01,113.481,0.39718349999999997,-167.0,Consumer Defensive,0.7274062287862515,0.8936645269327379,,
2016-05-02,195861,POM1,sell,delisted,66.0,26.93,2016-03-23,1777.3799999999999,6.220829999999999,,,,,1710.5851665,60.57400349999989
2016-05-02,199426,WTRG,buy,rebalance,13.0,24.378,2016-05-02,316.914,1.109199,-137.5,Utilities,0.7226983277096387,0.9126430365615406,,
2016-05-02,197561,MAA,buy,rebalance,4.0,67.59,2016-05-02,270.36,0.9462600000000001,-141.0,Real Estate,0.6975883071441414,0.9366452693273792,,
2016-05-02,199576,VGR,buy,rebalance,54.0,6.0,2016-05-02,324.0,1.1340000000000001,-142.5,Consumer Defensive,0.705717703947047,0.9246441529444599,,
2016-05-02,194082,PSA,buy,rebalance,1.0,168.046,2016-05-02,168.046,0.5881609999999999,-146.0,Real Estate,0.7108020566085592,0.9165503767792352,,
2016-05-02,199552,MCD,buy,rebalance,3.0,100.002,2016-05-02,300.006,1.0500209999999999,-148.0,Consumer Cyclical,0.7134178224857196,0.9132012280212113,,
2016-05-02,199474,NWN,buy,rebalance,9.0,35.557,2016-05-02,320.01300000000003,1.1200455000000002,-150.5,Utilities,0.7259936229772658,0.9023164945576333,,
2016-05-02,193748,KDP,buy,rebalance,25.0,12.714,2016-05-02,317.85,1.112475,-163.0,Consumer Defensive,0.7274062287862515,0.8936645269327379,,
2016-05-02,197066,VRSN,buy,rebalance,3.0,86.556,2016-05-02,259.668,0.908838,-163.5,Technology,0.6614129466043258,0.972369522746302,,
2016-05-02,197849,ROP,buy,rebalance,1.0,166.675,2016-05-02,166.675,0.5833625,-199.0,Technology,0.688778983369093,0.9073402176946693,,
2016-06-01,197685,JAH,sell,delisted,22.0,58.97,2016-04-15,1297.34,4.54069,,,,,602.4702915,690.3290184999998
2016-06-01,199426,WTRG,buy,rebalance,12.0,24.897,2016-06-01,298.764,1.045674,-133.0,Utilities,0.7226983277096387,0.9126430365615406,,
2016-06-01,197561,MAA,buy,rebalance,4.0,71.302,2016-06-01,285.208,0.9982280000000001,-137.0,Real Estate,0.6975883071441414,0.9366452693273792,,
2016-06-01,199576,VGR,buy,rebalance,50.0,6.128,2016-06-01,306.4,1.0724,-138.0,Consumer Defensive,0.705717703947047,0.9246441529444599,,
2016-06-01,194082,PSA,buy,rebalance,1.0,170.854,2016-06-01,170.854,0.5979890000000001,-141.5,Real Estate,0.7108020566085592,0.9165503767792352,,
2016-06-01,199552,MCD,buy,rebalance,3.0,95.143,2016-06-01,285.429,0.9990014999999999,-143.5,Consumer Cyclical,0.7134178224857196,0.9132012280212113,,
2016-06-01,199474,NWN,buy,rebalance,8.0,37.792,2016-06-01,302.336,1.058176,-146.0,Utilities,0.7259936229772659,0.9023164945576333,,
2016-06-01,193748,KDP,buy,rebalance,24.0,12.754,2016-06-01,306.096,1.071336,-158.5,Consumer Defensive,0.7274062287862515,0.8936645269327379,,
2016-06-01,197066,VRSN,buy,rebalance,3.0,83.855,2016-06-01,251.565,0.8804775,-162.5,Technology,0.6614129466043258,0.972369522746302,,
2016-06-01,197849,ROP,buy,rebalance,1.0,160.45,2016-06-01,160.45,0.5615749999999999,-194.0,Technology,0.688778983369093,0.9073402176946693,,
2016-07-01,194291,TWC,sell,delisted,4.0,209.56,2016-05-17,838.24,2.93384,,,,,401.53948649999995,433.7666735
2016-07-01,199877,CPB,buy,rebalance,5.0,46.321,2016-07-01,231.605,0.8106175,-90.5,Consumer Defensive,0.70843900617789,0.9628076062639821,,
2016-07-01,193849,AWK,buy,rebalance,3.0,68.659,2016-07-01,205.97700000000003,0.7209195000000002,-96.0,Utilities,0.7178097622745488,0.9468680089485458,,
2016-07-01,199603,WR1,buy,rebalance,4.0,53.048,2016-07-01,212.192,0.742672,-97.5,Utilities,0.7089472167828164,0.9572147651006712,,
2016-07-01,199645,HRL,buy,rebalance,9.0,27.572,2016-07-01,248.148,0.868518,-106.0,Consumer Defensive,0.6894673312926898,0.9781879194630873,,
2016-07-01,199552,MCD,buy,rebalance,2.0,94.608,2016-07-01,189.216,0.6622560000000001,-120.0,Consumer Cyclical,0.7185474955805168,0.9317673378076062,,
2016-07-01,197694,ELS,buy,rebalance,8.0,31.048,2016-07-01,248.384,0.869344,-121.5,Real Estate,0.7087854731911889,0.9423937360178971,,
2016-07-01,194082,PSA,buy,rebalance,1.0,170.156,2016-07-01,170.156,0.595546,-132.5,Real Estate,0.694400228992053,0.9538590604026845,,
2016-07-01,198724,TTC,buy,rebalance,6.0,38.247,2016-07-01,229.482,0.803187,-149.5,Industrials,0.7032160516138456,0.9320469798657718,,
2016-07-01,197300,LMT,buy,rebalance,1.0,191.267,2016-07-01,191.267,0.6694345,-150.5,Industrials,0.7251053329786877,0.9074384787472036,,
2016-07-01,198546,JKHY,buy,rebalance,3.0,77.294,2016-07-01,231.882,0.8115870000000001,-150.5,Technology,0.7146289117816798,0.9177852348993288,,
2016-08-01,199877,CPB,buy,rebalance,3.0,43.712,2016-08-01,131.13600000000002,0.4589760000000001,-89.0,Consumer Defensive,0.70843900617789,0.9628076062639821,,
2016-08-01,193849,AWK,buy,rebalance,2.0,67.63,2016-08-01,135.26,0.47341,-94.5,Utilities,0.7178097622745488,0.9468680089485458,,
2016-08-01,199603,WR1,buy,rebalance,2.0,52.256,2016-08-01,104.512,0.365792,-96.0,Utilities,0.7089472167828165,0.9572147651006712,,
2016-08-01,199645,HRL,buy,rebalance,4.0,28.65,2016-08-01,114.6,0.4011,-104.5,Consumer Defensive,0.6894673312926898,0.9781879194630873,,
2016-08-01,199552,MCD,buy,rebalance,1.0,92.73,2016-08-01,92.73,0.32455500000000004,-118.0,Consumer Cyclical,0.7185474955805168,0.9317673378076062,,
2016-08-01,197694,ELS,buy,rebalance,4.0,32.404,2016-08-01,129.616,0.45365600000000006,-120.0,Real Estate,0.7087854731911889,0.9423937360178971,,
2016-08-01,198724,TTC,buy,rebalance,3.0,39.848,2016-08-01,119.544,0.418404,-147.5,Industrials,0.7032160516138456,0.9320469798657718,,
2016-08-01,198546,JKHY,buy,rebalance,1.0,79.216,2016-08-01,79.216,0.277256,-148.5,Technology,0.7146289117816798,0.9177852348993288,,
2016-09-01,194920,IHS2,sell,delisted,4.0,117.25,2016-07-12,469.0,1.6415,,,,,308.82712499999997,158.53137500000003
2016-09-01,199877,CPB,buy,rebalance,4.0,40.091,2016-09-01,160.364,0.561274,-88.0,Consumer Defensive,0.70843900617789,0.9628076062639821,,
2016-09-01,193849,AWK,buy,rebalance,3.0,60.171,2016-09-01,180.513,0.6317955000000001,-93.0,Utilities,0.7178097622745487,0.9468680089485458,,
2016-09-01,199603,WR1,buy,rebalance,3.0,51.661,2016-09-01,154.983,0.5424405,-95.0,Utilities,0.7089472167828165,0.9572147651006712,,
2016-09-01,199645,HRL,buy,rebalance,6.0,29.153,2016-09-01,174.918,0.612213,-104.0,Consumer Defensive,0.6894673312926897,0.9781879194630873,,
2016-09-01,199552,MCD,buy,rebalance,2.0,91.379,2016-09-01,182.758,0.639653,-116.0,Consumer Cyclical,0.7185474955805167,0.9317673378076062,,
2016-09-01,197694,ELS,buy,rebalance,6.0,30.355,2016-09-01,182.13,0.637455,-118.5,Real Estate,0.7087854731911889,0.9423937360178971,,
2016-09-01,194082,PSA,buy,rebalance,1.0,151.567,2016-09-01,151.567,0.5304845,-128.5,Real Estate,0.694400228992053,0.9538590604026845,,
2016-09-01,198724,TTC,buy,rebalance,4.0,42.146,2016-09-01,168.584,0.590044,-145.5,Industrials,0.7032160516138456,0.9320469798657718,,
2016-09-01,197300,LMT,buy,rebalance,1.0,188.152,2016-09-01,188.152,0.658532,-146.0,Industrials,0.7251053329786876,0.9074384787472036,,
2016-09-01,198546,JKHY,buy,rebalance,2.0,78.153,2016-09-01,156.306,0.5470710000000001,-146.5,Technology,0.7146289117816796,0.9177852348993288,,
2016-10-03,196676,GTY,buy,rebalance,9.0,13.975,2016-10-03,125.77499999999999,0.4402125,-91.5,Real Estate,0.7191599945894683,0.9493882091212458,,
2016-10-03,199603,WR1,buy,rebalance,2.0,53.851,2016-10-03,107.702,0.376957,-106.5,Utilities,0.7136860553648925,0.9446607341490545,,
2016-10-03,196052,NI,buy,rebalance,7.0,17.198,2016-10-03,120.386,0.421351,-122.0,Utilities,0.7058777939020301,0.942992213570634,,
2016-10-03,198539,DRE,buy,rebalance,5.0,22.273,2016-10-03,111.365,0.3897775,-127.5,Real Estate,0.7110552497120631,0.935761957730812,,
2016-10-03,196745,INGR,buy,rebalance,1.0,103.377,2016-10-03,103.377,0.3618195,-145.5,Consumer Defensive,0.6867351317045549,0.9538375973303671,,
2016-10-03,196731,DMC,buy,rebalance,2.0,48.588,2016-10-03,97.176,0.34011600000000003,-188.0,Consumer Defensive,0.6855859613287714,0.9310344827586207,,
2016-10-03,198546,JKHY,buy,rebalance,1.0,75.91,2016-10-03,75.91,0.265685,-192.0,Technology,0.7225871860253334,0.8851501668520578,,
2016-10-03,196637,WCN,buy,rebalance,2.0,45.959,2016-10-03,91.918,0.321713,-219.0,Industrials,0.6593644223387997,0.949944382647386,,
2016-10-03,199242,VAL1,buy,rebalance,1.0,104.855,2016-10-03,104.855,0.3669925,-225.0,Basic Materials,0.6843119209492994,0.9115684093437152,,
2016-11-01,198649,STR1,sell,delisted,177.0,25.06,2016-09-16,4435.62,15.52467,,,,,1558.973376,2861.121954
2016-11-01,196676,GTY,buy,rebalance,43.0,13.192,2016-11-01,567.256,1.985396,-89.0,Real Estate,0.7191599945894683,0.9493882091212458,,
2016-11-01,199603,WR1,buy,rebalance,10.0,54.164,2016-11-01,541.64,1.89574,-104.0,Utilities,0.7136860553648925,0.9446607341490545,,
2016-11-01,196052,NI,buy,rebalance,35.0,16.385,2016-11-01,573.475,2.0071625,-119.5,Utilities,0.7058777939020302,0.942992213570634,,
2016-11-01,198539,DRE,buy,rebalance,27.0,21.078,2016-11-01,569.106,1.991871,-125.0,Real Estate,0.7110552497120631,0.935761957730812,,
2016-11-01,196745,INGR,buy,rebalance,5.0,101.286,2016-11-01,506.43,1.772505,-142.5,Consumer Defensive,0.6867351317045549,0.9538375973303671,,
2016-11-01,196736,RTN,buy,rebalance,4.0,126.985,2016-11-01,507.94,1.77779,-164.0,Industrials,0.7215793962404935,0.9021134593993326,,
2016-11-01,196731,DMC,buy,rebalance,10.0,52.929,2016-11-01,529.29,1.852515,-185.0,Consumer Defensive,0.6855859613287714,0.9310344827586207,,
2016-11-01,198546,JKHY,buy,rebalance,8.0,71.59,2016-11-01,572.72,2.0045200000000003,-189.0,Technology,0.7225871860253334,0.8851501668520578,,
2016-11-01,196637,WCN,buy,rebalance,12.0,46.206,2016-11-01,554.472,1.940652,-216.0,Industrials,0.6593644223387998,0.949944382647386,,
2016-11-01,199242,VAL1,buy,rebalance,5.0,98.51,2016-11-01,492.55,1.7239250000000002,-221.5,Basic Materials,0.6843119209492994,0.9115684093437152,,
2016-12-01,199423,PNY,sell,delisted,16.0,60.02,2016-10-03,960.32,3.36112,,,,,323.281539,633.6773410000001
2016-12-01,196676,GTY,buy,rebalance,16.0,13.969,2016-12-01,223.504,0.782264,-88.0,Real Estate,0.7191599945894683,0.9493882091212458,,
2016-12-01,199603,WR1,buy,rebalance,4.0,53.879,2016-12-01,215.516,0.754306,-102.5,Utilities,0.7136860553648924,0.9446607341490545,,
2016-12-01,196052,NI,buy,rebalance,14.0,15.923,2016-12-01,222.922,0.780227,-118.0,Utilities,0.7058777939020301,0.942992213570634,,
2016-12-01,198539,DRE,buy,rebalance,10.0,21.054,2016-12-01,210.54,0.7368899999999999,-123.5,Real Estate,0.7110552497120631,0.935761957730812,,
2016-12-01,196745,INGR,buy,rebalance,2.0,90.595,2016-12-01,181.19,0.634165,-141.5,Consumer Defensive,0.6867351317045549,0.9538375973303671,,
2016-12-01,196736,RTN,buy,rebalance,1.0,140.296,2016-12-01,140.296,0.491036,-162.0,Industrials,0.7215793962404935,0.9021134593993326,,
2016-12-01,196731,DMC,buy,rebalance,4.0,47.073,2016-12-01,188.292,0.659022,-183.0,Consumer Defensive,0.6855859613287714,0.9310344827586207,,
2016-12-01,198546,JKHY,buy,rebalance,3.0,75.42,2016-12-01,226.26,0.79191,-187.0,Technology,0.7225871860253334,0.8851501668520578,,
2016-12-01,196637,WCN,buy,rebalance,4.0,47.081,2016-12-01,188.324,0.6591340000000001,-213.5,Industrials,0.6593644223387998,0.949944382647386,,
2016-12-01,199242,VAL1,buy,rebalance,2.0,101.211,2016-12-01,202.422,0.708477,-219.5,Basic Materials,0.6843119209492994,0.9115684093437152,,
2017-01-03,197501,ADC,buy,rebalance,4.0,31.355,2017-01-03,125.42,0.43897,-157.0,Real Estate,0.6920974067297673,0.9340258281864121,,
2017-01-03,199603,WR1,buy,rebalance,2.0,53.713,2017-01-03,107.426,0.375991,-180.0,Utilities,0.7305621595923695,0.8854576080853453,,
2017-01-03,196676,GTY,buy,rebalance,8.0,15.32,2017-01-03,122.56,0.42896,-184.0,Real Estate,0.7108870950776037,0.8950028074115666,,
2017-01-03,198579,ABM,buy,rebalance,3.0,33.615,2017-01-03,100.845,0.3529575,-215.0,Industrials,0.6823857706620687,0.9152161706906232,,
2017-01-03,192289,XYL,buy,rebalance,2.0,44.221,2017-01-03,88.442,0.30954699999999996,-221.5,Industrials,0.6894851249622539,0.89921392476137,,
2017-01-03,199695,GK2,buy,rebalance,1.0,96.032,2017-01-03,96.032,0.336112,-236.5,Consumer Cyclical,0.6884204237111581,0.8924761370016845,,
2017-01-03,197467,SSD,buy,rebalance,3.0,40.326,2017-01-03,120.97800000000001,0.42342300000000005,-260.5,Basic Materials,0.6889020136028093,0.8756316676024706,,
2017-01-03,193849,AWK,buy,rebalance,2.0,59.572,2017-01-03,119.144,0.41700400000000004,-266.0,Utilities,0.7057417949854196,0.8453116226838855,,
2017-01-03,192976,SPB1,buy,rebalance,1.0,118.046,2017-01-03,118.046,0.41316100000000006,-280.0,Consumer Defensive,0.6686517482228281,0.9014598540145985,,
2017-02-01,197501,ADC,buy,rebalance,4.0,31.423,2017-02-01,125.692,0.439922,-155.5,Real Estate,0.6920974067297672,0.9340258281864121,,
2017-02-01,199603,WR1,buy,rebalance,2.0,52.289,2017-02-01,104.578,0.36602300000000004,-177.5,Utilities,0.7305621595923695,0.8854576080853453,,
2017-02-01,196676,GTY,buy,rebalance,8.0,15.26,2017-02-01,122.08,0.42728,-181.5,Real Estate,0.7108870950776037,0.8950028074115666,,
2017-02-01,198579,ABM,buy,rebalance,3.0,33.071,2017-02-01,99.213,0.3472455,-212.5,Industrials,0.6823857706620687,0.9152161706906232,,
2017-02-01,192289,XYL,buy,rebalance,2.0,43.776,2017-02-01,87.552,0.30643200000000004,-219.0,Industrials,0.6894851249622541,0.89921392476137,,
2017-02-01,199695,GK2,buy,rebalance,1.0,94.399,2017-02-01,94.399,0.33039650000000004,-234.0,Consumer Cyclical,0.6884204237111581,0.8924761370016845,,
2017-02-01,197467,SSD,buy,rebalance,3.0,39.511,2017-02-01,118.53300000000002,0.41486550000000005,-258.0,Basic Materials,0.6889020136028093,0.8756316676024706,,
2017-02-01,193849,AWK,buy,rebalance,2.0,59.201,2017-02-01,118.402,0.414407,-263.5,Utilities,0.7057417949854196,0.8453116226838855,,
2017-03-01,193204,CLNY1,sell,delisted,18.0,21.52,2017-01-10,387.36,1.35576,,,,,331.028559,54.975681000000066
2017-03-01,199178,STJ,sell,delisted,5.0,80.82,2017-01-04,404.09999999999997,1.41435,,,,,319.620771,83.06487899999996
2017-03-01,197501,ADC,buy,rebalance,6.0,33.343,2017-03-01,200.05800000000002,0.7002030000000001,-155.0,Real Estate,0.6920974067297673,0.9340258281864121,,
2017-03-01,199603,WR1,buy,rebalance,4.0,52.145,2017-03-01,208.58,0.7300300000000001,-176.5,Utilities,0.7305621595923695,0.8854576080853453,,
2017-03-01,196676,GTY,buy,rebalance,13.0,15.689,2017-03-01,203.957,0.7138495,-180.5,Real Estate,0.7108870950776037,0.8950028074115666,,
2017-03-01,198579,ABM,buy,rebalance,6.0,33.903,2017-03-01,203.418,0.711963,-211.5,Industrials,0.6823857706620687,0.9152161706906232,,
2017-03-01,192289,XYL,buy,rebalance,4.0,44.299,2017-03-01,177.196,0.620186,-218.0,Industrials,0.6894851249622541,0.89921392476137,,
2017-03-01,199695,GK2,buy,rebalance,2.0,94.65,2017-03-01,189.3,0.6625500000000001,-233.0,Consumer Cyclical,0.6884204237111581,0.8924761370016845,,
2017-03-01,197467,SSD,buy,rebalance,5.0,39.846,2017-03-01,199.23,0.697305,-257.0,Basic Materials,0.6889020136028093,0.8756316676024706,,
2017-03-01,199154,CTWS,buy,rebalance,3.0,55.1,2017-03-01,165.3,0.57855,-262.0,Utilities,0.6734020804156817,0.9003368893879843,,
2017-03-01,195164,DPZ,buy,rebalance,1.0,167.753,2017-03-01,167.753,0.5871354999999999,-268.0,Consumer Cyclical,0.6659279562831769,0.9110050533408197,,
2017-03-01,192976,SPB1,buy,rebalance,1.0,134.808,2017-03-01,134.808,0.47182799999999997,-275.5,Consumer Defensive,0.6686517482228281,0.9014598540145985,,
2017-04-03,193867,CIM,buy,rebalance,6.0,20.71,2017-04-03,124.26,0.43491,-272.0,Real Estate,0.6957263872874168,0.8564946114577425,,
2017-04-03,197999,ESE,buy,rebalance,2.0,55.244,2017-04-03,110.488,0.386708,-277.5,Technology,0.6834886015864468,0.8746454906409529,,
2017-04-03,198646,UMH,buy,rebalance,14.0,9.454,2017-04-03,132.356,0.463246,-342.0,Real Estate,0.6752389497590533,0.8468519568916619,,
2017-04-03,198209,TTEK,buy,rebalance,17.0,7.532,2017-04-03,128.044,0.44815400000000005,-349.0,Industrials,0.6554449720894643,0.8803176403857061,,
2017-04-03,198757,THO,buy,rebalance,1.0,78.239,2017-04-03,78.239,0.27383650000000004,-373.5,Consumer Cyclical,0.6292453023584624,0.9194554736245036,,
2017-04-03,197640,CPRT,buy,rebalance,17.0,7.6,2017-04-03,129.2,0.4522,-383.5,Industrials,0.6839022980393984,0.8099829835507657,,
2017-04-03,196110,CPLA,buy,rebalance,1.0,80.878,2017-04-03,80.878,0.283073,-393.5,Consumer Defensive,0.6195370064623863,0.9245604083947816,,
2017-04-03,197638,PZZA,buy,rebalance,2.0,64.855,2017-04-03,129.71,0.453985,-403.0,Consumer Cyclical,0.6328828380703637,0.893930799773114,,
2017-04-03,199400,KWR,buy,rebalance,1.0,116.675,2017-04-03,116.675,0.4083625,-432.5,Basic Materials,0.6438006539435954,0.8533749290981282,,
2017-04-03,197297,MASI,buy,rebalance,1.0,93.15,2017-04-03,93.15,0.326025,-434.5,Healthcare,0.6165297695001737,0.9041406693136699,,
2017-05-01,199827,CSC,sell,delisted,17.0,69.01,2017-03-31,1173.17,4.106095000000001,,,,,351.811044,817.2528609999999
2017-05-01,199695,GK2,sell,delisted,4.0,97.49,2017-03-21,389.96,1.36486,,,,,381.0600585,7.535081499999933
2017-05-01,193867,CIM,buy,rebalance,13.0,21.018,2017-05-01,273.23400000000004,0.9563190000000001,-268.5,Real Estate,0.6957263872874168,0.8564946114577425,,
2017-05-01,197999,ESE,buy,rebalance,4.0,57.421,2017-05-01,229.684,0.803894,-274.5,Technology,0.6834886015864468,0.8746454906409529,,
2017-05-01,198646,UMH,buy,rebalance,27.0,10.179,2017-05-01,274.833,0.9619155000000001,-338.5,Real Estate,0.6752389497590533,0.8468519568916619,,
2017-05-01,198209,TTEK,buy,rebalance,32.0,8.41,2017-05-01,269.12,0.9419200000000001,-345.5,Industrials,0.6554449720894643,0.8803176403857061,,
2017-05-01,198757,THO,buy,rebalance,3.0,79.705,2017-05-01,239.115,0.8369025000000001,-370.0,Consumer Cyclical,0.6292453023584624,0.9194554736245036,,
2017-05-01,197640,CPRT,buy,rebalance,35.0,7.66,2017-05-01,268.1,0.9383500000000001,-379.0,Industrials,0.6839022980393983,0.8099829835507657,,
2017-05-01,196110,CPLA,buy,rebalance,2.0,93.058,2017-05-01,186.116,0.651406,-389.5,Consumer Defensive,0.6195370064623862,0.9245604083947816,,
2017-05-01,197638,PZZA,buy,rebalance,4.0,63.633,2017-05-01,254.532,0.890862,-399.5,Consumer Cyclical,0.6328828380703637,0.893930799773114,,
2017-05-01,199400,KWR,buy,rebalance,2.0,131.893,2017-05-01,263.786,0.923251,-428.5,Basic Materials,0.6438006539435954,0.8533749290981282,,
2017-05-01,197297,MASI,buy,rebalance,2.0,104.46,2017-05-01,208.92,0.73122,-430.5,Healthcare,0.6165297695001737,0.9041406693136699,,
2017-06-01,197083,ETP1,sell,delisted,43.0,35.93,2017-04-27,1544.99,5.407465,,,,,1446.5623094999999,93.02022550000015
2017-06-01,193867,CIM,buy,rebalance,14.0,19.261,2017-06-01,269.654,0.943789,-264.0,Real Estate,0.6957263872874168,0.8564946114577425,,
2017-06-01,197999,ESE,buy,rebalance,4.0,56.55,2017-06-01,226.2,0.7917,-270.0,Technology,0.6834886015864469,0.8746454906409529,,
2017-06-01,198646,UMH,buy,rebalance,26.0,10.767,2017-06-01,279.942,0.979797,-334.0,Real Estate,0.6752389497590532,0.8468519568916619,,
2017-06-01,198209,TTEK,buy,rebalance,32.0,8.719,2017-06-01,279.008,0.976528,-341.0,Industrials,0.6554449720894643,0.8803176403857061,,
2017-06-01,198757,THO,buy,rebalance,3.0,76.6,2017-06-01,229.79999999999998,0.8042999999999999,-366.0,Consumer Cyclical,0.6292453023584624,0.9194554736245036,,
2017-06-01,197640,CPRT,buy,rebalance,35.0,7.947,2017-06-01,278.145,0.9735075,-374.5,Industrials,0.6839022980393984,0.8099829835507657,,
2017-06-01,196110,CPLA,buy,rebalance,3.0,86.229,2017-06-01,258.687,0.9054045000000001,-387.0,Consumer Defensive,0.6195370064623862,0.9245604083947816,,
2017-06-01,197638,PZZA,buy,rebalance,4.0,66.474,2017-06-01,265.896,0.930636,-395.0,Consumer Cyclical,0.6328828380703637,0.893930799773114,,
2017-06-01,199400,KWR,buy,rebalance,2.0,129.446,2017-06-01,258.892,0.906122,-424.0,Basic Materials,0.6438006539435953,0.8533749290981282,,
2017-06-01,197297,MASI,buy,rebalance,3.0,88.4,2017-06-01,265.20000000000005,0.9282000000000001,-426.5,Healthcare,0.6165297695001738,0.9041406693136699,,
2017-07-03,199242,VAL1,sell,delisted,8.0,112.99,2017-05-31,903.92,3.16372,,,,,802.6263945000001,98.12988549999989
2017-07-03,199059,AAPL,buy,rebalance,6.0,33.261,2017-07-03,199.56600000000003,0.6984810000000001,-283.0,Technology,0.6851509710205894,0.8709215798511735,,
2017-07-03,197845,SNPS,buy,rebalance,2.0,72.12,2017-07-03,144.24,0.5048400000000001,-292.5,Technology,0.7027142855089082,0.8391528334287349,,
2017-07-03,199385,ROL,buy,rebalance,13.0,15.92,2017-07-03,206.96,0.72436,-295.0,Consumer Cyclical,0.7081489879612985,0.8308528906697196,,
2017-07-03,199181,LHX,buy,rebalance,2.0,92.695,2017-07-03,185.39,0.6488649999999999,-302.5,Industrials,0.7054049777105582,0.8279908414424728,,
2017-07-03,199767,WEN,buy,rebalance,18.0,11.287,2017-07-03,203.16600000000003,0.7110810000000001,-321.0,Consumer Cyclical,0.6431540880560318,0.9212936462507155,,
2017-07-03,198646,UMH,buy,rebalance,19.0,10.925,2017-07-03,207.57500000000002,0.7265125000000001,-325.5,Real Estate,0.6553345033809147,0.8995420721236406,,
2017-07-03,198724,TTC,buy,rebalance,3.0,61.155,2017-07-03,183.465,0.6421275000000001,-332.0,Industrials,0.6977592722785804,0.8231253577561534,,
2017-07-03,192477,MITT,buy,rebalance,9.0,22.454,2017-07-03,202.086,0.7073010000000001,-336.0,Real Estate,0.6703631222328187,0.863480251860332,,
2017-07-03,191635,PF,buy,rebalance,3.0,58.584,2017-07-03,175.752,0.615132,-351.5,Consumer Defensive,0.7043867122727068,0.8005151688609045,,
2017-07-03,197942,IDXX,buy,rebalance,1.0,159.32,2017-07-03,159.32,0.55762,-376.0,Healthcare,0.6228430393187193,0.9247281053234115,,
2017-08-01,197597,OKS,sell,delisted,74.0,51.07,2017-06-30,3779.18,13.227129999999999,,,,,1690.405785,2075.5470849999997
2017-08-01,199059,AAPL,buy,rebalance,14.0,34.779,2017-08-01,486.90600000000006,1.7041710000000003,-282.5,Technology,0.6851509710205894,0.8709215798511735,,
2017-08-01,197845,SNPS,buy,rebalance,6.0,76.77,2017-08-01,460.62,1.61217,-291.5,Technology,0.7027142855089082,0.8391528334287349,,
2017-08-01,199385,ROL,buy,rebalance,28.0,17.177,2017-08-01,480.956,1.683346,-294.0,Consumer Cyclical,0.7081489879612985,0.8308528906697196,,
2017-08-01,199181,LHX,buy,rebalance,5.0,97.918,2017-08-01,489.59000000000003,1.7135650000000002,-301.5,Industrials,0.7054049777105581,0.8279908414424728,,
2017-08-01,199767,WEN,buy,rebalance,44.0,11.301,2017-08-01,497.244,1.7403540000000002,-320.0,Consumer Cyclical,0.6431540880560317,0.9212936462507155,,
2017-08-01,198646,UMH,buy,rebalance,47.0,10.42,2017-08-01,489.74,1.7140900000000001,-325.0,Real Estate,0.6553345033809146,0.8995420721236406,,
2017-08-01,198724,TTC,buy,rebalance,7.0,63.2,2017-08-01,442.40000000000003,1.5484000000000002,-331.0,Industrials,0.6977592722785805,0.8231253577561534,,
2017-08-01,192477,MITT,buy,rebalance,22.0,22.429,2017-08-01,493.438,1.727033,-335.0,Real Estate,0.6703631222328187,0.863480251860332,,
2017-08-01,191635,PF,buy,rebalance,8.0,57.581,2017-08-01,460.648,1.612268,-350.5,Consumer Defensive,0.7043867122727067,0.8005151688609045,,
2017-08-01,197942,IDXX,buy,rebalance,3.0,154.68,2017-08-01,464.04,1.6241400000000001,-375.0,Healthcare,0.6228430393187194,0.9247281053234115,,
2017-09-01,195259,RAI,sell,delisted,147.0,65.4,2017-07-24,9613.800000000001,33.648300000000006,,,,,1978.5547889999998,7601.596911000001
2017-09-01,198794,PNRA,sell,delisted,3.0,314.93,2017-07-17,944.79,3.306765,,,,,366.709005,574.77423
2017-09-01,199059,AAPL,buy,rebalance,30.0,38.178,2017-09-01,1145.34,4.00869,-278.5,Technology,0.6851509710205894,0.8709215798511735,,
2017-09-01,197845,SNPS,buy,rebalance,14.0,80.41,2017-09-01,1125.74,3.94009,-288.0,Technology,0.7027142855089082,0.8391528334287349,,
2017-09-01,199385,ROL,buy,rebalance,66.0,17.609,2017-09-01,1162.1940000000002,4.067679000000001,-290.5,Consumer Cyclical,0.7081489879612987,0.8308528906697196,,
2017-09-01,199181,LHX,buy,rebalance,11.0,104.088,2017-09-01,1144.9679999999998,4.007388,-298.0,Industrials,0.7054049777105581,0.8279908414424728,,
2017-09-01,199767,WEN,buy,rebalance,106.0,11.001,2017-09-01,1166.106,4.081371,-316.5,Consumer Cyclical,0.6431540880560317,0.9212936462507155,,
2017-09-01,198646,UMH,buy,rebalance,113.0,10.318,2017-09-01,1165.934,4.080769,-322.0,Real Estate,0.6553345033809146,0.8995420721236406,,
2017-09-01,198724,TTC,buy,rebalance,21.0,53.547,2017-09-01,1124.4869999999999,3.9357044999999995,-327.0,Industrials,0.6977592722785804,0.8231253577561534,,
2017-09-01,192477,MITT,buy,rebalance,49.0,23.508,2017-09-01,1151.892,4.0316220000000005,-331.0,Real Estate,0.6703631222328187,0.863480251860332,,
2017-09-01,191635,PF,buy,rebalance,19.0,58.924,2017-09-01,1119.556,3.9184460000000003,-346.0,Consumer Defensive,0.7043867122727068,0.8005151688609045,,
2017-09-01,197942,IDXX,buy,rebalance,7.0,154.98,2017-09-01,1084.86,3.7970099999999998,-371.0,Healthcare,0.6228430393187193,0.9247281053234115,,
2017-10-02,195318,NSR1,sell,delisted,24.0,33.5,2017-08-07,804.0,2.814,,,,,849.071385,-47.88538499999993
2017-10-02,198724,TTC,buy,rebalance,3.0,54.173,2017-10-02,162.519,0.5688165000000001,-241.0,Industrials,0.692596793650467,0.8886010362694301,,
2017-10-02,199385,ROL,buy,rebalance,11.0,18.117,2017-10-02,199.287,0.6975045000000001,-274.5,Consumer Cyclical,0.6903188203549562,0.8730569948186528,,
2017-10-02,196728,ANH,buy,rebalance,50.0,4.131,2017-10-02,206.55,0.722925,-300.0,Real Estate,0.6967218571046773,0.8514680483592401,,
2017-10-02,197289,DRI,buy,rebalance,3.0,61.294,2017-10-02,183.882,0.643587,-306.5,Consumer Cyclical,0.6766955872482148,0.8721934369602763,,
2017-10-02,197306,NATI,buy,rebalance,5.0,36.792,2017-10-02,183.96,0.64386,-314.5,Technology,0.6787725591286587,0.8658606793321819,,
2017-10-02,196121,WGL,buy,rebalance,2.0,82.923,2017-10-02,165.846,0.580461,-331.5,Utilities,0.7015185404205516,0.8244099021301093,,
2017-10-02,193524,LOPE,buy,rebalance,2.0,92.46,2017-10-02,184.92,0.64722,-340.0,Consumer Defensive,0.6229129336554788,0.948762233736327,,
2017-10-02,198901,COO,buy,rebalance,3.0,60.072,2017-10-02,180.216,0.6307560000000001,-344.0,Healthcare,0.6881367111764862,0.8341968911917098,,
2017-11-01,198724,TTC,buy,rebalance,2.0,55.564,2017-11-01,111.128,0.388948,-237.5,Industrials,0.692596793650467,0.8886010362694301,,
2017-11-01,199385,ROL,buy,rebalance,9.0,17.316,2017-11-01,155.844,0.545454,-270.5,Consumer Cyclical,0.6903188203549562,0.8730569948186528,,
2017-11-01,196728,ANH,buy,rebalance,42.0,3.831,2017-11-01,160.902,0.563157,-295.0,Real Estate,0.6967218571046773,0.8514680483592401,,
2017-11-01,197289,DRI,buy,rebalance,2.0,64.042,2017-11-01,128.084,0.448294,-302.5,Consumer Cyclical,0.6766955872482148,0.8721934369602763,,
2017-11-01,197306,NATI,buy,rebalance,4.0,38.902,2017-11-01,155.608,0.544628,-310.0,Technology,0.6787725591286587,0.8658606793321819,,
2017-11-01,196121,WGL,buy,rebalance,1.0,84.677,2017-11-01,84.677,0.2963695,-326.5,Utilities,0.7015185404205516,0.8244099021301093,,
2017-11-01,193524,LOPE,buy,rebalance,1.0,85.69,2017-11-01,85.69,0.299915,-337.5,Consumer Defensive,0.6229129336554788,0.948762233736327,,
2017-11-01,198901,COO,buy,rebalance,2.0,58.427,2017-11-01,116.854,0.408989,-339.0,Healthcare,0.6881367111764862,0.8341968911917098,,
2017-12-01,198724,TTC,buy,rebalance,2.0,57.623,2017-12-01,115.246,0.40336099999999997,-236.5,Industrials,0.692596793650467,0.8886010362694301,,
2017-12-01,199385,ROL,buy,rebalance,8.0,18.594,2017-12-01,148.752,0.5206320000000001,-268.0,Consumer Cyclical,0.6903188203549562,0.8730569948186528,,
2017-12-01,196728,ANH,buy,rebalance,42.0,3.838,2017-12-01,161.196,0.564186,-291.5,Real Estate,0.6967218571046773,0.8514680483592401,,
2017-12-01,197289,DRI,buy,rebalance,2.0,66.351,2017-12-01,132.702,0.464457,-300.0,Consumer Cyclical,0.6766955872482148,0.8721934369602763,,
2017-12-01,197306,NATI,buy,rebalance,4.0,37.998,2017-12-01,151.992,0.531972,-307.5,Technology,0.6787725591286587,0.8658606793321819,,
2017-12-01,196121,WGL,buy,rebalance,1.0,83.975,2017-12-01,83.975,0.29391249999999997,-322.5,Utilities,0.7015185404205517,0.8244099021301093,,
2017-12-01,198901,COO,buy,rebalance,2.0,59.458,2017-12-01,118.916,0.416206,-335.0,Healthcare,0.6881367111764862,0.8341968911917098,,
2017-12-01,193524,LOPE,buy,rebalance,1.0,93.08,2017-12-01,93.08,0.32578,-335.5,Consumer Defensive,0.6229129336554788,0.948762233736327,,
2018-01-02,199385,ROL,buy,rebalance,8.0,18.574,2018-01-02,148.592,0.5200720000000001,-233.5,Consumer Cyclical,0.7097763104623677,0.8742411101474414,,
2018-01-02,195845,COL,buy,rebalance,1.0,134.557,2018-01-02,134.557,0.47094949999999997,-277.5,Industrials,0.6901177041347706,0.8753975137322926,,
2018-01-02,199849,CHDN,buy,rebalance,4.0,38.497,2018-01-02,153.988,0.538958,-285.0,Consumer Cyclical,0.7009918157137974,0.8542931483087598,,
2018-01-02,197076,ANSS,buy,rebalance,1.0,148.55,2018-01-02,148.55,0.5199250000000001,-293.0,Technology,0.6831608967427016,0.877421220005782,,
2018-01-02,196214,VVC,buy,rebalance,2.0,62.363,2018-01-02,124.726,0.436541,-306.5,Utilities,0.7282222299402026,0.8164209309048858,,
2018-01-02,196121,WGL,buy,rebalance,1.0,85.052,2018-01-02,85.052,0.297682,-313.0,Utilities,0.7132273566010252,0.8222029488291414,,
2018-01-02,199357,SHW,buy,rebalance,1.0,127.545,2018-01-02,127.545,0.4464075,-314.5,Basic Materials,0.677919641537331,0.8719283029777393,,
2018-02-01,199915,BCR,sell,delisted,3.0,331.24,2017-12-28,993.72,3.4780200000000003,,,,,185.69366100000002,804.548319
2018-02-01,198076,POT,sell,delisted,61.0,20.65,2017-12-29,1259.6499999999999,4.4087749999999994,,,,,431.1487575,824.0924674999998
2018-02-01,199900,BA,buy,rebalance,1.0,340.095,2018-02-01,340.095,1.1903325,-184.0,Industrials,0.692736211597862,0.9291702804278693,,
2018-02-01,199385,ROL,buy,rebalance,20.0,19.573,2018-02-01,391.46000000000004,1.3701100000000002,-231.0,Consumer Cyclical,0.7097763104623678,0.8742411101474414,,
2018-02-01,195845,COL,buy,rebalance,2.0,138.053,2018-02-01,276.106,0.966371,-275.0,Industrials,0.6901177041347706,0.8753975137322926,,
2018-02-01,199849,CHDN,buy,rebalance,9.0,42.006,2018-02-01,378.054,1.323189,-282.0,Consumer Cyclical,0.7009918157137974,0.8542931483087598,,
2018-02-01,197076,ANSS,buy,rebalance,2.0,163.4,2018-02-01,326.8,1.1438000000000001,-290.5,Technology,0.6831608967427016,0.877421220005782,,
2018-02-01,196214,VVC,buy,rebalance,6.0,58.712,2018-02-01,352.27200000000005,1.2329520000000003,-302.0,Utilities,0.7282222299402026,0.8164209309048858,,
2018-02-01,196121,WGL,buy,rebalance,4.0,84.048,2018-02-01,336.192,1.176672,-308.5,Utilities,0.7132273566010251,0.8222029488291414,,
2018-02-01,199296,TFX,buy,rebalance,1.0,264.099,2018-02-01,264.099,0.9243465,-312.0,Healthcare,0.6600616944880595,0.9051749060422087,,
2018-02-01,199357,SHW,buy,rebalance,3.0,127.061,2018-02-01,381.183,1.3341405,-312.0,Basic Materials,0.677919641537331,0.8719283029777393,,
2018-03-01,199385,ROL,buy,rebalance,9.0,19.749,2018-03-01,177.74099999999999,0.6220935,-230.5,Consumer Cyclical,0.7097763104623678,0.8742411101474414,,
2018-03-01,195845,COL,buy,rebalance,1.0,135.049,2018-03-01,135.049,0.4726715,-274.5,Industrials,0.6901177041347706,0.8753975137322926,,
2018-03-01,199849,CHDN,buy,rebalance,4.0,41.432,2018-03-01,165.728,0.580048,-281.5,Consumer Cyclical,0.7009918157137974,0.8542931483087598,,
2018-03-01,197076,ANSS,buy,rebalance,1.0,158.74,2018-03-01,158.74,0.55559,-290.0,Technology,0.6831608967427016,0.877421220005782,,
2018-03-01,196214,VVC,buy,rebalance,3.0,59.404,2018-03-01,178.21200000000002,0.6237420000000001,-300.5,Utilities,0.7282222299402026,0.8164209309048858,,
2018-03-01,196121,WGL,buy,rebalance,2.0,81.881,2018-03-01,163.762,0.573167,-307.0,Utilities,0.7132273566010252,0.8222029488291414,,
2018-03-01,199357,SHW,buy,rebalance,1.0,122.509,2018-03-01,122.509,0.42878150000000004,-311.5,Basic Materials,0.677919641537331,0.8719283029777393,,
2018-04-02,197192,EL,buy,rebalance,1.0,133.12,2018-04-02,133.12,0.46592,-215.0,Consumer Defensive,0.6870954976490167,0.9027939464493597,,
2018-04-02,192289,XYL,buy,rebalance,2.0,67.946,2018-04-02,135.892,0.475622,-221.5,Industrials,0.70743764684392,0.8725261932479628,,
2018-04-02,199849,CHDN,buy,rebalance,4.0,38.513,2018-04-02,154.052,0.5391819999999999,-259.5,Consumer Cyclical,0.6790638149276244,0.8859138533178114,,
2018-04-02,196885,ISRG,buy,rebalance,1.0,133.63,2018-04-02,133.63,0.467705,-284.5,Healthcare,0.6471407314607702,0.9257857974388825,,
2018-04-02,195805,MA,buy,rebalance,1.0,162.746,2018-04-02,162.746,0.5696110000000001,-295.0,Financial Services,0.6717615659518341,0.8760186263096624,,
2018-04-02,199233,WMT,buy,rebalance,7.0,25.078,2018-04-02,175.546,0.614411,-299.0,Consumer Defensive,0.7042522442494518,0.8311990686845169,,
2018-04-02,199238,VFC,buy,rebalance,3.0,53.765,2018-04-02,161.29500000000002,0.5645325000000001,-313.5,Consumer Cyclical,0.6605125861167809,0.8821303841676368,,
2018-04-02,196669,AMT,buy,rebalance,1.0,114.873,2018-04-02,114.873,0.4020555,-336.0,Real Estate,0.7143158779560964,0.7980209545983702,,
2018-05-01,197892,TNH,sell,delisted,4.0,83.96,2018-03-29,335.84,1.17544,,,,,388.6204275,-53.95586750000001
2018-05-01,197192,EL,buy,rebalance,1.0,130.65,2018-05-01,130.65,0.45727500000000004,-214.0,Consumer Defensive,0.6870954976490167,0.9027939464493597,,
2018-05-01,192289,XYL,buy,rebalance,3.0,63.667,2018-05-01,191.001,0.6685035,-220.0,Industrials,0.70743764684392,0.8725261932479628,,
2018-05-01,199849,CHDN,buy,rebalance,4.0,44.82,2018-05-01,179.28,0.62748,-258.0,Consumer Cyclical,0.6790638149276244,0.8859138533178114,,
2018-05-01,196885,ISRG,buy,rebalance,1.0,149.183,2018-05-01,149.183,0.5221405,-283.5,Healthcare,0.6471407314607702,0.9257857974388825,,
2018-05-01,195805,MA,buy,rebalance,1.0,171.202,2018-05-01,171.202,0.599207,-293.5,Financial Services,0.6717615659518341,0.8760186263096624,,
2018-05-01,199233,WMT,buy,rebalance,7.0,25.623,2018-05-01,179.36100000000002,0.6277635,-296.5,Consumer Defensive,0.7042522442494519,0.8311990686845169,,
2018-05-01,199238,VFC,buy,rebalance,3.0,59.155,2018-05-01,177.465,0.6211275,-312.0,Consumer Cyclical,0.6605125861167809,0.8821303841676368,,
2018-05-01,196669,AMT,buy,rebalance,1.0,108.49,2018-05-01,108.49,0.37971499999999997,-333.0,Real Estate,0.7143158779560964,0.7980209545983702,,
2018-06-01,197192,EL,buy,rebalance,1.0,134.115,2018-06-01,134.115,0.46940250000000006,-214.0,Consumer Defensive,0.6870954976490166,0.9027939464493597,,
2018-06-01,192289,XYL,buy,rebalance,2.0,65.187,2018-06-01,130.374,0.456309,-220.0,Industrials,0.7074376468439201,0.8725261932479628,,
2018-06-01,199849,CHDN,buy,rebalance,3.0,47.909,2018-06-01,143.727,0.5030445,-258.0,Consumer Cyclical,0.6790638149276244,0.8859138533178114,,
2018-06-01,196885,ISRG,buy,rebalance,1.0,159.75,2018-06-01,159.75,0.559125,-283.5,Healthcare,0.6471407314607702,0.9257857974388825,,
2018-06-01,199233,WMT,buy,rebalance,6.0,24.48,2018-06-01,146.88,0.51408,-296.5,Consumer Defensive,0.7042522442494519,0.8311990686845169,,
2018-06-01,199238,VFC,buy,rebalance,2.0,59.802,2018-06-01,119.604,0.418614,-312.0,Consumer Cyclical,0.6605125861167809,0.8821303841676368,,
2018-06-01,196669,AMT,buy,rebalance,1.0,111.236,2018-06-01,111.236,0.389326,-333.0,Real Estate,0.7143158779560965,0.7980209545983702,,
2018-07-02,194655,AHGP,sell,delisted,61.0,28.37,2018-05-31,1730.5700000000002,6.056995000000001,,,,,1657.7850104999998,66.72799450000048
2018-07-02,197192,EL,buy,rebalance,2.0,129.0,2018-07-02,258.0,0.903,-198.5,Consumer Defensive,0.6819453585849734,0.916715031921068,,
2018-07-02,197640,CPRT,buy,rebalance,24.0,14.21,2018-07-02,341.04,1.19364,-254.0,Industrials,0.6554654070368252,0.922228670922809,,
2018-07-02,199849,CHDN,buy,rebalance,7.0,47.181,2018-07-02,330.267,1.1559345,-254.5,Consumer Cyclical,0.6659845936245079,0.905977945443993,,
2018-07-02,199855,CHE,buy,rebalance,1.0,311.691,2018-07-02,311.691,1.0909185,-258.0,Healthcare,0.6736916183581437,0.8908879860708068,,
2018-07-02,198645,MGRC,buy,rebalance,6.0,53.551,2018-07-02,321.30600000000004,1.1245710000000002,-274.5,Industrials,0.637923925533964,0.9434126523505514,,
2018-07-02,199238,VFC,buy,rebalance,5.0,60.057,2018-07-02,300.285,1.0509975,-290.5,Consumer Cyclical,0.6753389901108079,0.867382472431805,,
2018-07-02,194210,BR,buy,rebalance,3.0,100.803,2018-07-02,302.409,1.0584315,-294.0,Technology,0.683440225485867,0.8557748113755078,,
2018-07-02,192106,PSX,buy,rebalance,4.0,80.418,2018-07-02,321.672,1.125852,-297.0,Energy,0.6761383046806947,0.8615786419036564,,
2018-07-02,197356,AZPN1,buy,rebalance,3.0,94.69,2018-07-02,284.07,0.994245,-329.0,Technology,0.6364658294803587,0.9106210098665118,,
2018-07-02,193889,MSCI,buy,rebalance,2.0,152.811,2018-07-02,305.622,1.069677,-331.5,Financial Services,0.6601464027620371,0.8676726639582124,,
2018-08-01,196101,TWX,sell,delisted,8.0,98.77,2018-06-15,790.16,2.76556,,,,,431.00525700000003,356.3891829999999
2018-08-01,198006,OA,sell,delisted,6.0,134.5,2018-06-06,807.0,2.8245,,,,,290.904615,513.2708850000001
2018-08-01,199603,WR1,sell,delisted,33.0,54.0,2018-06-04,1782.0,6.237,,,,,1763.2789515000002,12.484048499999744
2018-08-01,197192,EL,buy,rebalance,3.0,121.49,2018-08-01,364.46999999999997,1.275645,-196.5,Consumer Defensive,0.6819453585849735,0.916715031921068,,
2018-08-01,197640,CPRT,buy,rebalance,32.0,14.393,2018-08-01,460.576,1.6120160000000001,-252.5,Industrials,0.6554654070368251,0.922228670922809,,
2018-08-01,199849,CHDN,buy,rebalance,10.0,44.941,2018-08-01,449.41,1.5729350000000002,-252.5,Consumer Cyclical,0.6659845936245078,0.905977945443993,,
2018-08-01,199855,CHE,buy,rebalance,1.0,307.075,2018-08-01,307.075,1.0747625,-255.5,Healthcare,0.6736916183581437,0.8908879860708068,,
2018-08-01,198645,MGRC,buy,rebalance,9.0,48.86,2018-08-01,439.74,1.53909,-273.5,Industrials,0.637923925533964,0.9434126523505514,,
2018-08-01,199238,VFC,buy,rebalance,6.0,67.502,2018-08-01,405.01199999999994,1.4175419999999999,-288.0,Consumer Cyclical,0.6753389901108078,0.867382472431805,,
2018-08-01,194210,BR,buy,rebalance,4.0,97.889,2018-08-01,391.556,1.370446,-291.5,Technology,0.683440225485867,0.8557748113755078,,
2018-08-01,192106,PSX,buy,rebalance,5.0,89.433,2018-08-01,447.165,1.5650775000000001,-294.5,Energy,0.6761383046806946,0.8615786419036564,,
2018-08-01,197356,AZPN1,buy,rebalance,4.0,97.11,2018-08-01,388.44,1.35954,-327.0,Technology,0.6364658294803588,0.9106210098665118,,
2018-08-01,193889,MSCI,buy,rebalance,3.0,149.026,2018-08-01,447.07800000000003,1.5647730000000002,-329.0,Financial Services,0.6601464027620371,0.8676726639582124,,
2018-09-04,192976,SPB1,sell,delisted,2.0,82.95,2018-07-13,165.9,0.58065,,,,,253.738989,-88.41963899999999
2018-09-04,196110,CPLA,sell,delisted,6.0,104.0,2018-07-31,624.0,2.184,,,,,527.5208835000001,94.29511649999995
2018-09-04,196121,WGL,sell,delisted,11.0,88.74,2018-07-06,976.14,3.41649,,,,,922.722264,50.00124600000004
2018-09-04,197192,EL,buy,rebalance,2.0,125.192,2018-09-04,250.384,0.876344,-194.5,Consumer Defensive,0.6819453585849735,0.916715031921068,,
2018-09-04,197640,CPRT,buy,rebalance,20.0,16.225,2018-09-04,324.5,1.13575,-250.0,Industrials,0.6554654070368252,0.922228670922809,,
2018-09-04,199849,CHDN,buy,rebalance,7.0,45.289,2018-09-04,317.023,1.1095805,-250.5,Consumer Cyclical,0.6659845936245078,0.905977945443993,,
2018-09-04,199855,CHE,buy,rebalance,1.0,310.168,2018-09-04,310.168,1.085588,-253.0,Healthcare,0.6736916183581437,0.8908879860708068,,
2018-09-04,198645,MGRC,buy,rebalance,6.0,48.505,2018-09-04,291.03000000000003,1.0186050000000002,-272.0,Industrials,0.637923925533964,0.9434126523505514,,
2018-09-04,199238,VFC,buy,rebalance,4.0,67.931,2018-09-04,271.724,0.9510339999999999,-285.5,Consumer Cyclical,0.6753389901108079,0.867382472431805,,
2018-09-04,194210,BR,buy,rebalance,2.0,118.814,2018-09-04,237.628,0.8316979999999999,-289.0,Technology,0.683440225485867,0.8557748113755078,,
2018-09-04,192106,PSX,buy,rebalance,3.0,87.084,2018-09-04,261.252,0.914382,-292.0,Energy,0.6761383046806946,0.8615786419036564,,
2018-09-04,197356,AZPN1,buy,rebalance,2.0,116.0,2018-09-04,232.0,0.812,-324.5,Technology,0.6364658294803586,0.9106210098665118,,
2018-09-04,193889,MSCI,buy,rebalance,1.0,167.162,2018-09-04,167.162,0.585067,-326.5,Financial Services,0.6601464027620372,0.8676726639582124,,
2018-10-01,197640,CPRT,buy,rebalance,12.0,13.158,2018-10-01,157.896,0.552636,-279.5,Industrials,0.6532801763331018,0.9122093023255814,,
2018-10-01,199223,WDFC,buy,rebalance,1.0,150.835,2018-10-01,150.835,0.5279225000000001,-306.5,Basic Materials,0.6934408923830482,0.836046511627907,,
2018-10-01,193748,KDP,buy,rebalance,8.0,18.981,2018-10-01,151.848,0.531468,-320.5,Consumer Defensive,0.6880497549644562,0.8354651162790697,,
2018-10-01,198806,CTAS,buy,rebalance,3.0,45.495,2018-10-01,136.48499999999999,0.47769749999999994,-327.0,Industrials,0.6719461687588489,0.8511627906976744,,
2018-10-01,194984,TFCF,buy,rebalance,3.0,45.84,2018-10-01,137.52,0.48132,-344.5,Communication Services,0.6412767211673337,0.8944767441860465,,
2018-10-01,194210,BR,buy,rebalance,1.0,113.524,2018-10-01,113.524,0.397334,-350.5,Technology,0.6647228177097854,0.8465116279069768,,
2018-10-01,198528,EHC,buy,rebalance,2.0,57.694,2018-10-01,115.388,0.40385800000000005,-376.5,Healthcare,0.6454498348051112,0.8654069767441861,,
2018-10-01,199238,VFC,buy,rebalance,2.0,69.425,2018-10-01,138.85,0.485975,-378.0,Consumer Cyclical,0.6734130074597403,0.8168604651162791,,
2018-11-01,197640,CPRT,buy,rebalance,12.0,12.54,2018-11-01,150.48,0.5266799999999999,-278.0,Industrials,0.6532801763331018,0.9122093023255814,,
2018-11-01,199223,WDFC,buy,rebalance,1.0,146.864,2018-11-01,146.864,0.514024,-302.5,Basic Materials,0.6934408923830481,0.836046511627907,,
2018-11-01,193748,KDP,buy,rebalance,7.0,21.937,2018-11-01,153.559,0.5374565,-316.5,Consumer Defensive,0.6880497549644562,0.8354651162790697,,
2018-11-01,198806,CTAS,buy,rebalance,3.0,41.532,2018-11-01,124.59599999999999,0.436086,-323.0,Industrials,0.6719461687588488,0.8511627906976744,,
2018-11-01,194984,TFCF,buy,rebalance,3.0,46.2,2018-11-01,138.60000000000002,0.4851000000000001,-342.0,Communication Services,0.6412767211673337,0.8944767441860465,,
2018-11-01,194210,BR,buy,rebalance,1.0,101.864,2018-11-01,101.864,0.356524,-346.5,Technology,0.6647228177097855,0.8465116279069768,,
2018-11-01,198528,EHC,buy,rebalance,3.0,49.8,2018-11-01,149.39999999999998,0.5228999999999999,-373.0,Healthcare,0.6454498348051112,0.8654069767441861,,
2018-11-01,199238,VFC,buy,rebalance,2.0,63.257,2018-11-01,126.514,0.442799,-373.5,Consumer Cyclical,0.6734130074597403,0.8168604651162791,,
2018-11-01,199307,SYY,buy,rebalance,2.0,58.472,2018-11-01,116.944,0.409304,-379.5,Consumer Defensive,0.6976408730203504,0.7825581395348837,,
2018-12-03,197821,PX1,sell,delisted,3.0,164.5,2018-10-30,493.5,1.72725,,,,,200.08284749999999,291.6899025
2018-12-03,195711,ETP,sell,delisted,220.0,21.47,2018-10-18,4723.4,16.5319,,,,,2401.9474949999994,2304.9206050000003
2018-12-03,196831,SYNT,sell,delisted,5.0,40.99,2018-10-09,204.95000000000002,0.7173250000000001,,,,,144.67459499999998,59.55808000000005
2018-12-03,191635,PF,sell,delisted,30.0,66.66,2018-10-25,1999.8,6.9993,,,,,1762.101846,230.69885399999998
2018-12-03,197640,CPRT,buy,rebalance,68.0,12.685,2018-12-03,862.58,3.0190300000000003,-275.0,Industrials,0.6532801763331018,0.9122093023255814,,
2018-12-03,199223,WDFC,buy,rebalance,5.0,156.504,2018-12-03,782.52,2.73882,-300.0,Basic Materials,0.6934408923830481,0.836046511627907,,
2018-12-03,193748,KDP,buy,rebalance,40.0,21.797,2018-12-03,871.88,3.05158,-314.0,Consumer Defensive,0.6880497549644562,0.8354651162790697,,
2018-12-03,199855,CHE,buy,rebalance,2.0,307.651,2018-12-03,615.302,2.153557,-315.0,Healthcare,0.671178772524654,0.8552325581395349,,
2018-12-03,198806,CTAS,buy,rebalance,19.0,44.0,2018-12-03,836.0,2.926,-320.0,Industrials,0.6719461687588489,0.8511627906976744,,
2018-12-03,194984,TFCF,buy,rebalance,17.0,49.39,2018-12-03,839.63,2.938705,-339.0,Communication Services,0.6412767211673337,0.8944767441860465,,
2018-12-03,194210,BR,buy,rebalance,9.0,91.338,2018-12-03,822.0419999999999,2.877147,-343.5,Technology,0.6647228177097855,0.8465116279069768,,
2018-12-03,198528,EHC,buy,rebalance,15.0,54.754,2018-12-03,821.31,2.8745849999999997,-370.0,Healthcare,0.6454498348051112,0.8654069767441861,,
2018-12-03,199238,VFC,buy,rebalance,14.0,61.704,2018-12-03,863.856,3.023496,-370.5,Consumer Cyclical,0.6734130074597403,0.8168604651162791,,
2018-12-03,199307,SYY,buy,rebalance,15.0,54.603,2018-12-03,819.0450000000001,2.8666575000000005,-375.5,Consumer Defensive,0.6976408730203503,0.7825581395348837,,
2019-01-02,195845,COL,sell,delisted,13.0,141.04,2018-11-26,1833.52,6.41732,,,,,899.7631875000001,927.3394924999999
2019-01-02,199147,EGN,sell,delisted,15.0,72.12,2018-11-29,1081.8000000000002,3.7863000000000007,,,,,585.9265905,492.0871095000002
2019-01-02,199196,TJX,buy,rebalance,11.0,40.266,2019-01-02,442.926,1.550241,-214.0,Consumer Cyclical,0.7145683896872359,0.8829663962920047,,
2019-01-02,197267,CBZ,buy,rebalance,22.0,19.87,2019-01-02,437.14000000000004,1.5299900000000002,-250.5,Industrials,0.6890005210638986,0.8899188876013905,,
2019-01-02,197247,POOL,buy,rebalance,3.0,132.254,2019-01-02,396.76199999999994,1.3886669999999999,-255.0,Industrials,0.6962094731387601,0.8780417149478563,,
2019-01-02,197804,USPH,buy,rebalance,4.0,90.395,2019-01-02,361.58,1.26553,-257.0,Healthcare,0.6480921585024827,0.9504634994206257,,
2019-01-02,198528,EHC,buy,rebalance,9.0,45.234,2019-01-02,407.106,1.424871,-279.5,Healthcare,0.6738888444689161,0.8913673232908459,,
2019-01-02,194984,TFCF,buy,rebalance,9.0,47.47,2019-01-02,427.23,1.495305,-295.0,Communication Services,0.6583307474748297,0.9075898030127463,,
2019-01-02,199553,MKC,buy,rebalance,7.0,58.34,2019-01-02,408.38,1.42933,-295.0,Consumer Defensive,0.7098089583096567,0.839513325608343,,
2019-01-02,193889,MSCI,buy,rebalance,3.0,135.306,2019-01-02,405.918,1.4207130000000001,-324.0,Financial Services,0.6732916453416518,0.8647161066048668,,
2019-01-02,194053,OPLN,buy,rebalance,25.0,17.57,2019-01-02,439.25,1.537375,-327.0,Consumer Cyclical,0.7200401953601167,0.8064889918887601,,
2019-01-02,199223,WDFC,buy,rebalance,2.0,158.129,2019-01-02,316.258,1.106903,-354.5,Basic Materials,0.681517573125025,0.8360370799536501,,
2019-02-01,199711,FCE.A,sell,delisted,10.0,25.34,2018-12-07,253.4,0.8869,,,,,357.32628,-104.81317999999999
2019-02-01,192161,ESRX,sell,delisted,18.0,92.33,2018-12-20,1661.94,5.81679,,,,,351.5511375,1304.5720725
2019-02-01,124686,SEP,sell,delisted,19.0,35.4,2018-12-14,672.6,2.3541000000000003,,,,,411.220251,259.025649
2019-02-01,199196,TJX,buy,rebalance,9.0,44.089,2019-02-01,396.801,1.3888035,-213.0,Consumer Cyclical,0.7145683896872359,0.8829663962920047,,
2019-02-01,197267,CBZ,buy,rebalance,20.0,19.53,2019-02-01,390.6,1.3671000000000002,-248.5,Industrials,0.6890005210638986,0.8899188876013905,,
2019-02-01,197247,POOL,buy,rebalance,2.0,137.439,2019-02-01,274.878,0.962073,-252.5,Industrials,0.6962094731387601,0.8780417149478563,,
2019-02-01,197804,USPH,buy,rebalance,4.0,93.983,2019-02-01,375.932,1.315762,-254.5,Healthcare,0.6480921585024828,0.9504634994206257,,
2019-02-01,198528,EHC,buy,rebalance,8.0,49.479,2019-02-01,395.832,1.385412,-277.0,Healthcare,0.6738888444689161,0.8913673232908459,,
2019-02-01,194984,TFCF,buy,rebalance,8.0,49.1,2019-02-01,392.8,1.3748,-292.5,Communication Services,0.6583307474748297,0.9075898030127463,,
2019-02-01,199553,MKC,buy,rebalance,7.0,52.937,2019-02-01,370.55899999999997,1.2969564999999998,-292.5,Consumer Defensive,0.7098089583096567,0.839513325608343,,
2019-02-01,193889,MSCI,buy,rebalance,2.0,159.164,2019-02-01,318.328,1.114148,-321.0,Financial Services,0.6732916453416518,0.8647161066048668,,
2019-02-01,194053,OPLN,buy,rebalance,20.0,19.627,2019-02-01,392.53999999999996,1.3738899999999998,-325.0,Consumer Cyclical,0.7200401953601167,0.8064889918887601,,
2019-02-01,199223,WDFC,buy,rebalance,2.0,160.596,2019-02-01,321.192,1.124172,-351.5,Basic Materials,0.681517573125025,0.8360370799536501,,
2019-03-01,199196,TJX,buy,rebalance,2.0,47.085,2019-03-01,94.17,0.329595,-212.5,Consumer Cyclical,0.7145683896872359,0.8829663962920047,,
2019-03-01,197267,CBZ,buy,rebalance,6.0,20.91,2019-03-01,125.46000000000001,0.43911000000000006,-248.0,Industrials,0.6890005210638986,0.8899188876013905,,
2019-03-01,197804,USPH,buy,rebalance,1.0,98.341,2019-03-01,98.341,0.3441935,-254.0,Healthcare,0.6480921585024827,0.9504634994206257,,
2019-03-01,198528,EHC,buy,rebalance,2.0,47.079,2019-03-01,94.158,0.329553,-276.0,Healthcare,0.6738888444689161,0.8913673232908459,,
2019-03-01,194984,TFCF,buy,rebalance,2.0,50.31,2019-03-01,100.62,0.35217000000000004,-292.0,Communication Services,0.6583307474748297,0.9075898030127463,,
2019-03-01,199553,MKC,buy,rebalance,2.0,58.809,2019-03-01,117.618,0.411663,-292.0,Consumer Defensive,0.7098089583096567,0.839513325608343,,
2019-03-01,194053,OPLN,buy,rebalance,7.0,17.949,2019-03-01,125.64300000000001,0.43975050000000004,-324.5,Consumer Cyclical,0.7200401953601167,0.8064889918887601,,
2019-04-01,194892,TLP,sell,delisted,24.0,40.99,2019-02-26,983.76,3.44316,,,,,360.200304,620.116536
2019-04-01,193792,WES2,sell,delisted,68.0,49.55,2019-02-27,3369.3999999999996,11.7929,,,,,1512.29457,1845.3125299999997
2019-04-01,196214,VVC,sell,delisted,11.0,72.38,2019-01-31,796.18,2.7866299999999997,,,,,657.503235,135.890135
2019-04-01,196676,GTY,buy,rebalance,31.0,21.153,2019-04-01,655.7429999999999,2.2951004999999998,-140.5,Real Estate,0.7292283063964928,0.9180758017492712,,
2019-04-01,198651,NNN,buy,rebalance,18.0,37.251,2019-04-01,670.5179999999999,2.3468129999999996,-152.0,Real Estate,0.7187709059687611,0.9186588921282799,,
2019-04-01,199575,LLY,buy,rebalance,5.0,117.462,2019-04-01,587.3100000000001,2.055585,-193.0,Healthcare,0.680263118134032,0.9396501457725948,,
2019-04-01,197000,OGE,buy,rebalance,21.0,31.073,2019-04-01,652.533,2.2838655,-198.5,Utilities,0.7315752541356824,0.8787172011661808,,
2019-04-01,199584,MZTI,buy,rebalance,5.0,132.655,2019-04-01,663.275,2.3214625,-202.0,Consumer Defensive,0.6958708310964401,0.9166180758017493,,
2019-04-01,196732,NHC,buy,rebalance,10.0,61.706,2019-04-01,617.0600000000001,2.1597100000000005,-203.5,Healthcare,0.7059064824037986,0.902332361516035,,
2019-04-01,196066,EXC,buy,rebalance,24.0,27.796,2019-04-01,667.104,2.334864,-223.5,Utilities,0.7324015690884684,0.8620991253644315,,
2019-04-01,198099,EXPO,buy,rebalance,12.0,53.042,2019-04-01,636.504,2.227764,-258.0,Industrials,0.6696549119421861,0.9198250728862973,,
2019-04-01,199223,WDFC,buy,rebalance,4.0,152.98,2019-04-01,611.92,2.14172,-263.0,Basic Materials,0.682526897291516,0.8935860058309038,,
2019-04-01,196598,RSG,buy,rebalance,9.0,72.096,2019-04-01,648.864,2.271024,-267.5,Industrials,0.7401930225665595,0.8300291545189504,,
2019-05-01,194855,TISUQ,sell,delisted,90.0,1.24,2019-03-29,111.6,0.3906,,,,,1569.787092,-1458.577692
2019-05-01,194984,TFCF,sell,delisted,42.0,49.61,2019-03-20,2083.62,7.29267,,,,,2043.5274,32.79993000000013
2019-05-01,196676,GTY,buy,rebalance,16.0,21.489,2019-05-01,343.824,1.203384,-139.5,Real Estate,0.7292283063964928,0.9180758017492712,,
2019-05-01,198651,NNN,buy,rebalance,9.0,36.22,2019-05-01,325.98,1.14093,-151.0,Real Estate,0.7187709059687611,0.9186588921282799,,
2019-05-01,199575,LLY,buy,rebalance,3.0,107.568,2019-05-01,322.704,1.129464,-191.5,Healthcare,0.680263118134032,0.9396501457725948,,
2019-05-01,197000,OGE,buy,rebalance,11.0,30.43,2019-05-01,334.73,1.1715550000000001,-197.5,Utilities,0.7315752541356824,0.8787172011661808,,
2019-05-01,199584,MZTI,buy,rebalance,2.0,129.246,2019-05-01,258.492,0.9047220000000001,-200.5,Consumer Defensive,0.6958708310964401,0.9166180758017493,,
2019-05-01,196732,NHC,buy,rebalance,5.0,60.969,2019-05-01,304.845,1.0669575000000002,-202.0,Healthcare,0.7059064824037986,0.902332361516035,,
2019-05-01,196066,EXC,buy,rebalance,12.0,28.047,2019-05-01,336.564,1.177974,-222.0,Utilities,0.7324015690884684,0.8620991253644315,,
2019-05-01,198099,EXPO,buy,rebalance,6.0,51.415,2019-05-01,308.49,1.079715,-255.5,Industrials,0.6696549119421862,0.9198250728862973,,
2019-05-01,199223,WDFC,buy,rebalance,2.0,149.763,2019-05-01,299.526,1.048341,-261.5,Basic Materials,0.6825268972915159,0.8935860058309038,,
2019-05-01,196598,RSG,buy,rebalance,4.0,73.925,2019-05-01,295.7,1.03495,-265.0,Industrials,0.7401930225665593,0.8300291545189504,,
2019-06-03,196676,GTY,buy,rebalance,6.0,20.862,2019-06-03,125.172,0.438102,-138.5,Real Estate,0.7292283063964928,0.9180758017492712,,
2019-06-03,198651,NNN,buy,rebalance,3.0,37.493,2019-06-03,112.47900000000001,0.39367650000000004,-150.0,Real Estate,0.718770905968761,0.9186588921282799,,
2019-06-03,199575,LLY,buy,rebalance,1.0,106.872,2019-06-03,106.872,0.374052,-191.0,Healthcare,0.680263118134032,0.9396501457725948,,
2019-06-03,197000,OGE,buy,rebalance,4.0,30.795,2019-06-03,123.18,0.43113,-196.0,Utilities,0.7315752541356824,0.8787172011661808,,
2019-06-03,199584,MZTI,buy,rebalance,1.0,126.201,2019-06-03,126.201,0.44170349999999997,-199.0,Consumer Defensive,0.6958708310964401,0.9166180758017493,,
2019-06-03,196732,NHC,buy,rebalance,2.0,64.555,2019-06-03,129.11,0.45188500000000004,-200.5,Healthcare,0.7059064824037986,0.902332361516035,,
2019-06-03,196066,EXC,buy,rebalance,4.0,27.26,2019-06-03,109.04,0.38164000000000003,-220.5,Utilities,0.7324015690884684,0.8620991253644315,,
2019-06-03,198099,EXPO,buy,rebalance,2.0,50.881,2019-06-03,101.762,0.356167,-253.0,Industrials,0.6696549119421862,0.9198250728862973,,
2019-06-03,196598,RSG,buy,rebalance,1.0,77.035,2019-06-03,77.035,0.2696225,-263.5,Industrials,0.7401930225665596,0.8300291545189504,,
2019-07-01,197000,OGE,buy,rebalance,4.0,31.145,2019-07-01,124.58,0.43603000000000003,-161.0,Utilities,0.7393691143439257,0.8979591836734694,,
2019-07-01,199553,MKC,buy,rebalance,1.0,67.229,2019-07-01,67.229,0.2353015,-172.5,Consumer Defensive,0.7055790321574833,0.925072886297376,,
2019-07-01,196767,EPR,buy,rebalance,2.0,48.117,2019-07-01,96.234,0.336819,-177.5,Real Estate,0.7249404776823547,0.8997084548104957,,
2019-07-01,199411,PG,buy,rebalance,1.0,91.891,2019-07-01,91.891,0.32161850000000003,-181.0,Consumer Defensive,0.723945585532823,0.897667638483965,,
2019-07-01,196066,EXC,buy,rebalance,4.0,26.996,2019-07-01,107.984,0.377944,-194.0,Utilities,0.7353553277987358,0.8801749271137026,,
2019-07-01,199575,LLY,buy,rebalance,1.0,103.184,2019-07-01,103.184,0.361144,-224.0,Healthcare,0.6940162253183843,0.9072886297376094,,
2019-07-01,198804,PAYX,buy,rebalance,2.0,66.886,2019-07-01,133.772,0.468202,-228.5,Industrials,0.7182486565572431,0.8749271137026239,,
2019-07-01,199917,BALL,buy,rebalance,2.0,64.784,2019-07-01,129.568,0.45348800000000006,-239.0,Consumer Cyclical,0.6737757456221899,0.932069970845481,,
2019-08-01,196648,LLL1,sell,delisted,6.0,245.17,2019-06-28,1471.02,5.14857,,,,,477.02877750000005,988.8426524999999
2019-08-01,197000,OGE,buy,rebalance,9.0,31.777,2019-08-01,285.993,1.0009755,-159.5,Utilities,0.7393691143439256,0.8979591836734694,,
2019-08-01,196669,AMT,buy,rebalance,1.0,174.105,2019-08-01,174.105,0.6093675,-167.5,Real Estate,0.7234363669978936,0.9067055393586005,,
2019-08-01,199553,MKC,buy,rebalance,4.0,68.225,2019-08-01,272.9,0.9551499999999999,-171.0,Consumer Defensive,0.7055790321574832,0.925072886297376,,
2019-08-01,196767,EPR,buy,rebalance,6.0,48.529,2019-08-01,291.17400000000004,1.019109,-176.0,Real Estate,0.7249404776823548,0.8997084548104957,,
2019-08-01,199411,PG,buy,rebalance,3.0,97.708,2019-08-01,293.124,1.0259340000000001,-179.5,Consumer Defensive,0.7239455855328231,0.897667638483965,,
2019-08-01,196066,EXC,buy,rebalance,11.0,24.945,2019-08-01,274.395,0.9603824999999999,-191.5,Utilities,0.7353553277987358,0.8801749271137026,,
2019-08-01,199575,LLY,buy,rebalance,2.0,101.143,2019-08-01,202.286,0.708001,-222.5,Healthcare,0.6940162253183841,0.9072886297376094,,
2019-08-01,198804,PAYX,buy,rebalance,4.0,67.684,2019-08-01,270.736,0.947576,-226.0,Industrials,0.7182486565572431,0.8749271137026239,,
2019-08-01,199917,BALL,buy,rebalance,4.0,68.915,2019-08-01,275.66,0.9648100000000001,-237.5,Consumer Cyclical,0.6737757456221899,0.932069970845481,,
2019-09-03,197000,OGE,buy,rebalance,5.0,31.968,2019-09-03,159.84,0.55944,-157.0,Utilities,0.7393691143439256,0.8979591836734694,,
2019-09-03,199553,MKC,buy,rebalance,2.0,71.111,2019-09-03,142.222,0.497777,-169.0,Consumer Defensive,0.7055790321574832,0.925072886297376,,
2019-09-03,196767,EPR,buy,rebalance,3.0,51.599,2019-09-03,154.797,0.5417895,-173.5,Real Estate,0.7249404776823547,0.8997084548104957,,
2019-09-03,199411,PG,buy,rebalance,1.0,101.584,2019-09-03,101.584,0.355544,-177.0,Consumer Defensive,0.723945585532823,0.897667638483965,,
2019-09-03,196066,EXC,buy,rebalance,5.0,27.143,2019-09-03,135.715,0.4750025,-188.5,Utilities,0.7353553277987358,0.8801749271137026,,
2019-09-03,199575,LLY,buy,rebalance,1.0,104.91,2019-09-03,104.91,0.367185,-220.0,Healthcare,0.6940162253183843,0.9072886297376094,,
2019-09-03,198804,PAYX,buy,rebalance,2.0,65.36,2019-09-03,130.72,0.45752,-222.5,Industrials,0.718248656557243,0.8749271137026239,,
2019-09-03,199917,BALL,buy,rebalance,2.0,73.838,2019-09-03,147.676,0.5168659999999999,-235.0,Consumer Cyclical,0.6737757456221899,0.932069970845481,,
2019-10-01,198565,APC1,sell,delisted,5.0,72.77,2019-08-08,363.84999999999997,1.273475,,,,,301.24066500000004,61.33585999999991
2019-10-01,197694,ELS,buy,rebalance,3.0,56.187,2019-10-01,168.56099999999998,0.5899635,-139.5,Real Estate,0.7279209115513865,0.9211438474870017,,
2019-10-01,196669,AMT,buy,rebalance,1.0,182.687,2019-10-01,182.687,0.6394045,-144.0,Real Estate,0.7051340075445974,0.9485846331600231,,
2019-10-01,199652,HSY,buy,rebalance,1.0,130.933,2019-10-01,130.933,0.4582655,-144.5,Consumer Defensive,0.7116052096878918,0.9404968226458694,,
2019-10-01,198229,SBUX,buy,rebalance,2.0,74.003,2019-10-01,148.006,0.5180210000000001,-150.0,Consumer Cyclical,0.6875963436426714,0.9702484113229347,,
2019-10-01,196816,YUM,buy,rebalance,1.0,99.536,2019-10-01,99.536,0.348376,-151.0,Consumer Cyclical,0.7171674539211409,0.9272097053726169,,
2019-10-01,199760,ECL,buy,rebalance,1.0,182.244,2019-10-01,182.244,0.637854,-153.0,Basic Materials,0.7212099276117127,0.9205661467359908,,
2019-10-01,199477,XEL,buy,rebalance,3.0,52.863,2019-10-01,158.589,0.5550615,-163.0,Utilities,0.7400277938998276,0.8997689196995956,,
2019-10-01,199989,APD,buy,rebalance,1.0,184.012,2019-10-01,184.012,0.644042,-164.0,Basic Materials,0.7184302775806248,0.9179664933564413,,
2019-10-01,193849,AWK,buy,rebalance,1.0,107.865,2019-10-01,107.865,0.3775275,-166.0,Utilities,0.7343137843502179,0.902946273830156,,
2019-10-01,198260,WM,buy,rebalance,1.0,102.858,2019-10-01,102.858,0.360003,-167.5,Industrials,0.7350580170874048,0.901213171577123,,
2019-11-01,198821,TSS,sell,delisted,8.0,133.27,2019-09-17,1066.16,3.7315600000000004,,,,,239.72812199999998,822.7003180000002
2019-11-01,197694,ELS,buy,rebalance,4.0,59.014,2019-11-01,236.056,0.826196,-138.0,Real Estate,0.7279209115513866,0.9211438474870017,,
2019-11-01,196669,AMT,buy,rebalance,1.0,178.246,2019-11-01,178.246,0.623861,-142.5,Real Estate,0.7051340075445974,0.9485846331600231,,
2019-11-01,199652,HSY,buy,rebalance,2.0,120.941,2019-11-01,241.882,0.8465870000000001,-143.0,Consumer Defensive,0.7116052096878918,0.9404968226458694,,
2019-11-01,198229,SBUX,buy,rebalance,3.0,71.18,2019-11-01,213.54000000000002,0.7473900000000001,-149.0,Consumer Cyclical,0.6875963436426713,0.9702484113229347,,
2019-11-01,196816,YUM,buy,rebalance,2.0,87.862,2019-11-01,175.724,0.615034,-149.5,Consumer Cyclical,0.7171674539211409,0.9272097053726169,,
2019-11-01,199760,ECL,buy,rebalance,1.0,177.703,2019-11-01,177.703,0.6219605,-151.5,Basic Materials,0.7212099276117127,0.9205661467359908,,
2019-11-01,199477,XEL,buy,rebalance,4.0,51.357,2019-11-01,205.428,0.718998,-161.5,Utilities,0.7400277938998275,0.8997689196995956,,
2019-11-01,199989,APD,buy,rebalance,1.0,181.53,2019-11-01,181.53,0.635355,-162.5,Basic Materials,0.7184302775806248,0.9179664933564413,,
2019-11-01,193849,AWK,buy,rebalance,2.0,106.925,2019-11-01,213.85,0.748475,-164.5,Utilities,0.7343137843502179,0.902946273830156,,
2019-11-01,198260,WM,buy,rebalance,2.0,99.599,2019-11-01,199.198,0.6971930000000001,-166.0,Industrials,0.7350580170874048,0.901213171577123,,
2019-12-02,199154,CTWS,sell,delisted,3.0,69.98,2019-10-09,209.94,0.73479,,,,,165.87855000000002,43.326659999999976
2019-12-02,197694,ELS,buy,rebalance,2.0,61.395,2019-12-02,122.79,0.429765,-137.5,Real Estate,0.7279209115513865,0.9211438474870017,,
2019-12-02,199652,HSY,buy,rebalance,1.0,126.584,2019-12-02,126.584,0.443044,-142.5,Consumer Defensive,0.7116052096878918,0.9404968226458694,,
2019-12-02,198229,SBUX,buy,rebalance,2.0,72.699,2019-12-02,145.398,0.508893,-148.5,Consumer Cyclical,0.6875963436426714,0.9702484113229347,,
2019-12-02,196816,YUM,buy,rebalance,1.0,89.044,2019-12-02,89.044,0.311654,-149.0,Consumer Cyclical,0.7171674539211409,0.9272097053726169,,
2019-12-02,199477,XEL,buy,rebalance,3.0,49.81,2019-12-02,149.43,0.523005,-161.0,Utilities,0.7400277938998278,0.8997689196995956,,
2019-12-02,193849,AWK,buy,rebalance,1.0,105.215,2019-12-02,105.215,0.36825250000000004,-164.0,Utilities,0.7343137843502178,0.902946273830156,,
2019-12-02,198260,WM,buy,rebalance,1.0,99.975,2019-12-02,99.975,0.34991249999999996,-165.5,Industrials,0.7350580170874047,0.901213171577123,,
2020-01-02,193114,TRNO,buy,rebalance,4.0,45.033,2020-01-02,180.132,0.6304620000000001,-124.5,Real Estate,0.7190265663800571,0.9431457431457432,,
2020-01-02,197562,SUI,buy,rebalance,1.0,119.921,2020-01-02,119.921,0.4197235,-150.5,Real Estate,0.7192034625682017,0.9278499278499278,,
2020-01-02,199337,SO,buy,rebalance,3.0,48.506,2020-01-02,145.518,0.509313,-191.0,Utilities,0.7360824157775891,0.8891774891774892,,
2020-01-02,193849,AWK,buy,rebalance,1.0,105.128,2020-01-02,105.128,0.367948,-215.0,Utilities,0.7339323116693279,0.8764790764790765,,
2020-01-02,199652,HSY,buy,rebalance,1.0,122.336,2020-01-02,122.336,0.428176,-217.5,Consumer Defensive,0.7320927567394591,0.8770562770562771,,
2020-01-02,198498,CSL,buy,rebalance,1.0,151.55,2020-01-02,151.55,0.530425,-226.5,Basic Materials,0.6876262824916886,0.933044733044733,,
2020-01-02,195446,CCK,buy,rebalance,2.0,67.942,2020-01-02,135.884,0.47559399999999996,-232.5,Consumer Cyclical,0.6626521824110451,0.9656565656565657,,
2020-01-02,197128,CSGS,buy,rebalance,3.0,45.612,2020-01-02,136.836,0.4789260000000001,-238.0,Technology,0.6612937871322894,0.9645021645021645,,
2020-01-02,199271,TSN,buy,rebalance,2.0,74.122,2020-01-02,148.244,0.518854,-240.0,Consumer Defensive,0.6791676748999426,0.9365079365079365,,
2020-02-03,194695,VIAB,sell,delisted,6.0,24.22,2019-12-04,145.32,0.50862,,,,,428.2968105,-283.4854305
2020-02-03,193114,TRNO,buy,rebalance,3.0,48.504,2020-02-03,145.512,0.509292,-123.0,Real Estate,0.7190265663800572,0.9431457431457432,,
2020-02-03,197562,SUI,buy,rebalance,1.0,131.181,2020-02-03,131.181,0.4591335,-148.5,Real Estate,0.7192034625682017,0.9278499278499278,,
2020-02-03,199337,SO,buy,rebalance,3.0,54.764,2020-02-03,164.292,0.575022,-186.0,Utilities,0.7360824157775891,0.8891774891774892,,
2020-02-03,193849,AWK,buy,rebalance,1.0,119.401,2020-02-03,119.401,0.4179035,-210.0,Utilities,0.7339323116693279,0.8764790764790765,,
2020-02-03,199652,HSY,buy,rebalance,1.0,131.42,2020-02-03,131.42,0.45997,-212.5,Consumer Defensive,0.7320927567394591,0.8770562770562771,,
2020-02-03,198498,CSL,buy,rebalance,1.0,146.063,2020-02-03,146.063,0.5112205,-224.5,Basic Materials,0.6876262824916886,0.933044733044733,,
2020-02-03,195446,CCK,buy,rebalance,2.0,70.219,2020-02-03,140.438,0.49153299999999994,-232.5,Consumer Cyclical,0.6626521824110451,0.9656565656565657,,
2020-02-03,197128,CSGS,buy,rebalance,3.0,43.894,2020-02-03,131.682,0.460887,-237.5,Technology,0.6612937871322894,0.9645021645021645,,
2020-02-03,199271,TSN,buy,rebalance,2.0,68.602,2020-02-03,137.204,0.48021400000000003,-238.5,Consumer Defensive,0.6791676748999426,0.9365079365079365,,
2020-03-02,193114,TRNO,buy,rebalance,3.0,48.403,2020-03-02,145.209,0.5082315000000001,-122.5,Real Estate,0.7190265663800571,0.9431457431457432,,
2020-03-02,197562,SUI,buy,rebalance,1.0,130.318,2020-03-02,130.318,0.45611300000000005,-147.0,Real Estate,0.7192034625682017,0.9278499278499278,,
2020-03-02,199337,SO,buy,rebalance,2.0,49.965,2020-03-02,99.93,0.34975500000000004,-184.5,Utilities,0.7360824157775891,0.8891774891774892,,
2020-03-02,193849,AWK,buy,rebalance,1.0,114.857,2020-03-02,114.857,0.4019995,-208.5,Utilities,0.7339323116693279,0.8764790764790765,,
2020-03-02,199652,HSY,buy,rebalance,1.0,130.099,2020-03-02,130.099,0.4553465,-211.0,Consumer Defensive,0.7320927567394591,0.8770562770562771,,
2020-03-02,198498,CSL,buy,rebalance,1.0,139.443,2020-03-02,139.443,0.48805050000000005,-223.5,Basic Materials,0.6876262824916886,0.933044733044733,,
2020-03-02,195446,CCK,buy,rebalance,2.0,69.824,2020-03-02,139.648,0.488768,-232.0,Consumer Cyclical,0.6626521824110451,0.9656565656565657,,
2020-03-02,197128,CSGS,buy,rebalance,3.0,39.726,2020-03-02,119.178,0.417123,-237.0,Technology,0.6612937871322895,0.9645021645021645,,
2020-03-02,199271,TSN,buy,rebalance,2.0,58.468,2020-03-02,116.936,0.40927600000000003,-237.5,Consumer Defensive,0.6791676748999426,0.9365079365079365,,
2020-04-01,194449,WU,buy,rebalance,11.0,11.207,2020-04-01,123.27700000000002,0.43146950000000006,-204.5,Financial Services,0.7043690626685747,0.9145523476232138,,
2020-04-01,198436,UHT,buy,rebalance,2.0,58.754,2020-04-01,117.508,0.411278,-231.5,Real Estate,0.6643546439590854,0.9629629629629629,,
2020-04-01,198642,NEE,buy,rebalance,2.0,46.64,2020-04-01,93.28,0.32648,-247.5,Utilities,0.7284771454817378,0.8536016331291922,,
2020-04-01,194725,LDOS,buy,rebalance,1.0,80.277,2020-04-01,80.277,0.2809695,-255.5,Technology,0.6766216487582811,0.9250510352872557,,
2020-04-01,197640,CPRT,buy,rebalance,8.0,16.198,2020-04-01,129.584,0.453544,-258.0,Industrials,0.6655783164341884,0.9425488480606591,,
2020-04-01,196757,PLD,buy,rebalance,2.0,61.6,2020-04-01,123.2,0.4312,-263.0,Real Estate,0.7144738227576564,0.8582677165354331,,
2020-04-01,124602,CODI,buy,rebalance,14.0,9.282,2020-04-01,129.948,0.45481800000000006,-266.5,Industrials,0.6658153796896988,0.9372995042286381,,
2020-04-01,199652,HSY,buy,rebalance,1.0,112.423,2020-04-01,112.423,0.3934805,-268.0,Consumer Defensive,0.7276091480961222,0.8413531641878098,,
2020-05-01,194449,WU,buy,rebalance,11.0,11.793,2020-05-01,129.72299999999998,0.45403049999999995,-203.5,Financial Services,0.7043690626685747,0.9145523476232138,,
2020-05-01,198436,UHT,buy,rebalance,1.0,70.552,2020-05-01,70.552,0.24693200000000004,-230.5,Real Estate,0.6643546439590854,0.9629629629629629,,
2020-05-01,198642,NEE,buy,rebalance,2.0,48.525,2020-05-01,97.05,0.339675,-246.5,Utilities,0.7284771454817378,0.8536016331291922,,
2020-05-01,194725,LDOS,buy,rebalance,1.0,90.17,2020-05-01,90.17,0.315595,-254.5,Technology,0.6766216487582811,0.9250510352872557,,
2020-05-01,197640,CPRT,buy,rebalance,7.0,19.637,2020-05-01,137.459,0.48110650000000005,-257.0,Industrials,0.6655783164341883,0.9425488480606591,,
2020-05-01,196757,PLD,buy,rebalance,1.0,73.027,2020-05-01,73.027,0.2555945,-262.0,Real Estate,0.7144738227576566,0.8582677165354331,,
2020-05-01,124602,CODI,buy,rebalance,10.0,13.532,2020-05-01,135.32,0.47362,-265.5,Industrials,0.6658153796896988,0.9372995042286381,,
2020-05-01,199652,HSY,buy,rebalance,1.0,113.175,2020-05-01,113.175,0.3961125,-267.0,Consumer Defensive,0.7276091480961222,0.8413531641878098,,
2020-06-01,196736,RTN,sell,delisted,5.0,116.96,2020-04-02,584.8,2.0467999999999997,,,,,650.504826,-67.75162599999999
2020-06-01,194449,WU,buy,rebalance,16.0,13.187,2020-06-01,210.992,0.738472,-202.5,Financial Services,0.7043690626685747,0.9145523476232138,,
2020-06-01,198436,UHT,buy,rebalance,3.0,63.729,2020-06-01,191.187,0.6691545000000001,-229.0,Real Estate,0.6643546439590854,0.9629629629629629,,
2020-06-01,198642,NEE,buy,rebalance,3.0,54.936,2020-06-01,164.808,0.576828,-245.5,Utilities,0.7284771454817378,0.8536016331291922,,
2020-06-01,194725,LDOS,buy,rebalance,2.0,97.622,2020-06-01,195.244,0.683354,-253.0,Technology,0.6766216487582811,0.9250510352872557,,
2020-06-01,197640,CPRT,buy,rebalance,9.0,22.42,2020-06-01,201.78000000000003,0.7062300000000001,-255.5,Industrials,0.6655783164341884,0.9425488480606591,,
2020-06-01,196757,PLD,buy,rebalance,2.0,78.786,2020-06-01,157.572,0.551502,-261.0,Real Estate,0.7144738227576564,0.8582677165354331,,
2020-06-01,124602,CODI,buy,rebalance,16.0,12.689,2020-06-01,203.024,0.710584,-264.0,Industrials,0.6658153796896986,0.9372995042286381,,
2020-06-01,199652,HSY,buy,rebalance,1.0,117.2,2020-06-01,117.2,0.4102,-266.0,Consumer Defensive,0.7276091480961222,0.8413531641878098,,
2020-07-01,191420,AGN,sell,delisted,2.0,193.02,2020-05-08,386.04,1.35114,,,,,186.157278,198.53158200000004
2020-07-01,199781,DG,buy,rebalance,1.0,173.805,2020-07-01,173.805,0.6083175000000001,-119.0,Consumer Defensive,0.7221415523626842,0.9405969284265431,,
2020-07-01,197912,CTXS,buy,rebalance,1.0,146.552,2020-07-01,146.552,0.5129319999999999,-133.5,Technology,0.7154388828742753,0.9429150970733121,,
2020-07-01,187482,DEA,buy,rebalance,5.0,37.581,2020-07-01,187.90500000000003,0.6576675000000001,-159.0,Real Estate,0.7051031766966833,0.9414662416690814,,
2020-07-01,199221,WMK,buy,rebalance,4.0,43.146,2020-07-01,172.584,0.604044,-163.0,Consumer Defensive,0.6994204645039003,0.9484207476093885,,
2020-08-03,188950,TECD,sell,delisted,7.0,144.9,2020-06-29,1014.3000000000001,3.55005,,,,,309.18838500000004,701.561565
2020-08-03,199781,DG,buy,rebalance,1.0,175.955,2020-08-03,175.955,0.6158425000000001,-116.0,Consumer Defensive,0.7221415523626842,0.9405969284265431,,
2020-08-03,199217,WST,buy,rebalance,1.0,274.409,2020-08-03,274.409,0.9604315,-125.0,Healthcare,0.7108572921188945,0.9536366270646189,,
2020-08-03,197912,CTXS,buy,rebalance,2.0,137.202,2020-08-03,274.404,0.960414,-130.5,Technology,0.7154388828742753,0.9429150970733121,,
2020-08-03,197297,MASI,buy,rebalance,1.0,218.25,2020-08-03,218.25,0.763875,-139.5,Healthcare,0.7028674943367004,0.9565343378730803,,
2020-08-03,187482,DEA,buy,rebalance,8.0,38.774,2020-08-03,310.192,1.085672,-156.0,Real Estate,0.7051031766966833,0.9414662416690814,,
2020-08-03,199221,WMK,buy,rebalance,7.0,43.738,2020-08-03,306.166,1.0715810000000001,-160.0,Consumer Defensive,0.6994204645039003,0.9484207476093885,,
2020-09-01,199781,DG,buy,rebalance,1.0,182.35,2020-09-01,182.35,0.638225,-115.0,Consumer Defensive,0.7221415523626842,0.9405969284265431,,
2020-09-01,199217,WST,buy,rebalance,1.0,277.472,2020-09-01,277.472,0.9711519999999999,-124.0,Healthcare,0.7108572921188945,0.9536366270646189,,
2020-09-01,197912,CTXS,buy,rebalance,1.0,142.48,2020-09-01,142.48,0.49867999999999996,-129.5,Technology,0.7154388828742753,0.9429150970733121,,
2020-09-01,197297,MASI,buy,rebalance,1.0,223.65,2020-09-01,223.65,0.782775,-138.5,Healthcare,0.7028674943367004,0.9565343378730803,,
2020-09-01,187482,DEA,buy,rebalance,7.0,39.044,2020-09-01,273.308,0.956578,-155.0,Real Estate,0.7051031766966833,0.9414662416690814,,
2020-09-01,199221,WMK,buy,rebalance,6.0,43.178,2020-09-01,259.068,0.9067379999999999,-159.0,Consumer Defensive,0.6994204645039003,0.9484207476093885,,
2020-10-01,197912,CTXS,buy,rebalance,1.0,136.919,2020-10-01,136.919,0.47921650000000005,-190.0,Technology,0.7142686940508217,0.9129806302399538,,
2020-10-01,167098,RBA,buy,rebalance,4.0,54.566,2020-10-01,218.264,0.763924,-193.5,Industrials,0.7264465664939513,0.8910089621277826,,
2020-10-01,196901,LOGI,buy,rebalance,3.0,72.772,2020-10-01,218.31600000000003,0.7641060000000002,-212.5,Technology,0.7140029835406909,0.8999710899103788,,
2020-10-01,199385,ROL,buy,rebalance,7.0,33.186,2020-10-01,232.302,0.813057,-223.5,Consumer Cyclical,0.7209572698034536,0.8806013298641225,,
2020-10-01,197029,AMZN,buy,rebalance,1.0,161.063,2020-10-01,161.063,0.5637205,-242.0,Consumer Cyclical,0.6857930699782663,0.924255565192252,,
2020-10-01,199841,CLX,buy,rebalance,1.0,173.541,2020-10-01,173.541,0.6073935,-245.0,Consumer Defensive,0.7382476414059266,0.8508239375542064,,
2020-10-01,199225,WSO,buy,rebalance,1.0,195.758,2020-10-01,195.758,0.685153,-257.0,Industrials,0.7340552291563991,0.8464874241110147,,
2020-10-01,199588,KR,buy,rebalance,8.0,29.905,2020-10-01,239.24,0.8373400000000001,-298.0,Consumer Defensive,0.6980285793726398,0.8739520092512287,,
2020-11-02,199485,NBL,sell,delisted,9.0,8.46,2020-10-02,76.14000000000001,0.26649000000000006,,,,,324.8640585,-248.9905485
2020-11-02,197912,CTXS,buy,rebalance,1.0,112.555,2020-11-02,112.555,0.39394250000000003,-188.0,Technology,0.7142686940508217,0.9129806302399538,,
2020-11-02,167098,RBA,buy,rebalance,3.0,56.907,2020-11-02,170.721,0.5975235,-191.0,Industrials,0.7264465664939513,0.8910089621277826,,
2020-11-02,196901,LOGI,buy,rebalance,2.0,78.852,2020-11-02,157.704,0.551964,-210.0,Technology,0.7140029835406909,0.8999710899103788,,
2020-11-02,199385,ROL,buy,rebalance,5.0,35.863,2020-11-02,179.315,0.6276025,-221.0,Consumer Cyclical,0.7209572698034536,0.8806013298641225,,
2020-11-02,197029,AMZN,buy,rebalance,1.0,150.224,2020-11-02,150.224,0.525784,-240.0,Consumer Cyclical,0.6857930699782663,0.924255565192252,,
2020-11-02,199841,CLX,buy,rebalance,1.0,177.132,2020-11-02,177.132,0.619962,-242.0,Consumer Defensive,0.7382476414059266,0.8508239375542064,,
2020-11-02,199225,WSO,buy,rebalance,1.0,194.541,2020-11-02,194.541,0.6808935,-254.0,Industrials,0.7340552291563991,0.8464874241110147,,
2020-11-02,199588,KR,buy,rebalance,6.0,28.182,2020-11-02,169.09199999999998,0.591822,-295.5,Consumer Defensive,0.6980285793726398,0.8739520092512287,,
2020-12-01,197912,CTXS,buy,rebalance,1.0,123.532,2020-12-01,123.532,0.432362,-186.5,Technology,0.7142686940508217,0.9129806302399538,,
2020-12-01,167098,RBA,buy,rebalance,2.0,62.813,2020-12-01,125.626,0.439691,-189.5,Industrials,0.7264465664939513,0.8910089621277826,,
2020-12-01,196901,LOGI,buy,rebalance,2.0,81.762,2020-12-01,163.524,0.572334,-208.0,Technology,0.7140029835406909,0.8999710899103788,,
2020-12-01,199385,ROL,buy,rebalance,4.0,35.618,2020-12-01,142.472,0.49865200000000004,-219.5,Consumer Cyclical,0.7209572698034536,0.8806013298641225,,
2020-12-01,197029,AMZN,buy,rebalance,1.0,161.004,2020-12-01,161.004,0.563514,-239.0,Consumer Cyclical,0.6857930699782663,0.924255565192252,,
2020-12-01,199588,KR,buy,rebalance,5.0,29.18,2020-12-01,145.9,0.51065,-293.5,Consumer Defensive,0.6980285793726397,0.8739520092512287,,
2021-02-01,197752,TCO,sell,delisted,2.0,42.99,2020-12-28,85.98,0.30093000000000003,,,,,115.809921,-30.130850999999993
2021-05-03,124603,TCP,sell,delisted,47.0,30.21,2021-03-02,1419.8700000000001,4.969545,,,,,996.1373205,418.7631345000002
2021-05-03,196728,ANH,sell,delisted,134.0,2.98,2021-03-19,399.32,1.39762,,,,,530.4982679999999,-132.57588799999996
2021-08-02,199728,CLGX,sell,delisted,18.0,80.0,2021-06-03,1440.0,5.04,,,,,420.9812955,1013.9787045
2021-09-01,193182,MSGN,sell,delisted,19.0,14.17,2021-07-08,269.23,0.9423050000000001,,,,,308.740824,-40.45312899999993
2021-10-01,198233,WRI,sell,delisted,18.0,31.44,2021-08-03,565.9200000000001,1.9807200000000003,,,,,423.19602000000003,140.74326000000002
2021-11-01,195646,XEC,sell,delisted,15.0,87.2,2021-09-30,1308.0,4.578,,,,,549.6982335,753.7237665
2022-01-03,197581,CBLAQ,sell,delisted,30.0,0.174,2021-11-01,5.22,0.018269999999999998,,,,,409.438035,-404.236305
2022-02-01,199648,HRC,sell,delisted,18.0,155.96,2021-12-10,2807.28,9.82548,,,,,633.1593285,2164.2951915000003
2022-02-01,192908,COR2,sell,delisted,41.0,169.41,2021-12-27,6945.8099999999995,24.310335,,,,,1795.2966225,5126.203042499999
2022-07-01,197356,AZPN1,sell,delisted,9.0,166.3,2022-05-16,1496.7,5.23845,,,,,907.675785,583.785765
2022-08-01,198397,CERN,sell,delisted,17.0,94.92,2022-06-07,1613.64,5.647740000000001,,,,,338.877936,1269.1143240000001
2022-09-01,195127,MIC2,sell,delisted,263.0,4.09,2022-07-20,1075.67,3.764845,,,,,436.2525585,635.6525965000001
2022-10-03,187636,ENDPQ,sell,delisted,44.0,0.293,2022-08-25,12.892,0.045122,,,,,1648.579905,-1635.733027
2022-11-01,198539,DRE,sell,delisted,42.0,48.2,2022-09-30,2024.4,7.085400000000001,,,,,894.1295385,1123.1850615000003
2022-11-01,197912,CTXS,sell,delisted,7.0,103.9,2022-09-29,727.3000000000001,2.5455500000000004,,,,,939.7195470000001,-214.96509700000013
2023-08-01,194709,DCP,sell,delisted,50.0,41.69,2023-06-14,2084.5,7.29575,,,,,579.40083,1497.8034199999997
2023-11-01,196277,WWE,sell,delisted,71.0,100.65,2023-09-11,7146.150000000001,25.011525000000002,,,,,585.885447,6535.253028000001
2023-11-01,195934,MMP,sell,delisted,54.0,69.0,2023-09-22,3726.0,13.041,,,,,1994.9931225000003,1717.9658774999996
2023-12-01,197306,NATI,sell,delisted,13.0,59.98,2023-10-10,779.74,2.7290900000000002,,,,,493.28045999999995,283.73045
2023-12-29,124492,CEQP,sell,delisted,1.0,28.26,2023-11-02,28.26,0.09891000000000001,,,,,102.676113,-74.515023
