date,asset,ticker,side,reason,shares,price,price_date,gross,cost,combined_score,group,score_forest_nonloser_dd30_3y,score_factor_mom_12_2_3y,score_factor_roc_greenblatt_3y,cost_basis,profit
2005-01-03,199673,GGG,buy,rebalance,11.0,8.563,2005-01-03,94.19300000000001,0.32967550000000007,-272.0,Industrials,0.6877925799341068,0.8066863770752786,0.9667178699436764,,
2005-01-03,198253,LDR,buy,rebalance,3.0,28.041,2005-01-03,84.123,0.29443050000000004,-328.0,Technology,0.6807166884075293,0.7339094837389128,0.9900153609831029,,
2005-01-03,196853,JLL,buy,rebalance,2.0,34.23,2005-01-03,68.46,0.23961,-328.3333333333333,Real Estate,0.559573524479256,0.8771889924948829,0.9697900665642601,,
2005-01-03,199670,GNI,buy,rebalance,4.0,23.547,2005-01-03,94.188,0.329658,-331.3333333333333,Basic Materials,0.6566866655201635,0.7527859904480327,0.985663082437276,,
2005-01-03,199357,SHW,buy,rebalance,9.0,10.997,2005-01-03,98.973,0.3464055,-351.6666666666667,Basic Materials,0.6595931516114795,0.7491471457812144,0.9682539682539683,,
2005-01-03,196744,CHH,buy,rebalance,6.0,15.753,2005-01-03,94.518,0.330813,-364.0,Consumer Cyclical,0.5620277063275418,0.8166931999090289,0.9966717869943676,,
2005-01-03,199915,BCR,buy,rebalance,1.0,59.387,2005-01-03,59.387,0.2078545,-379.6666666666667,Healthcare,0.6196334152477092,0.829656584034569,0.9045058883768561,,
2005-01-03,199435,PNR,buy,rebalance,5.0,19.784,2005-01-03,98.91999999999999,0.34621999999999997,-382.6666666666667,Industrials,0.5741568427413521,0.8962929269956789,0.8865847414234511,,
2005-01-03,122580,JH,buy,rebalance,2.0,35.8,2005-01-03,71.6,0.2506,-384.6666666666667,Communication Services,0.6531308528982258,0.7163975437798499,0.9800307219662059,,
2005-02-01,199673,GGG,buy,rebalance,14.0,8.437,2005-02-01,118.118,0.413413,-270.3333333333333,Industrials,0.6877925799341069,0.8066863770752786,0.9667178699436764,,
2005-02-01,198253,LDR,buy,rebalance,4.0,29.059,2005-02-01,116.236,0.406826,-325.0,Technology,0.6807166884075293,0.7339094837389128,0.9900153609831029,,
2005-02-01,196853,JLL,buy,rebalance,3.0,33.11,2005-02-01,99.33,0.347655,-326.0,Real Estate,0.559573524479256,0.8771889924948829,0.9697900665642601,,
2005-02-01,199670,GNI,buy,rebalance,5.0,23.747,2005-02-01,118.735,0.4155725,-328.3333333333333,Basic Materials,0.6566866655201636,0.7527859904480327,0.985663082437276,,
2005-02-01,199357,SHW,buy,rebalance,11.0,10.775,2005-02-01,118.525,0.4148375,-349.0,Basic Materials,0.6595931516114795,0.7491471457812144,0.9682539682539683,,
2005-02-01,196744,CHH,buy,rebalance,7.0,16.218,2005-02-01,113.526,0.397341,-361.0,Consumer Cyclical,0.5620277063275418,0.8166931999090289,0.9966717869943676,,
2005-02-01,199915,BCR,buy,rebalance,1.0,63.586,2005-02-01,63.586,0.222551,-377.3333333333333,Healthcare,0.6196334152477092,0.829656584034569,0.9045058883768561,,
2005-02-01,199900,BA,buy,rebalance,3.0,35.672,2005-02-01,107.01599999999999,0.374556,-378.6666666666667,Industrials,0.589083074419899,0.7837161701159882,0.9805427547363031,,
2005-02-01,122580,JH,buy,rebalance,3.0,36.68,2005-02-01,110.03999999999999,0.38514,-381.3333333333333,Communication Services,0.6531308528982258,0.7163975437798499,0.9800307219662059,,
2005-03-01,199673,GGG,buy,rebalance,13.0,9.013,2005-03-01,117.169,0.4100915,-269.3333333333333,Industrials,0.6877925799341068,0.8066863770752786,0.9667178699436764,,
2005-03-01,198253,LDR,buy,rebalance,4.0,29.908,2005-03-01,119.632,0.41871200000000003,-324.0,Technology,0.6807166884075293,0.7339094837389128,0.9900153609831029,,
2005-03-01,196853,JLL,buy,rebalance,3.0,39.522,2005-03-01,118.566,0.41498100000000004,-325.0,Real Estate,0.5595735244792559,0.8771889924948829,0.9697900665642601,,
2005-03-01,199670,GNI,buy,rebalance,4.0,26.832,2005-03-01,107.328,0.37564800000000004,-327.3333333333333,Basic Materials,0.6566866655201636,0.7527859904480327,0.985663082437276,,
2005-03-01,199357,SHW,buy,rebalance,11.0,11.206,2005-03-01,123.26599999999999,0.43143099999999995,-347.6666666666667,Basic Materials,0.6595931516114795,0.7491471457812144,0.9682539682539683,,
2005-03-01,196744,CHH,buy,rebalance,7.0,16.586,2005-03-01,116.10199999999999,0.40635699999999997,-360.0,Consumer Cyclical,0.562027706327542,0.8166931999090289,0.9966717869943676,,
2005-03-01,199915,BCR,buy,rebalance,2.0,62.073,2005-03-01,124.146,0.43451100000000004,-376.0,Healthcare,0.6196334152477092,0.829656584034569,0.9045058883768561,,
2005-03-01,199900,BA,buy,rebalance,3.0,38.259,2005-03-01,114.777,0.4017195,-377.0,Industrials,0.5890830744198992,0.7837161701159882,0.9805427547363031,,
2005-03-01,122580,JH,buy,rebalance,3.0,36.06,2005-03-01,108.18,0.37863,-380.0,Communication Services,0.6531308528982258,0.7163975437798499,0.9800307219662059,,
2005-04-01,199652,HSY,buy,rebalance,3.0,35.621,2005-04-01,106.863,0.37402050000000003,-241.66666666666666,Consumer Defensive,0.662184943135343,0.8689010487916097,0.943971081848696,,
2005-04-01,199670,GNI,buy,rebalance,5.0,23.477,2005-04-01,117.385,0.41084750000000003,-268.3333333333333,Basic Materials,0.6373677679216188,0.831281349749202,0.9847663310095534,,
2005-04-01,199435,PNR,buy,rebalance,6.0,18.061,2005-04-01,108.366,0.379281,-274.0,Industrials,0.5626340643046741,0.8937528499772002,0.9979344177640073,,
2005-04-01,116168,PPD1,buy,rebalance,3.0,33.775,2005-04-01,101.32499999999999,0.3546375,-325.6666666666667,Consumer Cyclical,0.5625399594203873,0.8575011399908801,0.9904466821585335,,
2005-04-01,185395,UST1,buy,rebalance,2.0,42.749,2005-04-01,85.498,0.29924300000000004,-326.3333333333333,Consumer Defensive,0.6453332917000385,0.8011855905152758,0.9561063774851536,,
2005-04-01,199673,GGG,buy,rebalance,12.0,9.459,2005-04-01,113.508,0.397278,-330.3333333333333,Industrials,0.6389792018896902,0.7968536251709987,0.9633359153111283,,
2005-04-01,123237,RHDCQ,buy,rebalance,2.0,58.27,2005-04-01,116.54,0.40789000000000003,-359.0,Communication Services,0.5928584626808393,0.7943456452348381,0.9922540666150271,,
2005-04-01,196333,ARLP,buy,rebalance,41.0,2.94,2005-04-01,120.53999999999999,0.42189,-383.0,Basic Materials,0.5308747954125118,0.9648882808937529,0.8680609346759618,,
2005-04-01,196853,JLL,buy,rebalance,2.0,41.79,2005-04-01,83.58,0.29253,-409.0,Real Estate,0.5362663632004909,0.8410852713178295,0.9654014975471211,,
2005-05-02,199652,HSY,buy,rebalance,3.0,37.761,2005-05-02,113.28300000000002,0.3964905000000001,-240.33333333333334,Consumer Defensive,0.662184943135343,0.8689010487916097,0.943971081848696,,
2005-05-02,199670,GNI,buy,rebalance,5.0,20.958,2005-05-02,104.78999999999999,0.36676499999999995,-266.6666666666667,Basic Materials,0.6373677679216188,0.831281349749202,0.9847663310095534,,
2005-05-02,199435,PNR,buy,rebalance,6.0,18.694,2005-05-02,112.16399999999999,0.392574,-272.3333333333333,Industrials,0.5626340643046741,0.8937528499772002,0.9979344177640073,,
2005-05-02,116168,PPD1,buy,rebalance,3.0,35.283,2005-05-02,105.849,0.3704715,-323.3333333333333,Consumer Cyclical,0.5625399594203873,0.8575011399908801,0.9904466821585335,,
2005-05-02,185395,UST1,buy,rebalance,3.0,38.655,2005-05-02,115.965,0.4058775,-324.6666666666667,Consumer Defensive,0.6453332917000385,0.8011855905152758,0.9561063774851536,,
2005-05-02,199673,GGG,buy,rebalance,15.0,7.972,2005-05-02,119.58000000000001,0.41853000000000007,-328.6666666666667,Industrials,0.6389792018896902,0.7968536251709987,0.9633359153111283,,
2005-05-02,123237,RHDCQ,buy,rebalance,2.0,58.34,2005-05-02,116.68,0.40838,-357.0,Communication Services,0.5928584626808393,0.7943456452348381,0.9922540666150271,,
2005-05-02,196333,ARLP,buy,rebalance,41.0,2.978,2005-05-02,122.09800000000001,0.42734300000000003,-382.0,Basic Materials,0.5308747954125118,0.9648882808937529,0.8680609346759618,,
2005-05-02,196853,JLL,buy,rebalance,3.0,34.64,2005-05-02,103.92,0.36372,-406.6666666666667,Real Estate,0.536266363200491,0.8410852713178295,0.9654014975471211,,
2005-06-01,199652,HSY,buy,rebalance,3.0,38.537,2005-06-01,115.61099999999999,0.40463849999999996,-238.66666666666666,Consumer Defensive,0.662184943135343,0.8689010487916097,0.943971081848696,,
2005-06-01,199670,GNI,buy,rebalance,5.0,20.958,2005-06-01,104.78999999999999,0.36676499999999995,-264.6666666666667,Basic Materials,0.6373677679216188,0.831281349749202,0.9847663310095534,,
2005-06-01,199435,PNR,buy,rebalance,5.0,20.56,2005-06-01,102.8,0.3598,-271.3333333333333,Industrials,0.5626340643046741,0.8937528499772002,0.9979344177640073,,
2005-06-01,116168,PPD1,buy,rebalance,3.0,39.027,2005-06-01,117.081,0.4097835,-321.6666666666667,Consumer Cyclical,0.5625399594203873,0.8575011399908801,0.9904466821585335,,
2005-06-01,185395,UST1,buy,rebalance,3.0,37.386,2005-06-01,112.15800000000002,0.39255300000000004,-322.3333333333333,Consumer Defensive,0.6453332917000385,0.8011855905152758,0.9561063774851536,,
2005-06-01,199673,GGG,buy,rebalance,14.0,8.217,2005-06-01,115.03800000000001,0.4026330000000001,-326.3333333333333,Industrials,0.6389792018896902,0.7968536251709987,0.9633359153111283,,
2005-06-01,123237,RHDCQ,buy,rebalance,2.0,61.019,2005-06-01,122.038,0.427133,-355.0,Communication Services,0.5928584626808393,0.7943456452348381,0.9922540666150271,,
2005-06-01,195607,NRP,buy,rebalance,2.0,59.57,2005-06-01,119.14,0.41699,-380.6666666666667,Basic Materials,0.55374238883005,0.8226174190606476,0.9852827265685515,,
2005-06-01,199551,SPGI,buy,rebalance,4.0,28.878,2005-06-01,115.512,0.404292,-403.3333333333333,Financial Services,0.6780937190769991,0.6819425444596443,0.9868319132455461,,
2005-07-01,195607,NRP,buy,rebalance,2.0,58.215,2005-07-01,116.43,0.407505,-181.33333333333334,Basic Materials,0.6472361289003494,0.8994082840236687,0.9848561332660273,,
2005-07-01,185395,UST1,buy,rebalance,3.0,39.1,2005-07-01,117.30000000000001,0.41055,-276.0,Consumer Defensive,0.6229916033171681,0.8548020027309968,0.97778899545684,,
2005-07-01,199652,HSY,buy,rebalance,3.0,37.009,2005-07-01,111.027,0.3885945,-292.6666666666667,Consumer Defensive,0.6451175869208914,0.8406918525261721,0.95557799091368,,
2005-07-01,116168,PPD1,buy,rebalance,2.0,44.444,2005-07-01,88.888,0.31110800000000005,-344.3333333333333,Consumer Cyclical,0.5605842193385792,0.848202093764224,0.9921756688541141,,
2005-07-01,122857,MOVIQ,buy,rebalance,4.0,26.31,2005-07-01,105.24,0.36834,-367.6666666666667,Communication Services,0.5365153389191872,0.8736913973600364,0.9734982332155477,,
2005-07-01,195845,COL,buy,rebalance,3.0,38.273,2005-07-01,114.81900000000002,0.40186650000000007,-375.0,Industrials,0.6037352720434663,0.8789258079198907,0.8806158505805148,,
2005-07-01,199673,GGG,buy,rebalance,14.0,8.061,2005-07-01,112.854,0.394989,-379.6666666666667,Industrials,0.6250006087725908,0.7662721893491125,0.9787985865724381,,
2005-07-01,196607,MCO,buy,rebalance,3.0,35.655,2005-07-01,106.965,0.37437750000000003,-387.3333333333333,Financial Services,0.5967107499536743,0.7724169321802458,0.9952044422009086,,
2005-07-01,123237,RHDCQ,buy,rebalance,1.0,63.409,2005-07-01,63.409,0.2219315,-400.3333333333333,Communication Services,0.5794411362392472,0.7774237596722804,0.9979808177688037,,
2005-08-01,195607,NRP,buy,rebalance,1.0,66.567,2005-08-01,66.567,0.23298449999999998,-180.0,Basic Materials,0.6472361289003494,0.8994082840236687,0.9848561332660273,,
2005-08-01,185395,UST1,buy,rebalance,3.0,38.581,2005-08-01,115.74300000000001,0.40510050000000003,-274.3333333333333,Consumer Defensive,0.6229916033171681,0.8548020027309968,0.97778899545684,,
2005-08-01,199652,HSY,buy,rebalance,3.0,37.3,2005-08-01,111.89999999999999,0.39165,-291.0,Consumer Defensive,0.6451175869208914,0.8406918525261721,0.95557799091368,,
2005-08-01,116168,PPD1,buy,rebalance,2.0,45.992,2005-08-01,91.984,0.321944,-342.6666666666667,Consumer Cyclical,0.5605842193385792,0.848202093764224,0.9921756688541141,,
2005-08-01,122857,MOVIQ,buy,rebalance,5.0,24.91,2005-08-01,124.55,0.435925,-366.0,Communication Services,0.5365153389191872,0.8736913973600364,0.9734982332155477,,
2005-08-01,195845,COL,buy,rebalance,3.0,39.682,2005-08-01,119.046,0.41666100000000006,-373.3333333333333,Industrials,0.6037352720434664,0.8789258079198907,0.8806158505805148,,
2005-08-01,199673,GGG,buy,rebalance,14.0,8.886,2005-08-01,124.404,0.435414,-378.0,Industrials,0.6250006087725908,0.7662721893491125,0.9787985865724381,,
2005-08-01,196607,MCO,buy,rebalance,3.0,37.096,2005-08-01,111.28799999999998,0.38950799999999997,-385.6666666666667,Financial Services,0.5967107499536743,0.7724169321802458,0.9952044422009086,,
2005-08-01,123237,RHDCQ,buy,rebalance,1.0,65.968,2005-08-01,65.968,0.230888,-398.6666666666667,Communication Services,0.5794411362392472,0.7774237596722804,0.9979808177688037,,
2005-09-01,195607,NRP,buy,rebalance,2.0,63.381,2005-09-01,126.762,0.44366700000000003,-179.33333333333334,Basic Materials,0.6472361289003494,0.8994082840236687,0.9848561332660273,,
2005-09-01,185395,UST1,buy,rebalance,3.0,36.037,2005-09-01,108.11099999999999,0.37838849999999996,-272.6666666666667,Consumer Defensive,0.6229916033171681,0.8548020027309968,0.97778899545684,,
2005-09-01,199652,HSY,buy,rebalance,3.0,34.885,2005-09-01,104.655,0.3662925,-289.0,Consumer Defensive,0.6451175869208914,0.8406918525261721,0.95557799091368,,
2005-09-01,116168,PPD1,buy,rebalance,3.0,40.476,2005-09-01,121.428,0.424998,-341.0,Consumer Cyclical,0.5605842193385793,0.848202093764224,0.9921756688541141,,
2005-09-01,122857,MOVIQ,buy,rebalance,7.0,17.36,2005-09-01,121.52,0.42532,-364.3333333333333,Communication Services,0.5365153389191872,0.8736913973600364,0.9734982332155477,,
2005-09-01,195845,COL,buy,rebalance,3.0,39.016,2005-09-01,117.048,0.40966800000000003,-371.6666666666667,Industrials,0.6037352720434664,0.8789258079198907,0.8806158505805148,,
2005-09-01,199673,GGG,buy,rebalance,15.0,8.664,2005-09-01,129.96,0.45486000000000004,-375.6666666666667,Industrials,0.6250006087725908,0.7662721893491125,0.9787985865724381,,
2005-09-01,196607,MCO,buy,rebalance,3.0,39.37,2005-09-01,118.10999999999999,0.41338499999999995,-383.6666666666667,Financial Services,0.5967107499536743,0.7724169321802458,0.9952044422009086,,
2005-09-01,123237,RHDCQ,buy,rebalance,2.0,64.838,2005-09-01,129.676,0.453866,-396.6666666666667,Communication Services,0.5794411362392472,0.7774237596722804,0.9979808177688037,,
2005-10-03,123237,RHDCQ,sell,criteria:rank:below_top_share,10.0,61.759,2005-10-03,617.59,2.161565,,,,,,616.4610885,-1.032653499999924
2005-10-03,195607,NRP,buy,rebalance,2.0,63.371,2005-10-03,126.742,0.443597,-296.0,Basic Materials,0.6026173575714765,0.841316685584563,0.9850976361767728,,
2005-10-03,116168,PPD1,buy,rebalance,4.0,38.095,2005-10-03,152.38,0.53333,-309.6666666666667,Consumer Cyclical,0.5134611243136291,0.9346197502837684,0.9917780061664954,,
2005-10-03,199855,CHE,buy,rebalance,4.0,38.614,2005-10-03,154.456,0.540596,-353.6666666666667,Healthcare,0.5248605487354,0.8812712826333712,0.9904933196300103,,
2005-10-03,198615,MO,buy,rebalance,38.0,4.892,2005-10-03,185.89600000000002,0.6506360000000001,-383.3333333333333,Consumer Defensive,0.6213393605717628,0.7632236095346198,0.973535457348407,,
2005-10-03,197383,DVA,buy,rebalance,7.0,24.095,2005-10-03,168.665,0.5903275,-398.3333333333333,Healthcare,0.5705760003491567,0.8660612939841089,0.9057040082219938,,
2005-10-03,195973,GPN,buy,rebalance,9.0,18.718,2005-10-03,168.462,0.589617,-401.6666666666667,Industrials,0.5686867846948229,0.7906923950056753,0.986382322713258,,
2005-10-03,122580,JH,buy,rebalance,4.0,44.95,2005-10-03,179.8,0.6293000000000001,-433.0,Communication Services,0.6269091191455168,0.707377979568672,0.9848406988694759,,
2005-10-03,196607,MCO,buy,rebalance,4.0,40.45,2005-10-03,161.8,0.5663,-447.6666666666667,Financial Services,0.5794945729348326,0.7337116912599319,0.9930626927029804,,
2005-10-03,199919,BCPC,buy,rebalance,25.0,7.396,2005-10-03,184.9,0.64715,-449.6666666666667,Basic Materials,0.5778647410372119,0.8787741203178207,0.8358170606372045,,
2005-11-01,195607,NRP,buy,rebalance,2.0,53.287,2005-11-01,106.574,0.373009,-294.6666666666667,Basic Materials,0.6026173575714765,0.841316685584563,0.9850976361767728,,
2005-11-01,116168,PPD1,buy,rebalance,3.0,41.984,2005-11-01,125.952,0.440832,-308.0,Consumer Cyclical,0.5134611243136291,0.9346197502837684,0.9917780061664954,,
2005-11-01,199855,CHE,buy,rebalance,3.0,43.019,2005-11-01,129.057,0.4516995,-352.0,Healthcare,0.5248605487354,0.8812712826333712,0.9904933196300103,,
2005-11-01,198615,MO,buy,rebalance,28.0,4.896,2005-11-01,137.088,0.479808,-381.3333333333333,Consumer Defensive,0.6213393605717628,0.7632236095346198,0.973535457348407,,
2005-11-01,197383,DVA,buy,rebalance,5.0,24.95,2005-11-01,124.75,0.436625,-396.0,Healthcare,0.5705760003491567,0.8660612939841089,0.9057040082219938,,
2005-11-01,195973,GPN,buy,rebalance,6.0,20.353,2005-11-01,122.11800000000001,0.42741300000000004,-399.0,Industrials,0.5686867846948229,0.7906923950056753,0.986382322713258,,
2005-11-01,122580,JH,buy,rebalance,3.0,42.32,2005-11-01,126.96000000000001,0.44436000000000003,-430.3333333333333,Communication Services,0.6269091191455166,0.707377979568672,0.9848406988694759,,
2005-11-01,196607,MCO,buy,rebalance,3.0,41.356,2005-11-01,124.06800000000001,0.43423800000000007,-444.3333333333333,Financial Services,0.5794945729348325,0.7337116912599319,0.9930626927029804,,
2005-11-01,199919,BCPC,buy,rebalance,18.0,7.41,2005-11-01,133.38,0.46682999999999997,-447.6666666666667,Basic Materials,0.577864741037212,0.8787741203178207,0.8358170606372045,,
2005-12-01,195607,NRP,buy,rebalance,2.0,60.128,2005-12-01,120.256,0.420896,-292.6666666666667,Basic Materials,0.6026173575714765,0.841316685584563,0.9850976361767728,,
2005-12-01,116168,PPD1,buy,rebalance,2.0,42.54,2005-12-01,85.08,0.29778,-306.6666666666667,Consumer Cyclical,0.5134611243136291,0.9346197502837684,0.9917780061664954,,
2005-12-01,199855,CHE,buy,rebalance,2.0,45.337,2005-12-01,90.674,0.317359,-350.3333333333333,Healthcare,0.5248605487354,0.8812712826333712,0.9904933196300103,,
2005-12-01,198615,MO,buy,rebalance,25.0,4.816,2005-12-01,120.39999999999999,0.4214,-378.3333333333333,Consumer Defensive,0.6213393605717628,0.7632236095346198,0.973535457348407,,
2005-12-01,197383,DVA,buy,rebalance,4.0,26.635,2005-12-01,106.54,0.37289000000000005,-394.0,Healthcare,0.5705760003491567,0.8660612939841089,0.9057040082219938,,
2005-12-01,195973,GPN,buy,rebalance,5.0,20.715,2005-12-01,103.575,0.3625125,-396.3333333333333,Industrials,0.5686867846948229,0.7906923950056753,0.986382322713258,,
2005-12-01,122580,JH,buy,rebalance,3.0,38.55,2005-12-01,115.64999999999999,0.404775,-427.3333333333333,Communication Services,0.6269091191455166,0.707377979568672,0.9848406988694759,,
2005-12-01,196607,MCO,buy,rebalance,2.0,47.456,2005-12-01,94.912,0.33219200000000004,-441.6666666666667,Financial Services,0.5794945729348325,0.7337116912599319,0.9930626927029804,,
2005-12-01,186484,PAS,buy,rebalance,5.0,21.157,2005-12-01,105.785,0.3702475,-445.6666666666667,Consumer Defensive,0.6621648072516876,0.7446083995459705,0.8997944501541624,,
2006-01-03,122857,MOVIQ,sell,criteria:rank:below_top_share,16.0,5.74,2006-01-03,91.84,0.32144,,,,,,352.539585,-261.021025
2006-01-03,178243,INGR1,buy,rebalance,2.0,49.97,2006-01-03,99.94,0.34979,-264.6666666666667,Technology,0.6517214055074552,0.9185675182481752,0.8921797869576513,,
2006-01-03,195607,NRP,buy,rebalance,2.0,55.139,2006-01-03,110.278,0.385973,-307.3333333333333,Basic Materials,0.6068529359071426,0.833713503649635,0.9851909586905689,,
2006-01-03,195973,GPN,buy,rebalance,6.0,22.005,2006-01-03,132.03,0.462105,-340.6666666666667,Industrials,0.5901165700818972,0.8328010948905109,0.9779163419069888,,
2006-01-03,177855,RCI1,buy,rebalance,2.0,47.26,2006-01-03,94.52,0.33082,-348.0,Healthcare,0.6264449762430344,0.8505930656934306,0.9184203689269941,,
2006-01-03,197383,DVA,buy,rebalance,5.0,25.76,2006-01-03,128.8,0.45080000000000003,-355.0,Healthcare,0.6031895585031672,0.874315693430657,0.9069888282670824,,
2006-01-03,198615,MO,buy,rebalance,27.0,4.998,2006-01-03,134.946,0.472311,-355.0,Consumer Defensive,0.6687921043322982,0.7547901459854015,0.9737594180306574,,
2006-01-03,199209,WLY,buy,rebalance,5.0,23.585,2006-01-03,117.92500000000001,0.41273750000000003,-356.0,Consumer Cyclical,0.6899738457291921,0.7344890510948905,0.9859703819173812,,
2006-01-03,196744,CHH,buy,rebalance,5.0,24.264,2006-01-03,121.32,0.42462,-371.0,Consumer Cyclical,0.629883376546669,0.750684306569343,0.9989607690309171,,
2006-01-03,198325,FICO,buy,rebalance,3.0,44.111,2006-01-03,132.333,0.4631655,-408.3333333333333,Technology,0.6353964294397292,0.7632299270072993,0.9467394128345025,,
2006-01-03,198040,SRCL,buy,rebalance,4.0,29.305,2006-01-03,117.22,0.41027,-426.6666666666667,Industrials,0.6002638162975474,0.7545620437956204,0.9714211483502209,,
2006-02-01,178243,INGR1,buy,rebalance,3.0,38.83,2006-02-01,116.49,0.407715,-263.0,Technology,0.6517214055074552,0.9185675182481752,0.8921797869576513,,
2006-02-01,195607,NRP,buy,rebalance,2.0,55.805,2006-02-01,111.61,0.390635,-305.3333333333333,Basic Materials,0.6068529359071427,0.833713503649635,0.9851909586905689,,
2006-02-01,195973,GPN,buy,rebalance,5.0,23.671,2006-02-01,118.35499999999999,0.41424249999999996,-338.3333333333333,Industrials,0.5901165700818973,0.8328010948905109,0.9779163419069888,,
2006-02-01,177855,RCI1,buy,rebalance,2.0,47.44,2006-02-01,94.88,0.33208,-346.0,Healthcare,0.6264449762430344,0.8505930656934306,0.9184203689269941,,
2006-02-01,198615,MO,buy,rebalance,24.0,4.9,2006-02-01,117.60000000000001,0.4116,-351.3333333333333,Consumer Defensive,0.6687921043322982,0.7547901459854015,0.9737594180306574,,
2006-02-01,199209,WLY,buy,rebalance,5.0,23.721,2006-02-01,118.605,0.41511750000000003,-351.6666666666667,Consumer Cyclical,0.6899738457291921,0.7344890510948905,0.9859703819173812,,
2006-02-01,197383,DVA,buy,rebalance,4.0,27.095,2006-02-01,108.38,0.37933,-353.0,Healthcare,0.6031895585031674,0.874315693430657,0.9069888282670824,,
2006-02-01,196744,CHH,buy,rebalance,4.0,26.662,2006-02-01,106.648,0.373268,-367.3333333333333,Consumer Cyclical,0.629883376546669,0.750684306569343,0.9989607690309171,,
2006-02-01,198325,FICO,buy,rebalance,2.0,43.341,2006-02-01,86.682,0.303387,-404.6666666666667,Technology,0.6353964294397292,0.7632299270072993,0.9467394128345025,,
2006-02-01,198040,SRCL,buy,rebalance,3.0,29.93,2006-02-01,89.78999999999999,0.31426499999999996,-423.0,Industrials,0.6002638162975475,0.7545620437956204,0.9714211483502209,,
2006-03-01,178243,INGR1,buy,rebalance,3.0,37.2,2006-03-01,111.60000000000001,0.39060000000000006,-262.3333333333333,Technology,0.6517214055074552,0.9185675182481752,0.8921797869576513,,
2006-03-01,195607,NRP,buy,rebalance,2.0,55.033,2006-03-01,110.066,0.385231,-304.3333333333333,Basic Materials,0.6068529359071427,0.833713503649635,0.9851909586905689,,
2006-03-01,195973,GPN,buy,rebalance,4.0,24.335,2006-03-01,97.34,0.34069,-337.3333333333333,Industrials,0.5901165700818973,0.8328010948905109,0.9779163419069888,,
2006-03-01,177855,RCI1,buy,rebalance,2.0,47.74,2006-03-01,95.48,0.33418000000000003,-345.0,Healthcare,0.6264449762430344,0.8505930656934306,0.9184203689269941,,
2006-03-01,198615,MO,buy,rebalance,23.0,4.803,2006-03-01,110.469,0.38664149999999997,-349.3333333333333,Consumer Defensive,0.6687921043322982,0.7547901459854015,0.9737594180306574,,
2006-03-01,199209,WLY,buy,rebalance,4.0,23.24,2006-03-01,92.96,0.32536,-349.6666666666667,Consumer Cyclical,0.6899738457291921,0.7344890510948905,0.9859703819173812,,
2006-03-01,197383,DVA,buy,rebalance,3.0,29.085,2006-03-01,87.255,0.3053925,-351.6666666666667,Healthcare,0.6031895585031674,0.874315693430657,0.9069888282670824,,
2006-03-01,196744,CHH,buy,rebalance,4.0,25.286,2006-03-01,101.144,0.35400400000000004,-365.6666666666667,Consumer Cyclical,0.629883376546669,0.750684306569343,0.9989607690309171,,
2006-03-01,198325,FICO,buy,rebalance,2.0,42.629,2006-03-01,85.258,0.298403,-402.6666666666667,Technology,0.6353964294397292,0.7632299270072993,0.9467394128345025,,
2006-03-01,198040,SRCL,buy,rebalance,3.0,30.23,2006-03-01,90.69,0.317415,-420.6666666666667,Industrials,0.6002638162975474,0.7545620437956204,0.9714211483502209,,
2006-04-03,199435,PNR,sell,criteria:rank:below_top_share,22.0,18.94,2006-04-03,416.68,1.45838,,,,,,423.72787500000004,-8.50625500000001
2006-04-03,185395,UST1,sell,criteria:rank:below_top_share,17.0,37.472,2006-04-03,637.024,2.229584,,,,,,657.0667125000001,-22.272296500000152
2006-04-03,177855,RCI1,sell,criteria:rank:not_a_candidate,6.0,47.94,2006-04-03,287.64,1.00674,,,,,,285.87708000000003,0.7561799999999721
2006-04-03,192161,ESRX,buy,rebalance,11.0,21.907,2006-04-03,240.977,0.8434195,-269.6666666666667,Healthcare,0.5341603094464297,0.9523482245131729,0.9986873195064321,,
2006-04-03,196744,CHH,buy,rebalance,9.0,25.696,2006-04-03,231.264,0.809424,-290.6666666666667,Consumer Cyclical,0.580820095588426,0.8753722794959908,0.9989498556051457,,
2006-04-03,197638,PZZA,buy,rebalance,19.0,12.564,2006-04-03,238.716,0.8355060000000001,-296.3333333333333,Consumer Cyclical,0.6111721383124118,0.920274914089347,0.9052244683644001,,
2006-04-03,196607,MCO,buy,rebalance,4.0,57.111,2006-04-03,228.444,0.799554,-308.6666666666667,Financial Services,0.6318435438855483,0.8306987399770905,0.982147545287477,,
2006-04-03,198582,MIDD,buy,rebalance,22.0,11.085,2006-04-03,243.87,0.853545,-395.0,Industrials,0.5044459507704384,0.9097365406643757,0.9868731950643214,,
2006-04-03,197671,INTU,buy,rebalance,10.0,23.394,2006-04-03,233.94,0.81879,-399.6666666666667,Technology,0.609795834611025,0.7894616265750286,0.9690207403517984,,
2006-04-03,195973,GPN,buy,rebalance,10.0,23.852,2006-04-03,238.52,0.83482,-401.3333333333333,Industrials,0.553934185285041,0.8526918671248568,0.967445523759517,,
2006-04-03,199890,BF.B,buy,rebalance,24.0,10.236,2006-04-03,245.66400000000002,0.859824,-410.3333333333333,Consumer Defensive,0.6740278260740471,0.8311569301260023,0.8571803622998162,,
2006-04-03,199176,VAR,buy,rebalance,4.0,49.835,2006-04-03,199.34,0.69769,-410.6666666666667,Healthcare,0.5430969050434057,0.9014891179839634,0.9207140981885009,,
2006-04-03,198325,FICO,buy,rebalance,6.0,38.915,2006-04-03,233.49,0.817215,-453.0,Technology,0.6333137958729086,0.7493699885452463,0.947755316355999,,
2006-05-01,192161,ESRX,buy,rebalance,6.0,18.55,2006-05-01,111.30000000000001,0.38955000000000006,-268.3333333333333,Healthcare,0.5341603094464297,0.9523482245131729,0.9986873195064321,,
2006-05-01,196744,CHH,buy,rebalance,3.0,29.667,2006-05-01,89.001,0.31150350000000004,-287.6666666666667,Consumer Cyclical,0.580820095588426,0.8753722794959908,0.9989498556051457,,
2006-05-01,197638,PZZA,buy,rebalance,8.0,12.983,2006-05-01,103.864,0.363524,-295.0,Consumer Cyclical,0.6111721383124118,0.920274914089347,0.9052244683644001,,
2006-05-01,196607,MCO,buy,rebalance,2.0,47.333,2006-05-01,94.666,0.331331,-305.6666666666667,Financial Services,0.6318435438855483,0.8306987399770905,0.982147545287477,,
2006-05-01,198582,MIDD,buy,rebalance,9.0,11.551,2006-05-01,103.959,0.3638565,-392.6666666666667,Industrials,0.5044459507704383,0.9097365406643757,0.9868731950643214,,
2006-05-01,197671,INTU,buy,rebalance,4.0,24.181,2006-05-01,96.724,0.338534,-395.6666666666667,Technology,0.609795834611025,0.7894616265750286,0.9690207403517984,,
2006-05-01,195973,GPN,buy,rebalance,5.0,21.838,2006-05-01,109.19,0.382165,-397.6666666666667,Industrials,0.553934185285041,0.8526918671248568,0.967445523759517,,
2006-05-01,199890,BF.B,buy,rebalance,11.0,9.789,2006-05-01,107.679,0.3768765,-406.6666666666667,Consumer Defensive,0.6740278260740471,0.8311569301260023,0.8571803622998162,,
2006-05-01,199176,VAR,buy,rebalance,2.0,45.874,2006-05-01,91.748,0.321118,-407.3333333333333,Healthcare,0.5430969050434056,0.9014891179839634,0.9207140981885009,,
2006-05-01,198325,FICO,buy,rebalance,3.0,35.903,2006-05-01,107.709,0.3769815,-448.6666666666667,Technology,0.6333137958729086,0.7493699885452463,0.947755316355999,,
2006-06-01,192161,ESRX,buy,rebalance,6.0,18.49,2006-06-01,110.94,0.38829,-267.6666666666667,Healthcare,0.5341603094464297,0.9523482245131729,0.9986873195064321,,
2006-06-01,196744,CHH,buy,rebalance,3.0,31.159,2006-06-01,93.477,0.3271695,-286.6666666666667,Consumer Cyclical,0.580820095588426,0.8753722794959908,0.9989498556051457,,
2006-06-01,197638,PZZA,buy,rebalance,8.0,12.417,2006-06-01,99.336,0.347676,-294.0,Consumer Cyclical,0.6111721383124118,0.920274914089347,0.9052244683644001,,
2006-06-01,196607,MCO,buy,rebalance,2.0,41.618,2006-06-01,83.236,0.29132600000000003,-303.6666666666667,Financial Services,0.6318435438855483,0.8306987399770905,0.982147545287477,,
2006-06-01,198582,MIDD,buy,rebalance,8.0,12.342,2006-06-01,98.736,0.345576,-391.0,Industrials,0.5044459507704383,0.9097365406643757,0.9868731950643214,,
2006-06-01,197671,INTU,buy,rebalance,4.0,24.378,2006-06-01,97.512,0.341292,-393.0,Technology,0.609795834611025,0.7894616265750286,0.9690207403517984,,
2006-06-01,195973,GPN,buy,rebalance,5.0,21.698,2006-06-01,108.49000000000001,0.379715,-396.3333333333333,Industrials,0.553934185285041,0.8526918671248568,0.967445523759517,,
2006-06-01,199890,BF.B,buy,rebalance,11.0,9.911,2006-06-01,109.021,0.3815735,-404.6666666666667,Consumer Defensive,0.6740278260740471,0.8311569301260023,0.8571803622998162,,
2006-06-01,199176,VAR,buy,rebalance,2.0,42.393,2006-06-01,84.786,0.296751,-405.6666666666667,Healthcare,0.5430969050434057,0.9014891179839634,0.9207140981885009,,
2006-06-01,198325,FICO,buy,rebalance,3.0,35.6,2006-06-01,106.80000000000001,0.3738,-445.6666666666667,Technology,0.6333137958729086,0.7493699885452463,0.947755316355999,,
2006-07-03,196744,CHH,sell,criteria:rank:below_top_share,48.0,34.285,2006-07-03,1645.6799999999998,5.75988,,,,,,1070.7345,569.1856199999997
2006-07-03,199652,HSY,sell,criteria:rank:below_top_share,18.0,33.426,2006-07-03,601.668,2.105838,,,,,,665.6606865,-66.09852449999994
2006-07-03,116168,PPD1,sell,criteria:rank:below_top_share,25.0,34.68,2006-07-03,867.0,3.0345,,,,,,993.4318845,-129.4663845
2006-07-03,178243,INGR1,sell,criteria:rank:below_top_share,8.0,31.45,2006-07-03,251.6,0.8806,,,,,,329.178105,-78.45870500000001
2006-07-03,196607,MCO,buy,rebalance,10.0,43.611,2006-07-03,436.10999999999996,1.5263849999999999,-351.3333333333333,Financial Services,0.5923149675417728,0.826963168867269,0.9891416752843847,,
2006-07-03,197638,PZZA,buy,rebalance,34.0,12.898,2006-07-03,438.532,1.534862,-411.6666666666667,Consumer Cyclical,0.603514035609924,0.8519805420430855,0.9002068252326784,,
2006-07-03,195973,GPN,buy,rebalance,19.0,22.98,2006-07-03,436.62,1.52817,-419.6666666666667,Industrials,0.5588480109250762,0.8415566365531619,0.9614788004136504,,
2006-07-03,192161,ESRX,buy,rebalance,24.0,18.015,2006-07-03,432.36,1.51326,-429.3333333333333,Healthcare,0.5032212922662528,0.8892749594625897,0.9961220268872802,,
2006-07-03,199551,SPGI,buy,rebalance,13.0,33.737,2006-07-03,438.581,1.5350335000000002,-434.3333333333333,Financial Services,0.6776528480633103,0.684966411860088,0.999482936918304,,
2006-07-03,196914,GPI,buy,rebalance,9.0,46.929,2006-07-03,422.361,1.4782635,-441.3333333333333,Consumer Cyclical,0.5011146225452617,0.9369932823720176,0.937693898655636,,
2006-07-03,195259,RAI,buy,rebalance,55.0,8.031,2006-07-03,441.70500000000004,1.5459675000000002,-460.6666666666667,Consumer Defensive,0.6611439385940978,0.7009497336113042,0.9720785935884177,,
2006-07-03,199483,NDSN,buy,rebalance,22.0,19.546,2006-07-03,430.012,1.505042,-477.0,Industrials,0.5739064596307233,0.7868890433171184,0.9513960703205792,,
2006-07-03,199670,GNI,buy,rebalance,18.0,24.719,2006-07-03,444.942,1.5572970000000002,-483.3333333333333,Basic Materials,0.6524848342220355,0.6763956451239287,0.9862978283350569,,
2006-07-03,198039,RS,buy,rebalance,15.0,29.591,2006-07-03,443.865,1.5535275000000002,-492.3333333333333,Basic Materials,0.5124828048696157,0.9430159833217512,0.8650465356773527,,
2006-08-01,196607,MCO,buy,rebalance,2.0,42.789,2006-08-01,85.578,0.29952300000000004,-349.0,Financial Services,0.5923149675417728,0.826963168867269,0.9891416752843847,,
2006-08-01,197638,PZZA,buy,rebalance,9.0,11.991,2006-08-01,107.919,0.3777165,-409.0,Consumer Cyclical,0.603514035609924,0.8519805420430855,0.9002068252326784,,
2006-08-01,195973,GPN,buy,rebalance,5.0,18.837,2006-08-01,94.185,0.32964750000000004,-416.6666666666667,Industrials,0.5588480109250762,0.8415566365531619,0.9614788004136504,,
2006-08-01,192161,ESRX,buy,rebalance,5.0,19.122,2006-08-01,95.61,0.334635,-426.6666666666667,Healthcare,0.5032212922662528,0.8892749594625897,0.9961220268872802,,
2006-08-01,199551,SPGI,buy,rebalance,2.0,37.826,2006-08-01,75.652,0.264782,-431.3333333333333,Financial Services,0.6776528480633103,0.684966411860088,0.999482936918304,,
2006-08-01,196914,GPI,buy,rebalance,2.0,40.781,2006-08-01,81.562,0.28546699999999997,-438.3333333333333,Consumer Cyclical,0.5011146225452617,0.9369932823720176,0.937693898655636,,
2006-08-01,195259,RAI,buy,rebalance,12.0,8.813,2006-08-01,105.756,0.37014600000000003,-457.3333333333333,Consumer Defensive,0.6611439385940978,0.7009497336113042,0.9720785935884177,,
2006-08-01,199483,NDSN,buy,rebalance,6.0,17.552,2006-08-01,105.312,0.368592,-473.6666666666667,Industrials,0.5739064596307234,0.7868890433171184,0.9513960703205792,,
2006-08-01,199670,GNI,buy,rebalance,4.0,25.633,2006-08-01,102.532,0.358862,-479.6666666666667,Basic Materials,0.6524848342220355,0.6763956451239287,0.9862978283350569,,
2006-08-01,198039,RS,buy,rebalance,4.0,24.133,2006-08-01,96.532,0.337862,-489.3333333333333,Basic Materials,0.5124828048696157,0.9430159833217512,0.8650465356773527,,
2006-09-01,196607,MCO,buy,rebalance,2.0,49.529,2006-09-01,99.058,0.34670300000000004,-346.3333333333333,Financial Services,0.5923149675417728,0.826963168867269,0.9891416752843847,,
2006-09-01,197638,PZZA,buy,rebalance,8.0,13.351,2006-09-01,106.808,0.37382800000000005,-406.3333333333333,Consumer Cyclical,0.603514035609924,0.8519805420430855,0.9002068252326784,,
2006-09-01,195973,GPN,buy,rebalance,6.0,17.899,2006-09-01,107.394,0.375879,-413.3333333333333,Industrials,0.5588480109250762,0.8415566365531619,0.9614788004136504,,
2006-09-01,192161,ESRX,buy,rebalance,5.0,21.052,2006-09-01,105.25999999999999,0.36840999999999996,-421.6666666666667,Healthcare,0.5032212922662528,0.8892749594625897,0.9961220268872802,,
2006-09-01,199551,SPGI,buy,rebalance,2.0,38.15,2006-09-01,76.3,0.26705,-425.0,Financial Services,0.6776528480633102,0.684966411860088,0.999482936918304,,
2006-09-01,196914,GPI,buy,rebalance,3.0,37.537,2006-09-01,112.61099999999999,0.39413849999999995,-432.6666666666667,Consumer Cyclical,0.5011146225452617,0.9369932823720176,0.937693898655636,,
2006-09-01,195259,RAI,buy,rebalance,12.0,9.055,2006-09-01,108.66,0.38031,-450.6666666666667,Consumer Defensive,0.6611439385940978,0.7009497336113042,0.9720785935884177,,
2006-09-01,199483,NDSN,buy,rebalance,7.0,15.926,2006-09-01,111.482,0.390187,-467.6666666666667,Industrials,0.5739064596307233,0.7868890433171184,0.9513960703205792,,
2006-09-01,199670,GNI,buy,rebalance,4.0,24.63,2006-09-01,98.52,0.34482,-473.0,Basic Materials,0.6524848342220355,0.6763956451239287,0.9862978283350569,,
2006-09-01,198039,RS,buy,rebalance,4.0,23.392,2006-09-01,93.568,0.327488,-484.0,Basic Materials,0.5124828048696157,0.9430159833217512,0.8650465356773527,,
2006-10-02,199551,SPGI,sell,criteria:rank:below_top_share,21.0,38.998,2006-10-02,818.958,2.866353,,,,,,708.5161575000001,107.57548949999989
2006-10-02,199855,CHE,sell,criteria:rank:below_top_share,9.0,26.829,2006-10-02,241.461,0.8451135000000001,,,,,,375.4966545,-134.88076799999996
2006-10-02,199919,BCPC,sell,criteria:rank:below_top_share,43.0,7.758,2006-10-02,333.594,1.167579,,,,,,319.39398,13.032441000000006
2006-10-02,192161,ESRX,sell,criteria:rank:below_top_share,57.0,18.898,2006-10-02,1077.186,3.770151,,,,,,1100.2845645,-26.868715500000008
2006-10-02,195259,RAI,buy,rebalance,40.0,8.79,2006-10-02,351.59999999999997,1.2306,-217.0,Consumer Defensive,0.672780734825202,0.8694444444444445,0.9813452443510247,,
2006-10-02,188187,CPICQ,buy,rebalance,9.0,36.463,2006-10-02,328.16700000000003,1.1485845000000001,-271.0,Consumer Cyclical,0.5840913816312935,0.9155092592592593,0.9718864950078823,,
2006-10-02,196997,DGX,buy,rebalance,8.0,43.952,2006-10-02,351.616,1.230656,-306.6666666666667,Healthcare,0.6944860603224521,0.7770833333333333,0.9808197582764057,,
2006-10-02,199877,CPB,buy,rebalance,18.0,19.004,2006-10-02,342.072,1.197252,-319.3333333333333,Consumer Defensive,0.6962322540223082,0.7696759259259259,0.9760903836048345,,
2006-10-02,197469,LH,buy,rebalance,6.0,53.277,2006-10-02,319.66200000000003,1.1188170000000002,-325.6666666666667,Healthcare,0.6826601801742375,0.7613425925925926,0.9897530215449291,,
2006-10-02,197300,LMT,buy,rebalance,7.0,48.882,2006-10-02,342.174,1.197609,-326.6666666666667,Industrials,0.6763822804333669,0.7951388888888888,0.9582238570677877,,
2006-10-02,197638,PZZA,buy,rebalance,26.0,13.595,2006-10-02,353.47,1.2371450000000002,-352.3333333333333,Consumer Cyclical,0.5820647543238395,0.8803240740740741,0.9395691014188124,,
2006-10-02,199010,IGT1,buy,rebalance,9.0,35.679,2006-10-02,321.111,1.1238885,-388.6666666666667,Industrials,0.5875814734692846,0.8337962962962963,0.9477141355754073,,
2006-10-02,197671,INTU,buy,rebalance,12.0,27.98,2006-10-02,335.76,1.17516,-390.6666666666667,Technology,0.5896583938156453,0.8164351851851852,0.9616395165528113,,
2006-10-02,199670,GNI,buy,rebalance,15.0,23.45,2006-10-02,351.75,1.231125,-410.6666666666667,Basic Materials,0.6468790694543628,0.7328703703703704,0.9829217025748818,,
2006-11-01,195259,RAI,buy,rebalance,12.0,8.993,2006-11-01,107.916,0.377706,-215.66666666666666,Consumer Defensive,0.672780734825202,0.8694444444444445,0.9813452443510247,,
2006-11-01,188187,CPICQ,buy,rebalance,3.0,34.296,2006-11-01,102.888,0.36010800000000004,-270.6666666666667,Consumer Cyclical,0.5840913816312935,0.9155092592592593,0.9718864950078823,,
2006-11-01,196997,DGX,buy,rebalance,3.0,35.76,2006-11-01,107.28,0.37548000000000004,-304.0,Healthcare,0.6944860603224521,0.7770833333333333,0.9808197582764057,,
2006-11-01,199877,CPB,buy,rebalance,5.0,19.662,2006-11-01,98.31,0.34408500000000003,-316.6666666666667,Consumer Defensive,0.6962322540223082,0.7696759259259259,0.9760903836048345,,
2006-11-01,197469,LH,buy,rebalance,2.0,54.984,2006-11-01,109.968,0.384888,-322.6666666666667,Healthcare,0.6826601801742375,0.7613425925925926,0.9897530215449291,,
2006-11-01,197300,LMT,buy,rebalance,2.0,49.084,2006-11-01,98.168,0.343588,-324.3333333333333,Industrials,0.6763822804333669,0.7951388888888888,0.9582238570677877,,
2006-11-01,197638,PZZA,buy,rebalance,9.0,12.529,2006-11-01,112.761,0.3946635,-351.3333333333333,Consumer Cyclical,0.5820647543238396,0.8803240740740741,0.9395691014188124,,
2006-11-01,199010,IGT1,buy,rebalance,3.0,36.163,2006-11-01,108.48899999999999,0.3797115,-387.0,Industrials,0.5875814734692846,0.8337962962962963,0.9477141355754073,,
2006-11-01,197671,INTU,buy,rebalance,3.0,30.201,2006-11-01,90.60300000000001,0.3171105,-388.6666666666667,Technology,0.5896583938156453,0.8164351851851852,0.9616395165528113,,
2006-11-01,199670,GNI,buy,rebalance,4.0,24.64,2006-11-01,98.56,0.34496,-406.6666666666667,Basic Materials,0.6468790694543628,0.7328703703703704,0.9829217025748818,,
2006-12-01,195259,RAI,buy,rebalance,12.0,9.024,2006-12-01,108.28799999999998,0.37900799999999996,-215.0,Consumer Defensive,0.672780734825202,0.8694444444444445,0.9813452443510247,,
2006-12-01,188187,CPICQ,buy,rebalance,3.0,30.614,2006-12-01,91.842,0.321447,-270.0,Consumer Cyclical,0.5840913816312935,0.9155092592592593,0.9718864950078823,,
2006-12-01,196997,DGX,buy,rebalance,2.0,38.099,2006-12-01,76.198,0.26669299999999996,-303.3333333333333,Healthcare,0.6944860603224521,0.7770833333333333,0.9808197582764057,,
2006-12-01,199877,CPB,buy,rebalance,5.0,20.047,2006-12-01,100.235,0.3508225,-315.3333333333333,Consumer Defensive,0.696232254022308,0.7696759259259259,0.9760903836048345,,
2006-12-01,197469,LH,buy,rebalance,1.0,57.876,2006-12-01,57.876,0.202566,-321.3333333333333,Healthcare,0.6826601801742375,0.7613425925925926,0.9897530215449291,,
2006-12-01,197300,LMT,buy,rebalance,2.0,50.989,2006-12-01,101.978,0.356923,-323.6666666666667,Industrials,0.6763822804333669,0.7951388888888888,0.9582238570677877,,
2006-12-01,197638,PZZA,buy,rebalance,9.0,11.789,2006-12-01,106.101,0.3713535,-350.6666666666667,Consumer Cyclical,0.5820647543238396,0.8803240740740741,0.9395691014188124,,
2006-12-01,199010,IGT1,buy,rebalance,2.0,37.768,2006-12-01,75.536,0.264376,-386.3333333333333,Industrials,0.5875814734692845,0.8337962962962963,0.9477141355754073,,
2006-12-01,197671,INTU,buy,rebalance,4.0,26.949,2006-12-01,107.796,0.377286,-388.0,Technology,0.5896583938156453,0.8164351851851852,0.9616395165528113,,
2006-12-01,199670,GNI,buy,rebalance,4.0,26.081,2006-12-01,104.324,0.365134,-404.6666666666667,Basic Materials,0.6468790694543628,0.7328703703703704,0.9829217025748818,,
2007-01-03,196333,ARLP,sell,criteria:rank:below_top_share,82.0,3.301,2007-01-03,270.682,0.9473870000000001,,,,,,243.487233,26.24738000000002
2007-01-03,198325,FICO,sell,criteria:rank:below_top_share,19.0,39.552,2007-01-03,751.4879999999999,2.6302079999999997,,,,,,754.9049520000001,-6.04716000000019
2007-01-03,198039,RS,sell,criteria:rank:below_top_share,23.0,27.822,2007-01-03,639.906,2.239671,,,,,,636.1838775,1.482451499999911
2007-01-03,195259,RAI,buy,rebalance,30.0,9.342,2007-01-03,280.26,0.98091,-224.66666666666666,Consumer Defensive,0.7592853413000399,0.8631090487238979,0.9824239244491081,,
2007-01-03,188187,CPICQ,buy,rebalance,8.0,34.644,2007-01-03,277.152,0.970032,-260.3333333333333,Consumer Cyclical,0.6564648825572851,0.9835266821345707,0.9845225603357818,,
2007-01-03,197469,LH,buy,rebalance,4.0,59.723,2007-01-03,238.892,0.836122,-288.6666666666667,Healthcare,0.7751585676430114,0.7965197215777262,0.9884575026232949,,
2007-01-03,185395,UST1,buy,rebalance,5.0,53.537,2007-01-03,267.685,0.9368975,-300.3333333333333,Consumer Defensive,0.7539167416511404,0.8248259860788864,0.9645855194123819,,
2007-01-03,197300,LMT,buy,rebalance,5.0,51.881,2007-01-03,259.405,0.9079174999999999,-300.3333333333333,Industrials,0.7678748241576925,0.8192575406032483,0.9556663168940189,,
2007-01-03,199357,SHW,buy,rebalance,17.0,16.406,2007-01-03,278.902,0.9761569999999999,-363.6666666666667,Basic Materials,0.706809894929292,0.8366589327146172,0.9559286463798531,,
2007-01-03,193176,TW2,buy,rebalance,7.0,39.849,2007-01-03,278.943,0.9763005,-381.0,Industrials,0.7271199675106516,0.8679814385150812,0.8748688352570829,,
2007-01-03,194684,ORCL,buy,rebalance,20.0,13.905,2007-01-03,278.09999999999997,0.9733499999999999,-384.0,Technology,0.6824659638403513,0.8496519721577727,0.9651101783840503,,
2007-01-03,198290,APH,buy,rebalance,82.0,3.458,2007-01-03,283.55600000000004,0.9924460000000002,-387.0,Technology,0.6718019229005998,0.9051044083526683,0.924186778593914,,
2007-01-03,199238,VFC,buy,rebalance,25.0,11.251,2007-01-03,281.275,0.9844624999999999,-396.0,Consumer Cyclical,0.7584967801615812,0.8354988399071925,0.8633263378803777,,
2007-02-01,195259,RAI,buy,rebalance,12.0,9.259,2007-02-01,111.108,0.388878,-222.33333333333334,Consumer Defensive,0.7592853413000399,0.8631090487238979,0.9824239244491081,,
2007-02-01,188187,CPICQ,buy,rebalance,2.0,40.339,2007-02-01,80.678,0.282373,-259.0,Consumer Cyclical,0.6564648825572851,0.9835266821345707,0.9845225603357818,,
2007-02-01,197469,LH,buy,rebalance,1.0,59.976,2007-02-01,59.976,0.209916,-284.6666666666667,Healthcare,0.7751585676430114,0.7965197215777262,0.9884575026232949,,
2007-02-01,185395,UST1,buy,rebalance,2.0,54.216,2007-02-01,108.432,0.379512,-297.6666666666667,Consumer Defensive,0.7539167416511404,0.8248259860788864,0.9645855194123819,,
2007-02-01,197300,LMT,buy,rebalance,2.0,55.566,2007-02-01,111.132,0.38896200000000003,-297.6666666666667,Industrials,0.7678748241576924,0.8192575406032483,0.9556663168940189,,
2007-02-01,199357,SHW,buy,rebalance,6.0,17.972,2007-02-01,107.83200000000001,0.377412,-360.6666666666667,Basic Materials,0.706809894929292,0.8366589327146172,0.9559286463798531,,
2007-02-01,193176,TW2,buy,rebalance,2.0,39.086,2007-02-01,78.172,0.273602,-378.3333333333333,Industrials,0.7271199675106516,0.8679814385150812,0.8748688352570829,,
2007-02-01,194684,ORCL,buy,rebalance,8.0,13.539,2007-02-01,108.312,0.379092,-380.6666666666667,Technology,0.6824659638403514,0.8496519721577727,0.9651101783840503,,
2007-02-01,198290,APH,buy,rebalance,30.0,3.676,2007-02-01,110.28,0.38598,-385.0,Technology,0.6718019229005998,0.9051044083526683,0.924186778593914,,
2007-02-01,199238,VFC,buy,rebalance,10.0,10.535,2007-02-01,105.35,0.36872499999999997,-393.0,Consumer Cyclical,0.7584967801615812,0.8354988399071925,0.8633263378803777,,
2007-03-01,195259,RAI,buy,rebalance,13.0,8.633,2007-03-01,112.22899999999998,0.39280149999999997,-221.33333333333334,Consumer Defensive,0.7592853413000399,0.8631090487238979,0.9824239244491081,,
2007-03-01,188187,CPICQ,buy,rebalance,3.0,37.55,2007-03-01,112.64999999999999,0.394275,-258.6666666666667,Consumer Cyclical,0.6564648825572851,0.9835266821345707,0.9845225603357818,,
2007-03-01,197469,LH,buy,rebalance,1.0,57.329,2007-03-01,57.329,0.2006515,-282.6666666666667,Healthcare,0.7751585676430114,0.7965197215777262,0.9884575026232949,,
2007-03-01,185395,UST1,buy,rebalance,2.0,52.51,2007-03-01,105.02,0.36757,-295.3333333333333,Consumer Defensive,0.7539167416511404,0.8248259860788864,0.9645855194123819,,
2007-03-01,197300,LMT,buy,rebalance,2.0,55.403,2007-03-01,110.806,0.38782099999999997,-295.3333333333333,Industrials,0.7678748241576925,0.8192575406032483,0.9556663168940189,,
2007-03-01,199357,SHW,buy,rebalance,6.0,17.035,2007-03-01,102.21000000000001,0.357735,-359.0,Basic Materials,0.706809894929292,0.8366589327146172,0.9559286463798531,,
2007-03-01,193176,TW2,buy,rebalance,2.0,42.104,2007-03-01,84.208,0.294728,-376.6666666666667,Industrials,0.7271199675106516,0.8679814385150812,0.8748688352570829,,
2007-03-01,194684,ORCL,buy,rebalance,8.0,13.317,2007-03-01,106.536,0.372876,-379.0,Technology,0.6824659638403513,0.8496519721577727,0.9651101783840503,,
2007-03-01,198290,APH,buy,rebalance,32.0,3.493,2007-03-01,111.776,0.391216,-384.0,Technology,0.6718019229005998,0.9051044083526683,0.924186778593914,,
2007-03-01,199238,VFC,buy,rebalance,10.0,10.96,2007-03-01,109.60000000000001,0.38360000000000005,-391.3333333333333,Consumer Cyclical,0.7584967801615812,0.8354988399071925,0.8633263378803777,,
2007-04-02,195973,GPN,sell,criteria:rank:below_top_share,85.0,16.688,2007-04-02,1418.4799999999998,4.9646799999999995,,,,,,1842.7059765,-429.19065650000016
2007-04-02,186484,PAS,sell,criteria:rank:below_top_share,5.0,21.11,2007-04-02,105.55,0.369425,,,,,,106.1552475,-0.9746725000000112
2007-04-02,197638,PZZA,sell,criteria:rank:below_top_share,130.0,11.475,2007-04-02,1491.75,5.221125,,,,,,1673.3432745,-186.81439950000004
2007-04-02,199176,VAR,sell,criteria:rank:below_top_share,8.0,42.198,2007-04-02,337.584,1.181544,,,,,,377.18955900000003,-40.787103
2007-04-02,199357,SHW,buy,rebalance,25.0,17.215,2007-04-02,430.375,1.5063125,-257.0,Basic Materials,0.7249877204863855,0.9023136246786633,0.9573396926338102,,
2007-04-02,188187,CPICQ,buy,rebalance,11.0,37.365,2007-04-02,411.01500000000004,1.4385525000000001,-275.6666666666667,Consumer Cyclical,0.6467910546883471,0.9897172236503856,0.9875463698993111,,
2007-04-02,185395,UST1,buy,rebalance,8.0,54.248,2007-04-02,433.984,1.518944,-303.0,Consumer Defensive,0.7566590694232439,0.8319700864688011,0.9610492845786963,,
2007-04-02,197300,LMT,buy,rebalance,8.0,54.899,2007-04-02,439.192,1.537172,-304.6666666666667,Industrials,0.761564566961283,0.8212199111942042,0.9666136724960255,,
2007-04-02,195845,COL,buy,rebalance,8.0,55.291,2007-04-02,442.328,1.5481479999999999,-321.0,Industrials,0.7448291132510646,0.8508997429305912,0.93879173290938,,
2007-04-02,122580,JH,buy,rebalance,8.0,51.24,2007-04-02,409.92,1.43472,-332.0,Communication Services,0.7212609508860777,0.8214536106566955,0.9894011658717541,,
2007-04-02,195259,RAI,buy,rebalance,48.0,9.201,2007-04-02,441.648,1.545768,-338.6666666666667,Consumer Defensive,0.7585746165405585,0.7838279971956065,0.9819819819819819,,
2007-04-02,199551,SPGI,buy,rebalance,10.0,42.173,2007-04-02,421.73,1.4760550000000001,-358.3333333333333,Financial Services,0.7449659903229969,0.7730778219210096,0.994435612082671,,
2007-04-02,197079,FDS,buy,rebalance,8.0,49.935,2007-04-02,399.48,1.3981800000000002,-377.0,Financial Services,0.6827100460161368,0.8866557606917504,0.9438261791202968,,
2007-04-02,199774,OMC,buy,rebalance,15.0,29.447,2007-04-02,441.705,1.5459675,-378.0,Communication Services,0.751631949488892,0.7476045805094649,0.9994700582935877,,
2007-05-01,199357,SHW,buy,rebalance,7.0,16.499,2007-05-01,115.493,0.4042255,-255.33333333333334,Basic Materials,0.7249877204863856,0.9023136246786633,0.9573396926338102,,
2007-05-01,188187,CPICQ,buy,rebalance,2.0,48.852,2007-05-01,97.704,0.341964,-273.6666666666667,Consumer Cyclical,0.6467910546883471,0.9897172236503856,0.9875463698993111,,
2007-05-01,185395,UST1,buy,rebalance,2.0,52.023,2007-05-01,104.046,0.364161,-300.0,Consumer Defensive,0.7566590694232439,0.8319700864688011,0.9610492845786963,,
2007-05-01,197300,LMT,buy,rebalance,2.0,54.503,2007-05-01,109.006,0.381521,-301.3333333333333,Industrials,0.761564566961283,0.8212199111942042,0.9666136724960255,,
2007-05-01,195845,COL,buy,rebalance,2.0,53.995,2007-05-01,107.99,0.377965,-318.0,Industrials,0.7448291132510646,0.8508997429305912,0.93879173290938,,
2007-05-01,122580,JH,buy,rebalance,2.0,52.74,2007-05-01,105.48,0.36918,-329.0,Communication Services,0.7212609508860777,0.8214536106566955,0.9894011658717541,,
2007-05-01,195259,RAI,buy,rebalance,12.0,9.282,2007-05-01,111.384,0.389844,-335.0,Consumer Defensive,0.7585746165405585,0.7838279971956065,0.9819819819819819,,
2007-05-01,199551,SPGI,buy,rebalance,2.0,44.582,2007-05-01,89.164,0.312074,-354.6666666666667,Financial Services,0.7449659903229969,0.7730778219210096,0.994435612082671,,
2007-05-01,199774,OMC,buy,rebalance,3.0,29.98,2007-05-01,89.94,0.31479,-373.6666666666667,Communication Services,0.751631949488892,0.7476045805094649,0.9994700582935877,,
2007-05-01,197079,FDS,buy,rebalance,2.0,49.437,2007-05-01,98.874,0.346059,-374.0,Financial Services,0.6827100460161368,0.8866557606917504,0.9438261791202968,,
2007-06-01,122580,JH,sell,delisted,28.0,52.74,2007-05-01,1476.72,5.16852,,,,,,1231.926705,239.624775
2007-06-01,199357,SHW,buy,rebalance,14.0,17.591,2007-06-01,246.274,0.861959,-251.66666666666666,Basic Materials,0.7249877204863855,0.9023136246786633,0.9573396926338102,,
2007-06-01,188187,CPICQ,buy,rebalance,4.0,59.527,2007-06-01,238.108,0.8333780000000001,-271.0,Consumer Cyclical,0.6467910546883471,0.9897172236503856,0.9875463698993111,,
2007-06-01,185395,UST1,buy,rebalance,5.0,50.363,2007-06-01,251.815,0.8813525,-295.3333333333333,Consumer Defensive,0.7566590694232439,0.8319700864688011,0.9610492845786963,,
2007-06-01,197300,LMT,buy,rebalance,4.0,55.379,2007-06-01,221.516,0.7753059999999999,-296.3333333333333,Industrials,0.761564566961283,0.8212199111942042,0.9666136724960255,,
2007-06-01,195845,COL,buy,rebalance,4.0,58.568,2007-06-01,234.272,0.819952,-313.6666666666667,Industrials,0.7448291132510646,0.8508997429305912,0.93879173290938,,
2007-06-01,195259,RAI,buy,rebalance,27.0,9.537,2007-06-01,257.499,0.9012465000000001,-329.6666666666667,Consumer Defensive,0.7585746165405585,0.7838279971956065,0.9819819819819819,,
2007-06-01,199551,SPGI,buy,rebalance,5.0,47.759,2007-06-01,238.79500000000002,0.8357825000000001,-348.3333333333333,Financial Services,0.7449659903229969,0.7730778219210096,0.994435612082671,,
2007-06-01,199774,OMC,buy,rebalance,8.0,30.484,2007-06-01,243.872,0.8535520000000001,-367.3333333333333,Communication Services,0.751631949488892,0.7476045805094649,0.9994700582935877,,
2007-06-01,197079,FDS,buy,rebalance,5.0,50.681,2007-06-01,253.40499999999997,0.8869174999999999,-369.0,Financial Services,0.6827100460161368,0.8866557606917504,0.9438261791202968,,
2007-06-01,197469,LH,buy,rebalance,3.0,65.148,2007-06-01,195.444,0.6840539999999999,-369.3333333333333,Healthcare,0.7803631666187388,0.7291423229726571,0.9843667196608373,,
2007-07-02,197383,DVA,sell,criteria:rank:below_top_share,28.0,27.265,2007-07-02,763.4200000000001,2.6719700000000004,,,,,,726.925365,33.82266500000003
2007-07-02,196914,GPI,sell,criteria:rank:below_top_share,14.0,33.674,2007-07-02,471.436,1.650026,,,,,,618.691869,-148.90589500000004
2007-07-02,199483,NDSN,sell,criteria:rank:below_top_share,35.0,20.775,2007-07-02,727.125,2.5449375,,,,,,649.069821,75.5102415
2007-07-02,199551,SPGI,sell,criteria:rank:below_top_share,17.0,46.13,2007-07-02,784.21,2.7447350000000004,,,,,,752.3129115,29.152353500000004
2007-07-02,199774,OMC,sell,criteria:rank:below_top_share,26.0,30.337,2007-07-02,788.762,2.7606669999999998,,,,,,778.2313095,7.770023499999979
2007-07-02,185395,UST1,buy,rebalance,9.0,49.608,2007-07-02,446.472,1.562652,-298.0,Consumer Defensive,0.7604369209336364,0.8306242638398116,0.9581274382314694,,
2007-07-02,199556,MAT,buy,rebalance,29.0,16.221,2007-07-02,470.409,1.6464315,-317.0,Consumer Cyclical,0.7273800317858482,0.9215547703180212,0.8842652795838751,,
2007-07-02,197300,LMT,buy,rebalance,8.0,53.805,2007-07-02,430.44,1.50654,-320.3333333333333,Industrials,0.7645138729721119,0.7985865724381626,0.9690507152145643,,
2007-07-02,199660,HAS,buy,rebalance,26.0,17.691,2007-07-02,459.96599999999995,1.609881,-324.6666666666667,Consumer Cyclical,0.7356298308316389,0.9314487632508834,0.859297789336801,,
2007-07-02,198566,HON,buy,rebalance,13.0,33.798,2007-07-02,439.374,1.5378090000000002,-346.6666666666667,Industrials,0.7487585308534835,0.8567726737338045,0.9050715214564369,,
2007-07-02,195607,NRP,buy,rebalance,5.0,87.379,2007-07-02,436.89500000000004,1.5291325000000002,-348.0,Basic Materials,0.7584045452976031,0.7858657243816255,0.9674902470741222,,
2007-07-02,193203,ACN,buy,rebalance,16.0,29.496,2007-07-02,471.936,1.651776,-357.0,Technology,0.7021233126587615,0.8431095406360424,0.9721716514954486,,
2007-07-02,199120,CHD,buy,rebalance,50.0,9.447,2007-07-02,472.34999999999997,1.653225,-358.0,Consumer Defensive,0.7616038877584439,0.8098939929328622,0.929778933680104,,
2007-07-02,196859,MTD,buy,rebalance,4.0,95.73,2007-07-02,382.92,1.3402200000000002,-361.0,Healthcare,0.7321948170470368,0.8633686690223793,0.9035110533159948,,
2007-07-02,198821,TSS,buy,rebalance,20.0,22.693,2007-07-02,453.86,1.58851,-374.0,Financial Services,0.693994423058133,0.8909305064782097,0.9188556566970091,,
2007-08-01,185395,UST1,buy,rebalance,2.0,50.565,2007-08-01,101.13,0.35395499999999996,-293.6666666666667,Consumer Defensive,0.7604369209336364,0.8306242638398116,0.9581274382314694,,
2007-08-01,199556,MAT,buy,rebalance,8.0,14.883,2007-08-01,119.064,0.416724,-313.3333333333333,Consumer Cyclical,0.7273800317858482,0.9215547703180212,0.8842652795838751,,
2007-08-01,197300,LMT,buy,rebalance,2.0,57.806,2007-08-01,115.612,0.404642,-315.0,Industrials,0.7645138729721119,0.7985865724381626,0.9690507152145643,,
2007-08-01,199660,HAS,buy,rebalance,7.0,15.896,2007-08-01,111.272,0.389452,-320.6666666666667,Consumer Cyclical,0.7356298308316389,0.9314487632508834,0.859297789336801,,
2007-08-01,198566,HON,buy,rebalance,3.0,33.84,2007-08-01,101.52000000000001,0.35532,-341.6666666666667,Industrials,0.7487585308534835,0.8567726737338045,0.9050715214564369,,
2007-08-01,195607,NRP,buy,rebalance,1.0,80.11,2007-08-01,80.11,0.280385,-342.3333333333333,Basic Materials,0.7584045452976031,0.7858657243816255,0.9674902470741222,,
2007-08-01,193203,ACN,buy,rebalance,4.0,28.803,2007-08-01,115.212,0.40324200000000004,-352.0,Technology,0.7021233126587615,0.8431095406360424,0.9721716514954486,,
2007-08-01,199120,CHD,buy,rebalance,13.0,9.615,2007-08-01,124.995,0.43748250000000005,-352.0,Consumer Defensive,0.7616038877584439,0.8098939929328622,0.929778933680104,,
2007-08-01,196859,MTD,buy,rebalance,1.0,95.09,2007-08-01,95.09,0.332815,-356.3333333333333,Healthcare,0.7321948170470368,0.8633686690223793,0.9035110533159948,,
2007-08-01,198821,TSS,buy,rebalance,5.0,22.049,2007-08-01,110.245,0.3858575,-369.6666666666667,Financial Services,0.693994423058133,0.8909305064782097,0.9188556566970091,,
2007-09-04,185395,UST1,buy,rebalance,2.0,46.626,2007-09-04,93.252,0.326382,-291.0,Consumer Defensive,0.7604369209336365,0.8306242638398116,0.9581274382314694,,
2007-09-04,199556,MAT,buy,rebalance,8.0,13.867,2007-09-04,110.936,0.388276,-310.6666666666667,Consumer Cyclical,0.7273800317858482,0.9215547703180212,0.8842652795838751,,
2007-09-04,197300,LMT,buy,rebalance,2.0,56.368,2007-09-04,112.736,0.39457600000000004,-312.3333333333333,Industrials,0.7645138729721119,0.7985865724381626,0.9690507152145643,,
2007-09-04,199660,HAS,buy,rebalance,7.0,15.389,2007-09-04,107.723,0.3770305,-318.0,Consumer Cyclical,0.7356298308316389,0.9314487632508834,0.859297789336801,,
2007-09-04,198566,HON,buy,rebalance,3.0,33.526,2007-09-04,100.578,0.35202300000000003,-338.3333333333333,Industrials,0.7487585308534837,0.8567726737338045,0.9050715214564369,,
2007-09-04,195607,NRP,buy,rebalance,1.0,75.729,2007-09-04,75.729,0.2650515,-339.0,Basic Materials,0.7584045452976031,0.7858657243816255,0.9674902470741222,,
2007-09-04,199120,CHD,buy,rebalance,13.0,8.822,2007-09-04,114.68599999999999,0.401401,-348.3333333333333,Consumer Defensive,0.7616038877584438,0.8098939929328622,0.929778933680104,,
2007-09-04,193203,ACN,buy,rebalance,4.0,28.678,2007-09-04,114.712,0.401492,-349.3333333333333,Technology,0.7021233126587615,0.8431095406360424,0.9721716514954486,,
2007-09-04,196859,MTD,buy,rebalance,1.0,95.07,2007-09-04,95.07,0.33274499999999996,-353.3333333333333,Healthcare,0.7321948170470368,0.8633686690223793,0.9035110533159948,,
2007-09-04,198821,TSS,buy,rebalance,5.0,21.489,2007-09-04,107.44500000000001,0.37605750000000004,-366.6666666666667,Financial Services,0.693994423058133,0.8909305064782097,0.9188556566970091,,
2007-10-01,196607,MCO,sell,criteria:rank:below_top_share,40.0,41.865,2007-10-01,1674.6000000000001,5.8611,,,,,,1750.3398224999999,-81.6009224999998
2007-10-01,199209,WLY,sell,criteria:rank:below_top_share,14.0,28.174,2007-10-01,394.436,1.380526,,,,,,330.64321500000005,62.41225899999995
2007-10-01,197671,INTU,sell,criteria:rank:below_top_share,37.0,27.237,2007-10-01,1007.7689999999999,3.5271915,,,,,,965.7031724999999,38.538636
2007-10-01,196997,DGX,sell,criteria:rank:below_top_share,13.0,41.938,2007-10-01,545.1940000000001,1.9081790000000003,,,,,,536.966829,6.318992000000094
2007-10-01,199623,IBM,buy,rebalance,7.0,61.505,2007-10-01,430.535,1.5068725,-293.0,Technology,0.7603094104232606,0.796054195388638,0.9879550321199143,,
2007-10-01,195852,FIS,buy,rebalance,26.0,17.961,2007-10-01,466.986,1.634451,-297.6666666666667,Technology,0.7133015867533489,0.8678393154266698,0.9705567451820128,,
2007-10-01,196859,MTD,buy,rebalance,4.0,103.53,2007-10-01,414.12,1.4494200000000002,-326.0,Healthcare,0.7542453546797422,0.8490610886617542,0.9105995717344754,,
2007-10-01,199576,VGR,buy,rebalance,173.0,2.73,2007-10-01,472.29,1.6530150000000001,-331.0,Consumer Defensive,0.7246471405857011,0.8390777275968624,0.9558351177730193,,
2007-10-01,199415,PCP,buy,rebalance,3.0,148.764,2007-10-01,446.29200000000003,1.5620220000000002,-354.6666666666667,Industrials,0.6512403655180363,0.9645828381269314,0.9320128479657388,,
2007-10-01,197079,FDS,buy,rebalance,8.0,55.235,2007-10-01,441.88,1.54658,-395.0,Financial Services,0.7076192834757793,0.833135250772522,0.9379014989293362,,
2007-10-01,199170,ITT,buy,rebalance,21.0,21.629,2007-10-01,454.209,1.5897315,-397.6666666666667,Industrials,0.7575026929200527,0.7575469455669123,0.9397751605995718,,
2007-10-01,196866,RL,buy,rebalance,7.0,59.587,2007-10-01,417.10900000000004,1.4598815,-403.0,Consumer Cyclical,0.6908645713603716,0.8958878060375565,0.8913276231263383,,
2007-10-01,186263,CHTT,buy,rebalance,6.0,72.08,2007-10-01,432.48,1.5136800000000001,-416.0,Healthcare,0.6052585328826244,0.93819824102686,0.9764453961456103,,
2007-10-01,197997,AZO,buy,rebalance,4.0,116.52,2007-10-01,466.08,1.63128,-422.0,Consumer Cyclical,0.7343796783764712,0.7977180888994533,0.9041755888650964,,
2007-11-01,199623,IBM,buy,rebalance,2.0,58.725,2007-11-01,117.45,0.411075,-290.3333333333333,Technology,0.7603094104232606,0.796054195388638,0.9879550321199143,,
2007-11-01,195852,FIS,buy,rebalance,7.0,18.237,2007-11-01,127.65899999999999,0.4468065,-295.6666666666667,Technology,0.7133015867533489,0.8678393154266698,0.9705567451820128,,
2007-11-01,196859,MTD,buy,rebalance,1.0,105.11,2007-11-01,105.11,0.367885,-323.3333333333333,Healthcare,0.7542453546797422,0.8490610886617542,0.9105995717344754,,
2007-11-01,199576,VGR,buy,rebalance,49.0,2.632,2007-11-01,128.96800000000002,0.45138800000000007,-328.3333333333333,Consumer Defensive,0.724647140585701,0.8390777275968624,0.9558351177730193,,
2007-11-01,197079,FDS,buy,rebalance,2.0,55.106,2007-11-01,110.212,0.38574200000000003,-392.0,Financial Services,0.7076192834757792,0.833135250772522,0.9379014989293362,,
2007-11-01,199170,ITT,buy,rebalance,6.0,20.077,2007-11-01,120.46200000000002,0.4216170000000001,-394.0,Industrials,0.7575026929200527,0.7575469455669123,0.9397751605995718,,
2007-11-01,196866,RL,buy,rebalance,2.0,50.729,2007-11-01,101.458,0.355103,-400.6666666666667,Consumer Cyclical,0.6908645713603716,0.8958878060375565,0.8913276231263383,,
2007-11-01,186263,CHTT,buy,rebalance,1.0,72.27,2007-11-01,72.27,0.252945,-413.0,Healthcare,0.6052585328826244,0.93819824102686,0.9764453961456103,,
2007-11-01,197997,AZO,buy,rebalance,1.0,121.66,2007-11-01,121.66,0.42581,-418.6666666666667,Consumer Cyclical,0.7343796783764712,0.7977180888994533,0.9041755888650964,,
2007-12-03,199623,IBM,buy,rebalance,2.0,54.882,2007-12-03,109.764,0.384174,-286.6666666666667,Technology,0.7603094104232605,0.796054195388638,0.9879550321199143,,
2007-12-03,195852,FIS,buy,rebalance,7.0,17.466,2007-12-03,122.262,0.427917,-292.6666666666667,Technology,0.7133015867533489,0.8678393154266698,0.9705567451820128,,
2007-12-03,196859,MTD,buy,rebalance,1.0,115.8,2007-12-03,115.8,0.4053,-319.6666666666667,Healthcare,0.7542453546797422,0.8490610886617542,0.9105995717344754,,
2007-12-03,199576,VGR,buy,rebalance,48.0,2.666,2007-12-03,127.96799999999999,0.44788799999999995,-324.3333333333333,Consumer Defensive,0.7246471405857011,0.8390777275968624,0.9558351177730193,,
2007-12-03,197079,FDS,buy,rebalance,2.0,51.24,2007-12-03,102.48,0.35868,-386.3333333333333,Financial Services,0.7076192834757792,0.833135250772522,0.9379014989293362,,
2007-12-03,199170,ITT,buy,rebalance,6.0,19.748,2007-12-03,118.488,0.414708,-388.6666666666667,Industrials,0.7575026929200527,0.7575469455669123,0.9397751605995718,,
2007-12-03,196866,RL,buy,rebalance,2.0,52.477,2007-12-03,104.954,0.36733899999999997,-394.6666666666667,Consumer Cyclical,0.6908645713603716,0.8958878060375565,0.8913276231263383,,
2007-12-03,186263,CHTT,buy,rebalance,1.0,69.56,2007-12-03,69.56,0.24346,-407.3333333333333,Healthcare,0.6052585328826243,0.93819824102686,0.9764453961456103,,
2007-12-03,197997,AZO,buy,rebalance,1.0,107.87,2007-12-03,107.87,0.377545,-413.0,Consumer Cyclical,0.7343796783764712,0.7977180888994533,0.9041755888650964,,
2008-01-02,196853,JLL,sell,criteria:rank:below_top_share,13.0,66.389,2008-01-02,863.0569999999999,3.0206994999999996,,,,,,475.514496,384.5218044999999
2008-01-02,198040,SRCL,sell,criteria:rank:below_top_share,10.0,57.84,2008-01-02,578.4000000000001,2.0244000000000004,,,,,,298.74195,277.6336500000001
2008-01-02,188187,CPICQ,sell,criteria:rank:below_top_share,45.0,17.296,2008-01-02,778.3199999999999,2.7241199999999997,,,,,,1746.2947139999999,-970.6988339999999
2008-01-02,197942,IDXX,buy,rebalance,12.0,29.09,2008-01-02,349.08,1.2217799999999999,-312.3333333333333,Healthcare,0.7725882346896354,0.8450467738066683,0.9421109316101238,,
2008-01-02,198566,HON,buy,rebalance,9.0,35.791,2008-01-02,322.11899999999997,1.1274164999999998,-322.6666666666667,Industrials,0.799012953070333,0.81458383305349,0.9289176090468497,,
2008-01-02,188220,MHS,buy,rebalance,6.0,51.735,2008-01-02,310.40999999999997,1.0864349999999998,-325.0,Consumer Defensive,0.7117872383858551,0.9030942672103622,0.9658050619278407,,
2008-01-02,197849,ROP,buy,rebalance,6.0,54.434,2008-01-02,326.604,1.143114,-335.3333333333333,Technology,0.7655267516940819,0.7927560566082994,0.9889606892837911,,
2008-01-02,196859,MTD,buy,rebalance,3.0,112.1,2008-01-02,336.29999999999995,1.17705,-345.6666666666667,Healthcare,0.7644367458929847,0.857279923242984,0.9111470113085622,,
2008-01-02,199576,VGR,buy,rebalance,142.0,2.456,2008-01-02,348.752,1.2206320000000002,-353.6666666666667,Consumer Defensive,0.7631823997833962,0.8114655792756057,0.9563812600969306,,
2008-01-02,196855,AME,buy,rebalance,19.0,18.161,2008-01-02,345.059,1.2077065,-355.3333333333333,Industrials,0.7851009658812511,0.7855600863516431,0.9493807215939688,,
2008-01-02,199209,WLY,buy,rebalance,13.0,25.87,2008-01-02,336.31,1.177085,-360.3333333333333,Consumer Cyclical,0.7887170521486725,0.7392660110338211,0.9894991922455574,,
2008-01-02,193213,TT,buy,rebalance,17.0,20.369,2008-01-02,346.273,1.2119555000000002,-369.3333333333333,Basic Materials,0.744894585176505,0.8184216838570401,0.9679590737749058,,
2008-01-02,199327,CVX,buy,rebalance,7.0,44.779,2008-01-02,313.45300000000003,1.0970855000000002,-372.0,Energy,0.7940217285569611,0.8280163108659151,0.877221324717286,,
2008-02-01,197942,IDXX,buy,rebalance,4.0,28.9,2008-02-01,115.6,0.4046,-309.0,Healthcare,0.7725882346896356,0.8450467738066683,0.9421109316101238,,
2008-02-01,198566,HON,buy,rebalance,3.0,35.977,2008-02-01,107.93099999999998,0.37775849999999994,-318.0,Industrials,0.7990129530703332,0.81458383305349,0.9289176090468497,,
2008-02-01,188220,MHS,buy,rebalance,2.0,50.72,2008-02-01,101.44,0.35504,-321.3333333333333,Consumer Defensive,0.7117872383858552,0.9030942672103622,0.9658050619278407,,
2008-02-01,197849,ROP,buy,rebalance,2.0,51.15,2008-02-01,102.3,0.35805,-330.3333333333333,Technology,0.765526751694082,0.7927560566082994,0.9889606892837911,,
2008-02-01,196859,MTD,buy,rebalance,1.0,99.11,2008-02-01,99.11,0.346885,-342.6666666666667,Healthcare,0.7644367458929848,0.857279923242984,0.9111470113085622,,
2008-02-01,199576,VGR,buy,rebalance,50.0,2.314,2008-02-01,115.7,0.40495000000000003,-349.0,Consumer Defensive,0.7631823997833962,0.8114655792756057,0.9563812600969306,,
2008-02-01,196855,AME,buy,rebalance,6.0,17.539,2008-02-01,105.23400000000001,0.36831900000000006,-349.6666666666667,Industrials,0.785100965881251,0.7855600863516431,0.9493807215939688,,
2008-02-01,199209,WLY,buy,rebalance,4.0,25.051,2008-02-01,100.204,0.35071399999999997,-354.3333333333333,Consumer Cyclical,0.7887170521486726,0.7392660110338211,0.9894991922455574,,
2008-02-01,193213,TT,buy,rebalance,6.0,17.783,2008-02-01,106.69800000000001,0.373443,-364.3333333333333,Basic Materials,0.744894585176505,0.8184216838570401,0.9679590737749058,,
2008-02-01,199327,CVX,buy,rebalance,2.0,39.523,2008-02-01,79.046,0.27666100000000005,-367.0,Energy,0.7940217285569613,0.8280163108659151,0.877221324717286,,
2008-03-03,197942,IDXX,buy,rebalance,4.0,27.085,2008-03-03,108.34,0.37919,-305.3333333333333,Healthcare,0.7725882346896353,0.8450467738066683,0.9421109316101238,,
2008-03-03,198566,HON,buy,rebalance,3.0,35.151,2008-03-03,105.453,0.3690855,-314.3333333333333,Industrials,0.7990129530703332,0.81458383305349,0.9289176090468497,,
2008-03-03,188220,MHS,buy,rebalance,2.0,43.85,2008-03-03,87.7,0.30695,-318.0,Consumer Defensive,0.7117872383858551,0.9030942672103622,0.9658050619278407,,
2008-03-03,197849,ROP,buy,rebalance,2.0,51.114,2008-03-03,102.228,0.357798,-325.3333333333333,Technology,0.7655267516940818,0.7927560566082994,0.9889606892837911,,
2008-03-03,196859,MTD,buy,rebalance,1.0,99.34,2008-03-03,99.34,0.34769,-338.3333333333333,Healthcare,0.7644367458929848,0.857279923242984,0.9111470113085622,,
2008-03-03,199576,VGR,buy,rebalance,50.0,2.231,2008-03-03,111.55,0.390425,-344.0,Consumer Defensive,0.7631823997833962,0.8114655792756057,0.9563812600969306,,
2008-03-03,196855,AME,buy,rebalance,6.0,17.16,2008-03-03,102.96000000000001,0.36036,-345.0,Industrials,0.785100965881251,0.7855600863516431,0.9493807215939688,,
2008-03-03,199209,WLY,buy,rebalance,5.0,22.677,2008-03-03,113.38499999999999,0.39684749999999996,-349.3333333333333,Consumer Cyclical,0.7887170521486724,0.7392660110338211,0.9894991922455574,,
2008-03-03,193213,TT,buy,rebalance,5.0,19.44,2008-03-03,97.2,0.3402,-359.6666666666667,Basic Materials,0.744894585176505,0.8184216838570401,0.9679590737749058,,
2008-03-03,199327,CVX,buy,rebalance,2.0,42.075,2008-03-03,84.15,0.29452500000000004,-363.6666666666667,Energy,0.7940217285569613,0.8280163108659151,0.877221324717286,,
2008-04-01,196866,RL,sell,criteria:rank:below_top_share,11.0,46.397,2008-04-01,510.36699999999996,1.7862844999999998,,,,,,625.7033235,-117.12260800000007
2008-04-01,198006,OA,buy,rebalance,3.0,44.532,2008-04-01,133.596,0.467586,-224.66666666666666,Industrials,0.7813561920373778,0.8994914022765803,0.9545827633378933,,
2008-04-01,199839,KO,buy,rebalance,9.0,17.531,2008-04-01,157.779,0.5522265,-252.33333333333334,Consumer Defensive,0.7815800931903428,0.8464519254056673,0.987688098495212,,
2008-04-01,198566,HON,buy,rebalance,4.0,34.695,2008-04-01,138.78,0.48573,-263.6666666666667,Industrials,0.796509539353976,0.8684911600871882,0.9296853625170999,,
2008-04-01,197712,MD,buy,rebalance,4.0,34.315,2008-04-01,137.26,0.48041,-273.6666666666667,Healthcare,0.7675456771099348,0.8452409784451441,0.9923392612859097,,
2008-04-01,199120,CHD,buy,rebalance,15.0,10.787,2008-04-01,161.805,0.5663175,-293.3333333333333,Consumer Defensive,0.8018473447087845,0.8449987890530395,0.921751025991792,,
2008-04-01,199137,MRK,buy,rebalance,8.0,19.314,2008-04-01,154.512,0.540792,-326.6666666666667,Healthcare,0.7735693807711932,0.8670380237345604,0.9075239398084816,,
2008-04-01,199385,ROL,buy,rebalance,61.0,2.668,2008-04-01,162.74800000000002,0.5696180000000001,-327.6666666666667,Consumer Cyclical,0.7241453238223062,0.8682489706950836,0.9890560875512996,,
2008-04-01,197849,ROP,buy,rebalance,2.0,55.358,2008-04-01,110.716,0.38750599999999996,-331.3333333333333,Technology,0.7632151146008456,0.8069750544926132,0.9887824897400821,,
2008-04-01,199354,SIAL,buy,rebalance,2.0,56.725,2008-04-01,113.45,0.397075,-349.0,Basic Materials,0.801244950654961,0.89319447808186,0.8213406292749658,,
2008-04-01,195607,NRP,buy,rebalance,2.0,67.194,2008-04-01,134.388,0.47035800000000005,-366.3333333333333,Basic Materials,0.7588852005343034,0.8047953499636716,0.9649794801641587,,
2008-05-01,198006,OA,buy,rebalance,2.0,47.766,2008-05-01,95.532,0.334362,-222.66666666666666,Industrials,0.7813561920373779,0.8994914022765803,0.9545827633378933,,
2008-05-01,199839,KO,buy,rebalance,7.0,16.86,2008-05-01,118.02,0.41307,-249.66666666666666,Consumer Defensive,0.7815800931903428,0.8464519254056673,0.987688098495212,,
2008-05-01,198566,HON,buy,rebalance,3.0,36.424,2008-05-01,109.27199999999999,0.38245199999999996,-260.6666666666667,Industrials,0.796509539353976,0.8684911600871882,0.9296853625170999,,
2008-05-01,197712,MD,buy,rebalance,3.0,34.2,2008-05-01,102.60000000000001,0.35910000000000003,-271.0,Healthcare,0.7675456771099349,0.8452409784451441,0.9923392612859097,,
2008-05-01,199120,CHD,buy,rebalance,11.0,11.017,2008-05-01,121.187,0.4241545,-290.0,Consumer Defensive,0.8018473447087845,0.8449987890530395,0.921751025991792,,
2008-05-01,199137,MRK,buy,rebalance,6.0,19.632,2008-05-01,117.792,0.412272,-323.6666666666667,Healthcare,0.7735693807711932,0.8670380237345604,0.9075239398084816,,
2008-05-01,199385,ROL,buy,rebalance,48.0,2.503,2008-05-01,120.144,0.42050400000000004,-324.3333333333333,Consumer Cyclical,0.7241453238223062,0.8682489706950836,0.9890560875512996,,
2008-05-01,197849,ROP,buy,rebalance,2.0,56.157,2008-05-01,112.314,0.393099,-328.0,Technology,0.7632151146008456,0.8069750544926132,0.9887824897400821,,
2008-05-01,199354,SIAL,buy,rebalance,2.0,53.296,2008-05-01,106.592,0.373072,-346.0,Basic Materials,0.801244950654961,0.89319447808186,0.8213406292749658,,
2008-05-01,195607,NRP,buy,rebalance,1.0,76.08,2008-05-01,76.08,0.26628,-363.0,Basic Materials,0.7588852005343035,0.8047953499636716,0.9649794801641587,,
2008-06-02,198006,OA,buy,rebalance,2.0,45.46,2008-06-02,90.92,0.31822,-217.33333333333334,Industrials,0.7813561920373779,0.8994914022765803,0.9545827633378933,,
2008-06-02,199839,KO,buy,rebalance,6.0,16.264,2008-06-02,97.584,0.341544,-244.33333333333334,Consumer Defensive,0.7815800931903428,0.8464519254056673,0.987688098495212,,
2008-06-02,198566,HON,buy,rebalance,3.0,35.163,2008-06-02,105.48899999999999,0.36921149999999997,-255.33333333333334,Industrials,0.796509539353976,0.8684911600871882,0.9296853625170999,,
2008-06-02,197712,MD,buy,rebalance,4.0,26.95,2008-06-02,107.8,0.3773,-265.6666666666667,Healthcare,0.7675456771099349,0.8452409784451441,0.9923392612859097,,
2008-06-02,199120,CHD,buy,rebalance,10.0,11.094,2008-06-02,110.94,0.38829,-284.0,Consumer Defensive,0.8018473447087845,0.8449987890530395,0.921751025991792,,
2008-06-02,199137,MRK,buy,rebalance,5.0,19.239,2008-06-02,96.19500000000001,0.33668250000000005,-317.6666666666667,Healthcare,0.7735693807711932,0.8670380237345604,0.9075239398084816,,
2008-06-02,199385,ROL,buy,rebalance,47.0,2.381,2008-06-02,111.907,0.3916745,-319.0,Consumer Cyclical,0.7241453238223062,0.8682489706950836,0.9890560875512996,,
2008-06-02,197849,ROP,buy,rebalance,1.0,57.498,2008-06-02,57.498,0.201243,-321.0,Technology,0.7632151146008456,0.8069750544926132,0.9887824897400821,,
2008-06-02,199354,SIAL,buy,rebalance,2.0,53.684,2008-06-02,107.368,0.375788,-339.3333333333333,Basic Materials,0.801244950654961,0.89319447808186,0.8213406292749658,,
2008-06-02,195607,NRP,buy,rebalance,1.0,97.237,2008-06-02,97.237,0.3403295,-355.3333333333333,Basic Materials,0.7588852005343035,0.8047953499636716,0.9649794801641587,,
2008-07-01,198615,MO,sell,criteria:rank:below_top_share,165.0,6.509,2008-07-01,1073.9850000000001,3.7589475000000006,,,,,,809.2213965000001,261.00465600000007
2008-07-01,199556,MAT,sell,criteria:rank:below_top_share,45.0,11.118,2008-07-01,500.31,1.751085,,,,,,702.8604315,-204.3015165
2008-07-01,186263,CHTT,sell,criteria:rank:below_top_share,8.0,66.18,2008-07-01,529.44,1.8530400000000002,,,,,,576.3200850000001,-48.73312499999997
2008-07-01,199137,MRK,sell,criteria:rank:below_top_share,19.0,19.527,2008-07-01,371.01300000000003,1.2985455000000001,,,,,,369.7887465,-0.07429199999995717
2008-07-01,199670,GNI,buy,rebalance,12.0,28.762,2008-07-01,345.144,1.208004,-227.0,Basic Materials,0.7643305466438443,0.8953853587823146,0.9859192348565357,,
2008-07-01,199839,KO,buy,rebalance,24.0,14.649,2008-07-01,351.57599999999996,1.230516,-228.0,Consumer Defensive,0.8008745694033281,0.8564870741725055,0.9742295430393199,,
2008-07-01,199836,CL,buy,rebalance,16.0,22.515,2008-07-01,360.24,1.26084,-236.66666666666666,Consumer Defensive,0.8038298233801281,0.8596279294515583,0.9593517534537725,,
2008-07-01,196736,RTN,buy,rebalance,8.0,42.426,2008-07-01,339.408,1.187928,-237.0,Industrials,0.7888577383309632,0.8891036482242087,0.9476620616365569,,
2008-07-01,198566,HON,buy,rebalance,11.0,30.67,2008-07-01,337.37,1.180795,-245.33333333333334,Industrials,0.7910624126978401,0.8973181928001933,0.9287991498405951,,
2008-07-01,197712,MD,buy,rebalance,14.0,24.49,2008-07-01,342.85999999999996,1.2000099999999998,-257.3333333333333,Healthcare,0.7824361746395906,0.839091568011597,0.9941551540913921,,
2008-07-01,197469,LH,buy,rebalance,6.0,56.21,2008-07-01,337.26,1.18041,-272.0,Healthcare,0.8043473132393328,0.7972940323749698,0.9904357066950054,,
2008-07-01,199623,IBM,buy,rebalance,5.0,62.34,2008-07-01,311.70000000000005,1.09095,-281.3333333333333,Technology,0.7908657493975707,0.8562454699202706,0.9423485653560042,,
2008-07-01,198189,BMC,buy,rebalance,10.0,36.0,2008-07-01,360.0,1.26,-311.0,Technology,0.7280929662641562,0.9130224691954578,0.953241232731137,,
2008-07-01,199354,SIAL,buy,rebalance,7.0,49.931,2008-07-01,349.517,1.2233095,-326.0,Basic Materials,0.7987364031156577,0.9311427881130708,0.813230605738576,,
2008-08-01,199670,GNI,buy,rebalance,4.0,27.18,2008-08-01,108.72,0.38052,-225.66666666666666,Basic Materials,0.7643305466438443,0.8953853587823146,0.9859192348565357,,
2008-08-01,199839,KO,buy,rebalance,7.0,15.263,2008-08-01,106.841,0.3739435,-226.0,Consumer Defensive,0.8008745694033281,0.8564870741725055,0.9742295430393199,,
2008-08-01,199836,CL,buy,rebalance,4.0,24.287,2008-08-01,97.148,0.340018,-234.66666666666666,Consumer Defensive,0.8038298233801281,0.8596279294515583,0.9593517534537725,,
2008-08-01,196736,RTN,buy,rebalance,2.0,41.737,2008-08-01,83.474,0.292159,-235.33333333333334,Industrials,0.7888577383309632,0.8891036482242087,0.9476620616365569,,
2008-08-01,198566,HON,buy,rebalance,3.0,30.754,2008-08-01,92.262,0.322917,-244.0,Industrials,0.7910624126978401,0.8973181928001933,0.9287991498405951,,
2008-08-01,197712,MD,buy,rebalance,4.0,24.205,2008-08-01,96.82,0.33887,-255.0,Healthcare,0.7824361746395906,0.839091568011597,0.9941551540913921,,
2008-08-01,197469,LH,buy,rebalance,2.0,55.417,2008-08-01,110.834,0.387919,-269.3333333333333,Healthcare,0.8043473132393328,0.7972940323749698,0.9904357066950054,,
2008-08-01,199623,IBM,buy,rebalance,1.0,66.192,2008-08-01,66.192,0.231672,-279.3333333333333,Technology,0.7908657493975707,0.8562454699202706,0.9423485653560042,,
2008-08-01,198189,BMC,buy,rebalance,3.0,32.61,2008-08-01,97.83,0.342405,-309.6666666666667,Technology,0.7280929662641563,0.9130224691954578,0.953241232731137,,
2008-08-01,199209,WLY,buy,rebalance,4.0,28.872,2008-08-01,115.488,0.404208,-323.3333333333333,Consumer Cyclical,0.783565504273697,0.7716839816380768,0.9973432518597237,,
2008-09-02,199839,KO,buy,rebalance,7.0,14.925,2008-09-02,104.47500000000001,0.36566250000000006,-223.33333333333334,Consumer Defensive,0.8008745694033281,0.8564870741725055,0.9742295430393199,,
2008-09-02,199670,GNI,buy,rebalance,5.0,23.719,2008-09-02,118.595,0.4150825,-223.66666666666666,Basic Materials,0.7643305466438441,0.8953853587823146,0.9859192348565357,,
2008-09-02,199836,CL,buy,rebalance,4.0,25.031,2008-09-02,100.124,0.35043399999999997,-232.0,Consumer Defensive,0.8038298233801281,0.8596279294515583,0.9593517534537725,,
2008-09-02,196736,RTN,buy,rebalance,2.0,44.595,2008-09-02,89.19,0.312165,-233.0,Industrials,0.7888577383309632,0.8891036482242087,0.9476620616365569,,
2008-09-02,198566,HON,buy,rebalance,3.0,30.438,2008-09-02,91.314,0.31959899999999997,-241.33333333333334,Industrials,0.7910624126978401,0.8973181928001933,0.9287991498405951,,
2008-09-02,197712,MD,buy,rebalance,4.0,28.685,2008-09-02,114.74,0.40159,-252.66666666666666,Healthcare,0.7824361746395908,0.839091568011597,0.9941551540913921,,
2008-09-02,197469,LH,buy,rebalance,1.0,60.303,2008-09-02,60.303,0.21106049999999998,-267.0,Healthcare,0.8043473132393328,0.7972940323749698,0.9904357066950054,,
2008-09-02,199623,IBM,buy,rebalance,1.0,62.13,2008-09-02,62.13,0.217455,-276.6666666666667,Technology,0.7908657493975707,0.8562454699202706,0.9423485653560042,,
2008-09-02,198189,BMC,buy,rebalance,3.0,33.11,2008-09-02,99.33,0.347655,-307.3333333333333,Technology,0.7280929662641561,0.9130224691954578,0.953241232731137,,
2008-09-02,199209,WLY,buy,rebalance,3.0,30.817,2008-09-02,92.451,0.3235785,-320.0,Consumer Cyclical,0.7835655042736971,0.7716839816380768,0.9973432518597237,,
2008-10-01,198582,MIDD,sell,criteria:rank:below_top_share,39.0,14.287,2008-10-01,557.193,1.9501755,,,,,,448.1279775,107.114847
2008-10-01,199010,IGT1,sell,criteria:rank:below_top_share,14.0,15.851,2008-10-01,221.91400000000002,0.776699,,,,,,506.90397600000006,-285.7666750000001
2008-10-01,199415,PCP,sell,criteria:rank:below_top_share,3.0,76.07,2008-10-01,228.20999999999998,0.798735,,,,,,447.85402200000004,-220.44275700000006
2008-10-01,199209,WLY,sell,criteria:rank:below_top_share,29.0,25.813,2008-10-01,748.577,2.6200195,,,,,,760.4904329999999,-14.533452499999953
2008-10-01,199385,ROL,sell,criteria:rank:below_top_share,156.0,2.919,2008-10-01,455.36400000000003,1.5937740000000002,,,,,,396.1807965,57.58942950000005
2008-10-01,199499,NRC,buy,rebalance,51.0,6.707,2008-10-01,342.057,1.1971995,-187.33333333333334,Healthcare,0.7738600306425698,0.9062801932367149,0.9942826027770215,,
2008-10-01,195607,NRP,buy,rebalance,5.0,58.259,2008-10-01,291.295,1.0195325000000002,-216.33333333333334,Basic Materials,0.7662464201383887,0.91256038647343,0.9716852708957255,,
2008-10-01,199685,GIS,buy,rebalance,18.0,18.822,2008-10-01,338.796,1.185786,-250.33333333333334,Consumer Defensive,0.8080412743927897,0.8265700483091788,0.9801252382248843,,
2008-10-01,199623,IBM,buy,rebalance,5.0,57.786,2008-10-01,288.93,1.011255,-257.3333333333333,Technology,0.7953429530004545,0.8463768115942029,0.9697794718213995,,
2008-10-01,185526,SY2,buy,rebalance,11.0,30.6,2008-10-01,336.6,1.1781000000000001,-257.6666666666667,Technology,0.7737224210503918,0.946376811594203,0.8856520555404301,,
2008-10-01,199120,CHD,buy,rebalance,28.0,12.248,2008-10-01,342.94399999999996,1.2003039999999998,-259.0,Consumer Defensive,0.8035183609428752,0.9012077294685991,0.895181050912061,,
2008-10-01,184151,DRS1,buy,rebalance,4.0,76.6,2008-10-01,306.4,1.0724,-260.0,Industrials,0.7657907787717361,0.909903381642512,0.9365641165260006,,
2008-10-01,196855,AME,buy,rebalance,21.0,16.088,2008-10-01,337.848,1.182468,-260.6666666666667,Industrials,0.7821627863733802,0.8599033816425121,0.9681459297576913,,
2008-10-01,199176,VAR,buy,rebalance,6.0,51.624,2008-10-01,309.744,1.0841040000000002,-283.0,Healthcare,0.7408605055652322,0.941304347826087,0.9224067519738633,,
2008-10-01,124603,TCP,buy,rebalance,26.0,12.887,2008-10-01,335.062,1.172717,-286.3333333333333,Energy,0.8172591028349686,0.7973429951690821,0.9725020419275796,,
2008-11-03,184151,DRS1,sell,criteria:rank:not_a_candidate,4.0,80.35,2008-11-03,321.4,1.1249,,,,,,307.4724,12.802699999999959
2008-11-03,199499,NRC,buy,rebalance,24.0,6.361,2008-11-03,152.664,0.534324,-185.66666666666666,Healthcare,0.7738600306425698,0.9062801932367149,0.9942826027770215,,
2008-11-03,195607,NRP,buy,rebalance,2.0,57.469,2008-11-03,114.938,0.402283,-215.0,Basic Materials,0.7662464201383887,0.91256038647343,0.9716852708957255,,
2008-11-03,199685,GIS,buy,rebalance,8.0,18.335,2008-11-03,146.68,0.5133800000000001,-247.0,Consumer Defensive,0.8080412743927897,0.8265700483091788,0.9801252382248843,,
2008-11-03,199623,IBM,buy,rebalance,3.0,48.63,2008-11-03,145.89000000000001,0.510615,-254.33333333333334,Technology,0.7953429530004545,0.8463768115942029,0.9697794718213995,,
2008-11-03,185526,SY2,buy,rebalance,5.0,27.12,2008-11-03,135.6,0.47459999999999997,-256.0,Technology,0.7737224210503916,0.946376811594203,0.8856520555404301,,
2008-11-03,199120,CHD,buy,rebalance,13.0,11.598,2008-11-03,150.774,0.527709,-256.6666666666667,Consumer Defensive,0.8035183609428752,0.9012077294685991,0.895181050912061,,
2008-11-03,196855,AME,buy,rebalance,11.0,13.084,2008-11-03,143.924,0.503734,-258.0,Industrials,0.7821627863733802,0.8599033816425121,0.9681459297576913,,
2008-11-03,199176,VAR,buy,rebalance,3.0,39.699,2008-11-03,119.097,0.4168395,-281.6666666666667,Healthcare,0.7408605055652322,0.941304347826087,0.9224067519738633,,
2008-11-03,199753,EMR,buy,rebalance,7.0,19.83,2008-11-03,138.81,0.485835,-281.6666666666667,Industrials,0.7889037533924587,0.8632850241545894,0.9319357473454941,,
2008-11-03,124603,TCP,buy,rebalance,13.0,11.421,2008-11-03,148.47299999999998,0.5196554999999999,-283.0,Energy,0.8172591028349686,0.7973429951690821,0.9725020419275796,,
2008-12-01,199499,NRC,buy,rebalance,21.0,5.215,2008-12-01,109.515,0.3833025,-185.0,Healthcare,0.7738600306425698,0.9062801932367149,0.9942826027770215,,
2008-12-01,195607,NRP,buy,rebalance,3.0,35.894,2008-12-01,107.68199999999999,0.37688699999999997,-214.0,Basic Materials,0.7662464201383886,0.91256038647343,0.9716852708957255,,
2008-12-01,199685,GIS,buy,rebalance,6.0,16.502,2008-12-01,99.012,0.346542,-245.0,Consumer Defensive,0.8080412743927897,0.8265700483091788,0.9801252382248843,,
2008-12-01,199623,IBM,buy,rebalance,2.0,40.587,2008-12-01,81.174,0.28410900000000006,-252.0,Technology,0.7953429530004545,0.8463768115942029,0.9697794718213995,,
2008-12-01,185526,SY2,buy,rebalance,5.0,22.7,2008-12-01,113.5,0.39725,-255.0,Technology,0.7737224210503918,0.946376811594203,0.8856520555404301,,
2008-12-01,199120,CHD,buy,rebalance,10.0,10.979,2008-12-01,109.78999999999999,0.38426499999999997,-255.0,Consumer Defensive,0.803518360942875,0.9012077294685991,0.895181050912061,,
2008-12-01,196855,AME,buy,rebalance,9.0,12.261,2008-12-01,110.34899999999999,0.3862215,-256.3333333333333,Industrials,0.7821627863733802,0.8599033816425121,0.9681459297576913,,
2008-12-01,199753,EMR,buy,rebalance,6.0,18.771,2008-12-01,112.626,0.394191,-279.6666666666667,Industrials,0.7889037533924589,0.8632850241545894,0.9319357473454941,,
2008-12-01,124603,TCP,buy,rebalance,12.0,8.849,2008-12-01,106.188,0.371658,-280.3333333333333,Energy,0.8172591028349686,0.7973429951690821,0.9725020419275796,,
2008-12-01,199176,VAR,buy,rebalance,3.0,32.886,2008-12-01,98.65800000000002,0.3453030000000001,-280.6666666666667,Healthcare,0.7408605055652322,0.941304347826087,0.9224067519738633,,
2009-01-02,198566,HON,sell,criteria:rank:below_top_share,61.0,21.235,2009-01-02,1295.335,4.533672500000001,,,,,,2058.642117,-767.8407894999998
2009-01-02,193213,TT,sell,criteria:rank:below_top_share,28.0,8.755,2009-01-02,245.14000000000001,0.85799,,,,,,552.0965985,-307.8145885
2009-01-02,185395,UST1,buy,rebalance,3.0,69.46,2009-01-02,208.38,0.72933,-120.66666666666667,Consumer Defensive,0.7531763502513749,0.9654088050314465,0.9772540422033433,,
2009-01-02,199685,GIS,buy,rebalance,16.0,16.299,2009-01-02,260.784,0.912744,-130.66666666666666,Consumer Defensive,0.7789455122587375,0.9283986453797775,0.9654699917785695,,
2009-01-02,197300,LMT,buy,rebalance,5.0,49.925,2009-01-02,249.625,0.8736875000000001,-168.33333333333334,Industrials,0.7776053813530802,0.8884857281083696,0.9747876130446698,,
2009-01-02,198047,TYL,buy,rebalance,21.0,11.99,2009-01-02,251.79,0.881265,-191.33333333333334,Technology,0.7473724529785789,0.9274310595065312,0.96355165798849,,
2009-01-02,116231,SKIL2,buy,rebalance,34.0,7.53,2009-01-02,256.02,0.8960699999999999,-201.66666666666666,Technology,0.7221037528111176,0.9296081277213353,0.9967114277884351,,
2009-01-02,199615,RYN,buy,rebalance,39.0,6.608,2009-01-02,257.712,0.901992,-207.33333333333334,Real Estate,0.7535537048761087,0.9392839864537977,0.9240887914497122,,
2009-01-02,197267,CBZ,buy,rebalance,29.0,8.83,2009-01-02,256.07,0.896245,-223.0,Industrials,0.760421767361546,0.8930817610062893,0.9490271307207454,,
2009-01-02,199660,HAS,buy,rebalance,15.0,16.787,2009-01-02,251.80499999999998,0.8813175,-229.33333333333334,Consumer Cyclical,0.7597988806000543,0.9213836477987422,0.9144971224993149,,
2009-01-02,188237,DNA1,buy,rebalance,3.0,82.6,2009-01-02,247.79999999999998,0.8673,-230.33333333333334,Healthcare,0.754269880274864,0.9583938074504113,0.8813373526993696,,
2009-01-02,199499,NRC,buy,rebalance,41.0,6.332,2009-01-02,259.61199999999997,0.908642,-243.66666666666666,Healthcare,0.7236559295921114,0.895984518626028,0.987941901890929,,
2009-02-02,185395,UST1,sell,criteria:rank:not_a_candidate,40.0,69.46,2009-02-02,2778.3999999999996,9.7244,,,,,,2127.636756,641.0388439999997
2009-02-02,199685,GIS,buy,rebalance,23.0,16.128,2009-02-02,370.944,1.2983040000000001,-129.0,Consumer Defensive,0.7789455122587375,0.9283986453797775,0.9654699917785695,,
2009-02-02,199877,CPB,buy,rebalance,22.0,17.142,2009-02-02,377.12399999999997,1.319934,-164.0,Consumer Defensive,0.7629087603506838,0.9129172714078374,0.9786242806248288,,
2009-02-02,197300,LMT,buy,rebalance,8.0,46.208,2009-02-02,369.664,1.293824,-166.66666666666666,Industrials,0.7776053813530802,0.8884857281083696,0.9747876130446698,,
2009-02-02,198047,TYL,buy,rebalance,30.0,12.74,2009-02-02,382.2,1.3377,-189.66666666666666,Technology,0.747372452978579,0.9274310595065312,0.96355165798849,,
2009-02-02,116231,SKIL2,buy,rebalance,52.0,7.37,2009-02-02,383.24,1.34134,-200.33333333333334,Technology,0.7221037528111175,0.9296081277213353,0.9967114277884351,,
2009-02-02,199615,RYN,buy,rebalance,58.0,6.577,2009-02-02,381.466,1.335131,-205.33333333333334,Real Estate,0.7535537048761086,0.9392839864537977,0.9240887914497122,,
2009-02-02,197267,CBZ,buy,rebalance,45.0,8.45,2009-02-02,380.24999999999994,1.3308749999999998,-221.0,Industrials,0.760421767361546,0.8930817610062893,0.9490271307207454,,
2009-02-02,199660,HAS,buy,rebalance,30.0,12.54,2009-02-02,376.2,1.3167,-227.33333333333334,Consumer Cyclical,0.7597988806000542,0.9213836477987422,0.9144971224993149,,
2009-02-02,188237,DNA1,buy,rebalance,4.0,82.1,2009-02-02,328.4,1.1494,-228.33333333333334,Healthcare,0.7542698802748641,0.9583938074504113,0.8813373526993696,,
2009-02-02,199499,NRC,buy,rebalance,71.0,5.446,2009-02-02,386.666,1.353331,-242.33333333333334,Healthcare,0.7236559295921116,0.895984518626028,0.987941901890929,,
2009-03-02,199685,GIS,buy,rebalance,7.0,14.232,2009-03-02,99.624,0.348684,-127.33333333333333,Consumer Defensive,0.7789455122587375,0.9283986453797775,0.9654699917785695,,
2009-03-02,199877,CPB,buy,rebalance,7.0,14.766,2009-03-02,103.362,0.361767,-162.33333333333334,Consumer Defensive,0.7629087603506838,0.9129172714078374,0.9786242806248288,,
2009-03-02,197300,LMT,buy,rebalance,3.0,35.281,2009-03-02,105.84299999999999,0.37045049999999996,-164.33333333333334,Industrials,0.7776053813530802,0.8884857281083696,0.9747876130446698,,
2009-03-02,198047,TYL,buy,rebalance,8.0,13.28,2009-03-02,106.24,0.37184,-188.0,Technology,0.747372452978579,0.9274310595065312,0.96355165798849,,
2009-03-02,116231,SKIL2,buy,rebalance,18.0,6.15,2009-03-02,110.7,0.38745,-198.66666666666666,Technology,0.7221037528111175,0.9296081277213353,0.9967114277884351,,
2009-03-02,199615,RYN,buy,rebalance,20.0,5.47,2009-03-02,109.39999999999999,0.38289999999999996,-203.66666666666666,Real Estate,0.7535537048761087,0.9392839864537977,0.9240887914497122,,
2009-03-02,197267,CBZ,buy,rebalance,16.0,6.89,2009-03-02,110.24,0.38584,-218.33333333333334,Industrials,0.760421767361546,0.8930817610062893,0.9490271307207454,,
2009-03-02,199660,HAS,buy,rebalance,8.0,12.872,2009-03-02,102.976,0.360416,-225.0,Consumer Cyclical,0.7597988806000543,0.9213836477987422,0.9144971224993149,,
2009-03-02,188237,DNA1,buy,rebalance,1.0,81.59,2009-03-02,81.59,0.285565,-226.66666666666666,Healthcare,0.754269880274864,0.9583938074504113,0.8813373526993696,,
2009-03-02,199499,NRC,buy,rebalance,24.0,4.553,2009-03-02,109.27199999999999,0.38245199999999996,-240.0,Healthcare,0.7236559295921116,0.895984518626028,0.987941901890929,,
2009-04-01,199900,BA,sell,criteria:rank:below_top_share,6.0,26.823,2009-04-01,160.938,0.563283,,,,,,222.5692755,-62.19455850000003
2009-04-01,195607,NRP,sell,criteria:rank:below_top_share,40.0,59.377,2009-04-01,2375.08,8.31278,,,,,,2537.6297265,-170.8625065000001
2009-04-01,199499,NRC,sell,criteria:rank:not_a_candidate,232.0,5.591,2009-04-01,1297.112,4.539892,,,,,,1364.545251,-71.97314299999994
2009-04-01,116231,SKIL2,sell,criteria:rank:below_top_share,104.0,6.56,2009-04-01,682.24,2.38784,,,,,,752.5848599999999,-72.73269999999991
2009-04-01,188237,DNA1,sell,criteria:rank:not_a_candidate,8.0,94.97,2009-04-01,759.76,2.65916,,,,,,660.092265,97.00857499999995
2009-04-01,199685,GIS,buy,rebalance,45.0,13.819,2009-04-01,621.855,2.1764925,-114.66666666666667,Consumer Defensive,0.7793341211473284,0.938412852969815,0.9723231758456807,,
2009-04-01,199357,SHW,buy,rebalance,44.0,14.236,2009-04-01,626.384,2.1923440000000003,-165.33333333333334,Basic Materials,0.7537879864029786,0.9333008763388511,0.9737209952474141,,
2009-04-01,184075,HLTH1,buy,rebalance,60.0,10.42,2009-04-01,625.2,2.1882,-171.0,Technology,0.7497413143277987,0.9483933787731256,0.9608610567514677,,
2009-04-01,199411,PG,buy,rebalance,21.0,28.909,2009-04-01,607.0889999999999,2.1248115,-179.0,Consumer Defensive,0.7841440117405155,0.8532132424537487,0.9932904668716802,,
2009-04-01,198253,LDR,buy,rebalance,16.0,38.32,2009-04-01,613.12,2.1459200000000003,-186.33333333333334,Technology,0.7367202848820417,0.9776046738072055,0.9354207436399217,,
2009-04-01,196224,GTIV,buy,rebalance,42.0,15.04,2009-04-01,631.68,2.21088,-201.0,Healthcare,0.702413861382164,0.9844206426484907,0.9709253564439474,,
2009-04-01,197333,APU,buy,rebalance,51.0,12.23,2009-04-01,623.73,2.183055,-201.0,Utilities,0.7486636829453097,0.943524829600779,0.9404528934861616,,
2009-04-01,199185,JNJ,buy,rebalance,19.0,31.993,2009-04-01,607.867,2.1275345,-212.66666666666666,Healthcare,0.78038091504469,0.8887536514118792,0.9267542633491753,,
2009-04-01,124603,TCP,buy,rebalance,49.0,12.78,2009-04-01,626.2199999999999,2.1917699999999996,-225.0,Energy,0.7951365477458375,0.8235150925024343,0.9706457925636007,,
2009-04-01,198804,PAYX,buy,rebalance,44.0,14.123,2009-04-01,621.4119999999999,2.1749419999999997,-251.66666666666666,Industrials,0.7787100505036686,0.811587147030185,0.9731618674867207,,
2009-05-01,199685,GIS,buy,rebalance,8.0,13.848,2009-05-01,110.784,0.38774400000000003,-112.0,Consumer Defensive,0.7793341211473284,0.938412852969815,0.9723231758456807,,
2009-05-01,199357,SHW,buy,rebalance,7.0,15.133,2009-05-01,105.931,0.3707585,-161.33333333333334,Basic Materials,0.7537879864029786,0.9333008763388511,0.9737209952474141,,
2009-05-01,184075,HLTH1,buy,rebalance,10.0,10.7,2009-05-01,107.0,0.3745,-167.0,Technology,0.7497413143277987,0.9483933787731256,0.9608610567514677,,
2009-05-01,199411,PG,buy,rebalance,3.0,29.945,2009-05-01,89.83500000000001,0.31442250000000005,-175.33333333333334,Consumer Defensive,0.7841440117405155,0.8532132424537487,0.9932904668716802,,
2009-05-01,198253,LDR,buy,rebalance,2.0,39.102,2009-05-01,78.204,0.27371399999999996,-184.0,Technology,0.7367202848820417,0.9776046738072055,0.9354207436399217,,
2009-05-01,197333,APU,buy,rebalance,8.0,13.359,2009-05-01,106.872,0.374052,-197.0,Utilities,0.7486636829453097,0.943524829600779,0.9404528934861616,,
2009-05-01,196224,GTIV,buy,rebalance,6.0,16.11,2009-05-01,96.66,0.33831,-198.66666666666666,Healthcare,0.702413861382164,0.9844206426484907,0.9709253564439474,,
2009-05-01,199185,JNJ,buy,rebalance,3.0,31.721,2009-05-01,95.163,0.3330705,-209.0,Healthcare,0.78038091504469,0.8887536514118792,0.9267542633491753,,
2009-05-01,124603,TCP,buy,rebalance,8.0,13.38,2009-05-01,107.04,0.37464000000000003,-221.0,Energy,0.7951365477458376,0.8235150925024343,0.9706457925636007,,
2009-05-01,198804,PAYX,buy,rebalance,7.0,14.978,2009-05-01,104.846,0.36696100000000004,-247.66666666666666,Industrials,0.7787100505036686,0.811587147030185,0.9731618674867207,,
2009-06-01,199685,GIS,buy,rebalance,7.0,14.037,2009-06-01,98.259,0.3439065,-109.33333333333333,Consumer Defensive,0.7793341211473284,0.938412852969815,0.9723231758456807,,
2009-06-01,199357,SHW,buy,rebalance,7.0,14.794,2009-06-01,103.558,0.362453,-158.0,Basic Materials,0.7537879864029786,0.9333008763388511,0.9737209952474141,,
2009-06-01,184075,HLTH1,buy,rebalance,9.0,11.96,2009-06-01,107.64000000000001,0.3767400000000001,-164.33333333333334,Technology,0.7497413143277987,0.9483933787731256,0.9608610567514677,,
2009-06-01,199411,PG,buy,rebalance,3.0,32.28,2009-06-01,96.84,0.33894,-171.0,Consumer Defensive,0.7841440117405156,0.8532132424537487,0.9932904668716802,,
2009-06-01,198253,LDR,buy,rebalance,2.0,44.238,2009-06-01,88.476,0.309666,-182.33333333333334,Technology,0.7367202848820417,0.9776046738072055,0.9354207436399217,,
2009-06-01,197333,APU,buy,rebalance,7.0,14.102,2009-06-01,98.714,0.345499,-193.33333333333334,Utilities,0.7486636829453097,0.943524829600779,0.9404528934861616,,
2009-06-01,196224,GTIV,buy,rebalance,6.0,16.11,2009-06-01,96.66,0.33831,-197.0,Healthcare,0.702413861382164,0.9844206426484907,0.9709253564439474,,
2009-06-01,199185,JNJ,buy,rebalance,3.0,33.945,2009-06-01,101.83500000000001,0.35642250000000003,-204.66666666666666,Healthcare,0.7803809150446899,0.8887536514118792,0.9267542633491753,,
2009-06-01,124603,TCP,buy,rebalance,6.0,15.992,2009-06-01,95.952,0.335832,-216.66666666666666,Energy,0.7951365477458376,0.8235150925024343,0.9706457925636007,,
2009-06-01,198804,PAYX,buy,rebalance,7.0,15.829,2009-06-01,110.803,0.3878105,-243.33333333333334,Industrials,0.7787100505036686,0.811587147030185,0.9731618674867207,,
2009-07-01,199673,GGG,sell,criteria:rank:below_top_share,122.0,5.698,2009-07-01,695.1560000000001,2.4330460000000005,,,,,,1048.4808840000003,-355.7579300000002
2009-07-01,198047,TYL,sell,criteria:rank:below_top_share,59.0,15.5,2009-07-01,914.5,3.20075,,,,,,742.8208050000001,168.47844499999997
2009-07-01,196997,DGX,buy,rebalance,6.0,41.834,2009-07-01,251.00400000000002,0.8785140000000001,-106.66666666666667,Healthcare,0.7804582522797477,0.9374693477194703,0.9764441951766686,,
2009-07-01,199841,CLX,buy,rebalance,8.0,33.399,2009-07-01,267.192,0.935172,-122.33333333333333,Consumer Defensive,0.7757143731263552,0.9102501226091221,0.9988782950084127,,
2009-07-01,124603,TCP,buy,rebalance,17.0,15.382,2009-07-01,261.49399999999997,0.915229,-131.0,Energy,0.8032379749026685,0.8928396272682687,0.9767246214245653,,
2009-07-01,185526,SY2,buy,rebalance,8.0,31.2,2009-07-01,249.6,0.8736,-139.33333333333334,Technology,0.7723182721145383,0.9136831780284453,0.982893998878295,,
2009-07-01,197997,AZO,buy,rebalance,1.0,152.76,2009-07-01,152.76,0.53466,-155.0,Consumer Cyclical,0.768543123229202,0.9732712113781266,0.914469994391475,,
2009-07-01,199357,SHW,buy,rebalance,18.0,14.791,2009-07-01,266.238,0.931833,-155.0,Basic Materials,0.7580151432135142,0.9409024031387935,0.9669097027481772,,
2009-07-01,199576,VGR,buy,rebalance,128.0,2.113,2009-07-01,270.464,0.946624,-176.0,Consumer Defensive,0.7952851716081075,0.8504168710152036,0.9840157038698822,,
2009-07-01,197167,OTEX,buy,rebalance,38.0,6.943,2009-07-01,263.834,0.923419,-191.66666666666666,Technology,0.734020804675102,0.9310936733692987,0.9781267526640494,,
2009-07-01,198040,SRCL,buy,rebalance,5.0,50.75,2009-07-01,253.75,0.888125,-202.0,Industrials,0.74430102483067,0.9026483570377636,0.9789680314077398,,
2009-07-01,199891,BMY,buy,rebalance,24.0,11.057,2009-07-01,265.368,0.928788,-204.33333333333334,Healthcare,0.7779253595424319,0.9043648847474252,0.9158721256309591,,
2009-08-03,196997,DGX,buy,rebalance,3.0,39.681,2009-08-03,119.04299999999999,0.4166505,-105.66666666666667,Healthcare,0.7804582522797479,0.9374693477194703,0.9764441951766686,,
2009-08-03,199841,CLX,buy,rebalance,3.0,35.113,2009-08-03,105.339,0.36868650000000003,-121.33333333333333,Consumer Defensive,0.775714373126355,0.9102501226091221,0.9988782950084127,,
2009-08-03,124603,TCP,buy,rebalance,7.0,16.295,2009-08-03,114.06500000000001,0.39922750000000007,-129.33333333333334,Energy,0.8032379749026685,0.8928396272682687,0.9767246214245653,,
2009-08-03,185526,SY2,buy,rebalance,3.0,35.65,2009-08-03,106.94999999999999,0.37432499999999996,-138.33333333333334,Technology,0.7723182721145382,0.9136831780284453,0.982893998878295,,
2009-08-03,199357,SHW,buy,rebalance,7.0,16.32,2009-08-03,114.24000000000001,0.39984000000000003,-154.0,Basic Materials,0.758015143213514,0.9409024031387935,0.9669097027481772,,
2009-08-03,199576,VGR,buy,rebalance,55.0,2.147,2009-08-03,118.085,0.4132975,-174.66666666666666,Consumer Defensive,0.7952851716081075,0.8504168710152036,0.9840157038698822,,
2009-08-03,197167,OTEX,buy,rebalance,16.0,7.194,2009-08-03,115.104,0.402864,-190.33333333333334,Technology,0.7340208046751019,0.9310936733692987,0.9781267526640494,,
2009-08-03,198040,SRCL,buy,rebalance,2.0,51.75,2009-08-03,103.5,0.36225,-200.0,Industrials,0.7443010248306698,0.9026483570377636,0.9789680314077398,,
2009-08-03,199891,BMY,buy,rebalance,10.0,11.926,2009-08-03,119.26,0.41741,-203.0,Healthcare,0.7779253595424319,0.9043648847474252,0.9158721256309591,,
2009-09-01,196997,DGX,buy,rebalance,3.0,39.032,2009-09-01,117.09599999999999,0.409836,-105.0,Healthcare,0.7804582522797477,0.9374693477194703,0.9764441951766686,,
2009-09-01,199841,CLX,buy,rebalance,3.0,34.744,2009-09-01,104.232,0.364812,-120.66666666666667,Consumer Defensive,0.7757143731263552,0.9102501226091221,0.9988782950084127,,
2009-09-01,124603,TCP,buy,rebalance,7.0,16.469,2009-09-01,115.28300000000002,0.4034905000000001,-128.66666666666666,Energy,0.8032379749026685,0.8928396272682687,0.9767246214245653,,
2009-09-01,185526,SY2,buy,rebalance,3.0,34.66,2009-09-01,103.97999999999999,0.36393,-137.66666666666666,Technology,0.7723182721145383,0.9136831780284453,0.982893998878295,,
2009-09-01,199357,SHW,buy,rebalance,7.0,16.457,2009-09-01,115.19900000000001,0.40319650000000007,-153.0,Basic Materials,0.7580151432135142,0.9409024031387935,0.9669097027481772,,
2009-09-01,199576,VGR,buy,rebalance,52.0,2.265,2009-09-01,117.78,0.41223,-173.66666666666666,Consumer Defensive,0.7952851716081075,0.8504168710152036,0.9840157038698822,,
2009-09-01,197167,OTEX,buy,rebalance,18.0,6.531,2009-09-01,117.55799999999999,0.41145299999999996,-189.33333333333334,Technology,0.734020804675102,0.9310936733692987,0.9781267526640494,,
2009-09-01,198040,SRCL,buy,rebalance,2.0,48.97,2009-09-01,97.94,0.34279,-199.0,Industrials,0.74430102483067,0.9026483570377636,0.9789680314077398,,
2009-09-01,199891,BMY,buy,rebalance,9.0,11.849,2009-09-01,106.641,0.3732435,-202.33333333333334,Healthcare,0.7779253595424319,0.9043648847474252,0.9158721256309591,,
2009-10-01,199660,HAS,sell,criteria:rank:below_top_share,93.0,15.817,2009-10-01,1470.981,5.1484335,,,,,,1414.876797,50.95576950000009
2009-10-01,199176,VAR,sell,criteria:rank:below_top_share,12.0,36.049,2009-10-01,432.58799999999997,1.514058,,,,,,529.3452465,-98.27130450000004
2009-10-01,196224,GTIV,sell,criteria:rank:below_top_share,54.0,24.52,2009-10-01,1324.08,4.6342799999999995,,,,,,827.8874999999998,491.5582200000001
2009-10-01,124603,TCP,buy,rebalance,25.0,17.087,2009-10-01,427.175,1.4951125,-128.33333333333334,Energy,0.7999034712417891,0.9059723593287266,0.9732498577120091,,
2009-10-01,197997,AZO,buy,rebalance,3.0,145.62,2009-10-01,436.86,1.52901,-154.33333333333334,Consumer Cyclical,0.7729183247352432,0.9279368213228035,0.9561752988047809,,
2009-10-01,197333,APU,buy,rebalance,28.0,15.667,2009-10-01,438.676,1.535366,-222.66666666666666,Utilities,0.7768797910012507,0.8926456071076012,0.9183266932270916,,
2009-10-01,199656,HWKN,buy,rebalance,51.0,8.594,2009-10-01,438.294,1.5340289999999999,-223.66666666666666,Basic Materials,0.7712533192459882,0.9420039486673247,0.8764940239043825,,
2009-10-01,197138,SPH,buy,rebalance,45.0,9.642,2009-10-01,433.89,1.518615,-231.33333333333334,Utilities,0.7838993701715729,0.9237413622902271,0.8685258964143426,,
2009-10-01,195629,TBRG,buy,rebalance,15.0,28.621,2009-10-01,429.315,1.5026025,-232.0,Healthcare,0.7086377772417997,0.9622408687068115,0.9533295389869095,,
2009-10-01,193488,WBD,buy,rebalance,30.0,14.455,2009-10-01,433.65,1.5177749999999999,-233.66666666666666,Communication Services,0.7075102914967285,0.9249753208292202,0.9931701764371087,,
2009-10-01,196997,DGX,buy,rebalance,11.0,38.191,2009-10-01,420.101,1.4703535,-235.33333333333334,Healthcare,0.7777790497358122,0.819101678183613,0.9789413773477519,,
2009-10-01,197167,OTEX,buy,rebalance,63.0,6.947,2009-10-01,437.661,1.5318135,-238.66666666666666,Technology,0.7404299255678367,0.8827739387956565,0.9735344336937962,,
2009-10-01,196834,PETS,buy,rebalance,42.0,10.363,2009-10-01,435.246,1.523361,-248.33333333333334,Consumer Defensive,0.7302457122707148,0.9202862783810464,0.939954467842914,,
2009-11-02,184075,HLTH1,sell,criteria:rank:not_a_candidate,79.0,15.23,2009-11-02,1203.17,4.211095,,,,,,842.7794400000001,356.1794649999998
2009-11-02,124603,TCP,buy,rebalance,12.0,17.382,2009-11-02,208.584,0.730044,-127.0,Energy,0.7999034712417891,0.9059723593287266,0.9732498577120091,,
2009-11-02,197997,AZO,buy,rebalance,1.0,136.22,2009-11-02,136.22,0.47677,-153.33333333333334,Consumer Cyclical,0.7729183247352432,0.9279368213228035,0.9561752988047809,,
2009-11-02,197333,APU,buy,rebalance,13.0,16.557,2009-11-02,215.24099999999999,0.7533434999999999,-221.0,Utilities,0.7768797910012507,0.8926456071076012,0.9183266932270916,,
2009-11-02,199656,HWKN,buy,rebalance,27.0,8.171,2009-11-02,220.617,0.7721595,-223.0,Basic Materials,0.7712533192459882,0.9420039486673247,0.8764940239043825,,
2009-11-02,197138,SPH,buy,rebalance,21.0,10.239,2009-11-02,215.019,0.7525665,-230.0,Utilities,0.7838993701715729,0.9237413622902271,0.8685258964143426,,
2009-11-02,195629,TBRG,buy,rebalance,7.0,29.238,2009-11-02,204.666,0.716331,-231.33333333333334,Healthcare,0.7086377772417997,0.9622408687068115,0.9533295389869095,,
2009-11-02,193488,WBD,buy,rebalance,16.0,13.64,2009-11-02,218.24,0.7638400000000001,-232.33333333333334,Communication Services,0.7075102914967285,0.9249753208292202,0.9931701764371087,,
2009-11-02,196997,DGX,buy,rebalance,5.0,41.471,2009-11-02,207.355,0.7257425,-233.66666666666666,Healthcare,0.7777790497358122,0.819101678183613,0.9789413773477519,,
2009-11-02,197167,OTEX,buy,rebalance,32.0,6.967,2009-11-02,222.944,0.780304,-237.0,Technology,0.7404299255678367,0.8827739387956565,0.9735344336937962,,
2009-11-02,196834,PETS,buy,rebalance,26.0,8.641,2009-11-02,224.666,0.786331,-247.0,Consumer Defensive,0.7302457122707148,0.9202862783810464,0.939954467842914,,
2009-12-01,124603,TCP,buy,rebalance,7.0,16.324,2009-12-01,114.26800000000001,0.39993800000000007,-126.66666666666667,Energy,0.7999034712417891,0.9059723593287266,0.9732498577120091,,
2009-12-01,197333,APU,buy,rebalance,6.0,17.052,2009-12-01,102.312,0.358092,-220.66666666666666,Utilities,0.7768797910012506,0.8926456071076012,0.9183266932270916,,
2009-12-01,199656,HWKN,buy,rebalance,14.0,8.269,2009-12-01,115.766,0.405181,-222.66666666666666,Basic Materials,0.7712533192459882,0.9420039486673247,0.8764940239043825,,
2009-12-01,197138,SPH,buy,rebalance,11.0,10.298,2009-12-01,113.278,0.396473,-229.66666666666666,Utilities,0.7838993701715729,0.9237413622902271,0.8685258964143426,,
2009-12-01,195629,TBRG,buy,rebalance,3.0,33.359,2009-12-01,100.077,0.3502695,-231.0,Healthcare,0.7086377772417998,0.9622408687068115,0.9533295389869095,,
2009-12-01,193488,WBD,buy,rebalance,7.0,16.195,2009-12-01,113.36500000000001,0.39677750000000006,-232.0,Communication Services,0.7075102914967284,0.9249753208292202,0.9931701764371087,,
2009-12-01,196997,DGX,buy,rebalance,2.0,43.267,2009-12-01,86.534,0.30286900000000005,-233.33333333333334,Healthcare,0.7777790497358122,0.819101678183613,0.9789413773477519,,
2009-12-01,197167,OTEX,buy,rebalance,16.0,7.228,2009-12-01,115.648,0.404768,-236.66666666666666,Technology,0.7404299255678367,0.8827739387956565,0.9735344336937962,,
2009-12-01,196834,PETS,buy,rebalance,12.0,9.039,2009-12-01,108.46799999999999,0.379638,-246.66666666666666,Consumer Defensive,0.7302457122707147,0.9202862783810464,0.939954467842914,,
2010-01-04,198253,LDR,sell,criteria:rank:below_top_share,31.0,47.037,2010-01-04,1458.147,5.1035145,,,,,,1103.6402685,349.4032169999998
2010-01-04,199327,CVX,sell,criteria:rank:below_top_share,11.0,40.547,2010-01-04,446.01699999999994,1.5610594999999998,,,,,,478.31727150000006,-33.86133100000012
2010-01-04,198006,OA,sell,criteria:rank:below_top_share,7.0,37.807,2010-01-04,264.649,0.9262715,,,,,,321.16816800000004,-57.44543950000002
2010-01-04,197712,MD,sell,criteria:rank:below_top_share,33.0,30.0,2010-01-04,990.0,3.465,,,,,,905.2372799999998,81.29772000000014
2010-01-04,197267,CBZ,sell,criteria:rank:below_top_share,90.0,7.62,2010-01-04,685.8,2.4003,,,,,,749.17296,-65.77326000000005
2010-01-04,196834,PETS,sell,criteria:rank:below_top_share,80.0,9.791,2010-01-04,783.28,2.74148,,,,,,771.0693299999999,9.469190000000026
2010-01-04,197001,NUS,buy,rebalance,34.0,16.835,2010-01-04,572.39,2.003365,-287.3333333333333,Consumer Defensive,0.6573781034796704,0.9109109109109109,0.9335243553008596,,
2010-01-04,197207,CLB,buy,rebalance,11.0,50.467,2010-01-04,555.137,1.9429794999999999,-307.6666666666667,Energy,0.6801097381792426,0.8330830830830831,0.9541547277936963,,
2010-01-04,124603,TCP,buy,rebalance,33.0,17.058,2010-01-04,562.914,1.970199,-316.3333333333333,Energy,0.7499298906465549,0.7975475475475475,0.9017191977077363,,
2010-01-04,199623,IBM,buy,rebalance,8.0,71.285,2010-01-04,570.28,1.9959799999999999,-333.0,Technology,0.7175136851948061,0.7477477477477478,0.9636103151862464,,
2010-01-04,197110,TUPBQ,buy,rebalance,17.0,32.751,2010-01-04,556.7669999999999,1.9486845,-351.6666666666667,Consumer Cyclical,0.6277266829962388,0.9181681681681682,0.9191977077363896,,
2010-01-04,193488,WBD,buy,rebalance,37.0,15.5,2010-01-04,573.5,2.00725,-353.3333333333333,Communication Services,0.6328309867592363,0.8460960960960962,0.9796561604584527,,
2010-01-04,195522,HLF,buy,rebalance,60.0,9.506,2010-01-04,570.36,1.9962600000000001,-358.6666666666667,Consumer Defensive,0.6392501316972778,0.8328328328328328,0.9722063037249283,,
2010-01-04,198047,TYL,buy,rebalance,28.0,20.3,2010-01-04,568.4,1.9894,-367.3333333333333,Technology,0.6935045257268979,0.7222222222222222,0.9974212034383955,,
2010-01-04,195349,TDG,buy,rebalance,27.0,21.267,2010-01-04,574.209,2.0097315,-375.0,Industrials,0.6461038648808546,0.8225725725725725,0.956160458452722,,
2010-01-04,197079,FDS,buy,rebalance,10.0,55.396,2010-01-04,553.96,1.9388600000000002,-376.3333333333333,Financial Services,0.6865847666653708,0.7507507507507507,0.9641833810888252,,
2010-02-01,197001,NUS,buy,rebalance,7.0,14.606,2010-02-01,102.242,0.357847,-286.6666666666667,Consumer Defensive,0.6573781034796704,0.9109109109109109,0.9335243553008596,,
2010-02-01,197207,CLB,buy,rebalance,2.0,49.14,2010-02-01,98.28,0.34398,-305.6666666666667,Energy,0.6801097381792424,0.8330830830830831,0.9541547277936963,,
2010-02-01,124603,TCP,buy,rebalance,6.0,16.83,2010-02-01,100.97999999999999,0.35342999999999997,-314.0,Energy,0.7499298906465549,0.7975475475475475,0.9017191977077363,,
2010-02-01,199623,IBM,buy,rebalance,1.0,67.098,2010-02-01,67.098,0.234843,-330.6666666666667,Technology,0.7175136851948061,0.7477477477477478,0.9636103151862464,,
2010-02-01,197110,TUPBQ,buy,rebalance,3.0,29.629,2010-02-01,88.887,0.3111045,-351.0,Consumer Cyclical,0.6277266829962386,0.9181681681681682,0.9191977077363896,,
2010-02-01,193488,WBD,buy,rebalance,7.0,14.895,2010-02-01,104.265,0.3649275,-352.0,Communication Services,0.6328309867592363,0.8460960960960962,0.9796561604584527,,
2010-02-01,195522,HLF,buy,rebalance,12.0,9.08,2010-02-01,108.96000000000001,0.38136000000000003,-356.6666666666667,Consumer Defensive,0.6392501316972778,0.8328328328328328,0.9722063037249283,,
2010-02-01,198047,TYL,buy,rebalance,5.0,19.0,2010-02-01,95.0,0.3325,-365.0,Technology,0.6935045257268979,0.7222222222222222,0.9974212034383955,,
2010-02-01,195349,TDG,buy,rebalance,5.0,20.854,2010-02-01,104.27,0.364945,-373.0,Industrials,0.6461038648808546,0.8225725725725725,0.956160458452722,,
2010-02-01,197079,FDS,buy,rebalance,2.0,52.97,2010-02-01,105.94,0.37079,-374.0,Financial Services,0.6865847666653708,0.7507507507507507,0.9641833810888252,,
2010-03-01,197001,NUS,buy,rebalance,6.0,17.72,2010-03-01,106.32,0.37212,-286.6666666666667,Consumer Defensive,0.6573781034796704,0.9109109109109109,0.9335243553008596,,
2010-03-01,197207,CLB,buy,rebalance,2.0,51.423,2010-03-01,102.846,0.35996100000000003,-305.6666666666667,Energy,0.6801097381792425,0.8330830830830831,0.9541547277936963,,
2010-03-01,124603,TCP,buy,rebalance,6.0,17.276,2010-03-01,103.656,0.362796,-314.0,Energy,0.749929890646555,0.7975475475475475,0.9017191977077363,,
2010-03-01,199623,IBM,buy,rebalance,1.0,69.509,2010-03-01,69.509,0.2432815,-330.6666666666667,Technology,0.7175136851948061,0.7477477477477478,0.9636103151862464,,
2010-03-01,197110,TUPBQ,buy,rebalance,3.0,32.279,2010-03-01,96.83700000000002,0.33892950000000005,-351.0,Consumer Cyclical,0.6277266829962386,0.9181681681681682,0.9191977077363896,,
2010-03-01,193488,WBD,buy,rebalance,7.0,15.445,2010-03-01,108.11500000000001,0.37840250000000003,-352.0,Communication Services,0.6328309867592361,0.8460960960960962,0.9796561604584527,,
2010-03-01,195522,HLF,buy,rebalance,12.0,9.558,2010-03-01,114.696,0.401436,-356.6666666666667,Consumer Defensive,0.6392501316972778,0.8328328328328328,0.9722063037249283,,
2010-03-01,198047,TYL,buy,rebalance,6.0,18.73,2010-03-01,112.38,0.39333,-365.0,Technology,0.6935045257268979,0.7222222222222222,0.9974212034383955,,
2010-03-01,195349,TDG,buy,rebalance,5.0,22.645,2010-03-01,113.225,0.3962875,-373.0,Industrials,0.6461038648808546,0.8225725725725725,0.956160458452722,,
2010-03-01,197079,FDS,buy,rebalance,2.0,56.33,2010-03-01,112.66,0.39431,-374.0,Financial Services,0.6865847666653708,0.7507507507507507,0.9641833810888252,,
2010-04-01,193176,TW2,sell,criteria:rank:below_top_share,11.0,42.65,2010-04-01,469.15,1.6420249999999998,,,,,,442.86763049999996,24.640344500000026
2010-04-01,199576,VGR,sell,criteria:rank:below_top_share,747.0,2.374,2010-04-01,1773.3780000000002,6.206823000000001,,,,,,1817.8974494999998,-50.726272499999595
2010-04-01,197001,NUS,buy,rebalance,18.0,18.454,2010-04-01,332.172,1.1626020000000001,-370.3333333333333,Consumer Defensive,0.6569489002811462,0.8301355845484779,0.9345029239766082,,
2010-04-01,197916,STGW,buy,rebalance,60.0,5.506,2010-04-01,330.36,1.15626,-386.6666666666667,Communication Services,0.6187180738065152,0.8303914044512664,0.9941520467836257,,
2010-04-01,199059,AAPL,buy,rebalance,47.0,7.057,2010-04-01,331.67900000000003,1.1608765,-389.6666666666667,Technology,0.6626929535702686,0.782808902532617,0.9558479532163743,,
2010-04-01,193488,WBD,buy,rebalance,19.0,16.905,2010-04-01,321.19500000000005,1.1241825000000003,-404.6666666666667,Communication Services,0.6420836844053048,0.778715784088002,0.9821637426900585,,
2010-04-01,196024,TPR,buy,rebalance,12.0,26.111,2010-04-01,313.332,1.096662,-410.6666666666667,Consumer Cyclical,0.6151546177959186,0.8564850345356869,0.9497076023391813,,
2010-04-01,198326,NWL,buy,rebalance,37.0,8.989,2010-04-01,332.593,1.1640755,-412.0,Consumer Defensive,0.6045339383695788,0.8779739063699156,0.947953216374269,,
2010-04-01,196456,BKNG,buy,rebalance,33.0,10.067,2010-04-01,332.211,1.1627385000000001,-439.3333333333333,Industrials,0.5838424967577402,0.8718342287029931,0.9698830409356726,,
2010-04-01,194859,WCRX,buy,rebalance,23.0,14.177,2010-04-01,326.07099999999997,1.1412484999999999,-444.6666666666667,Healthcare,0.6094682819278016,0.8209260680480941,0.9649122807017544,,
2010-04-01,197065,SIRO,buy,rebalance,8.0,38.46,2010-04-01,307.68,1.07688,-454.3333333333333,Healthcare,0.6219289783504081,0.8667178306472244,0.8842105263157894,,
2010-04-01,197110,TUPBQ,buy,rebalance,9.0,33.419,2010-04-01,300.77099999999996,1.0526985,-463.3333333333333,Consumer Cyclical,0.6256676395317636,0.8168329496034792,0.9190058479532164,,
2010-05-03,197001,NUS,buy,rebalance,5.0,19.076,2010-05-03,95.38,0.33383,-368.0,Consumer Defensive,0.6569489002811463,0.8301355845484779,0.9345029239766082,,
2010-05-03,197916,STGW,buy,rebalance,16.0,6.684,2010-05-03,106.944,0.374304,-384.3333333333333,Communication Services,0.6187180738065152,0.8303914044512664,0.9941520467836257,,
2010-05-03,199059,AAPL,buy,rebalance,13.0,7.966,2010-05-03,103.558,0.362453,-386.6666666666667,Technology,0.6626929535702687,0.782808902532617,0.9558479532163743,,
2010-05-03,193488,WBD,buy,rebalance,5.0,19.68,2010-05-03,98.4,0.34440000000000004,-401.6666666666667,Communication Services,0.6420836844053048,0.778715784088002,0.9821637426900585,,
2010-05-03,196024,TPR,buy,rebalance,3.0,27.991,2010-05-03,83.973,0.2939055,-407.6666666666667,Consumer Cyclical,0.6151546177959185,0.8564850345356869,0.9497076023391813,,
2010-05-03,198326,NWL,buy,rebalance,10.0,10.192,2010-05-03,101.92,0.35672000000000004,-409.0,Consumer Defensive,0.6045339383695788,0.8779739063699156,0.947953216374269,,
2010-05-03,196456,BKNG,buy,rebalance,10.0,10.54,2010-05-03,105.39999999999999,0.36889999999999995,-437.0,Industrials,0.5838424967577402,0.8718342287029931,0.9698830409356726,,
2010-05-03,194859,WCRX,buy,rebalance,7.0,15.789,2010-05-03,110.523,0.3868305,-441.6666666666667,Healthcare,0.6094682819278014,0.8209260680480941,0.9649122807017544,,
2010-05-03,197065,SIRO,buy,rebalance,2.0,42.27,2010-05-03,84.54,0.29589000000000004,-451.3333333333333,Healthcare,0.6219289783504081,0.8667178306472244,0.8842105263157894,,
2010-05-03,197110,TUPBQ,buy,rebalance,3.0,35.718,2010-05-03,107.15400000000001,0.37503900000000007,-459.3333333333333,Consumer Cyclical,0.6256676395317636,0.8168329496034792,0.9190058479532164,,
2010-06-01,197001,NUS,buy,rebalance,6.0,17.67,2010-06-01,106.02000000000001,0.37107000000000007,-366.3333333333333,Consumer Defensive,0.6569489002811463,0.8301355845484779,0.9345029239766082,,
2010-06-01,197916,STGW,buy,rebalance,17.0,6.295,2010-06-01,107.015,0.3745525,-383.0,Communication Services,0.6187180738065152,0.8303914044512664,0.9941520467836257,,
2010-06-01,199059,AAPL,buy,rebalance,14.0,7.801,2010-06-01,109.214,0.382249,-384.6666666666667,Technology,0.6626929535702686,0.782808902532617,0.9558479532163743,,
2010-06-01,193488,WBD,buy,rebalance,5.0,18.54,2010-06-01,92.69999999999999,0.32444999999999996,-400.0,Communication Services,0.6420836844053048,0.778715784088002,0.9821637426900585,,
2010-06-01,196024,TPR,buy,rebalance,4.0,26.196,2010-06-01,104.784,0.366744,-406.3333333333333,Consumer Cyclical,0.6151546177959186,0.8564850345356869,0.9497076023391813,,
2010-06-01,198326,NWL,buy,rebalance,11.0,9.618,2010-06-01,105.798,0.37029300000000004,-407.6666666666667,Consumer Defensive,0.6045339383695788,0.8779739063699156,0.947953216374269,,
2010-06-01,196456,BKNG,buy,rebalance,15.0,7.247,2010-06-01,108.705,0.3804675,-435.3333333333333,Industrials,0.5838424967577404,0.8718342287029931,0.9698830409356726,,
2010-06-01,194859,WCRX,buy,rebalance,9.0,12.2,2010-06-01,109.8,0.3843,-440.0,Healthcare,0.6094682819278014,0.8209260680480941,0.9649122807017544,,
2010-06-01,197065,SIRO,buy,rebalance,3.0,33.28,2010-06-01,99.84,0.34944000000000003,-450.0,Healthcare,0.6219289783504081,0.8667178306472244,0.8842105263157894,,
2010-06-01,197110,TUPBQ,buy,rebalance,3.0,27.906,2010-06-01,83.71799999999999,0.29301299999999997,-457.3333333333333,Consumer Cyclical,0.6256676395317636,0.8168329496034792,0.9190058479532164,,
2010-07-01,197138,SPH,sell,criteria:rank:below_top_share,77.0,11.427,2010-07-01,879.879,3.0795765,,,,,,764.8546545,111.94476899999995
2010-07-01,197916,STGW,sell,criteria:rank:below_top_share,93.0,5.49,2010-07-01,510.57,1.7869950000000001,,,,,,546.2241165,-37.441111500000034
2010-07-01,188136,LNCR,buy,rebalance,8.0,29.647,2010-07-01,237.176,0.830116,-294.3333333333333,Healthcare,0.6903280966905573,0.8379078197824961,0.9344596562773084,,
2010-07-01,195522,HLF,buy,rebalance,22.0,10.757,2010-07-01,236.654,0.828289,-346.3333333333333,Consumer Defensive,0.6131794278147897,0.8845157949249094,0.9804835420914652,,
2010-07-01,197001,NUS,buy,rebalance,16.0,15.3,2010-07-01,244.8,0.8568,-361.3333333333333,Consumer Defensive,0.6376036618234334,0.8464526152252719,0.9539761141858433,,
2010-07-01,195349,TDG,buy,rebalance,11.0,21.749,2010-07-01,239.23899999999998,0.8373364999999999,-376.6666666666667,Industrials,0.6990831383990918,0.7371828068358364,0.9414506262743956,,
2010-07-01,199059,AAPL,buy,rebalance,33.0,7.432,2010-07-01,245.256,0.858396,-398.3333333333333,Technology,0.6432592599908625,0.7951838425686173,0.9568890183512962,,
2010-07-01,199324,SWK,buy,rebalance,7.0,33.079,2010-07-01,231.553,0.8104355,-398.6666666666667,Industrials,0.672763262829459,0.7962195753495598,0.9027090008738713,,
2010-07-01,174689,RBI,buy,rebalance,18.0,13.46,2010-07-01,242.28000000000003,0.8479800000000001,-402.6666666666667,Consumer Cyclical,0.6470606167159834,0.8376488865872604,0.9006699679580542,,
2010-07-01,115441,WPZ1,buy,rebalance,7.0,34.247,2010-07-01,239.72899999999998,0.8390515,-429.3333333333333,Energy,0.6223993695382735,0.9528741584671155,0.8170696184095543,,
2010-07-01,194859,WCRX,buy,rebalance,20.0,12.267,2010-07-01,245.33999999999997,0.85869,-429.3333333333333,Healthcare,0.580066044168074,0.8643190056965303,0.9982522575007282,,
2010-07-01,188102,LZ1,buy,rebalance,3.0,78.139,2010-07-01,234.41699999999997,0.8204594999999999,-456.6666666666667,Basic Materials,0.6556338235747027,0.8252200932159502,0.8464899504806291,,
2010-08-02,185526,SY2,sell,criteria:rank:not_a_candidate,35.0,64.98,2010-08-02,2274.3,7.960050000000001,,,,,,1049.891805,1216.448145
2010-08-02,188136,LNCR,buy,rebalance,14.0,22.965,2010-08-02,321.51,1.125285,-293.3333333333333,Healthcare,0.6903280966905573,0.8379078197824961,0.9344596562773084,,
2010-08-02,195522,HLF,buy,rebalance,29.0,11.419,2010-08-02,331.151,1.1590285,-345.3333333333333,Consumer Defensive,0.6131794278147897,0.8845157949249094,0.9804835420914652,,
2010-08-02,197001,NUS,buy,rebalance,18.0,18.313,2010-08-02,329.63399999999996,1.153719,-360.3333333333333,Consumer Defensive,0.6376036618234334,0.8464526152252719,0.9539761141858433,,
2010-08-02,195349,TDG,buy,rebalance,14.0,23.583,2010-08-02,330.162,1.155567,-375.6666666666667,Industrials,0.6990831383990918,0.7371828068358364,0.9414506262743956,,
2010-08-02,199059,AAPL,buy,rebalance,42.0,7.831,2010-08-02,328.90200000000004,1.1511570000000002,-397.0,Technology,0.6432592599908625,0.7951838425686173,0.9568890183512962,,
2010-08-02,199324,SWK,buy,rebalance,8.0,38.973,2010-08-02,311.784,1.091244,-397.0,Industrials,0.672763262829459,0.7962195753495598,0.9027090008738713,,
2010-08-02,174689,RBI,buy,rebalance,24.0,13.54,2010-08-02,324.96,1.13736,-401.3333333333333,Consumer Cyclical,0.6470606167159834,0.8376488865872604,0.9006699679580542,,
2010-08-02,115441,WPZ1,buy,rebalance,8.0,38.003,2010-08-02,304.024,1.064084,-428.0,Energy,0.6223993695382735,0.9528741584671155,0.8170696184095543,,
2010-08-02,194859,WCRX,buy,rebalance,23.0,14.343,2010-08-02,329.889,1.1546115000000001,-428.3333333333333,Healthcare,0.580066044168074,0.8643190056965303,0.9982522575007282,,
2010-08-02,188102,LZ1,buy,rebalance,3.0,94.039,2010-08-02,282.117,0.9874095,-455.3333333333333,Basic Materials,0.6556338235747027,0.8252200932159502,0.8464899504806291,,
2010-09-01,174689,RBI,sell,criteria:rank:not_a_candidate,42.0,13.56,2010-09-01,569.52,1.99332,,,,,,569.22534,-1.698660000000018
2010-09-01,188136,LNCR,buy,rebalance,7.0,21.955,2010-09-01,153.685,0.5378975,-290.3333333333333,Healthcare,0.6903280966905573,0.8379078197824961,0.9344596562773084,,
2010-09-01,195522,HLF,buy,rebalance,12.0,13.146,2010-09-01,157.752,0.5521320000000001,-342.3333333333333,Consumer Defensive,0.6131794278147897,0.8845157949249094,0.9804835420914652,,
2010-09-01,197001,NUS,buy,rebalance,9.0,17.164,2010-09-01,154.476,0.540666,-356.6666666666667,Consumer Defensive,0.6376036618234334,0.8464526152252719,0.9539761141858433,,
2010-09-01,195349,TDG,buy,rebalance,6.0,25.611,2010-09-01,153.666,0.537831,-372.6666666666667,Industrials,0.6990831383990918,0.7371828068358364,0.9414506262743956,,
2010-09-01,199059,AAPL,buy,rebalance,22.0,7.487,2010-09-01,164.714,0.576499,-393.3333333333333,Technology,0.6432592599908625,0.7951838425686173,0.9568890183512962,,
2010-09-01,199324,SWK,buy,rebalance,4.0,37.679,2010-09-01,150.716,0.527506,-393.3333333333333,Industrials,0.672763262829459,0.7962195753495598,0.9027090008738713,,
2010-09-01,115441,WPZ1,buy,rebalance,4.0,34.409,2010-09-01,137.636,0.481726,-424.3333333333333,Energy,0.6223993695382735,0.9528741584671155,0.8170696184095543,,
2010-09-01,194859,WCRX,buy,rebalance,10.0,16.005,2010-09-01,160.04999999999998,0.560175,-425.3333333333333,Healthcare,0.5800660441680738,0.8643190056965303,0.9982522575007282,,
2010-09-01,188102,LZ1,buy,rebalance,1.0,96.844,2010-09-01,96.844,0.338954,-450.6666666666667,Basic Materials,0.6556338235747027,0.8252200932159502,0.8464899504806291,,
2010-09-01,197110,TUPBQ,buy,rebalance,5.0,28.404,2010-09-01,142.02,0.49707000000000007,-465.3333333333333,Consumer Cyclical,0.613372492493456,0.7988089073019161,0.9446548208563939,,
2010-10-01,199324,SWK,sell,criteria:rank:below_top_share,19.0,41.413,2010-10-01,786.847,2.7539645,,,,,,696.4821855,87.61084999999991
2010-10-01,197207,CLB,buy,rebalance,2.0,74.025,2010-10-01,148.05,0.518175,-256.3333333333333,Energy,0.661279548827167,0.8652389657874119,0.9849557522123894,,
2010-10-01,195812,COR,buy,rebalance,8.0,24.746,2010-10-01,197.968,0.692888,-271.0,Healthcare,0.6994993282634862,0.8231914337947245,0.9542772861356932,,
2010-10-01,199855,CHE,buy,rebalance,3.0,51.497,2010-10-01,154.49099999999999,0.5407185,-297.3333333333333,Healthcare,0.7085120665003876,0.7795769130321233,0.9643067846607669,,
2010-10-01,197603,WINA,buy,rebalance,8.0,23.743,2010-10-01,189.944,0.664804,-299.3333333333333,Consumer Cyclical,0.6481890814703474,0.8555758683729433,0.9796460176991151,,
2010-10-01,199890,BF.B,buy,rebalance,16.0,11.687,2010-10-01,186.992,0.6544719999999999,-340.0,Consumer Defensive,0.7152710394273875,0.7787934186471663,0.9129793510324484,,
2010-10-01,199059,AAPL,buy,rebalance,23.0,8.45,2010-10-01,194.35,0.680225,-341.3333333333333,Technology,0.6505744780033758,0.8289370592844084,0.9616519174041298,,
2010-10-01,195522,HLF,buy,rebalance,14.0,14.186,2010-10-01,198.60399999999998,0.695114,-341.6666666666667,Consumer Defensive,0.6353473332529971,0.8409506398537477,0.9778761061946902,,
2010-10-01,199660,HAS,buy,rebalance,7.0,26.568,2010-10-01,185.976,0.650916,-353.3333333333333,Consumer Cyclical,0.6980175658642014,0.8302428832593366,0.8675516224188791,,
2010-10-01,195349,TDG,buy,rebalance,7.0,26.687,2010-10-01,186.809,0.6538315,-375.0,Industrials,0.705057710666076,0.742491512144163,0.9300884955752212,,
2010-10-01,193222,DTV1,buy,rebalance,4.0,41.83,2010-10-01,167.32,0.58562,-390.6666666666667,Communication Services,0.6926611438482403,0.7649516845129276,0.9050147492625369,,
2010-11-01,197207,CLB,buy,rebalance,1.0,64.906,2010-11-01,64.906,0.227171,-254.66666666666666,Energy,0.6612795488271669,0.8652389657874119,0.9849557522123894,,
2010-11-01,195812,COR,buy,rebalance,4.0,26.302,2010-11-01,105.208,0.368228,-269.0,Healthcare,0.6994993282634862,0.8231914337947245,0.9542772861356932,,
2010-11-01,199855,CHE,buy,rebalance,2.0,53.584,2010-11-01,107.168,0.37508800000000003,-294.3333333333333,Healthcare,0.7085120665003876,0.7795769130321233,0.9643067846607669,,
2010-11-01,197603,WINA,buy,rebalance,5.0,23.289,2010-11-01,116.44500000000001,0.4075575,-297.3333333333333,Consumer Cyclical,0.6481890814703474,0.8555758683729433,0.9796460176991151,,
2010-11-01,199890,BF.B,buy,rebalance,10.0,11.478,2010-11-01,114.78,0.40173000000000003,-337.0,Consumer Defensive,0.7152710394273875,0.7787934186471663,0.9129793510324484,,
2010-11-01,199059,AAPL,buy,rebalance,12.0,9.097,2010-11-01,109.16399999999999,0.38207399999999997,-339.0,Technology,0.6505744780033758,0.8289370592844084,0.9616519174041298,,
2010-11-01,195522,HLF,buy,rebalance,7.0,15.144,2010-11-01,106.008,0.37102799999999997,-339.3333333333333,Consumer Defensive,0.6353473332529971,0.8409506398537477,0.9778761061946902,,
2010-11-01,199660,HAS,buy,rebalance,4.0,27.934,2010-11-01,111.736,0.39107600000000003,-351.0,Consumer Cyclical,0.6980175658642014,0.8302428832593366,0.8675516224188791,,
2010-11-01,195349,TDG,buy,rebalance,4.0,28.724,2010-11-01,114.896,0.402136,-371.6666666666667,Industrials,0.7050577106660761,0.742491512144163,0.9300884955752212,,
2010-11-01,193222,DTV1,buy,rebalance,2.0,43.77,2010-11-01,87.54,0.30639000000000005,-387.0,Communication Services,0.6926611438482403,0.7649516845129276,0.9050147492625369,,
2010-12-01,197207,CLB,buy,rebalance,1.0,72.516,2010-12-01,72.516,0.25380600000000003,-252.66666666666666,Energy,0.661279548827167,0.8652389657874119,0.9849557522123894,,
2010-12-01,195812,COR,buy,rebalance,4.0,25.388,2010-12-01,101.552,0.355432,-266.6666666666667,Healthcare,0.6994993282634862,0.8231914337947245,0.9542772861356932,,
2010-12-01,199855,CHE,buy,rebalance,2.0,56.184,2010-12-01,112.368,0.39328799999999997,-292.0,Healthcare,0.7085120665003876,0.7795769130321233,0.9643067846607669,,
2010-12-01,197603,WINA,buy,rebalance,4.0,23.587,2010-12-01,94.348,0.330218,-295.3333333333333,Consumer Cyclical,0.6481890814703474,0.8555758683729433,0.9796460176991151,,
2010-12-01,199890,BF.B,buy,rebalance,8.0,12.575,2010-12-01,100.6,0.35209999999999997,-334.3333333333333,Consumer Defensive,0.7152710394273875,0.7787934186471663,0.9129793510324484,,
2010-12-01,199059,AAPL,buy,rebalance,11.0,9.463,2010-12-01,104.09299999999999,0.36432549999999997,-336.6666666666667,Technology,0.6505744780033758,0.8289370592844084,0.9616519174041298,,
2010-12-01,195522,HLF,buy,rebalance,6.0,16.203,2010-12-01,97.21799999999999,0.340263,-337.0,Consumer Defensive,0.6353473332529971,0.8409506398537477,0.9778761061946902,,
2010-12-01,199660,HAS,buy,rebalance,3.0,28.599,2010-12-01,85.797,0.3002895,-348.0,Consumer Cyclical,0.6980175658642014,0.8302428832593366,0.8675516224188791,,
2010-12-01,195349,TDG,buy,rebalance,3.0,29.783,2010-12-01,89.349,0.31272150000000004,-369.3333333333333,Industrials,0.705057710666076,0.742491512144163,0.9300884955752212,,
2010-12-01,193222,DTV1,buy,rebalance,2.0,41.23,2010-12-01,82.46,0.28861,-384.3333333333333,Communication Services,0.6926611438482403,0.7649516845129276,0.9050147492625369,,
2011-01-03,197300,LMT,sell,criteria:rank:below_top_share,62.0,43.583,2011-01-03,2702.1459999999997,9.457510999999998,,,,,,3188.4175395,-495.72905050000054
2011-01-03,198821,TSS,sell,criteria:rank:below_top_share,30.0,14.306,2011-01-03,429.17999999999995,1.50213,,,,,,673.900425,-246.2225550000001
2011-01-03,199170,ITT,sell,criteria:rank:below_top_share,33.0,17.434,2011-01-03,575.322,2.013627,,,,,,695.5850565,-122.27668349999999
2011-01-03,188220,MHS,sell,criteria:rank:below_top_share,10.0,61.63,2011-01-03,616.3000000000001,2.1570500000000004,,,,,,501.298425,112.84452500000003
2011-01-03,196997,DGX,sell,criteria:rank:below_top_share,30.0,40.699,2011-01-03,1220.97,4.273395,,,,,,1205.3369655,11.359639500000185
2011-01-03,195629,TBRG,sell,criteria:rank:below_top_share,25.0,33.781,2011-01-03,844.525,2.9558375,,,,,,736.627203,104.94195949999994
2011-01-03,198047,TYL,sell,criteria:rank:below_top_share,39.0,20.72,2011-01-03,808.0799999999999,2.82828,,,,,,778.49523,26.756489999999985
2011-01-03,194859,WCRX,sell,criteria:rank:below_top_share,92.0,17.457,2011-01-03,1606.044,5.621154000000001,,,,,,1286.1588555,314.2639905000001
2011-01-03,197997,AZO,buy,rebalance,3.0,268.4,2011-01-03,805.1999999999999,2.8182,-233.66666666666666,Consumer Cyclical,0.6471057884030467,0.8629883843717001,0.9434639545318576,,
2011-01-03,197207,CLB,buy,rebalance,13.0,74.704,2011-01-03,971.1519999999999,3.3990319999999996,-260.6666666666667,Energy,0.5961107190447109,0.8835797254487856,0.9814537840263237,,
2011-01-03,187636,ENDPQ,buy,rebalance,27.0,36.04,2011-01-03,973.0799999999999,3.40578,-277.3333333333333,Healthcare,0.6423764000697423,0.8482048574445618,0.919533353275501,,
2011-01-03,198615,MO,buy,rebalance,105.0,9.451,2011-01-03,992.355,3.4732425,-277.6666666666667,Consumer Defensive,0.6685924392407893,0.7600316789862724,0.9943164822016153,,
2011-01-03,199670,GNI,buy,rebalance,19.0,49.676,2011-01-03,943.844,3.3034540000000003,-283.3333333333333,Basic Materials,0.5856591588110326,0.8825237592397043,0.9847442416990727,,
2011-01-03,195349,TDG,buy,rebalance,31.0,31.75,2011-01-03,984.25,3.444875,-287.6666666666667,Industrials,0.6374087753391711,0.8397571277719112,0.9273107986838169,,
2011-01-03,198685,ROST,buy,rebalance,72.0,13.688,2011-01-03,985.5360000000001,3.4493760000000004,-297.6666666666667,Consumer Cyclical,0.6337992224279959,0.8384371700105596,0.9231229434639545,,
2011-01-03,195522,HLF,buy,rebalance,61.0,16.114,2011-01-03,982.9540000000001,3.4403390000000003,-309.3333333333333,Consumer Defensive,0.5900401062870018,0.8569165786694826,0.9757702662279389,,
2011-01-03,197671,INTU,buy,rebalance,22.0,43.571,2011-01-03,958.5619999999999,3.354967,-335.0,Technology,0.6178283723253416,0.821805702217529,0.9314986539036794,,
2011-01-03,193222,DTV1,buy,rebalance,24.0,40.98,2011-01-03,983.52,3.44232,-377.6666666666667,Communication Services,0.6393110610908803,0.779831045406547,0.9015854023332336,,
2011-02-01,197207,CLB,buy,rebalance,1.0,76.557,2011-02-01,76.557,0.2679495,-255.0,Energy,0.5961107190447109,0.8835797254487856,0.9814537840263237,,
2011-02-01,187636,ENDPQ,buy,rebalance,3.0,34.45,2011-02-01,103.35000000000001,0.361725,-271.0,Healthcare,0.6423764000697423,0.8482048574445618,0.919533353275501,,
2011-02-01,198615,MO,buy,rebalance,14.0,9.096,2011-02-01,127.344,0.445704,-272.0,Consumer Defensive,0.6685924392407893,0.7600316789862724,0.9943164822016153,,
2011-02-01,199670,GNI,buy,rebalance,3.0,36.15,2011-02-01,108.44999999999999,0.379575,-277.3333333333333,Basic Materials,0.5856591588110326,0.8825237592397043,0.9847442416990727,,
2011-02-01,195349,TDG,buy,rebalance,3.0,33.636,2011-02-01,100.90800000000002,0.35317800000000005,-281.0,Industrials,0.6374087753391711,0.8397571277719112,0.9273107986838169,,
2011-02-01,198685,ROST,buy,rebalance,9.0,14.056,2011-02-01,126.50399999999999,0.442764,-291.0,Consumer Cyclical,0.6337992224279959,0.8384371700105596,0.9231229434639545,,
2011-02-01,195522,HLF,buy,rebalance,8.0,15.77,2011-02-01,126.16,0.44156,-302.3333333333333,Consumer Defensive,0.5900401062870019,0.8569165786694826,0.9757702662279389,,
2011-02-01,197671,INTU,buy,rebalance,3.0,41.595,2011-02-01,124.785,0.4367475,-328.0,Technology,0.6178283723253416,0.821805702217529,0.9314986539036794,,
2011-02-01,193222,DTV1,buy,rebalance,3.0,43.02,2011-02-01,129.06,0.45171,-370.6666666666667,Communication Services,0.6393110610908803,0.779831045406547,0.9015854023332336,,
2011-03-01,197207,CLB,buy,rebalance,1.0,84.022,2011-03-01,84.022,0.29407700000000003,-253.0,Energy,0.5961107190447109,0.8835797254487856,0.9814537840263237,,
2011-03-01,198615,MO,buy,rebalance,13.0,9.69,2011-03-01,125.97,0.440895,-268.6666666666667,Consumer Defensive,0.6685924392407893,0.7600316789862724,0.9943164822016153,,
2011-03-01,187636,ENDPQ,buy,rebalance,3.0,36.21,2011-03-01,108.63,0.380205,-269.0,Healthcare,0.6423764000697423,0.8482048574445618,0.919533353275501,,
2011-03-01,199670,GNI,buy,rebalance,3.0,42.6,2011-03-01,127.80000000000001,0.44730000000000003,-275.0,Basic Materials,0.5856591588110326,0.8825237592397043,0.9847442416990727,,
2011-03-01,195349,TDG,buy,rebalance,3.0,34.953,2011-03-01,104.85900000000001,0.3670065,-279.0,Industrials,0.6374087753391711,0.8397571277719112,0.9273107986838169,,
2011-03-01,198685,ROST,buy,rebalance,8.0,15.37,2011-03-01,122.96,0.43035999999999996,-288.6666666666667,Consumer Cyclical,0.6337992224279959,0.8384371700105596,0.9231229434639545,,
2011-03-01,195522,HLF,buy,rebalance,7.0,17.652,2011-03-01,123.56400000000001,0.432474,-300.3333333333333,Consumer Defensive,0.5900401062870018,0.8569165786694826,0.9757702662279389,,
2011-03-01,197671,INTU,buy,rebalance,2.0,44.961,2011-03-01,89.922,0.314727,-325.6666666666667,Technology,0.6178283723253416,0.821805702217529,0.9314986539036794,,
2011-03-01,193222,DTV1,buy,rebalance,2.0,45.32,2011-03-01,90.64,0.31724,-367.6666666666667,Communication Services,0.6393110610908803,0.779831045406547,0.9015854023332336,,
2011-04-01,196736,RTN,sell,criteria:rank:below_top_share,12.0,40.651,2011-04-01,487.812,1.7073420000000001,,,,,,513.8642520000001,-27.75959400000005
2011-04-01,197110,TUPBQ,sell,criteria:rank:below_top_share,43.0,41.763,2011-04-01,1795.809,6.2853315,,,,,,1380.9705390000001,408.55312949999984
2011-04-01,115441,WPZ1,sell,criteria:rank:below_top_share,19.0,43.834,2011-04-01,832.846,2.914961,,,,,,683.7738615000001,146.1571775
2011-04-01,197997,AZO,buy,rebalance,1.0,274.67,2011-04-01,274.67,0.9613450000000001,-255.33333333333334,Consumer Cyclical,0.6473404964941508,0.8394336094042212,0.9480048367593712,,
2011-04-01,116168,PPD1,buy,rebalance,6.0,65.93,2011-04-01,395.58000000000004,1.3845300000000003,-269.3333333333333,Consumer Cyclical,0.6067181052137918,0.8567993588030991,0.9842805320435308,,
2011-04-01,195522,HLF,buy,rebalance,23.0,19.078,2011-04-01,438.794,1.535779,-287.3333333333333,Consumer Defensive,0.6169319629222219,0.826342506011221,0.9746070133010882,,
2011-04-01,187636,ENDPQ,buy,rebalance,11.0,38.86,2011-04-01,427.46,1.49611,-292.3333333333333,Healthcare,0.619095803069021,0.8674859738177932,0.9201934703748489,,
2011-04-01,124603,TCP,buy,rebalance,17.0,25.874,2011-04-01,439.858,1.539503,-298.6666666666667,Energy,0.6735296042086371,0.7892065188351589,0.9328899637243047,,
2011-04-01,196855,AME,buy,rebalance,16.0,26.921,2011-04-01,430.736,1.507576,-307.0,Industrials,0.6214457825799266,0.8308843173924659,0.9407496977025392,,
2011-04-01,194920,IHS2,buy,rebalance,4.0,89.2,2011-04-01,356.8,1.2488000000000001,-326.0,Communication Services,0.6151311371632537,0.7803900614480364,0.9930471584038694,,
2011-04-01,188702,QSFT,buy,rebalance,17.0,25.55,2011-04-01,434.35,1.5202250000000002,-338.6666666666667,Technology,0.6166213918478436,0.8183275447502004,0.9313784764207981,,
2011-04-01,197214,SAM,buy,rebalance,4.0,92.11,2011-04-01,368.44,1.28954,-340.0,Consumer Defensive,0.5908618285423485,0.9198503873897943,0.8742442563482467,,
2011-04-01,198582,MIDD,buy,rebalance,17.0,25.153,2011-04-01,427.601,1.4966035,-340.3333333333333,Industrials,0.57160158082931,0.87790542345712,0.9664449818621523,,
2011-05-02,116168,PPD1,buy,rebalance,2.0,65.94,2011-05-02,131.88,0.46158,-263.6666666666667,Consumer Cyclical,0.6067181052137918,0.8567993588030991,0.9842805320435308,,
2011-05-02,195522,HLF,buy,rebalance,6.0,21.192,2011-05-02,127.152,0.44503200000000004,-281.3333333333333,Consumer Defensive,0.6169319629222219,0.826342506011221,0.9746070133010882,,
2011-05-02,187636,ENDPQ,buy,rebalance,3.0,40.02,2011-05-02,120.06,0.42021000000000003,-286.0,Healthcare,0.619095803069021,0.8674859738177932,0.9201934703748489,,
2011-05-02,124603,TCP,buy,rebalance,5.0,24.103,2011-05-02,120.51500000000001,0.4218025000000001,-292.6666666666667,Energy,0.6735296042086371,0.7892065188351589,0.9328899637243047,,
2011-05-02,196855,AME,buy,rebalance,5.0,27.482,2011-05-02,137.41,0.480935,-301.0,Industrials,0.6214457825799268,0.8308843173924659,0.9407496977025392,,
2011-05-02,194920,IHS2,buy,rebalance,1.0,87.65,2011-05-02,87.65,0.306775,-319.0,Communication Services,0.6151311371632537,0.7803900614480364,0.9930471584038694,,
2011-05-02,188702,QSFT,buy,rebalance,5.0,25.55,2011-05-02,127.75,0.447125,-332.3333333333333,Technology,0.6166213918478438,0.8183275447502004,0.9313784764207981,,
2011-05-02,198582,MIDD,buy,rebalance,6.0,23.581,2011-05-02,141.486,0.495201,-333.6666666666667,Industrials,0.5716015808293099,0.87790542345712,0.9664449818621523,,
2011-05-02,197214,SAM,buy,rebalance,1.0,92.24,2011-05-02,92.24,0.32284,-334.0,Consumer Defensive,0.5908618285423485,0.9198503873897943,0.8742442563482467,,
2011-06-01,116168,PPD1,buy,rebalance,2.0,66.31,2011-06-01,132.62,0.46417,-260.0,Consumer Cyclical,0.6067181052137918,0.8567993588030991,0.9842805320435308,,
2011-06-01,195522,HLF,buy,rebalance,5.0,25.721,2011-06-01,128.605,0.45011749999999995,-277.6666666666667,Consumer Defensive,0.616931962922222,0.826342506011221,0.9746070133010882,,
2011-06-01,187636,ENDPQ,buy,rebalance,3.0,41.5,2011-06-01,124.5,0.43575,-283.0,Healthcare,0.6190958030690209,0.8674859738177932,0.9201934703748489,,
2011-06-01,124603,TCP,buy,rebalance,5.0,23.191,2011-06-01,115.955,0.4058425,-289.0,Energy,0.6735296042086372,0.7892065188351589,0.9328899637243047,,
2011-06-01,196855,AME,buy,rebalance,5.0,25.388,2011-06-01,126.94000000000001,0.4442900000000001,-297.3333333333333,Industrials,0.6214457825799267,0.8308843173924659,0.9407496977025392,,
2011-06-01,194920,IHS2,buy,rebalance,1.0,86.5,2011-06-01,86.5,0.30275,-315.3333333333333,Communication Services,0.6151311371632535,0.7803900614480364,0.9930471584038694,,
2011-06-01,188702,QSFT,buy,rebalance,6.0,22.12,2011-06-01,132.72,0.46452,-328.6666666666667,Technology,0.6166213918478437,0.8183275447502004,0.9313784764207981,,
2011-06-01,198582,MIDD,buy,rebalance,6.0,22.351,2011-06-01,134.106,0.469371,-330.6666666666667,Industrials,0.57160158082931,0.87790542345712,0.9664449818621523,,
2011-06-01,197214,SAM,buy,rebalance,1.0,82.49,2011-06-01,82.49,0.288715,-332.0,Consumer Defensive,0.5908618285423485,0.9198503873897943,0.8742442563482467,,
2011-07-01,124603,TCP,sell,criteria:rank:below_top_share,261.0,23.821,2011-07-01,6217.281,21.7604835,,,,,,4118.044887,2077.4756294999997
2011-07-01,188136,LNCR,sell,criteria:rank:below_top_share,29.0,28.82,2011-07-01,835.78,2.92523,,,,,,714.8642985,117.9904714999999
2011-07-01,193811,PM,buy,rebalance,25.0,32.687,2011-07-01,817.175,2.8601125,-205.0,Consumer Defensive,0.6640670453183111,0.8278181329028786,0.9898234061658187,,
2011-07-01,195259,RAI,buy,rebalance,57.0,14.368,2011-07-01,818.976,2.866416,-205.0,Consumer Defensive,0.6676950070259209,0.8272800645682001,0.988027536665669,,
2011-07-01,194920,IHS2,buy,rebalance,9.0,83.88,2011-07-01,754.92,2.64222,-255.33333333333334,Communication Services,0.6113252757224843,0.8531073446327684,0.9868302903322359,,
2011-07-01,198040,SRCL,buy,rebalance,9.0,91.22,2011-07-01,820.98,2.87343,-273.3333333333333,Industrials,0.6188174175286928,0.8356201237557169,0.9757557617479796,,
2011-07-01,187636,ENDPQ,buy,rebalance,20.0,40.66,2011-07-01,813.1999999999999,2.8461999999999996,-278.3333333333333,Healthcare,0.6120072650692931,0.901802528921173,0.9051182280754265,,
2011-07-01,116168,PPD1,buy,rebalance,12.0,66.49,2011-07-01,797.8799999999999,2.7925799999999996,-291.3333333333333,Consumer Cyclical,0.6121433432068271,0.8194780737153619,0.9871296019155942,,
2011-07-01,197935,BIIB,buy,rebalance,8.0,100.009,2011-07-01,800.072,2.800252,-309.0,Healthcare,0.5956714966074994,0.9211729889695991,0.8886560909907213,,
2011-07-01,198047,TYL,buy,rebalance,30.0,27.04,2011-07-01,811.1999999999999,2.8392,-328.3333333333333,Technology,0.6154884130382547,0.7721280602636534,0.9982041304998504,,
2011-07-01,197997,AZO,buy,rebalance,2.0,297.62,2011-07-01,595.24,2.08334,-333.6666666666667,Consumer Cyclical,0.6464273448254952,0.7643260694108152,0.9482190960790182,,
2011-07-01,198582,MIDD,buy,rebalance,32.0,25.595,2011-07-01,819.04,2.86664,-335.3333333333333,Industrials,0.5797811744713273,0.8528383104654291,0.9724633343310386,,
2011-08-01,116168,PPD1,sell,delisted,22.0,66.49,2011-06-30,1462.78,5.11973,,,,,,1463.06286,-5.402589999999918
2011-08-01,193811,PM,buy,rebalance,8.0,34.631,2011-08-01,277.048,0.969668,-204.33333333333334,Consumer Defensive,0.6640670453183112,0.8278181329028786,0.9898234061658187,,
2011-08-01,195259,RAI,buy,rebalance,21.0,13.405,2011-08-01,281.505,0.9852675,-204.33333333333334,Consumer Defensive,0.6676950070259209,0.8272800645682001,0.988027536665669,,
2011-08-01,194920,IHS2,buy,rebalance,3.0,73.35,2011-08-01,220.04999999999998,0.7701749999999999,-254.66666666666666,Communication Services,0.6113252757224842,0.8531073446327684,0.9868302903322359,,
2011-08-01,198040,SRCL,buy,rebalance,3.0,81.49,2011-08-01,244.46999999999997,0.8556449999999999,-272.6666666666667,Industrials,0.6188174175286927,0.8356201237557169,0.9757557617479796,,
2011-08-01,187636,ENDPQ,buy,rebalance,7.0,36.7,2011-08-01,256.90000000000003,0.8991500000000001,-278.0,Healthcare,0.612007265069293,0.901802528921173,0.9051182280754265,,
2011-08-01,197935,BIIB,buy,rebalance,3.0,94.847,2011-08-01,284.541,0.9958935,-308.3333333333333,Healthcare,0.5956714966074994,0.9211729889695991,0.8886560909907213,,
2011-08-01,198047,TYL,buy,rebalance,10.0,26.32,2011-08-01,263.2,0.9212,-327.6666666666667,Technology,0.6154884130382547,0.7721280602636534,0.9982041304998504,,
2011-08-01,197997,AZO,buy,rebalance,1.0,282.25,2011-08-01,282.25,0.9878750000000001,-333.0,Consumer Cyclical,0.6464273448254951,0.7643260694108152,0.9482190960790182,,
2011-08-01,198582,MIDD,buy,rebalance,13.0,22.086,2011-08-01,287.118,1.004913,-334.6666666666667,Industrials,0.5797811744713272,0.8528383104654291,0.9724633343310386,,
2011-08-01,197494,MPAA,buy,rebalance,22.0,12.76,2011-08-01,280.71999999999997,0.98252,-344.0,Consumer Cyclical,0.5195768475114083,0.9521119182136132,0.9901227177491769,,
2011-09-01,193811,PM,buy,rebalance,3.0,33.936,2011-09-01,101.80799999999999,0.356328,-202.0,Consumer Defensive,0.6640670453183112,0.8278181329028786,0.9898234061658187,,
2011-09-01,195259,RAI,buy,rebalance,8.0,14.337,2011-09-01,114.696,0.401436,-202.0,Consumer Defensive,0.6676950070259208,0.8272800645682001,0.988027536665669,,
2011-09-01,194920,IHS2,buy,rebalance,1.0,77.17,2011-09-01,77.17,0.27009500000000003,-252.33333333333334,Communication Services,0.6113252757224843,0.8531073446327684,0.9868302903322359,,
2011-09-01,198040,SRCL,buy,rebalance,1.0,85.5,2011-09-01,85.5,0.29925,-270.0,Industrials,0.6188174175286928,0.8356201237557169,0.9757557617479796,,
2011-09-01,187636,ENDPQ,buy,rebalance,3.0,31.81,2011-09-01,95.42999999999999,0.334005,-276.6666666666667,Healthcare,0.6120072650692929,0.901802528921173,0.9051182280754265,,
2011-09-01,197935,BIIB,buy,rebalance,1.0,86.284,2011-09-01,86.284,0.30199400000000004,-306.6666666666667,Healthcare,0.5956714966074994,0.9211729889695991,0.8886560909907213,,
2011-09-01,198047,TYL,buy,rebalance,4.0,25.38,2011-09-01,101.52,0.35531999999999997,-324.3333333333333,Technology,0.6154884130382549,0.7721280602636534,0.9982041304998504,,
2011-09-01,198582,MIDD,buy,rebalance,5.0,20.873,2011-09-01,104.36500000000001,0.36527750000000003,-331.3333333333333,Industrials,0.5797811744713273,0.8528383104654291,0.9724633343310386,,
2011-09-01,197494,MPAA,buy,rebalance,12.0,9.95,2011-09-01,119.39999999999999,0.4179,-340.6666666666667,Consumer Cyclical,0.5195768475114083,0.9521119182136132,0.9901227177491769,,
2011-10-03,195845,COL,sell,criteria:rank:below_top_share,23.0,45.553,2011-10-03,1047.719,3.6670165000000003,,,,,,1139.4772605,-95.42527700000005
2011-10-03,198290,APH,sell,criteria:rank:below_top_share,144.0,4.349,2011-10-03,626.2560000000001,2.1918960000000003,,,,,,507.381642,116.68246200000004
2011-10-03,199354,SIAL,sell,criteria:rank:below_top_share,13.0,58.463,2011-10-03,760.019,2.6600665,,,,,,679.2962445000001,78.06268899999998
2011-10-03,199753,EMR,sell,criteria:rank:below_top_share,13.0,27.241,2011-10-03,354.133,1.2394654999999999,,,,,,252.31602600000002,100.57750849999996
2011-10-03,199656,HWKN,sell,criteria:rank:below_top_share,92.0,11.659,2011-10-03,1072.6280000000002,3.7541980000000006,,,,,,777.3883695,291.4854325000001
2011-10-03,193488,WBD,sell,criteria:rank:below_top_share,133.0,18.365,2011-10-03,2442.5449999999996,8.548907499999999,,,,,,2070.652005,363.34408749999966
2011-10-03,198326,NWL,sell,criteria:rank:below_top_share,58.0,6.555,2011-10-03,380.19,1.330665,,,,,,542.2020885000001,-163.34275350000007
2011-10-03,188102,LZ1,sell,criteria:rank:not_a_candidate,7.0,134.97,2011-10-03,944.79,3.306765,,,,,,615.524823,325.95841199999995
2011-10-03,199660,HAS,sell,criteria:rank:below_top_share,14.0,19.536,2011-10-03,273.504,0.9572640000000001,,,,,,384.85128149999997,-112.30454549999996
2011-10-03,194920,IHS2,sell,criteria:rank:below_top_share,19.0,73.03,2011-10-03,1387.57,4.856495,,,,,,1588.6308149999998,-205.91730999999982
2011-10-03,188702,QSFT,sell,criteria:rank:below_top_share,28.0,15.09,2011-10-03,422.52,1.47882,,,,,,697.25187,-276.21069000000006
2011-10-03,197494,MPAA,sell,criteria:rank:below_top_share,34.0,7.63,2011-10-03,259.42,0.90797,,,,,,401.52042,-143.00838999999996
2011-10-03,197892,TNH,buy,rebalance,13.0,80.884,2011-10-03,1051.492,3.680222,-196.33333333333334,Basic Materials,0.6068159693225924,0.9271397616468039,0.9742962056303549,,
2011-10-03,195522,HLF,buy,rebalance,46.0,24.021,2011-10-03,1104.9660000000001,3.8673810000000004,-258.6666666666667,Consumer Defensive,0.5659014748559603,0.9360780065005417,0.9825581395348837,,
2011-10-03,188048,KCI,buy,rebalance,17.0,65.39,2011-10-03,1111.63,3.8907050000000005,-269.3333333333333,Industrials,0.6243232546946418,0.9149512459371615,0.8837209302325582,,
2011-10-03,197302,SHPG,buy,rebalance,13.0,85.832,2011-10-03,1115.8159999999998,3.9053559999999994,-272.3333333333333,Healthcare,0.6099080592831495,0.8274647887323944,0.9987760097919217,,
2011-10-03,195259,RAI,buy,rebalance,77.0,14.548,2011-10-03,1120.196,3.920686,-278.0,Consumer Defensive,0.6882801134482421,0.7489165763813651,0.9868421052631579,,
2011-10-03,199551,SPGI,buy,rebalance,36.0,30.456,2011-10-03,1096.416,3.837456,-299.0,Financial Services,0.6234556678149473,0.7946912242686891,0.9828641370869033,,
2011-10-03,197997,AZO,buy,rebalance,3.0,311.88,2011-10-03,935.64,3.27474,-313.6666666666667,Consumer Cyclical,0.6685442102751925,0.7527085590465872,0.9541003671970624,,
2011-10-03,194695,VIAB,buy,rebalance,37.0,30.248,2011-10-03,1119.176,3.917116,-314.0,Communication Services,0.5994811947925242,0.8228602383531961,0.9840881272949816,,
2011-10-03,198685,ROST,buy,rebalance,67.0,16.516,2011-10-03,1106.572,3.8730019999999996,-316.0,Consumer Cyclical,0.6393838553539658,0.8066088840736728,0.9210526315789473,,
2011-10-03,199059,AAPL,buy,rebalance,100.0,11.204,2011-10-03,1120.4,3.9214,-331.0,Technology,0.5994916674764184,0.8114842903575298,0.9782741738066095,,
2011-11-01,197892,TNH,buy,rebalance,1.0,102.113,2011-11-01,102.113,0.35739550000000003,-194.33333333333334,Basic Materials,0.6068159693225924,0.9271397616468039,0.9742962056303549,,
2011-11-01,195522,HLF,buy,rebalance,4.0,27.456,2011-11-01,109.824,0.384384,-257.6666666666667,Consumer Defensive,0.5659014748559603,0.9360780065005417,0.9825581395348837,,
2011-11-01,188048,KCI,buy,rebalance,1.0,68.4,2011-11-01,68.4,0.23940000000000003,-267.3333333333333,Industrials,0.624323254694642,0.9149512459371615,0.8837209302325582,,
2011-11-01,197302,SHPG,buy,rebalance,1.0,89.214,2011-11-01,89.214,0.312249,-269.3333333333333,Healthcare,0.6099080592831495,0.8274647887323944,0.9987760097919217,,
2011-11-01,195259,RAI,buy,rebalance,8.0,14.758,2011-11-01,118.064,0.413224,-274.3333333333333,Consumer Defensive,0.6882801134482421,0.7489165763813651,0.9868421052631579,,
2011-11-01,199551,SPGI,buy,rebalance,4.0,31.783,2011-11-01,127.132,0.444962,-295.6666666666667,Financial Services,0.6234556678149471,0.7946912242686891,0.9828641370869033,,
2011-11-01,194695,VIAB,buy,rebalance,3.0,34.769,2011-11-01,104.30699999999999,0.36507449999999997,-311.0,Communication Services,0.5994811947925242,0.8228602383531961,0.9840881272949816,,
2011-11-01,198685,ROST,buy,rebalance,7.0,18.809,2011-11-01,131.663,0.4608205,-312.6666666666667,Consumer Cyclical,0.6393838553539658,0.8066088840736728,0.9210526315789473,,
2011-11-01,199059,AAPL,buy,rebalance,11.0,11.859,2011-11-01,130.449,0.4565715000000001,-327.6666666666667,Technology,0.5994916674764184,0.8114842903575298,0.9782741738066095,,
2011-12-01,188048,KCI,sell,criteria:rank:not_a_candidate,18.0,68.47,2011-12-01,1232.46,4.313610000000001,,,,,,1184.1601050000002,43.98628499999995
2011-12-01,197892,TNH,buy,rebalance,2.0,102.155,2011-12-01,204.31,0.715085,-192.0,Basic Materials,0.6068159693225924,0.9271397616468039,0.9742962056303549,,
2011-12-01,195522,HLF,buy,rebalance,9.0,26.541,2011-12-01,238.869,0.8360415,-254.66666666666666,Consumer Defensive,0.5659014748559604,0.9360780065005417,0.9825581395348837,,
2011-12-01,197302,SHPG,buy,rebalance,2.0,97.003,2011-12-01,194.006,0.679021,-267.0,Healthcare,0.6099080592831495,0.8274647887323944,0.9987760097919217,,
2011-12-01,195259,RAI,buy,rebalance,15.0,16.22,2011-12-01,243.29999999999998,0.8515499999999999,-270.3333333333333,Consumer Defensive,0.688280113448242,0.7489165763813651,0.9868421052631579,,
2011-12-01,199551,SPGI,buy,rebalance,7.0,32.837,2011-12-01,229.85900000000004,0.8045065000000001,-292.3333333333333,Financial Services,0.6234556678149471,0.7946912242686891,0.9828641370869033,,
2011-12-01,194695,VIAB,buy,rebalance,7.0,35.578,2011-12-01,249.04600000000002,0.8716610000000001,-307.3333333333333,Communication Services,0.5994811947925243,0.8228602383531961,0.9840881272949816,,
2011-12-01,198685,ROST,buy,rebalance,12.0,19.998,2011-12-01,239.976,0.839916,-309.3333333333333,Consumer Cyclical,0.6393838553539658,0.8066088840736728,0.9210526315789473,,
2011-12-01,199059,AAPL,buy,rebalance,22.0,11.602,2011-12-01,255.244,0.893354,-323.6666666666667,Technology,0.5994916674764186,0.8114842903575298,0.9782741738066095,,
2011-12-01,196546,EGOV,buy,rebalance,24.0,10.622,2011-12-01,254.928,0.892248,-347.6666666666667,Technology,0.5532324695150307,0.9298483206933911,0.9207466340269278,,
2012-01-03,198189,BMC,sell,criteria:rank:below_top_share,16.0,33.19,2012-01-03,531.04,1.8586399999999998,,,,,,559.11006,-29.92870000000005
2012-01-03,199855,CHE,sell,criteria:rank:below_top_share,7.0,48.33,2012-01-03,338.31,1.184085,,,,,,375.3360945,-38.21017949999998
2012-01-03,187636,ENDPQ,sell,criteria:rank:below_top_share,80.0,34.9,2012-01-03,2792.0,9.772,,,,,,3033.1891350000005,-250.96113500000047
2012-01-03,193634,LO,buy,rebalance,15.0,32.121,2012-01-03,481.81500000000005,1.6863525000000001,-146.0,Consumer Defensive,0.6061755293666143,0.9042553191489362,0.9848812095032398,,
2012-01-03,197892,TNH,buy,rebalance,4.0,109.935,2012-01-03,439.74,1.53909,-182.0,Basic Materials,0.5389797750270284,0.9694489907255864,0.9867324899722308,,
2012-01-03,197997,AZO,buy,rebalance,1.0,319.79,2012-01-03,319.79,1.1192650000000002,-183.33333333333334,Consumer Cyclical,0.6205596372081151,0.8797054009819967,0.9527923480407282,,
2012-01-03,195522,HLF,buy,rebalance,20.0,24.907,2012-01-03,498.14,1.74349,-184.33333333333334,Consumer Defensive,0.5422956019695832,0.9631751227495908,0.9833384757790805,,
2012-01-03,197302,SHPG,buy,rebalance,5.0,99.873,2012-01-03,499.365,1.7477775,-218.66666666666666,Healthcare,0.5726281721128716,0.8657937806873978,0.9978401727861771,,
2012-01-03,197603,WINA,buy,rebalance,12.0,41.667,2012-01-03,500.004,1.7500140000000002,-223.0,Consumer Cyclical,0.5542359297679154,0.9012547735951991,0.9885837704412218,,
2012-01-03,199623,IBM,buy,rebalance,4.0,103.941,2012-01-03,415.764,1.455174,-234.0,Technology,0.6119060227380878,0.8254228041462084,0.9639000308546745,,
2012-01-03,199059,AAPL,buy,rebalance,41.0,12.299,2012-01-03,504.25899999999996,1.7649065,-234.33333333333334,Technology,0.5802771774391386,0.8622476813966176,0.9753162604134527,,
2012-01-03,195812,COR,buy,rebalance,16.0,31.004,2012-01-03,496.064,1.7362240000000002,-237.66666666666666,Healthcare,0.5919435534417342,0.842607746863066,0.9731564331996297,,
2012-01-03,199551,SPGI,buy,rebalance,14.0,35.039,2012-01-03,490.54600000000005,1.7169110000000003,-267.3333333333333,Financial Services,0.5717586275118836,0.8363338788870703,0.9793273680962666,,
2012-02-01,193634,LO,buy,rebalance,4.0,30.488,2012-02-01,121.952,0.426832,-144.0,Consumer Defensive,0.6061755293666143,0.9042553191489362,0.9848812095032398,,
2012-02-01,197892,TNH,buy,rebalance,1.0,125.144,2012-02-01,125.144,0.438004,-180.0,Basic Materials,0.5389797750270283,0.9694489907255864,0.9867324899722308,,
2012-02-01,195522,HLF,buy,rebalance,5.0,27.424,2012-02-01,137.12,0.47992,-182.0,Consumer Defensive,0.5422956019695832,0.9631751227495908,0.9833384757790805,,
2012-02-01,197302,SHPG,buy,rebalance,1.0,96.288,2012-02-01,96.288,0.337008,-215.66666666666666,Healthcare,0.5726281721128718,0.8657937806873978,0.9978401727861771,,
2012-02-01,197603,WINA,buy,rebalance,2.0,48.721,2012-02-01,97.442,0.341047,-220.0,Consumer Cyclical,0.5542359297679154,0.9012547735951991,0.9885837704412218,,
2012-02-01,199623,IBM,buy,rebalance,1.0,107.467,2012-02-01,107.467,0.3761345,-230.66666666666666,Technology,0.6119060227380879,0.8254228041462084,0.9639000308546745,,
2012-02-01,199059,AAPL,buy,rebalance,10.0,13.644,2012-02-01,136.44,0.47754,-231.0,Technology,0.5802771774391386,0.8622476813966176,0.9753162604134527,,
2012-02-01,195812,COR,buy,rebalance,4.0,32.421,2012-02-01,129.684,0.453894,-234.0,Healthcare,0.5919435534417342,0.842607746863066,0.9731564331996297,,
2012-02-01,199551,SPGI,buy,rebalance,4.0,35.147,2012-02-01,140.588,0.492058,-263.6666666666667,Financial Services,0.5717586275118836,0.8363338788870703,0.9793273680962666,,
2012-03-01,193634,LO,buy,rebalance,3.0,37.275,2012-03-01,111.82499999999999,0.39138749999999994,-143.0,Consumer Defensive,0.6061755293666143,0.9042553191489362,0.9848812095032398,,
2012-03-01,195522,HLF,buy,rebalance,4.0,32.143,2012-03-01,128.572,0.450002,-181.66666666666666,Consumer Defensive,0.5422956019695832,0.9631751227495908,0.9833384757790805,,
2012-03-01,197302,SHPG,buy,rebalance,1.0,102.076,2012-03-01,102.076,0.357266,-214.33333333333334,Healthcare,0.5726281721128716,0.8657937806873978,0.9978401727861771,,
2012-03-01,197603,WINA,buy,rebalance,3.0,44.101,2012-03-01,132.303,0.4630605,-218.66666666666666,Consumer Cyclical,0.5542359297679154,0.9012547735951991,0.9885837704412218,,
2012-03-01,199059,AAPL,buy,rebalance,8.0,16.284,2012-03-01,130.272,0.45595199999999997,-229.66666666666666,Technology,0.5802771774391386,0.8622476813966176,0.9753162604134527,,
2012-03-01,199623,IBM,buy,rebalance,1.0,110.635,2012-03-01,110.635,0.3872225,-229.66666666666666,Technology,0.6119060227380878,0.8254228041462084,0.9639000308546745,,
2012-03-01,195812,COR,buy,rebalance,4.0,30.485,2012-03-01,121.94,0.42679,-233.0,Healthcare,0.5919435534417342,0.842607746863066,0.9731564331996297,,
2012-03-01,199551,SPGI,buy,rebalance,3.0,35.92,2012-03-01,107.76,0.37716000000000005,-262.3333333333333,Financial Services,0.5717586275118836,0.8363338788870703,0.9793273680962666,,
2012-04-02,199915,BCR,sell,criteria:rank:below_top_share,4.0,95.948,2012-04-02,383.792,1.343272,,,,,,247.98391650000002,134.46481149999994
2012-04-02,194684,ORCL,sell,criteria:rank:below_top_share,36.0,24.036,2012-04-02,865.296,3.0285360000000003,,,,,,494.67331799999994,367.5941460000001
2012-04-02,193811,PM,buy,rebalance,5.0,45.136,2012-04-02,225.68,0.78988,-132.0,Consumer Defensive,0.6141045756019392,0.9005494505494506,0.9916096954630205,,
2012-04-02,193634,LO,buy,rebalance,6.0,37.829,2012-04-02,226.974,0.794409,-140.33333333333334,Consumer Defensive,0.5792014973420724,0.953021978021978,0.9742075823492853,,
2012-04-02,195164,DPZ,buy,rebalance,8.0,31.538,2012-04-02,252.304,0.8830640000000001,-153.0,Consumer Cyclical,0.5563725006195808,0.9807692307692307,0.9757613424487259,,
2012-04-02,198685,ROST,buy,rebalance,10.0,25.437,2012-04-02,254.37,0.8902950000000001,-153.33333333333334,Consumer Cyclical,0.6171341801761321,0.9379120879120879,0.925419515226849,,
2012-04-02,197858,PDLI,buy,rebalance,83.0,3.144,2012-04-02,260.952,0.913332,-188.33333333333334,Healthcare,0.566581680888239,0.9112637362637362,0.9968924798011187,,
2012-04-02,199670,GNI,buy,rebalance,6.0,39.908,2012-04-02,239.448,0.838068,-193.66666666666666,Basic Materials,0.5869527999538113,0.8755494505494505,0.9922311995027968,,
2012-04-02,199891,BMY,buy,rebalance,12.0,20.849,2012-04-02,250.188,0.8756579999999999,-207.33333333333334,Healthcare,0.6232199677503076,0.9178571428571428,0.8828464885021753,,
2012-04-02,194849,EXPE,buy,rebalance,8.0,30.256,2012-04-02,242.048,0.847168,-236.33333333333334,Industrials,0.5225941712751698,0.9478021978021978,0.9981354878806712,,
2012-04-02,199150,GWW,buy,rebalance,1.0,173.847,2012-04-02,173.847,0.6084645000000001,-237.66666666666666,Industrials,0.5685061927319541,0.9516483516483516,0.8986948415164698,,
2012-04-02,197892,TNH,buy,rebalance,1.0,162.43,2012-04-02,162.43,0.568505,-239.33333333333334,Basic Materials,0.5146929910568455,0.9763736263736263,0.9866376631448105,,
2012-05-01,193811,PM,buy,rebalance,2.0,45.449,2012-05-01,90.898,0.318143,-129.33333333333334,Consumer Defensive,0.6141045756019392,0.9005494505494506,0.9916096954630205,,
2012-05-01,193634,LO,buy,rebalance,3.0,38.328,2012-05-01,114.98400000000001,0.402444,-138.33333333333334,Consumer Defensive,0.5792014973420724,0.953021978021978,0.9742075823492853,,
2012-05-01,198685,ROST,buy,rebalance,4.0,27.145,2012-05-01,108.58,0.38003,-150.66666666666666,Consumer Cyclical,0.6171341801761321,0.9379120879120879,0.925419515226849,,
2012-05-01,195164,DPZ,buy,rebalance,4.0,29.261,2012-05-01,117.044,0.409654,-152.0,Consumer Cyclical,0.5563725006195808,0.9807692307692307,0.9757613424487259,,
2012-05-01,197858,PDLI,buy,rebalance,44.0,3.037,2012-05-01,133.628,0.46769799999999995,-185.66666666666666,Healthcare,0.566581680888239,0.9112637362637362,0.9968924798011187,,
2012-05-01,199670,GNI,buy,rebalance,4.0,27.677,2012-05-01,110.708,0.387478,-190.0,Basic Materials,0.5869527999538112,0.8755494505494505,0.9922311995027968,,
2012-05-01,199891,BMY,buy,rebalance,6.0,20.829,2012-05-01,124.974,0.43740900000000005,-204.0,Healthcare,0.6232199677503076,0.9178571428571428,0.8828464885021753,,
2012-05-01,194849,EXPE,buy,rebalance,3.0,37.799,2012-05-01,113.39699999999999,0.39688949999999995,-233.66666666666666,Industrials,0.5225941712751698,0.9478021978021978,0.9981354878806712,,
2012-06-01,193811,PM,buy,rebalance,3.0,41.808,2012-06-01,125.424,0.43898400000000004,-127.33333333333333,Consumer Defensive,0.6141045756019393,0.9005494505494506,0.9916096954630205,,
2012-06-01,193634,LO,buy,rebalance,4.0,34.861,2012-06-01,139.444,0.488054,-136.66666666666666,Consumer Defensive,0.5792014973420724,0.953021978021978,0.9742075823492853,,
2012-06-01,198685,ROST,buy,rebalance,5.0,26.828,2012-06-01,134.14,0.46948999999999996,-149.33333333333334,Consumer Cyclical,0.6171341801761321,0.9379120879120879,0.925419515226849,,
2012-06-01,195164,DPZ,buy,rebalance,5.0,24.647,2012-06-01,123.23499999999999,0.43132249999999994,-151.0,Consumer Cyclical,0.5563725006195808,0.9807692307692307,0.9757613424487259,,
2012-06-01,197858,PDLI,buy,rebalance,46.0,3.071,2012-06-01,141.26600000000002,0.49443100000000006,-183.33333333333334,Healthcare,0.566581680888239,0.9112637362637362,0.9968924798011187,,
2012-06-01,199670,GNI,buy,rebalance,5.0,26.492,2012-06-01,132.46,0.46361,-187.33333333333334,Basic Materials,0.5869527999538112,0.8755494505494505,0.9922311995027968,,
2012-06-01,199891,BMY,buy,rebalance,6.0,20.711,2012-06-01,124.26599999999999,0.43493099999999996,-202.0,Healthcare,0.6232199677503076,0.9178571428571428,0.8828464885021753,,
2012-06-01,194849,EXPE,buy,rebalance,3.0,40.613,2012-06-01,121.839,0.4264365,-231.33333333333334,Industrials,0.5225941712751698,0.9478021978021978,0.9981354878806712,,
2012-06-01,197892,TNH,buy,rebalance,1.0,134.008,2012-06-01,134.008,0.46902800000000006,-234.66666666666666,Basic Materials,0.5146929910568455,0.9763736263736263,0.9866376631448105,,
2012-07-02,197333,APU,sell,criteria:rank:below_top_share,113.0,22.518,2012-07-02,2544.534,8.905869000000001,,,,,,1591.0944075,944.5337235
2012-07-02,197167,OTEX,sell,criteria:rank:below_top_share,183.0,9.592,2012-07-02,1755.336,6.143676,,,,,,1277.2036215,471.98870250000004
2012-07-02,195522,HLF,sell,criteria:rank:below_top_share,372.0,23.715,2012-07-02,8821.98,30.876929999999998,,,,,,6087.3544305,2703.7486394999996
2012-07-02,197603,WINA,sell,criteria:rank:below_top_share,34.0,44.953,2012-07-02,1528.402,5.349407,,,,,,1134.4427010000002,388.60989199999995
2012-07-02,198582,MIDD,sell,criteria:rank:below_top_share,79.0,26.711,2012-07-02,2110.169,7.385591499999999,,,,,,1920.414006,182.36940249999998
2012-07-02,198047,TYL,sell,criteria:rank:below_top_share,44.0,40.85,2012-07-02,1797.4,6.290900000000001,,,,,,1180.03572,611.07338
2012-07-02,196546,EGOV,sell,criteria:rank:below_top_share,24.0,10.834,2012-07-02,260.01599999999996,0.9100559999999999,,,,,,255.820248,3.285695999999973
2012-07-02,194849,EXPE,sell,criteria:rank:below_top_share,14.0,44.743,2012-07-02,626.402,2.192407,,,,,,478.95449399999995,145.2550990000001
2012-07-02,193811,PM,buy,rebalance,45.0,45.356,2012-07-02,2041.02,7.14357,-140.33333333333334,Consumer Defensive,0.6290746145691735,0.8804736987055908,0.9907206928549335,,
2012-07-02,197997,AZO,buy,rebalance,5.0,364.22,2012-07-02,1821.1000000000001,6.373850000000001,-159.0,Consumer Cyclical,0.6138059833894924,0.9121454144863674,0.9526755335601609,,
2012-07-02,199059,AAPL,buy,rebalance,115.0,17.721,2012-07-02,2037.915,7.1327025,-167.66666666666666,Technology,0.5560992303177174,0.9592398788212614,0.9888648314259202,,
2012-07-02,195318,NSR1,buy,rebalance,60.0,33.91,2012-07-02,2034.6,7.1211,-169.33333333333334,Communication Services,0.6078215712031906,0.9113191958138254,0.949582431178472,,
2012-07-02,198685,ROST,buy,rebalance,74.0,27.538,2012-07-02,2037.8120000000001,7.132342,-171.66666666666666,Consumer Cyclical,0.60210636138721,0.9361057559900854,0.9294772656974946,,
2012-07-02,195259,RAI,buy,rebalance,111.0,18.45,2012-07-02,2047.9499999999998,7.167825,-174.33333333333334,Consumer Defensive,0.627765318903281,0.8479757642522721,0.9922672440457779,,
2012-07-02,198798,MLAB,buy,rebalance,48.0,42.721,2012-07-02,2050.6079999999997,7.177127999999999,-184.66666666666666,Technology,0.5645063804436964,0.9804461580831727,0.9334982987936901,,
2012-07-02,193960,V,buy,rebalance,71.0,28.578,2012-07-02,2029.038,7.1016330000000005,-187.33333333333334,Financial Services,0.5697086369794104,0.9462957862847701,0.9542220847510052,,
2012-07-02,195751,ABCO,buy,rebalance,40.0,51.24,2012-07-02,2049.6,7.1735999999999995,-215.0,Healthcare,0.5263522266649858,0.9724593775819333,0.9901020723785957,,
2012-07-02,199747,EFX,buy,rebalance,49.0,41.214,2012-07-02,2019.4859999999999,7.068200999999999,-232.33333333333334,Industrials,0.5772761136134593,0.873588543101074,0.9706155273739561,,
2012-08-01,193811,PM,buy,rebalance,2.0,46.192,2012-08-01,92.384,0.323344,-138.0,Consumer Defensive,0.6290746145691735,0.8804736987055908,0.9907206928549335,,
2012-08-01,199059,AAPL,buy,rebalance,7.0,18.149,2012-08-01,127.043,0.4446505,-166.33333333333334,Technology,0.5560992303177174,0.9592398788212614,0.9888648314259202,,
2012-08-01,195318,NSR1,buy,rebalance,3.0,34.66,2012-08-01,103.97999999999999,0.36393,-167.0,Communication Services,0.6078215712031906,0.9113191958138254,0.949582431178472,,
2012-08-01,198685,ROST,buy,rebalance,4.0,28.797,2012-08-01,115.188,0.403158,-170.66666666666666,Consumer Cyclical,0.60210636138721,0.9361057559900854,0.9294772656974946,,
2012-08-01,195259,RAI,buy,rebalance,7.0,18.856,2012-08-01,131.99200000000002,0.46197200000000005,-171.66666666666666,Consumer Defensive,0.6277653189032808,0.8479757642522721,0.9922672440457779,,
2012-08-01,198798,MLAB,buy,rebalance,3.0,42.619,2012-08-01,127.857,0.4474995,-183.66666666666666,Technology,0.5645063804436964,0.9804461580831727,0.9334982987936901,,
2012-08-01,193960,V,buy,rebalance,4.0,28.768,2012-08-01,115.072,0.402752,-186.0,Financial Services,0.5697086369794105,0.9462957862847701,0.9542220847510052,,
2012-08-01,195751,ABCO,buy,rebalance,3.0,43.86,2012-08-01,131.57999999999998,0.46052999999999994,-213.66666666666666,Healthcare,0.5263522266649858,0.9724593775819333,0.9901020723785957,,
2012-08-01,199747,EFX,buy,rebalance,3.0,39.661,2012-08-01,118.983,0.41644050000000005,-229.66666666666666,Industrials,0.5772761136134593,0.873588543101074,0.9706155273739561,,
2012-09-04,193811,PM,buy,rebalance,2.0,45.677,2012-09-04,91.354,0.319739,-135.66666666666666,Consumer Defensive,0.6290746145691735,0.8804736987055908,0.9907206928549335,,
2012-09-04,195318,NSR1,buy,rebalance,3.0,38.42,2012-09-04,115.26,0.40341000000000005,-164.66666666666666,Communication Services,0.6078215712031906,0.9113191958138254,0.949582431178472,,
2012-09-04,199059,AAPL,buy,rebalance,6.0,20.273,2012-09-04,121.638,0.42573300000000003,-165.33333333333334,Technology,0.5560992303177174,0.9592398788212614,0.9888648314259202,,
2012-09-04,198685,ROST,buy,rebalance,4.0,30.321,2012-09-04,121.284,0.42449400000000004,-168.33333333333334,Consumer Cyclical,0.60210636138721,0.9361057559900854,0.9294772656974946,,
2012-09-04,195259,RAI,buy,rebalance,6.0,18.831,2012-09-04,112.98599999999999,0.395451,-169.33333333333334,Consumer Defensive,0.6277653189032808,0.8479757642522721,0.9922672440457779,,
2012-09-04,198798,MLAB,buy,rebalance,2.0,44.354,2012-09-04,88.708,0.310478,-183.0,Technology,0.5645063804436964,0.9804461580831727,0.9334982987936901,,
2012-09-04,193960,V,buy,rebalance,4.0,29.056,2012-09-04,116.224,0.40678400000000003,-184.0,Financial Services,0.5697086369794105,0.9462957862847701,0.9542220847510052,,
2012-09-04,195751,ABCO,buy,rebalance,2.0,45.84,2012-09-04,91.68,0.32088000000000005,-212.0,Healthcare,0.5263522266649858,0.9724593775819333,0.9901020723785957,,
2012-09-04,199747,EFX,buy,rebalance,3.0,39.987,2012-09-04,119.96100000000001,0.41986350000000006,-227.0,Industrials,0.5772761136134593,0.873588543101074,0.9706155273739561,,
2012-10-01,199670,GNI,sell,criteria:rank:below_top_share,138.0,32.395,2012-10-01,4470.51,15.646785000000001,,,,,,4097.3035455,357.5596695000004
2012-10-01,196024,TPR,sell,criteria:rank:below_top_share,19.0,36.896,2012-10-01,701.024,2.453584,,,,,,503.84631149999996,194.72410450000007
2012-10-01,197065,SIRO,sell,criteria:rank:below_top_share,13.0,57.06,2012-10-01,741.78,2.59623,,,,,,493.78221,245.40155999999996
2012-10-01,199357,SHW,buy,rebalance,16.0,43.19,2012-10-01,691.04,2.41864,-142.66666666666666,Basic Materials,0.5825307763707376,0.9629219701162147,0.9645100502512562,,
2012-10-01,198685,ROST,buy,rebalance,24.0,28.872,2012-10-01,692.928,2.425248,-157.66666666666666,Consumer Cyclical,0.5954973428719393,0.9640287769784173,0.926821608040201,,
2012-10-01,193249,ASPS,buy,rebalance,1.0,652.963,2012-10-01,652.963,2.2853705,-159.0,Real Estate,0.5551772748271199,0.9858882125069175,0.9736180904522613,,
2012-10-01,199747,EFX,buy,rebalance,17.0,40.793,2012-10-01,693.481,2.4271835,-168.33333333333334,Industrials,0.5779800989178036,0.9418926397343663,0.9714195979899497,,
2012-10-01,199059,AAPL,buy,rebalance,36.0,19.806,2012-10-01,713.0160000000001,2.495556,-180.0,Technology,0.5804985486186507,0.9142224681793027,0.9880653266331658,,
2012-10-01,199196,TJX,buy,rebalance,38.0,18.86,2012-10-01,716.68,2.50838,-190.0,Consumer Cyclical,0.5933295992795561,0.9443829551743221,0.9214824120603015,,
2012-10-01,199781,DG,buy,rebalance,16.0,44.236,2012-10-01,707.776,2.477216,-192.66666666666666,Consumer Defensive,0.5929765009060907,0.9438295517432208,0.9205402010050251,,
2012-10-01,195243,BGS,buy,rebalance,62.0,11.555,2012-10-01,716.41,2.507435,-217.66666666666666,Consumer Defensive,0.5653597669576819,0.9219701162147206,0.964824120603015,,
2012-10-01,198928,UTMD,buy,rebalance,26.0,26.73,2012-10-01,694.98,2.43243,-220.0,Healthcare,0.6155382321132362,0.8536247924737134,0.9597989949748744,,
2012-10-01,196736,RTN,buy,rebalance,15.0,47.036,2012-10-01,705.54,2.4693899999999998,-228.33333333333334,Industrials,0.6056812295593407,0.8868289983397897,0.925251256281407,,
2012-11-01,199357,SHW,buy,rebalance,2.0,41.846,2012-11-01,83.692,0.29292199999999996,-141.66666666666666,Basic Materials,0.5825307763707376,0.9629219701162147,0.9645100502512562,,
2012-11-01,198685,ROST,buy,rebalance,4.0,24.935,2012-11-01,99.74,0.34909,-156.0,Consumer Cyclical,0.5954973428719393,0.9640287769784173,0.926821608040201,,
2012-11-01,199747,EFX,buy,rebalance,2.0,43.616,2012-11-01,87.232,0.30531200000000003,-165.33333333333334,Industrials,0.5779800989178037,0.9418926397343663,0.9714195979899497,,
2012-11-01,199059,AAPL,buy,rebalance,6.0,17.918,2012-11-01,107.508,0.376278,-177.0,Technology,0.5804985486186507,0.9142224681793027,0.9880653266331658,,
2012-11-01,199196,TJX,buy,rebalance,6.0,17.568,2012-11-01,105.40800000000002,0.3689280000000001,-186.33333333333334,Consumer Cyclical,0.5933295992795561,0.9443829551743221,0.9214824120603015,,
2012-11-01,199781,DG,buy,rebalance,2.0,41.571,2012-11-01,83.142,0.290997,-189.0,Consumer Defensive,0.5929765009060907,0.9438295517432208,0.9205402010050251,,
2012-11-01,195243,BGS,buy,rebalance,10.0,11.578,2012-11-01,115.78,0.40523000000000003,-214.66666666666666,Consumer Defensive,0.5653597669576819,0.9219701162147206,0.964824120603015,,
2012-11-01,198928,UTMD,buy,rebalance,4.0,26.912,2012-11-01,107.648,0.376768,-216.0,Healthcare,0.6155382321132362,0.8536247924737134,0.9597989949748744,,
2012-11-01,196736,RTN,buy,rebalance,2.0,48.373,2012-11-01,96.746,0.338611,-224.33333333333334,Industrials,0.6056812295593408,0.8868289983397897,0.925251256281407,,
2012-12-03,199357,SHW,buy,rebalance,2.0,44.474,2012-12-03,88.948,0.311318,-141.66666666666666,Basic Materials,0.5825307763707376,0.9629219701162147,0.9645100502512562,,
2012-12-03,198685,ROST,buy,rebalance,5.0,24.664,2012-12-03,123.32000000000001,0.43162000000000006,-156.0,Consumer Cyclical,0.5954973428719393,0.9640287769784173,0.926821608040201,,
2012-12-03,199747,EFX,buy,rebalance,2.0,46.397,2012-12-03,92.794,0.324779,-165.0,Industrials,0.5779800989178037,0.9418926397343663,0.9714195979899497,,
2012-12-03,199059,AAPL,buy,rebalance,7.0,17.69,2012-12-03,123.83000000000001,0.43340500000000004,-176.33333333333334,Technology,0.5804985486186507,0.9142224681793027,0.9880653266331658,,
2012-12-03,199196,TJX,buy,rebalance,7.0,18.346,2012-12-03,128.422,0.449477,-186.0,Consumer Cyclical,0.5933295992795561,0.9443829551743221,0.9214824120603015,,
2012-12-03,199781,DG,buy,rebalance,3.0,41.794,2012-12-03,125.38199999999999,0.438837,-188.66666666666666,Consumer Defensive,0.5929765009060907,0.9438295517432208,0.9205402010050251,,
2012-12-03,198928,UTMD,buy,rebalance,4.0,27.712,2012-12-03,110.848,0.387968,-213.66666666666666,Healthcare,0.6155382321132363,0.8536247924737134,0.9597989949748744,,
2012-12-03,195243,BGS,buy,rebalance,12.0,10.861,2012-12-03,130.332,0.456162,-214.0,Consumer Defensive,0.5653597669576819,0.9219701162147206,0.964824120603015,,
2012-12-03,196736,RTN,buy,rebalance,2.0,47.738,2012-12-03,95.476,0.334166,-222.66666666666666,Industrials,0.6056812295593407,0.8868289983397897,0.925251256281407,,
2013-01-02,197001,NUS,sell,criteria:rank:below_top_share,119.0,24.447,2013-01-02,2909.1929999999998,10.1821755,,,,,,2050.5860189999994,848.4248055000003
2013-01-02,197207,CLB,sell,criteria:rank:below_top_share,34.0,95.615,2013-01-02,3250.91,11.378185,,,,,,2181.0731309999996,1058.4586840000002
2013-01-02,199357,SHW,buy,rebalance,16.0,45.78,2013-01-02,732.48,2.56368,-178.66666666666666,Basic Materials,0.6052741288554381,0.9275524475524476,0.9587694259435459,,
2013-01-02,199196,TJX,buy,rebalance,41.0,17.979,2013-01-02,737.139,2.5799865,-188.0,Consumer Cyclical,0.637761916779572,0.9034965034965035,0.929908024104028,,
2013-01-02,195349,TDG,buy,rebalance,11.0,66.171,2013-01-02,727.8810000000001,2.5475835000000004,-236.66666666666666,Industrials,0.5908005118870878,0.9015384615384615,0.9524262607040913,,
2013-01-02,197858,PDLI,buy,rebalance,195.0,3.799,2013-01-02,740.805,2.5928174999999998,-244.0,Healthcare,0.6016819536763518,0.8430769230769231,0.9892166190929274,,
2013-01-02,197859,GILD,buy,rebalance,28.0,25.751,2013-01-02,721.028,2.5235980000000002,-245.0,Healthcare,0.5491797534195412,0.946013986013986,0.9879479860450364,,
2013-01-02,199747,EFX,buy,rebalance,15.0,47.579,2013-01-02,713.6850000000001,2.4978975,-251.66666666666666,Industrials,0.6295863581136992,0.8111888111888111,0.9711385981604821,,
2013-01-02,195656,CMCSA,buy,rebalance,56.0,13.111,2013-01-02,734.216,2.569756,-255.0,Communication Services,0.6284288177949451,0.8858741258741258,0.8940691405011101,,
2013-01-02,194557,QVCAQ,buy,rebalance,1.0,387.688,2013-01-02,387.688,1.356908,-256.3333333333333,Consumer Cyclical,0.60844312663847,0.8212587412587412,0.9825562955915002,,
2013-01-02,199059,AAPL,buy,rebalance,44.0,16.569,2013-01-02,729.036,2.5516259999999997,-282.3333333333333,Technology,0.54785158154541,0.9130069930069931,0.9838249286393911,,
2013-01-02,199890,BF.B,buy,rebalance,36.0,20.192,2013-01-02,726.912,2.5441920000000002,-302.6666666666667,Consumer Defensive,0.638742124872776,0.8142657342657342,0.903266730098319,,
2013-02-01,199357,SHW,buy,rebalance,3.0,47.872,2013-02-01,143.61599999999999,0.502656,-177.33333333333334,Basic Materials,0.605274128855438,0.9275524475524476,0.9587694259435459,,
2013-02-01,199196,TJX,buy,rebalance,7.0,18.866,2013-02-01,132.062,0.46221700000000004,-186.33333333333334,Consumer Cyclical,0.637761916779572,0.9034965034965035,0.929908024104028,,
2013-02-01,195349,TDG,buy,rebalance,2.0,64.479,2013-02-01,128.958,0.451353,-235.0,Industrials,0.5908005118870879,0.9015384615384615,0.9524262607040913,,
2013-02-01,197858,PDLI,buy,rebalance,41.0,3.558,2013-02-01,145.878,0.5105729999999999,-242.33333333333334,Healthcare,0.6016819536763516,0.8430769230769231,0.9892166190929274,,
2013-02-01,197859,GILD,buy,rebalance,5.0,27.83,2013-02-01,139.14999999999998,0.48702499999999993,-243.66666666666666,Healthcare,0.5491797534195412,0.946013986013986,0.9879479860450364,,
2013-02-01,199747,EFX,buy,rebalance,2.0,51.525,2013-02-01,103.05,0.360675,-249.66666666666666,Industrials,0.6295863581136992,0.8111888111888111,0.9711385981604821,,
2013-02-01,195656,CMCSA,buy,rebalance,11.0,13.138,2013-02-01,144.518,0.5058130000000001,-253.33333333333334,Communication Services,0.6284288177949451,0.8858741258741258,0.8940691405011101,,
2013-02-01,199059,AAPL,buy,rebalance,10.0,13.69,2013-02-01,136.9,0.47915,-280.6666666666667,Technology,0.54785158154541,0.9130069930069931,0.9838249286393911,,
2013-02-01,199890,BF.B,buy,rebalance,7.0,20.672,2013-02-01,144.704,0.506464,-300.6666666666667,Consumer Defensive,0.638742124872776,0.8142657342657342,0.903266730098319,,
2013-03-01,199357,SHW,buy,rebalance,2.0,47.627,2013-03-01,95.254,0.33338900000000005,-175.66666666666666,Basic Materials,0.605274128855438,0.9275524475524476,0.9587694259435459,,
2013-03-01,199196,TJX,buy,rebalance,6.0,18.781,2013-03-01,112.68599999999999,0.394401,-184.66666666666666,Consumer Cyclical,0.637761916779572,0.9034965034965035,0.929908024104028,,
2013-03-01,195349,TDG,buy,rebalance,1.0,67.438,2013-03-01,67.438,0.23603300000000002,-233.33333333333334,Industrials,0.5908005118870878,0.9015384615384615,0.9524262607040913,,
2013-03-01,197858,PDLI,buy,rebalance,33.0,3.674,2013-03-01,121.242,0.42434700000000003,-239.66666666666666,Healthcare,0.6016819536763516,0.8430769230769231,0.9892166190929274,,
2013-03-01,197859,GILD,buy,rebalance,4.0,29.813,2013-03-01,119.252,0.417382,-241.33333333333334,Healthcare,0.5491797534195412,0.946013986013986,0.9879479860450364,,
2013-03-01,199747,EFX,buy,rebalance,2.0,48.75,2013-03-01,97.5,0.34125,-246.66666666666666,Industrials,0.6295863581136992,0.8111888111888111,0.9711385981604821,,
2013-03-01,195656,CMCSA,buy,rebalance,9.0,13.625,2013-03-01,122.625,0.4291875,-251.33333333333334,Communication Services,0.6284288177949451,0.8858741258741258,0.8940691405011101,,
2013-03-01,199059,AAPL,buy,rebalance,9.0,13.065,2013-03-01,117.585,0.4115475,-277.6666666666667,Technology,0.54785158154541,0.9130069930069931,0.9838249286393911,,
2013-03-01,199890,BF.B,buy,rebalance,5.0,20.722,2013-03-01,103.61000000000001,0.36263500000000004,-297.6666666666667,Consumer Defensive,0.638742124872776,0.8142657342657342,0.903266730098319,,
2013-04-01,195259,RAI,sell,criteria:rank:below_top_share,595.0,18.758,2013-04-01,11161.01,39.063535,,,,,,7554.065012999999,3567.8814520000014
2013-04-01,199059,AAPL,sell,criteria:rank:below_top_share,649.0,13.017,2013-04-01,8448.033,29.568115499999998,,,,,,8211.1036275,207.36125699999866
2013-04-01,197302,SHPG,sell,criteria:rank:below_top_share,23.0,88.777,2013-04-01,2041.871,7.146548500000001,,,,,,2104.1036775,-69.37922599999979
2013-04-01,199357,SHW,buy,rebalance,46.0,49.119,2013-04-01,2259.474,7.908159,-132.0,Basic Materials,0.6348579725754072,0.9331641285956007,0.9546915167095116,,
2013-04-01,193488,WBD,buy,rebalance,58.0,38.99,2013-04-01,2261.42,7.91497,-224.33333333333334,Communication Services,0.5885283789200887,0.9058093626621545,0.9582262210796915,,
2013-04-01,199499,NRC,buy,rebalance,154.0,14.702,2013-04-01,2264.108,7.924378000000001,-238.66666666666666,Healthcare,0.5711186547445919,0.88917089678511,0.9993573264781491,,
2013-04-01,199747,EFX,buy,rebalance,46.0,49.518,2013-04-01,2277.828,7.972398,-243.66666666666666,Industrials,0.6085789355259476,0.8468697123519459,0.9665809768637532,,
2013-04-01,198439,FISV,buy,rebalance,104.0,21.753,2013-04-01,2262.312,7.918092,-247.0,Technology,0.6224039310345476,0.8045685279187818,0.9881105398457584,,
2013-04-01,196744,CHH,buy,rebalance,62.0,36.69,2013-04-01,2274.7799999999997,7.961729999999999,-248.33333333333334,Consumer Cyclical,0.6282832569826047,0.7887760857304005,0.9945372750642674,,
2013-04-01,196101,TWX,buy,rebalance,45.0,50.044,2013-04-01,2251.98,7.8819300000000005,-257.3333333333333,Communication Services,0.6063726123977877,0.8482797518330514,0.955655526992288,,
2013-04-01,199553,MKC,buy,rebalance,81.0,27.853,2013-04-01,2256.0930000000003,7.896325500000001,-261.3333333333333,Consumer Defensive,0.6559078954221512,0.7777777777777778,0.9656169665809768,,
2013-04-01,196904,MMS,buy,rebalance,65.0,34.825,2013-04-01,2263.625,7.9226875,-288.6666666666667,Industrials,0.5806804449568709,0.9289340101522843,0.8875321336760925,,
2013-04-01,197638,PZZA,buy,rebalance,95.0,23.861,2013-04-01,2266.795,7.9337825,-302.3333333333333,Consumer Cyclical,0.6030589730539506,0.8584320360970107,0.9042416452442159,,
2013-05-01,199357,SHW,buy,rebalance,2.0,53.085,2013-05-01,106.17,0.371595,-128.66666666666666,Basic Materials,0.6348579725754071,0.9331641285956007,0.9546915167095116,,
2013-05-01,193488,WBD,buy,rebalance,2.0,39.07,2013-05-01,78.14,0.27349,-220.33333333333334,Communication Services,0.5885283789200887,0.9058093626621545,0.9582262210796915,,
2013-05-01,199499,NRC,buy,rebalance,7.0,15.221,2013-05-01,106.547,0.3729145,-234.66666666666666,Healthcare,0.571118654744592,0.88917089678511,0.9993573264781491,,
2013-05-01,199747,EFX,buy,rebalance,2.0,53.532,2013-05-01,107.064,0.374724,-239.66666666666666,Industrials,0.6085789355259476,0.8468697123519459,0.9665809768637532,,
2013-05-01,198439,FISV,buy,rebalance,5.0,21.733,2013-05-01,108.665,0.38032750000000004,-243.0,Technology,0.6224039310345476,0.8045685279187818,0.9881105398457584,,
2013-05-01,196744,CHH,buy,rebalance,3.0,33.824,2013-05-01,101.472,0.35515199999999997,-244.0,Consumer Cyclical,0.6282832569826046,0.7887760857304005,0.9945372750642674,,
2013-05-01,196101,TWX,buy,rebalance,2.0,51.659,2013-05-01,103.318,0.361613,-253.33333333333334,Communication Services,0.6063726123977877,0.8482797518330514,0.955655526992288,,
2013-05-01,199553,MKC,buy,rebalance,4.0,27.632,2013-05-01,110.528,0.386848,-256.6666666666667,Consumer Defensive,0.6559078954221511,0.7777777777777778,0.9656169665809768,,
2013-05-01,196904,MMS,buy,rebalance,3.0,33.732,2013-05-01,101.196,0.354186,-284.6666666666667,Industrials,0.5806804449568709,0.9289340101522843,0.8875321336760925,,
2013-05-01,197638,PZZA,buy,rebalance,4.0,24.419,2013-05-01,97.676,0.341866,-298.0,Consumer Cyclical,0.6030589730539506,0.8584320360970107,0.9042416452442159,,
2013-06-03,199357,SHW,buy,rebalance,2.0,55.045,2013-06-03,110.09,0.385315,-127.33333333333333,Basic Materials,0.6348579725754072,0.9331641285956007,0.9546915167095116,,
2013-06-03,193488,WBD,buy,rebalance,2.0,39.505,2013-06-03,79.01,0.27653500000000003,-218.33333333333334,Communication Services,0.5885283789200887,0.9058093626621545,0.9582262210796915,,
2013-06-03,199499,NRC,buy,rebalance,9.0,11.875,2013-06-03,106.875,0.3740625,-232.66666666666666,Healthcare,0.571118654744592,0.88917089678511,0.9993573264781491,,
2013-06-03,199747,EFX,buy,rebalance,2.0,53.68,2013-06-03,107.36,0.37576,-237.33333333333334,Industrials,0.6085789355259477,0.8468697123519459,0.9665809768637532,,
2013-06-03,198439,FISV,buy,rebalance,5.0,21.802,2013-06-03,109.00999999999999,0.38153499999999996,-240.33333333333334,Technology,0.6224039310345476,0.8045685279187818,0.9881105398457584,,
2013-06-03,196744,CHH,buy,rebalance,3.0,33.937,2013-06-03,101.81099999999999,0.3563385,-241.33333333333334,Consumer Cyclical,0.6282832569826047,0.7887760857304005,0.9945372750642674,,
2013-06-03,196101,TWX,buy,rebalance,2.0,51.142,2013-06-03,102.284,0.35799400000000003,-250.66666666666666,Communication Services,0.6063726123977877,0.8482797518330514,0.955655526992288,,
2013-06-03,199553,MKC,buy,rebalance,4.0,26.75,2013-06-03,107.0,0.3745,-254.33333333333334,Consumer Defensive,0.6559078954221513,0.7777777777777778,0.9656169665809768,,
2013-06-03,196904,MMS,buy,rebalance,3.0,32.538,2013-06-03,97.61399999999999,0.341649,-283.0,Industrials,0.5806804449568709,0.9289340101522843,0.8875321336760925,,
2013-06-03,170416,MDT,buy,rebalance,2.0,37.476,2013-06-03,74.952,0.262332,-295.3333333333333,Healthcare,0.624288555295843,0.7729836435420192,0.9601542416452442,,
2013-07-01,197079,FDS,sell,criteria:rank:below_top_share,41.0,89.429,2013-07-01,3666.589,12.8330615,,,,,,2186.5171185,1467.23882
2013-07-01,196456,BKNG,sell,criteria:rank:below_top_share,58.0,32.931,2013-07-01,1909.9979999999998,6.6849929999999995,,,,,,548.228106,1355.0849009999997
2013-07-01,198615,MO,sell,criteria:rank:below_top_share,132.0,15.637,2013-07-01,2064.084,7.2242939999999995,,,,,,1250.0288415,806.8308644999997
2013-07-01,198685,ROST,sell,criteria:rank:below_top_share,309.0,28.773,2013-07-01,8890.857,31.1179995,,,,,,6422.975005500002,2436.7639949999975
2013-07-01,196101,TWX,buy,rebalance,34.0,50.88,2013-07-01,1729.92,6.0547200000000005,-214.0,Communication Services,0.6202429935803325,0.871131119864941,0.9613801836024058,,
2013-07-01,195812,COR,buy,rebalance,38.0,45.894,2013-07-01,1743.972,6.103902,-232.66666666666666,Healthcare,0.6250856566023136,0.8230163196398425,0.9930357708135485,,
2013-07-01,199747,EFX,buy,rebalance,33.0,52.033,2013-07-01,1717.089,6.0098115,-236.33333333333334,Industrials,0.6489863278748254,0.7993809791783906,0.9882874327318771,,
2013-07-01,194557,QVCAQ,buy,rebalance,3.0,445.555,2013-07-01,1336.665,4.6783275,-259.6666666666667,Consumer Cyclical,0.5875385932294567,0.8550928531232415,0.9857549857549858,,
2013-07-01,199877,CPB,buy,rebalance,59.0,29.229,2013-07-01,1724.511,6.0357885,-267.3333333333333,Consumer Defensive,0.6341954940319822,0.8171074845244795,0.9509338398227287,,
2013-07-01,196366,ZD,buy,rebalance,55.0,31.842,2013-07-01,1751.31,6.129585,-280.3333333333333,Communication Services,0.5826268382649769,0.8989870568373663,0.9237100348211459,,
2013-07-01,198928,UTMD,buy,rebalance,38.0,45.071,2013-07-01,1712.6979999999999,5.9944429999999995,-301.6666666666667,Healthcare,0.5990585415883923,0.8196398424310636,0.9623298512187402,,
2013-07-01,195852,FIS,buy,rebalance,51.0,34.291,2013-07-01,1748.841,6.1209435,-304.3333333333333,Technology,0.6270512384055414,0.7701181767023073,0.97340930674264,,
2013-07-01,199615,RYN,buy,rebalance,81.0,21.641,2013-07-01,1752.9209999999998,6.1352234999999995,-307.0,Real Estate,0.668100322398304,0.8078221722003377,0.8923710034821146,,
2013-07-01,193203,ACN,buy,rebalance,31.0,56.096,2013-07-01,1738.9759999999999,6.086416,-311.0,Technology,0.5961387174480411,0.8224535734383793,0.9550490661601773,,
2013-08-01,196101,TWX,buy,rebalance,2.0,55.034,2013-08-01,110.068,0.385238,-213.0,Communication Services,0.6202429935803325,0.871131119864941,0.9613801836024058,,
2013-08-01,195812,COR,buy,rebalance,3.0,49.056,2013-08-01,147.168,0.515088,-231.33333333333334,Healthcare,0.6250856566023136,0.8230163196398425,0.9930357708135485,,
2013-08-01,199747,EFX,buy,rebalance,2.0,56.491,2013-08-01,112.982,0.395437,-234.33333333333334,Industrials,0.6489863278748255,0.7993809791783906,0.9882874327318771,,
2013-08-01,199877,CPB,buy,rebalance,5.0,30.966,2013-08-01,154.83,0.5419050000000001,-265.6666666666667,Consumer Defensive,0.6341954940319822,0.8171074845244795,0.9509338398227287,,
2013-08-01,196366,ZD,buy,rebalance,4.0,34.564,2013-08-01,138.256,0.483896,-279.3333333333333,Communication Services,0.5826268382649769,0.8989870568373663,0.9237100348211459,,
2013-08-01,198928,UTMD,buy,rebalance,3.0,45.715,2013-08-01,137.145,0.48000750000000003,-300.0,Healthcare,0.5990585415883922,0.8196398424310636,0.9623298512187402,,
2013-08-01,195852,FIS,buy,rebalance,4.0,35.429,2013-08-01,141.716,0.49600600000000006,-302.3333333333333,Technology,0.6270512384055414,0.7701181767023073,0.97340930674264,,
2013-08-01,199615,RYN,buy,rebalance,6.0,23.546,2013-08-01,141.276,0.49446600000000007,-305.0,Real Estate,0.6681003223983041,0.8078221722003377,0.8923710034821146,,
2013-08-01,193203,ACN,buy,rebalance,2.0,58.236,2013-08-01,116.472,0.407652,-309.6666666666667,Technology,0.5961387174480411,0.8224535734383793,0.9550490661601773,,
2013-09-03,196101,TWX,buy,rebalance,2.0,53.803,2013-09-03,107.606,0.376621,-212.0,Communication Services,0.6202429935803325,0.871131119864941,0.9613801836024058,,
2013-09-03,195812,COR,buy,rebalance,2.0,48.055,2013-09-03,96.11,0.336385,-230.0,Healthcare,0.6250856566023136,0.8230163196398425,0.9930357708135485,,
2013-09-03,199747,EFX,buy,rebalance,2.0,52.077,2013-09-03,104.154,0.364539,-232.66666666666666,Industrials,0.6489863278748255,0.7993809791783906,0.9882874327318771,,
2013-09-03,199877,CPB,buy,rebalance,4.0,27.857,2013-09-03,111.428,0.389998,-264.0,Consumer Defensive,0.6341954940319822,0.8171074845244795,0.9509338398227287,,
2013-09-03,196366,ZD,buy,rebalance,3.0,37.242,2013-09-03,111.726,0.391041,-278.0,Communication Services,0.5826268382649769,0.8989870568373663,0.9237100348211459,,
2013-09-03,198928,UTMD,buy,rebalance,3.0,40.29,2013-09-03,120.87,0.423045,-298.6666666666667,Healthcare,0.5990585415883922,0.8196398424310636,0.9623298512187402,,
2013-09-03,195852,FIS,buy,rebalance,3.0,35.16,2013-09-03,105.47999999999999,0.36917999999999995,-300.3333333333333,Technology,0.6270512384055414,0.7701181767023073,0.97340930674264,,
2013-09-03,199615,RYN,buy,rebalance,6.0,21.633,2013-09-03,129.798,0.454293,-302.6666666666667,Real Estate,0.6681003223983042,0.8078221722003377,0.8923710034821146,,
2013-09-03,193203,ACN,buy,rebalance,2.0,56.859,2013-09-03,113.718,0.398013,-308.0,Technology,0.5961387174480411,0.8224535734383793,0.9550490661601773,,
2013-10-01,199891,BMY,sell,criteria:rank:below_top_share,67.0,30.761,2013-10-01,2060.987,7.2134545,,,,,,994.1644395,1059.6091060000003
2013-10-01,197892,TNH,sell,criteria:rank:below_top_share,23.0,147.846,2013-10-01,3400.458,11.901603,,,,,,2227.0043294999996,1161.5520675000007
2013-10-01,195751,ABCO,sell,criteria:rank:below_top_share,45.0,60.23,2013-10-01,2710.35,9.486225,,,,,,2280.81501,420.048765
2013-10-01,199499,NRC,sell,criteria:rank:below_top_share,170.0,14.281,2013-10-01,2427.77,8.497195,,,,,,2486.201355,-66.92855000000009
2013-10-01,195812,COR,buy,rebalance,22.0,52.317,2013-10-01,1150.974,4.028409,-207.0,Healthcare,0.63614213471271,0.817771509167842,0.99234205488194,,
2013-10-01,199902,HRB,buy,rebalance,67.0,17.52,2013-10-01,1173.84,4.10844,-223.66666666666666,Consumer Cyclical,0.5708819100353116,0.9165021156558533,0.9703254626675175,,
2013-10-01,195164,DPZ,buy,rebalance,19.0,59.912,2013-10-01,1138.328,3.984148,-257.0,Consumer Cyclical,0.5561132376496369,0.9018335684062059,0.9881940012763242,,
2013-10-01,196469,LIFE2,buy,rebalance,15.0,74.87,2013-10-01,1123.0500000000002,3.930675000000001,-268.3333333333333,Healthcare,0.5976959371975528,0.8854724964739069,0.9052329291640077,,
2013-10-01,199990,BYI,buy,rebalance,16.0,73.51,2013-10-01,1176.16,4.116560000000001,-288.3333333333333,Technology,0.5909843101641902,0.8507757404795486,0.9323548181238035,,
2013-10-01,195920,FLO,buy,rebalance,89.0,13.281,2013-10-01,1182.009,4.1370315,-296.0,Consumer Defensive,0.5890356327223591,0.9038081805359661,0.8714103382259094,,
2013-10-01,198047,TYL,buy,rebalance,13.0,89.4,2013-10-01,1162.2,4.0677,-297.6666666666667,Technology,0.536147374985759,0.9083215796897038,0.99617102744097,,
2013-10-01,196101,TWX,buy,rebalance,20.0,58.468,2013-10-01,1169.3600000000001,4.09276,-317.6666666666667,Communication Services,0.6169498496295435,0.7661495063469675,0.9530950861518825,,
2013-10-01,198326,NWL,buy,rebalance,69.0,17.039,2013-10-01,1175.691,4.1149185,-329.6666666666667,Consumer Defensive,0.5892334389659889,0.8352609308885754,0.9090619017230377,,
2013-10-01,196366,ZD,buy,rebalance,31.0,37.984,2013-10-01,1177.5040000000001,4.121264000000001,-338.0,Communication Services,0.5777253363652953,0.8369534555712271,0.923739629865986,,
2013-11-01,195812,COR,buy,rebalance,2.0,55.583,2013-11-01,111.166,0.389081,-205.33333333333334,Healthcare,0.6361421347127099,0.817771509167842,0.99234205488194,,
2013-11-01,199902,HRB,buy,rebalance,6.0,18.167,2013-11-01,109.00200000000001,0.38150700000000004,-222.0,Consumer Cyclical,0.5708819100353116,0.9165021156558533,0.9703254626675175,,
2013-11-01,195164,DPZ,buy,rebalance,2.0,57.645,2013-11-01,115.29,0.403515,-255.33333333333334,Consumer Cyclical,0.5561132376496369,0.9018335684062059,0.9881940012763242,,
2013-11-01,196469,LIFE2,buy,rebalance,1.0,75.37,2013-11-01,75.37,0.263795,-267.0,Healthcare,0.5976959371975528,0.8854724964739069,0.9052329291640077,,
2013-11-01,199990,BYI,buy,rebalance,1.0,71.8,2013-11-01,71.8,0.25129999999999997,-286.6666666666667,Technology,0.5909843101641903,0.8507757404795486,0.9323548181238035,,
2013-11-01,195920,FLO,buy,rebalance,8.0,15.303,2013-11-01,122.424,0.42848400000000003,-294.6666666666667,Consumer Defensive,0.5890356327223591,0.9038081805359661,0.8714103382259094,,
2013-11-01,198047,TYL,buy,rebalance,1.0,94.51,2013-11-01,94.51,0.33078500000000005,-295.6666666666667,Technology,0.5361473749857589,0.9083215796897038,0.99617102744097,,
2013-11-01,196101,TWX,buy,rebalance,2.0,60.336,2013-11-01,120.672,0.422352,-315.0,Communication Services,0.6169498496295436,0.7661495063469675,0.9530950861518825,,
2013-11-01,198326,NWL,buy,rebalance,6.0,18.258,2013-11-01,109.548,0.38341800000000004,-328.0,Consumer Defensive,0.5892334389659889,0.8352609308885754,0.9090619017230377,,
2013-11-01,196366,ZD,buy,rebalance,3.0,41.206,2013-11-01,123.61800000000001,0.432663,-336.0,Communication Services,0.5777253363652954,0.8369534555712271,0.923739629865986,,
2013-12-02,195812,COR,buy,rebalance,2.0,59.56,2013-12-02,119.12,0.41692,-203.66666666666666,Healthcare,0.63614213471271,0.817771509167842,0.99234205488194,,
2013-12-02,199902,HRB,buy,rebalance,6.0,17.878,2013-12-02,107.268,0.375438,-220.33333333333334,Consumer Cyclical,0.5708819100353115,0.9165021156558533,0.9703254626675175,,
2013-12-02,195164,DPZ,buy,rebalance,2.0,59.093,2013-12-02,118.186,0.41365100000000005,-253.66666666666666,Consumer Cyclical,0.556113237649637,0.9018335684062059,0.9881940012763242,,
2013-12-02,196469,LIFE2,buy,rebalance,1.0,75.71,2013-12-02,75.71,0.26498499999999997,-264.3333333333333,Healthcare,0.5976959371975528,0.8854724964739069,0.9052329291640077,,
2013-12-02,199990,BYI,buy,rebalance,1.0,74.47,2013-12-02,74.47,0.260645,-284.6666666666667,Technology,0.5909843101641902,0.8507757404795486,0.9323548181238035,,
2013-12-02,195920,FLO,buy,rebalance,8.0,13.33,2013-12-02,106.64,0.37324,-292.3333333333333,Consumer Defensive,0.5890356327223593,0.9038081805359661,0.8714103382259094,,
2013-12-02,198047,TYL,buy,rebalance,1.0,101.04,2013-12-02,101.04,0.35364,-294.3333333333333,Technology,0.536147374985759,0.9083215796897038,0.99617102744097,,
2013-12-02,196101,TWX,buy,rebalance,2.0,57.782,2013-12-02,115.564,0.404474,-312.3333333333333,Communication Services,0.6169498496295436,0.7661495063469675,0.9530950861518825,,
2013-12-02,198326,NWL,buy,rebalance,6.0,18.516,2013-12-02,111.09599999999999,0.38883599999999996,-325.3333333333333,Consumer Defensive,0.589233438965989,0.8352609308885754,0.9090619017230377,,
2013-12-02,196366,ZD,buy,rebalance,3.0,34.365,2013-12-02,103.095,0.3608325,-334.0,Communication Services,0.5777253363652953,0.8369534555712271,0.923739629865986,,
2014-01-02,199623,IBM,sell,criteria:rank:below_top_share,44.0,107.3,2014-01-02,4721.2,16.5242,,,,,,2964.858813,1739.8169870000002
2014-01-02,199615,RYN,sell,criteria:rank:below_top_share,210.0,17.198,2014-01-02,3611.58,12.64053,,,,,,2782.2770054999996,816.6624645000002
2014-01-02,197858,PDLI,sell,criteria:rank:below_top_share,442.0,4.768,2014-01-02,2107.456,7.376096,,,,,,1549.1741985,550.9057055000001
2014-01-02,199781,DG,sell,criteria:rank:below_top_share,21.0,52.456,2014-01-02,1101.576,3.855516,,,,,,919.5070499999999,178.213434
2014-01-02,195812,COR,buy,rebalance,21.0,58.72,2014-01-02,1233.12,4.315919999999999,-272.3333333333333,Healthcare,0.653975763711027,0.7647225368063421,0.9929464571978198,,
2014-01-02,193176,TW2,buy,rebalance,10.0,115.492,2014-01-02,1154.92,4.04222,-280.3333333333333,Industrials,0.5978974656614989,0.9026047565118913,0.9185636421930106,,
2014-01-02,195878,NOC,buy,rebalance,13.0,91.915,2014-01-02,1194.895,4.1821325,-295.0,Industrials,0.6667765697245724,0.8103057757644394,0.9079833279897404,,
2014-01-02,194695,VIAB,buy,rebalance,16.0,74.948,2014-01-02,1199.168,4.197088,-310.6666666666667,Communication Services,0.6308634332967482,0.7576443941109853,0.9842898364860532,,
2014-01-02,194210,BR,buy,rebalance,40.0,31.253,2014-01-02,1250.12,4.37542,-358.0,Technology,0.645849152343147,0.7157417893544734,0.9666559794806028,,
2014-01-02,195164,DPZ,buy,rebalance,21.0,59.584,2014-01-02,1251.2640000000001,4.379424,-361.0,Consumer Cyclical,0.5829871276659506,0.7941676104190261,0.9890990702148125,,
2014-01-02,198331,PSKY,buy,rebalance,25.0,49.643,2014-01-02,1241.075,4.3437625,-368.3333333333333,Communication Services,0.5724588517931606,0.8278595696489242,0.969220904135941,,
2014-01-02,194504,HBI,buy,rebalance,96.0,13.119,2014-01-02,1259.424,4.407984,-368.6666666666667,Consumer Cyclical,0.6054302040167497,0.9048697621744054,0.8076306508496313,,
2014-01-02,198877,DST,buy,rebalance,29.0,42.954,2014-01-02,1245.666,4.359831,-376.6666666666667,Technology,0.641662246834968,0.6896942242355606,0.9804424495030458,,
2014-01-02,196469,LIFE2,buy,rebalance,16.0,75.82,2014-01-02,1213.12,4.24592,-387.3333333333333,Healthcare,0.6342911351376503,0.7842582106455266,0.874639307470343,,
2014-02-03,195812,COR,buy,rebalance,2.0,54.755,2014-02-03,109.51,0.38328500000000004,-270.6666666666667,Healthcare,0.653975763711027,0.7647225368063421,0.9929464571978198,,
2014-02-03,193176,TW2,buy,rebalance,1.0,104.235,2014-02-03,104.235,0.3648225,-279.3333333333333,Industrials,0.5978974656614989,0.9026047565118913,0.9185636421930106,,
2014-02-03,195878,NOC,buy,rebalance,1.0,91.931,2014-02-03,91.931,0.3217585,-293.3333333333333,Industrials,0.6667765697245724,0.8103057757644394,0.9079833279897404,,
2014-02-03,194695,VIAB,buy,rebalance,2.0,67.923,2014-02-03,135.846,0.475461,-309.0,Communication Services,0.6308634332967482,0.7576443941109853,0.9842898364860532,,
2014-02-03,194210,BR,buy,rebalance,4.0,28.063,2014-02-03,112.252,0.392882,-355.6666666666667,Technology,0.645849152343147,0.7157417893544734,0.9666559794806028,,
2014-02-03,195164,DPZ,buy,rebalance,2.0,58.409,2014-02-03,116.818,0.408863,-359.0,Consumer Cyclical,0.5829871276659506,0.7941676104190261,0.9890990702148125,,
2014-02-03,198331,PSKY,buy,rebalance,3.0,44.196,2014-02-03,132.588,0.46405799999999997,-367.0,Communication Services,0.5724588517931605,0.8278595696489242,0.969220904135941,,
2014-02-03,194504,HBI,buy,rebalance,10.0,12.848,2014-02-03,128.48000000000002,0.4496800000000001,-367.6666666666667,Consumer Cyclical,0.6054302040167497,0.9048697621744054,0.8076306508496313,,
2014-02-03,198877,DST,buy,rebalance,3.0,41.433,2014-02-03,124.299,0.43504650000000006,-374.0,Technology,0.641662246834968,0.6896942242355606,0.9804424495030458,,
2014-02-03,196469,LIFE2,buy,rebalance,1.0,76.04,2014-02-03,76.04,0.26614000000000004,-385.3333333333333,Healthcare,0.6342911351376503,0.7842582106455266,0.874639307470343,,
2014-03-03,196469,LIFE2,sell,criteria:rank:not_a_candidate,34.0,76.04,2014-03-03,2585.36,9.048760000000001,,,,,,2572.2615150000006,4.049724999999398
2014-03-03,195812,COR,buy,rebalance,6.0,56.909,2014-03-03,341.454,1.195089,-269.0,Healthcare,0.653975763711027,0.7647225368063421,0.9929464571978198,,
2014-03-03,193176,TW2,buy,rebalance,3.0,98.805,2014-03-03,296.415,1.0374525,-277.6666666666667,Industrials,0.5978974656614989,0.9026047565118913,0.9185636421930106,,
2014-03-03,195878,NOC,buy,rebalance,3.0,98.738,2014-03-03,296.214,1.036749,-291.6666666666667,Industrials,0.6667765697245724,0.8103057757644394,0.9079833279897404,,
2014-03-03,194695,VIAB,buy,rebalance,5.0,74.043,2014-03-03,370.21500000000003,1.2957525,-307.3333333333333,Communication Services,0.6308634332967482,0.7576443941109853,0.9842898364860532,,
2014-03-03,194210,BR,buy,rebalance,12.0,30.139,2014-03-03,361.668,1.265838,-354.0,Technology,0.645849152343147,0.7157417893544734,0.9666559794806028,,
2014-03-03,195164,DPZ,buy,rebalance,5.0,68.089,2014-03-03,340.445,1.1915575,-357.3333333333333,Consumer Cyclical,0.5829871276659504,0.7941676104190261,0.9890990702148125,,
2014-03-03,198331,PSKY,buy,rebalance,7.0,51.762,2014-03-03,362.334,1.268169,-365.6666666666667,Communication Services,0.5724588517931605,0.8278595696489242,0.969220904135941,,
2014-03-03,194504,HBI,buy,rebalance,27.0,13.995,2014-03-03,377.86499999999995,1.3225274999999999,-366.0,Consumer Cyclical,0.6054302040167497,0.9048697621744054,0.8076306508496313,,
2014-03-03,198877,DST,buy,rebalance,8.0,44.969,2014-03-03,359.752,1.2591320000000001,-372.3333333333333,Technology,0.641662246834968,0.6896942242355606,0.9804424495030458,,
2014-03-03,195920,FLO,buy,rebalance,30.0,12.511,2014-03-03,375.33,1.313655,-388.0,Consumer Defensive,0.6170650953594272,0.8066251415628539,0.8739980763065085,,
2014-04-01,193811,PM,sell,criteria:rank:below_top_share,95.0,45.035,2014-04-01,4278.325,14.9741375,,,,,,3876.3107685,387.0400939999995
2014-04-01,195318,NSR1,sell,criteria:rank:below_top_share,66.0,33.48,2014-04-01,2209.68,7.733879999999999,,,,,,2261.72844,-59.782320000000254
2014-04-01,195243,BGS,sell,criteria:rank:below_top_share,84.0,12.098,2014-04-01,1016.2320000000001,3.5568120000000003,,,,,,965.890827,46.784361000000104
2014-04-01,199902,HRB,sell,criteria:rank:below_top_share,79.0,19.68,2014-04-01,1554.72,5.441520000000001,,,,,,1394.975385,154.30309499999998
2014-04-01,197300,LMT,buy,rebalance,8.0,117.328,2014-04-01,938.624,3.285184,-180.66666666666666,Industrials,0.6745786518875224,0.8767826583000571,0.946911196911197,,
2014-04-01,194210,BR,buy,rebalance,34.0,30.314,2014-04-01,1030.676,3.607366,-238.0,Technology,0.6438399608774068,0.8288648031945237,0.9671814671814671,,
2014-04-01,195878,NOC,buy,rebalance,10.0,101.128,2014-04-01,1011.28,3.53948,-252.66666666666666,Industrials,0.6801439233048311,0.8422703936109527,0.9095881595881596,,
2014-04-01,197377,MCK,buy,rebalance,6.0,161.109,2014-04-01,966.654,3.383289,-323.3333333333333,Healthcare,0.6227766048386125,0.820593268682259,0.9157014157014157,,
2014-04-01,195812,COR,buy,rebalance,18.0,55.568,2014-04-01,1000.2239999999999,3.500784,-330.6666666666667,Healthcare,0.6001705555480527,0.7789503707929264,0.9954954954954955,,
2014-04-01,195164,DPZ,buy,rebalance,15.0,68.163,2014-04-01,1022.4449999999999,3.5785575,-346.0,Consumer Cyclical,0.5782959178141257,0.8157444381061039,0.9897039897039897,,
2014-04-01,197638,PZZA,buy,rebalance,25.0,40.959,2014-04-01,1023.9750000000001,3.5839125000000007,-349.0,Consumer Cyclical,0.6106850447341516,0.8302909298345693,0.8963963963963963,,
2014-04-01,194695,VIAB,buy,rebalance,13.0,75.004,2014-04-01,975.052,3.412682,-356.6666666666667,Communication Services,0.6334644908814218,0.7270393610952652,0.971042471042471,,
2014-04-01,193634,LO,buy,rebalance,20.0,51.373,2014-04-01,1027.46,3.5961100000000004,-365.3333333333333,Consumer Defensive,0.6658654389369271,0.6762692527096407,0.9816602316602316,,
2014-04-01,196643,MANH,buy,rebalance,28.0,35.9,2014-04-01,1005.1999999999999,3.5181999999999998,-366.3333333333333,Technology,0.5544701547411227,0.8736451796919567,0.9594594594594594,,
2014-05-01,197300,LMT,buy,rebalance,1.0,116.712,2014-05-01,116.712,0.408492,-180.0,Industrials,0.6745786518875223,0.8767826583000571,0.946911196911197,,
2014-05-01,194210,BR,buy,rebalance,4.0,30.578,2014-05-01,122.312,0.42809200000000003,-236.33333333333334,Technology,0.6438399608774068,0.8288648031945237,0.9671814671814671,,
2014-05-01,195878,NOC,buy,rebalance,1.0,98.403,2014-05-01,98.403,0.3444105,-251.33333333333334,Industrials,0.6801439233048311,0.8422703936109527,0.9095881595881596,,
2014-05-01,195812,COR,buy,rebalance,2.0,54.691,2014-05-01,109.382,0.38283700000000004,-327.6666666666667,Healthcare,0.6001705555480527,0.7789503707929264,0.9954954954954955,,
2014-05-01,195164,DPZ,buy,rebalance,2.0,62.25,2014-05-01,124.5,0.43575,-344.0,Consumer Cyclical,0.5782959178141257,0.8157444381061039,0.9897039897039897,,
2014-05-01,197638,PZZA,buy,rebalance,3.0,34.659,2014-05-01,103.977,0.3639195,-347.3333333333333,Consumer Cyclical,0.6106850447341515,0.8302909298345693,0.8963963963963963,,
2014-05-01,194695,VIAB,buy,rebalance,1.0,72.219,2014-05-01,72.219,0.2527665,-352.6666666666667,Communication Services,0.6334644908814218,0.7270393610952652,0.971042471042471,,
2014-05-01,193634,LO,buy,rebalance,2.0,56.162,2014-05-01,112.324,0.393134,-361.0,Consumer Defensive,0.6658654389369271,0.6762692527096407,0.9816602316602316,,
2014-05-01,196643,MANH,buy,rebalance,4.0,31.7,2014-05-01,126.8,0.4438,-364.0,Technology,0.5544701547411227,0.8736451796919567,0.9594594594594594,,
2014-06-02,197300,LMT,buy,rebalance,1.0,118.574,2014-06-02,118.574,0.415009,-179.33333333333334,Industrials,0.6745786518875223,0.8767826583000571,0.946911196911197,,
2014-06-02,194210,BR,buy,rebalance,3.0,33.233,2014-06-02,99.69899999999998,0.34894649999999994,-235.33333333333334,Technology,0.6438399608774068,0.8288648031945237,0.9671814671814671,,
2014-06-02,195878,NOC,buy,rebalance,1.0,100.084,2014-06-02,100.084,0.350294,-250.0,Industrials,0.6801439233048311,0.8422703936109527,0.9095881595881596,,
2014-06-02,195812,COR,buy,rebalance,2.0,61.937,2014-06-02,123.874,0.43355899999999997,-326.0,Healthcare,0.6001705555480528,0.7789503707929264,0.9954954954954955,,
2014-06-02,195164,DPZ,buy,rebalance,2.0,63.282,2014-06-02,126.564,0.442974,-342.3333333333333,Consumer Cyclical,0.5782959178141259,0.8157444381061039,0.9897039897039897,,
2014-06-02,197638,PZZA,buy,rebalance,3.0,34.166,2014-06-02,102.49799999999999,0.358743,-345.6666666666667,Consumer Cyclical,0.6106850447341515,0.8302909298345693,0.8963963963963963,,
2014-06-02,194695,VIAB,buy,rebalance,1.0,74.987,2014-06-02,74.987,0.2624545,-350.6666666666667,Communication Services,0.6334644908814218,0.7270393610952652,0.971042471042471,,
2014-06-02,193634,LO,buy,rebalance,2.0,58.23,2014-06-02,116.46,0.40761,-359.0,Consumer Defensive,0.6658654389369271,0.6762692527096407,0.9816602316602316,,
2014-06-02,196643,MANH,buy,rebalance,4.0,32.64,2014-06-02,130.56,0.45696000000000003,-362.6666666666667,Technology,0.5544701547411228,0.8736451796919567,0.9594594594594594,,
2014-07-01,193249,ASPS,sell,criteria:rank:below_top_share,1.0,908.72,2014-07-01,908.72,3.18052,,,,,,655.2483705,250.29110950000006
2014-07-01,199990,BYI,sell,criteria:rank:below_top_share,18.0,65.78,2014-07-01,1184.04,4.14414,,,,,,1327.0585050000002,-147.16264500000034
2014-07-01,195920,FLO,sell,criteria:rank:below_top_share,135.0,13.159,2014-07-01,1776.4650000000001,6.217627500000001,,,,,,1792.6554105,-22.408037999999806
2014-07-01,197300,LMT,buy,rebalance,4.0,116.067,2014-07-01,464.268,1.624938,-166.66666666666666,Industrials,0.6694171360899167,0.8997715591090806,0.9484924623115578,,
2014-07-01,195878,NOC,buy,rebalance,5.0,98.828,2014-07-01,494.14,1.72949,-264.6666666666667,Industrials,0.6610169946979692,0.8406624785836665,0.9199120603015075,,
2014-07-01,194210,BR,buy,rebalance,15.0,33.517,2014-07-01,502.75500000000005,1.7596425000000002,-286.6666666666667,Technology,0.6568125453615943,0.7681324957167333,0.9707914572864321,,
2014-07-01,198439,FISV,buy,rebalance,16.0,30.605,2014-07-01,489.68,1.71388,-292.0,Technology,0.6732584237514501,0.7255853797829811,0.9940326633165829,,
2014-07-01,199576,VGR,buy,rebalance,111.0,4.658,2014-07-01,517.038,1.809633,-304.0,Consumer Defensive,0.6231436234453943,0.8092518560822387,0.9550879396984925,,
2014-07-01,199209,WLY,buy,rebalance,12.0,42.7,2014-07-01,512.4000000000001,1.7934000000000003,-310.3333333333333,Consumer Cyclical,0.6301884966835664,0.7824100513992005,0.9645100502512562,,
2014-07-01,199416,PPG,buy,rebalance,6.0,83.788,2014-07-01,502.72799999999995,1.759548,-320.0,Basic Materials,0.6135249956420351,0.8235294117647058,0.9431532663316583,,
2014-07-01,199915,BCR,buy,rebalance,3.0,143.441,2014-07-01,430.323,1.5061305,-320.6666666666667,Healthcare,0.6557336732493015,0.7581382067390063,0.9491206030150754,,
2014-07-01,197942,IDXX,buy,rebalance,7.0,68.355,2014-07-01,478.485,1.6746975000000002,-349.6666666666667,Healthcare,0.6275563439170931,0.7715591090805254,0.940640703517588,,
2014-07-01,194291,TWC,buy,rebalance,3.0,143.17,2014-07-01,429.51,1.503285,-373.6666666666667,Communication Services,0.6314083926361855,0.8041119360365505,0.8793969849246231,,
2014-08-01,197300,LMT,buy,rebalance,1.0,120.749,2014-08-01,120.749,0.4226215,-164.33333333333334,Industrials,0.6694171360899167,0.8997715591090806,0.9484924623115578,,
2014-08-01,195878,NOC,buy,rebalance,1.0,101.692,2014-08-01,101.692,0.35592199999999996,-262.0,Industrials,0.6610169946979692,0.8406624785836665,0.9199120603015075,,
2014-08-01,194210,BR,buy,rebalance,4.0,32.576,2014-08-01,130.304,0.456064,-284.0,Technology,0.6568125453615944,0.7681324957167333,0.9707914572864321,,
2014-08-01,198439,FISV,buy,rebalance,4.0,30.72,2014-08-01,122.88,0.43008,-289.3333333333333,Technology,0.6732584237514498,0.7255853797829811,0.9940326633165829,,
2014-08-01,199576,VGR,buy,rebalance,28.0,4.649,2014-08-01,130.172,0.455602,-301.0,Consumer Defensive,0.6231436234453943,0.8092518560822387,0.9550879396984925,,
2014-08-01,199209,WLY,buy,rebalance,3.0,41.863,2014-08-01,125.589,0.4395615,-307.6666666666667,Consumer Cyclical,0.6301884966835664,0.7824100513992005,0.9645100502512562,,
2014-08-01,199416,PPG,buy,rebalance,1.0,79.587,2014-08-01,79.587,0.27855450000000004,-316.6666666666667,Basic Materials,0.6135249956420353,0.8235294117647058,0.9431532663316583,,
2014-08-01,197942,IDXX,buy,rebalance,2.0,62.335,2014-08-01,124.67,0.43634500000000004,-346.6666666666667,Healthcare,0.627556343917093,0.7715591090805254,0.940640703517588,,
2014-09-02,197300,LMT,buy,rebalance,1.0,126.534,2014-09-02,126.534,0.442869,-163.0,Industrials,0.6694171360899167,0.8997715591090806,0.9484924623115578,,
2014-09-02,195878,NOC,buy,rebalance,1.0,106.09,2014-09-02,106.09,0.371315,-260.3333333333333,Industrials,0.6610169946979692,0.8406624785836665,0.9199120603015075,,
2014-09-02,194210,BR,buy,rebalance,4.0,34.409,2014-09-02,137.636,0.481726,-282.0,Technology,0.6568125453615943,0.7681324957167333,0.9707914572864321,,
2014-09-02,198439,FISV,buy,rebalance,4.0,32.325,2014-09-02,129.3,0.45255000000000006,-287.3333333333333,Technology,0.6732584237514498,0.7255853797829811,0.9940326633165829,,
2014-09-02,199576,VGR,buy,rebalance,26.0,5.398,2014-09-02,140.34799999999998,0.49121799999999993,-298.6666666666667,Consumer Defensive,0.6231436234453943,0.8092518560822387,0.9550879396984925,,
2014-09-02,199209,WLY,buy,rebalance,3.0,42.531,2014-09-02,127.59299999999999,0.44657549999999996,-305.3333333333333,Consumer Cyclical,0.6301884966835664,0.7824100513992005,0.9645100502512562,,
2014-09-02,199416,PPG,buy,rebalance,1.0,82.595,2014-09-02,82.595,0.2890825,-314.3333333333333,Basic Materials,0.6135249956420351,0.8235294117647058,0.9431532663316583,,
2014-09-02,197942,IDXX,buy,rebalance,2.0,62.01,2014-09-02,124.02,0.43407,-344.3333333333333,Healthcare,0.6275563439170931,0.7715591090805254,0.940640703517588,,
2014-10-01,197214,SAM,sell,criteria:rank:below_top_share,6.0,214.97,2014-10-01,1289.82,4.5143699999999995,,,,,,545.071095,740.2345349999998
2014-10-01,199150,GWW,sell,criteria:rank:below_top_share,1.0,207.655,2014-10-01,207.655,0.7267925000000001,,,,,,174.4554645,32.47274300000001
2014-10-01,198928,UTMD,sell,criteria:rank:below_top_share,78.0,39.605,2014-10-01,3089.1899999999996,10.812164999999998,,,,,,2894.2836614999997,184.09417350000012
2014-10-01,196366,ZD,sell,criteria:rank:below_top_share,99.0,37.863,2014-10-01,3748.437,13.1195295,,,,,,3417.4282814999997,317.889189
2014-10-01,196724,MAR,buy,rebalance,16.0,60.46,2014-10-01,967.36,3.3857600000000003,-219.33333333333334,Consumer Cyclical,0.6077337970415803,0.8896140749148694,0.99328,,
2014-10-01,194210,BR,buy,rebalance,29.0,33.309,2014-10-01,965.9609999999999,3.3808635,-240.33333333333334,Technology,0.634719460946899,0.8422247446083996,0.97216,,
2014-10-01,192873,NLSN,buy,rebalance,27.0,35.234,2014-10-01,951.3180000000001,3.3296130000000006,-257.6666666666667,Industrials,0.6131087148698315,0.8513053348467651,0.98336,,
2014-10-01,199209,WLY,buy,rebalance,24.0,39.198,2014-10-01,940.752,3.292632,-260.3333333333333,Consumer Cyclical,0.6452734438906058,0.8121452894438138,0.96416,,
2014-10-01,199812,TAP,buy,rebalance,17.0,54.121,2014-10-01,920.057,3.2201995,-278.6666666666667,Consumer Defensive,0.6306376733391007,0.833427922814983,0.94816,,
2014-10-01,197300,LMT,buy,rebalance,7.0,129.512,2014-10-01,906.5840000000001,3.1730440000000004,-284.3333333333333,Industrials,0.6361341580599694,0.8135641316685585,0.9552,,
2014-10-01,195812,COR,buy,rebalance,14.0,65.081,2014-10-01,911.134,3.188969,-292.6666666666667,Healthcare,0.6330922744520228,0.7803632236095346,0.98688,,
2014-10-01,198439,FISV,buy,rebalance,30.0,32.16,2014-10-01,964.8,3.3768,-300.3333333333333,Technology,0.6505986209154974,0.7360953461975028,0.9952,,
2014-10-01,197302,SHPG,buy,rebalance,3.0,253.135,2014-10-01,759.405,2.6579175,-305.6666666666667,Healthcare,0.5542797517185977,0.9580022701475596,0.96992,,
2014-10-01,193634,LO,buy,rebalance,16.0,58.088,2014-10-01,929.408,3.2529280000000003,-312.0,Consumer Defensive,0.5809213742993823,0.8598183881952327,0.98944,,
2014-11-03,196724,MAR,buy,rebalance,2.0,67.455,2014-11-03,134.91,0.472185,-218.66666666666666,Consumer Cyclical,0.6077337970415803,0.8896140749148694,0.99328,,
2014-11-03,194210,BR,buy,rebalance,4.0,35.614,2014-11-03,142.456,0.498596,-239.33333333333334,Technology,0.6347194609468992,0.8422247446083996,0.97216,,
2014-11-03,192873,NLSN,buy,rebalance,4.0,33.915,2014-11-03,135.66,0.47481,-257.0,Industrials,0.6131087148698318,0.8513053348467651,0.98336,,
2014-11-03,199209,WLY,buy,rebalance,3.0,41.313,2014-11-03,123.93900000000001,0.4337865,-258.6666666666667,Consumer Cyclical,0.6452734438906058,0.8121452894438138,0.96416,,
2014-11-03,199812,TAP,buy,rebalance,2.0,55.59,2014-11-03,111.18,0.38913000000000003,-277.6666666666667,Consumer Defensive,0.6306376733391007,0.833427922814983,0.94816,,
2014-11-03,197300,LMT,buy,rebalance,1.0,138.875,2014-11-03,138.875,0.4860625,-282.6666666666667,Industrials,0.6361341580599694,0.8135641316685585,0.9552,,
2014-11-03,195812,COR,buy,rebalance,2.0,73.745,2014-11-03,147.49,0.5162150000000001,-291.0,Healthcare,0.6330922744520228,0.7803632236095346,0.98688,,
2014-11-03,198439,FISV,buy,rebalance,4.0,34.835,2014-11-03,139.34,0.48769,-298.6666666666667,Technology,0.6505986209154974,0.7360953461975028,0.9952,,
2014-11-03,193634,LO,buy,rebalance,2.0,60.381,2014-11-03,120.762,0.422667,-311.0,Consumer Defensive,0.5809213742993823,0.8598183881952327,0.98944,,
2014-12-01,196724,MAR,buy,rebalance,1.0,69.102,2014-12-01,69.102,0.24185700000000002,-217.66666666666666,Consumer Cyclical,0.6077337970415803,0.8896140749148694,0.99328,,
2014-12-01,194210,BR,buy,rebalance,3.0,36.48,2014-12-01,109.44,0.38304,-238.33333333333334,Technology,0.634719460946899,0.8422247446083996,0.97216,,
2014-12-01,192873,NLSN,buy,rebalance,3.0,34.178,2014-12-01,102.53399999999999,0.358869,-256.0,Industrials,0.6131087148698317,0.8513053348467651,0.98336,,
2014-12-01,199209,WLY,buy,rebalance,3.0,41.957,2014-12-01,125.87100000000001,0.44054850000000007,-257.6666666666667,Consumer Cyclical,0.6452734438906058,0.8121452894438138,0.96416,,
2014-12-01,199812,TAP,buy,rebalance,2.0,56.833,2014-12-01,113.666,0.397831,-276.6666666666667,Consumer Defensive,0.6306376733391007,0.833427922814983,0.94816,,
2014-12-01,195812,COR,buy,rebalance,1.0,77.34,2014-12-01,77.34,0.27069000000000004,-289.3333333333333,Healthcare,0.6330922744520228,0.7803632236095346,0.98688,,
2014-12-01,198439,FISV,buy,rebalance,3.0,35.605,2014-12-01,106.815,0.3738525,-297.0,Technology,0.6505986209154974,0.7360953461975028,0.9952,,
2014-12-01,193634,LO,buy,rebalance,2.0,62.081,2014-12-01,124.162,0.43456700000000004,-309.6666666666667,Consumer Defensive,0.5809213742993823,0.8598183881952327,0.98944,,
2015-01-02,198798,MLAB,sell,criteria:rank:below_top_share,53.0,75.903,2015-01-02,4022.8590000000004,14.080006500000001,,,,,,2275.1081054999995,1733.670888000001
2015-01-02,196904,MMS,sell,criteria:rank:below_top_share,71.0,46.972,2015-01-02,3335.012,11.672542,,,,,,2471.0535225,852.2859355000005
2015-01-02,198047,TYL,sell,criteria:rank:below_top_share,15.0,107.85,2015-01-02,1617.75,5.6621250000000005,,,,,,1362.5021250000002,249.58574999999973
2015-01-02,193176,TW2,sell,criteria:rank:below_top_share,14.0,103.744,2015-01-02,1452.416,5.083456,,,,,,1561.0144950000001,-113.68195100000025
2015-01-02,198331,PSKY,sell,criteria:rank:below_top_share,35.0,43.398,2015-01-02,1518.93,5.316255,,,,,,1742.0729895,-228.45924449999984
2015-01-02,193748,KDP,buy,rebalance,138.0,9.596,2015-01-02,1324.248,4.634868,-183.0,Consumer Defensive,0.6651898297845814,0.8844319775596073,0.9684713375796178,,
2015-01-02,198615,MO,buy,rebalance,57.0,23.291,2015-01-02,1327.587,4.6465545,-194.0,Consumer Defensive,0.6974371675429241,0.8134642356241234,0.9993630573248408,,
2015-01-02,199689,GD,buy,rebalance,12.0,107.664,2015-01-02,1291.968,4.521888000000001,-213.33333333333334,Industrials,0.6489128172218951,0.9298737727910238,0.9165605095541401,,
2015-01-02,197300,LMT,buy,rebalance,9.0,141.855,2015-01-02,1276.695,4.4684325,-220.0,Industrials,0.6723406617527486,0.8437587657784011,0.9627388535031847,,
2015-01-02,199855,CHE,buy,rebalance,13.0,99.823,2015-01-02,1297.6989999999998,4.5419465,-229.0,Healthcare,0.6179463150878635,0.9004207573632539,0.9898089171974522,,
2015-01-02,197942,IDXX,buy,rebalance,18.0,73.665,2015-01-02,1325.97,4.640895,-232.66666666666666,Healthcare,0.6387771883784847,0.8889200561009818,0.9592356687898089,,
2015-01-02,199059,AAPL,buy,rebalance,55.0,24.172,2015-01-02,1329.46,4.65311,-240.66666666666666,Technology,0.6112175083438947,0.9023842917251051,0.993312101910828,,
2015-01-02,196724,MAR,buy,rebalance,19.0,69.37,2015-01-02,1318.0300000000002,4.613105000000001,-268.6666666666667,Consumer Cyclical,0.6109731170689727,0.8774193548387097,0.9926751592356687,,
2015-01-02,196853,JLL,buy,rebalance,9.0,147.421,2015-01-02,1326.789,4.6437615,-295.6666666666667,Real Estate,0.6326013880569309,0.8431977559607293,0.9563694267515923,,
2015-01-02,198336,CDNS,buy,rebalance,70.0,18.83,2015-01-02,1318.1,4.61335,-299.3333333333333,Technology,0.625572176594298,0.8676016830294531,0.939171974522293,,
2015-02-02,193748,KDP,buy,rebalance,11.0,10.521,2015-02-02,115.73100000000001,0.40505850000000004,-181.33333333333334,Consumer Defensive,0.6651898297845814,0.8844319775596073,0.9684713375796178,,
2015-02-02,198615,MO,buy,rebalance,4.0,25.588,2015-02-02,102.352,0.358232,-192.33333333333334,Consumer Defensive,0.6974371675429241,0.8134642356241234,0.9993630573248408,,
2015-02-02,199689,GD,buy,rebalance,1.0,106.33,2015-02-02,106.33,0.372155,-211.33333333333334,Industrials,0.6489128172218951,0.9298737727910238,0.9165605095541401,,
2015-02-02,199855,CHE,buy,rebalance,1.0,98.054,2015-02-02,98.054,0.343189,-227.33333333333334,Healthcare,0.6179463150878634,0.9004207573632539,0.9898089171974522,,
2015-02-02,197942,IDXX,buy,rebalance,1.0,79.13,2015-02-02,79.13,0.276955,-230.66666666666666,Healthcare,0.6387771883784847,0.8889200561009818,0.9592356687898089,,
2015-02-02,199059,AAPL,buy,rebalance,4.0,26.228,2015-02-02,104.912,0.367192,-239.0,Technology,0.6112175083438945,0.9023842917251051,0.993312101910828,,
2015-02-02,196724,MAR,buy,rebalance,1.0,66.738,2015-02-02,66.738,0.233583,-267.0,Consumer Cyclical,0.6109731170689727,0.8774193548387097,0.9926751592356687,,
2015-02-02,198336,CDNS,buy,rebalance,6.0,17.9,2015-02-02,107.39999999999999,0.37589999999999996,-297.3333333333333,Technology,0.6255721765942981,0.8676016830294531,0.939171974522293,,
2015-03-02,193748,KDP,buy,rebalance,13.0,10.615,2015-03-02,137.995,0.48298250000000004,-181.0,Consumer Defensive,0.6651898297845814,0.8844319775596073,0.9684713375796178,,
2015-03-02,198615,MO,buy,rebalance,5.0,26.872,2015-03-02,134.36,0.47026000000000007,-192.0,Consumer Defensive,0.6974371675429241,0.8134642356241234,0.9993630573248408,,
2015-03-02,199689,GD,buy,rebalance,1.0,109.205,2015-03-02,109.205,0.3822175,-211.33333333333334,Industrials,0.6489128172218952,0.9298737727910238,0.9165605095541401,,
2015-03-02,199855,CHE,buy,rebalance,1.0,112.323,2015-03-02,112.323,0.3931305,-227.0,Healthcare,0.6179463150878635,0.9004207573632539,0.9898089171974522,,
2015-03-02,197942,IDXX,buy,rebalance,1.0,79.73,2015-03-02,79.73,0.279055,-230.33333333333334,Healthcare,0.6387771883784847,0.8889200561009818,0.9592356687898089,,
2015-03-02,199059,AAPL,buy,rebalance,4.0,28.652,2015-03-02,114.608,0.40112800000000004,-239.0,Technology,0.6112175083438945,0.9023842917251051,0.993312101910828,,
2015-03-02,196724,MAR,buy,rebalance,1.0,75.871,2015-03-02,75.871,0.26554849999999997,-266.6666666666667,Consumer Cyclical,0.6109731170689727,0.8774193548387097,0.9926751592356687,,
2015-03-02,198336,CDNS,buy,rebalance,7.0,18.59,2015-03-02,130.13,0.455455,-297.0,Technology,0.6255721765942981,0.8676016830294531,0.939171974522293,,
2015-04-01,194695,VIAB,sell,criteria:rank:below_top_share,85.0,59.227,2015-04-01,5034.295,17.6200325,,,,,,4315.066056,701.6089115000004
2015-04-01,193488,WBD,sell,criteria:rank:below_top_share,62.0,30.91,2015-04-01,1916.42,6.707470000000001,,,,,,2427.034995,-517.322465
2015-04-01,198615,MO,buy,rebalance,34.0,24.163,2015-04-01,821.542,2.875397,-67.33333333333333,Consumer Defensive,0.6960707827031459,0.9394449116904963,0.9984015345268542,,
2015-04-01,193748,KDP,buy,rebalance,79.0,10.586,2015-04-01,836.294,2.927029,-97.33333333333333,Consumer Defensive,0.6882663434754036,0.9428090832632464,0.967071611253197,,
2015-04-01,199357,SHW,buy,rebalance,9.0,85.556,2015-04-01,770.004,2.695014,-164.66666666666666,Basic Materials,0.6457003991327328,0.9229044014578077,0.9843350383631714,,
2015-04-01,199546,CVS,buy,rebalance,11.0,73.442,2015-04-01,807.862,2.827517,-199.33333333333334,Healthcare,0.698118473025992,0.8873002523128679,0.920076726342711,,
2015-04-01,194210,BR,buy,rebalance,18.0,44.925,2015-04-01,808.65,2.830275,-200.66666666666666,Technology,0.6562651925788192,0.895991028875806,0.9581202046035806,,
2015-04-01,198439,FISV,buy,rebalance,21.0,39.79,2015-04-01,835.59,2.9245650000000003,-204.33333333333334,Technology,0.6853690624240601,0.8247827305859265,0.995843989769821,,
2015-04-01,197079,FDS,buy,rebalance,5.0,141.806,2015-04-01,709.0300000000001,2.4816050000000005,-205.33333333333334,Financial Services,0.6269611216125661,0.9184188393608074,0.9881713554987213,,
2015-04-01,196724,MAR,buy,rebalance,11.0,71.846,2015-04-01,790.306,2.766071,-207.33333333333334,Consumer Cyclical,0.6160644483067822,0.9282310064479955,0.9952046035805626,,
2015-04-01,193404,BAH,buy,rebalance,35.0,23.508,2015-04-01,822.78,2.87973,-215.0,Industrials,0.6112552660123874,0.9514998598261845,0.9737851662404092,,
2015-04-01,199928,ADP,buy,rebalance,12.0,66.392,2015-04-01,796.704,2.788464,-215.0,Industrials,0.6862550484675263,0.847210541070928,0.9571611253196931,,
2015-05-01,198615,MO,buy,rebalance,5.0,24.335,2015-05-01,121.67500000000001,0.42586250000000003,-66.66666666666667,Consumer Defensive,0.6960707827031459,0.9394449116904963,0.9984015345268542,,
2015-05-01,193748,KDP,buy,rebalance,13.0,10.245,2015-05-01,133.185,0.4661475,-96.66666666666667,Consumer Defensive,0.6882663434754036,0.9428090832632464,0.967071611253197,,
2015-05-01,199357,SHW,buy,rebalance,1.0,84.461,2015-05-01,84.461,0.2956135,-163.33333333333334,Basic Materials,0.6457003991327328,0.9229044014578077,0.9843350383631714,,
2015-05-01,199546,CVS,buy,rebalance,1.0,72.398,2015-05-01,72.398,0.253393,-198.0,Healthcare,0.698118473025992,0.8873002523128679,0.920076726342711,,
2015-05-01,194210,BR,buy,rebalance,3.0,44.467,2015-05-01,133.401,0.4669035,-199.33333333333334,Technology,0.6562651925788192,0.895991028875806,0.9581202046035806,,
2015-05-01,198439,FISV,buy,rebalance,3.0,39.33,2015-05-01,117.99,0.41296499999999997,-203.0,Technology,0.6853690624240601,0.8247827305859265,0.995843989769821,,
2015-05-01,196724,MAR,buy,rebalance,1.0,72.414,2015-05-01,72.414,0.25344900000000004,-206.0,Consumer Cyclical,0.6160644483067822,0.9282310064479955,0.9952046035805626,,
2015-05-01,199928,ADP,buy,rebalance,2.0,66.991,2015-05-01,133.982,0.468937,-213.66666666666666,Industrials,0.6862550484675263,0.847210541070928,0.9571611253196931,,
2015-05-01,193404,BAH,buy,rebalance,6.0,22.595,2015-05-01,135.57,0.474495,-214.33333333333334,Industrials,0.6112552660123874,0.9514998598261845,0.9737851662404092,,
2015-06-01,198615,MO,buy,rebalance,5.0,24.595,2015-06-01,122.975,0.4304125,-66.33333333333333,Consumer Defensive,0.6960707827031458,0.9394449116904963,0.9984015345268542,,
2015-06-01,193748,KDP,buy,rebalance,13.0,10.311,2015-06-01,134.043,0.4691505,-96.33333333333333,Consumer Defensive,0.6882663434754036,0.9428090832632464,0.967071611253197,,
2015-06-01,199357,SHW,buy,rebalance,1.0,86.481,2015-06-01,86.481,0.3026835,-163.0,Basic Materials,0.6457003991327328,0.9229044014578077,0.9843350383631714,,
2015-06-01,199546,CVS,buy,rebalance,1.0,73.876,2015-06-01,73.876,0.258566,-197.0,Healthcare,0.698118473025992,0.8873002523128679,0.920076726342711,,
2015-06-01,194210,BR,buy,rebalance,3.0,44.417,2015-06-01,133.251,0.46637850000000003,-198.33333333333334,Technology,0.6562651925788192,0.895991028875806,0.9581202046035806,,
2015-06-01,198439,FISV,buy,rebalance,3.0,40.28,2015-06-01,120.84,0.42294000000000004,-200.33333333333334,Technology,0.6853690624240601,0.8247827305859265,0.995843989769821,,
2015-06-01,196724,MAR,buy,rebalance,1.0,69.951,2015-06-01,69.951,0.24482849999999998,-205.0,Consumer Cyclical,0.6160644483067822,0.9282310064479955,0.9952046035805626,,
2015-06-01,199928,ADP,buy,rebalance,2.0,66.423,2015-06-01,132.846,0.464961,-211.33333333333334,Industrials,0.6862550484675263,0.847210541070928,0.9571611253196931,,
2015-06-01,193404,BAH,buy,rebalance,6.0,20.687,2015-06-01,124.12200000000001,0.43442700000000006,-213.33333333333334,Industrials,0.6112552660123874,0.9514998598261845,0.9737851662404092,,
2015-07-01,195812,COR,sell,criteria:rank:below_top_share,177.0,92.201,2015-07-01,16319.577,57.1185195,,,,,,8604.464589,7657.9938915
2015-07-01,193634,LO,sell,criteria:rank:not_a_candidate,79.0,71.4,2015-07-01,5640.6,19.7421,,,,,,3640.266495,1980.5914050000001
2015-07-01,197302,SHPG,sell,criteria:rank:below_top_share,3.0,239.096,2015-07-01,717.288,2.510508,,,,,,762.0629175,-47.285425499999974
2015-07-01,197079,FDS,buy,rebalance,16.0,146.443,2015-07-01,2343.088,8.200808,-160.33333333333334,Financial Services,0.6608383400350859,0.8981069042316259,0.9814986123959297,,
2015-07-01,193748,KDP,buy,rebalance,236.0,10.121,2015-07-01,2388.556,8.359946,-175.66666666666666,Consumer Defensive,0.6861970148633892,0.8644209354120267,0.9842738205365402,,
2015-07-01,194210,BR,buy,rebalance,56.0,42.486,2015-07-01,2379.216,8.327256,-180.66666666666666,Technology,0.6611106298562853,0.9011692650334076,0.9574468085106383,,
2015-07-01,199357,SHW,buy,rebalance,28.0,84.252,2015-07-01,2359.056,8.256696,-181.33333333333334,Basic Materials,0.6469129956927097,0.8983853006681515,0.9818069688559975,,
2015-07-01,199229,GHC,buy,rebalance,3.0,621.475,2015-07-01,1864.4250000000002,6.5254875000000006,-211.66666666666666,Consumer Defensive,0.6275393364869384,0.9064587973273942,0.9765649090348443,,
2015-07-01,199855,CHE,buy,rebalance,18.0,126.89,2015-07-01,2284.02,7.99407,-221.66666666666666,Healthcare,0.6384241313096275,0.8702672605790646,0.9858156028368794,,
2015-07-01,199747,EFX,buy,rebalance,27.0,88.484,2015-07-01,2389.0679999999998,8.361737999999999,-231.66666666666666,Industrials,0.6638914666310252,0.8204342984409799,0.9987665741597287,,
2015-07-01,199546,CVS,buy,rebalance,31.0,76.182,2015-07-01,2361.6420000000003,8.265747000000001,-237.0,Healthcare,0.695351325548708,0.8608017817371938,0.9222941720629048,,
2015-07-01,198439,FISV,buy,rebalance,56.0,42.055,2015-07-01,2355.08,8.24278,-240.66666666666666,Technology,0.6780191762173324,0.8009465478841871,0.9959913660191181,,
2015-07-01,198229,SBUX,buy,rebalance,55.0,42.725,2015-07-01,2349.875,8.2245625,-246.0,Consumer Cyclical,0.6335231690549002,0.8794543429844098,0.9620721554116559,,
2015-08-03,193222,DTV1,sell,criteria:rank:not_a_candidate,37.0,93.55,2015-08-03,3461.35,12.114725,,,,,,1545.9318899999998,1903.3033850000002
2015-08-03,197079,FDS,buy,rebalance,3.0,147.642,2015-08-03,442.926,1.550241,-157.33333333333334,Financial Services,0.6608383400350859,0.8981069042316259,0.9814986123959297,,
2015-08-03,193748,KDP,buy,rebalance,48.0,10.941,2015-08-03,525.168,1.8380880000000002,-172.66666666666666,Consumer Defensive,0.6861970148633892,0.8644209354120267,0.9842738205365402,,
2015-08-03,194210,BR,buy,rebalance,11.0,44.666,2015-08-03,491.32599999999996,1.719641,-177.66666666666666,Technology,0.6611106298562853,0.9011692650334076,0.9574468085106383,,
2015-08-03,199357,SHW,buy,rebalance,6.0,83.472,2015-08-03,500.832,1.752912,-178.33333333333334,Basic Materials,0.6469129956927097,0.8983853006681515,0.9818069688559975,,
2015-08-03,199855,CHE,buy,rebalance,3.0,142.306,2015-08-03,426.918,1.494213,-218.66666666666666,Healthcare,0.6384241313096275,0.8702672605790646,0.9858156028368794,,
2015-08-03,199747,EFX,buy,rebalance,5.0,91.722,2015-08-03,458.60999999999996,1.605135,-227.66666666666666,Industrials,0.6638914666310252,0.8204342984409799,0.9987665741597287,,
2015-08-03,199546,CVS,buy,rebalance,6.0,81.565,2015-08-03,489.39,1.712865,-234.0,Healthcare,0.695351325548708,0.8608017817371938,0.9222941720629048,,
2015-08-03,198439,FISV,buy,rebalance,12.0,43.66,2015-08-03,523.92,1.8337199999999998,-236.66666666666666,Technology,0.6780191762173324,0.8009465478841871,0.9959913660191181,,
2015-08-03,198229,SBUX,buy,rebalance,11.0,46.134,2015-08-03,507.474,1.776159,-242.66666666666666,Consumer Cyclical,0.6335231690549002,0.8794543429844098,0.9620721554116559,,
2015-09-01,197079,FDS,buy,rebalance,1.0,136.579,2015-09-01,136.579,0.4780265,-155.66666666666666,Financial Services,0.6608383400350858,0.8981069042316259,0.9814986123959297,,
2015-09-01,193748,KDP,buy,rebalance,18.0,10.235,2015-09-01,184.23,0.644805,-171.0,Consumer Defensive,0.6861970148633891,0.8644209354120267,0.9842738205365402,,
2015-09-01,194210,BR,buy,rebalance,4.0,41.96,2015-09-01,167.84,0.5874400000000001,-176.0,Technology,0.6611106298562853,0.9011692650334076,0.9574468085106383,,
2015-09-01,199357,SHW,buy,rebalance,2.0,74.75,2015-09-01,149.5,0.52325,-176.66666666666666,Basic Materials,0.6469129956927095,0.8983853006681515,0.9818069688559975,,
2015-09-01,199855,CHE,buy,rebalance,1.0,127.22,2015-09-01,127.22,0.44527,-217.0,Healthcare,0.6384241313096275,0.8702672605790646,0.9858156028368794,,
2015-09-01,199747,EFX,buy,rebalance,2.0,85.88,2015-09-01,171.76,0.60116,-225.66666666666666,Industrials,0.6638914666310252,0.8204342984409799,0.9987665741597287,,
2015-09-01,199546,CVS,buy,rebalance,2.0,72.491,2015-09-01,144.982,0.507437,-232.0,Healthcare,0.695351325548708,0.8608017817371938,0.9222941720629048,,
2015-09-01,198439,FISV,buy,rebalance,4.0,41.435,2015-09-01,165.74,0.58009,-234.33333333333334,Technology,0.6780191762173324,0.8009465478841871,0.9959913660191181,,
2015-09-01,198229,SBUX,buy,rebalance,4.0,42.531,2015-09-01,170.124,0.595434,-240.66666666666666,Consumer Cyclical,0.6335231690549002,0.8794543429844098,0.9620721554116559,,
2015-10-01,196724,MAR,sell,criteria:rank:below_top_share,53.0,63.117,2015-10-01,3345.201,11.7082035,,,,,,3577.1583870000004,-243.66559050000023
2015-10-01,195259,RAI,buy,rebalance,11.0,41.172,2015-10-01,452.89199999999994,1.585122,-146.66666666666666,Consumer Defensive,0.654884538766339,0.9107488256424426,0.9946439823566477,,
2015-10-01,197712,MD,buy,rebalance,6.0,76.51,2015-10-01,459.06000000000006,1.6067100000000003,-155.0,Healthcare,0.6661815335986825,0.8919591047250621,0.9892879647132955,,
2015-10-01,199385,ROL,buy,rebalance,46.0,10.27,2015-10-01,472.41999999999996,1.65347,-167.33333333333334,Consumer Cyclical,0.6561922208493495,0.8958275766786405,0.9864524259609325,,
2015-10-01,199747,EFX,buy,rebalance,5.0,88.711,2015-10-01,443.555,1.5524425,-194.66666666666666,Industrials,0.6849278303477876,0.8317214700193424,0.9974795211090107,,
2015-10-01,197079,FDS,buy,rebalance,3.0,142.439,2015-10-01,427.317,1.4956095,-196.66666666666666,Financial Services,0.6672753462673581,0.8554849405913235,0.984247006931317,,
2015-10-01,199855,CHE,buy,rebalance,3.0,125.613,2015-10-01,376.839,1.3189365,-203.0,Healthcare,0.6554548256854127,0.8698535507046146,0.982356647763075,,
2015-10-01,197603,WINA,buy,rebalance,5.0,83.631,2015-10-01,418.155,1.4635425,-203.33333333333334,Consumer Cyclical,0.62689654743624,0.9021829234595192,0.9959042218021424,,
2015-10-01,198439,FISV,buy,rebalance,10.0,43.755,2015-10-01,437.55,1.531425,-255.0,Technology,0.6324658925337069,0.8507875103619784,0.9873976055450535,,
2015-10-01,199357,SHW,buy,rebalance,6.0,69.754,2015-10-01,418.524,1.464834,-270.0,Basic Materials,0.6317867107651834,0.8325504282951092,0.9968494013862634,,
2015-11-02,195259,RAI,buy,rebalance,4.0,45.201,2015-11-02,180.804,0.632814,-146.33333333333334,Consumer Defensive,0.654884538766339,0.9107488256424426,0.9946439823566477,,
2015-11-02,197712,MD,buy,rebalance,2.0,72.2,2015-11-02,144.4,0.5054000000000001,-154.66666666666666,Healthcare,0.6661815335986825,0.8919591047250621,0.9892879647132955,,
2015-11-02,199385,ROL,buy,rebalance,18.0,10.208,2015-11-02,183.744,0.643104,-167.0,Consumer Cyclical,0.6561922208493495,0.8958275766786405,0.9864524259609325,,
2015-11-02,199747,EFX,buy,rebalance,1.0,97.088,2015-11-02,97.088,0.339808,-193.33333333333334,Industrials,0.6849278303477876,0.8317214700193424,0.9974795211090107,,
2015-11-02,197079,FDS,buy,rebalance,1.0,156.02,2015-11-02,156.02,0.54607,-195.33333333333334,Financial Services,0.6672753462673581,0.8554849405913235,0.984247006931317,,
2015-11-02,199855,CHE,buy,rebalance,1.0,149.87,2015-11-02,149.87,0.524545,-201.66666666666666,Healthcare,0.6554548256854127,0.8698535507046146,0.982356647763075,,
2015-11-02,197603,WINA,buy,rebalance,2.0,82.015,2015-11-02,164.03,0.574105,-203.0,Consumer Cyclical,0.62689654743624,0.9021829234595192,0.9959042218021424,,
2015-11-02,198439,FISV,buy,rebalance,3.0,48.385,2015-11-02,145.155,0.5080425000000001,-254.0,Technology,0.6324658925337069,0.8507875103619784,0.9873976055450535,,
2015-11-02,199357,SHW,buy,rebalance,2.0,81.156,2015-11-02,162.312,0.568092,-268.6666666666667,Basic Materials,0.6317867107651834,0.8325504282951092,0.9968494013862634,,
2015-12-01,195259,RAI,buy,rebalance,3.0,43.531,2015-12-01,130.593,0.45707549999999997,-145.66666666666666,Consumer Defensive,0.654884538766339,0.9107488256424426,0.9946439823566477,,
2015-12-01,197712,MD,buy,rebalance,2.0,72.22,2015-12-01,144.44,0.50554,-154.0,Healthcare,0.6661815335986825,0.8919591047250621,0.9892879647132955,,
2015-12-01,199385,ROL,buy,rebalance,14.0,10.602,2015-12-01,148.428,0.519498,-166.33333333333334,Consumer Cyclical,0.6561922208493495,0.8958275766786405,0.9864524259609325,,
2015-12-01,199747,EFX,buy,rebalance,1.0,101.729,2015-12-01,101.729,0.3560515,-192.33333333333334,Industrials,0.6849278303477876,0.8317214700193424,0.9974795211090107,,
2015-12-01,197603,WINA,buy,rebalance,1.0,77.812,2015-12-01,77.812,0.272342,-202.0,Consumer Cyclical,0.62689654743624,0.9021829234595192,0.9959042218021424,,
2015-12-01,198439,FISV,buy,rebalance,3.0,48.6,2015-12-01,145.8,0.5103000000000001,-252.66666666666666,Technology,0.6324658925337069,0.8507875103619784,0.9873976055450535,,
2015-12-01,199357,SHW,buy,rebalance,1.0,83.693,2015-12-01,83.693,0.2929255,-267.3333333333333,Basic Materials,0.6317867107651833,0.8325504282951092,0.9968494013862634,,
2016-01-04,197935,BIIB,sell,criteria:rank:below_top_share,12.0,271.563,2016-01-04,3258.756,11.405645999999999,,,,,,1174.9951395,2072.3552144999994
2016-01-04,199849,CHDN,buy,rebalance,22.0,21.672,2016-01-04,476.784,1.668744,-147.33333333333334,Consumer Cyclical,0.6883645331555411,0.9446914952751528,0.946031746031746,,
2016-01-04,199747,EFX,buy,rebalance,4.0,98.954,2016-01-04,395.816,1.385356,-161.66666666666666,Industrials,0.6788599343243183,0.8979988882712618,0.9961904761904762,,
2016-01-04,196510,LII,buy,rebalance,4.0,109.897,2016-01-04,439.588,1.538558,-195.0,Basic Materials,0.6844266301919177,0.9177320733740967,0.9307936507936508,,
2016-01-04,194210,BR,buy,rebalance,11.0,43.586,2016-01-04,479.44599999999997,1.678061,-195.66666666666666,Technology,0.6874186352448943,0.8829905503057254,0.966984126984127,,
2016-01-04,198546,JKHY,buy,rebalance,7.0,67.353,2016-01-04,471.47099999999995,1.6501484999999998,-196.0,Technology,0.7227521780056707,0.8365758754863813,0.9828571428571429,,
2016-01-04,195259,RAI,buy,rebalance,11.0,42.995,2016-01-04,472.945,1.6553075,-208.0,Consumer Defensive,0.6394923913304454,0.9168982768204558,0.9968253968253968,,
2016-01-04,199841,CLX,buy,rebalance,5.0,91.018,2016-01-04,455.09000000000003,1.592815,-212.66666666666666,Consumer Defensive,0.7079391844951258,0.831017231795442,0.979047619047619,,
2016-01-04,197712,MD,buy,rebalance,6.0,71.05,2016-01-04,426.29999999999995,1.4920499999999999,-238.66666666666666,Healthcare,0.6793008954315132,0.8312951639799889,0.9923809523809524,,
2016-01-04,199855,CHE,buy,rebalance,3.0,140.567,2016-01-04,421.701,1.4759535000000001,-244.66666666666666,Healthcare,0.6368290013987269,0.896609227348527,0.986031746031746,,
2016-01-04,197603,WINA,buy,rebalance,6.0,76.753,2016-01-04,460.51800000000003,1.6118130000000002,-259.3333333333333,Consumer Cyclical,0.6639269694748268,0.8290717065036132,0.9965079365079365,,
2016-02-01,199849,CHDN,buy,rebalance,6.0,22.113,2016-02-01,132.678,0.464373,-147.0,Consumer Cyclical,0.6883645331555411,0.9446914952751528,0.946031746031746,,
2016-02-01,199747,EFX,buy,rebalance,1.0,96.667,2016-02-01,96.667,0.33833450000000004,-160.33333333333334,Industrials,0.6788599343243183,0.8979988882712618,0.9961904761904762,,
2016-02-01,196510,LII,buy,rebalance,1.0,105.023,2016-02-01,105.023,0.3675805,-193.66666666666666,Basic Materials,0.6844266301919177,0.9177320733740967,0.9307936507936508,,
2016-02-01,198546,JKHY,buy,rebalance,1.0,71.586,2016-02-01,71.586,0.250551,-193.66666666666666,Technology,0.7227521780056707,0.8365758754863813,0.9828571428571429,,
2016-02-01,194210,BR,buy,rebalance,3.0,44.809,2016-02-01,134.427,0.4704945,-194.0,Technology,0.6874186352448943,0.8829905503057254,0.966984126984127,,
2016-02-01,195259,RAI,buy,rebalance,2.0,47.513,2016-02-01,95.026,0.33259099999999997,-206.0,Consumer Defensive,0.6394923913304454,0.9168982768204558,0.9968253968253968,,
2016-02-01,199841,CLX,buy,rebalance,1.0,96.351,2016-02-01,96.351,0.3372285,-210.0,Consumer Defensive,0.7079391844951258,0.831017231795442,0.979047619047619,,
2016-02-01,197712,MD,buy,rebalance,2.0,69.54,2016-02-01,139.08,0.48678000000000005,-236.0,Healthcare,0.6793008954315132,0.8312951639799889,0.9923809523809524,,
2016-02-01,199855,CHE,buy,rebalance,1.0,135.51,2016-02-01,135.51,0.47428499999999996,-242.66666666666666,Healthcare,0.6368290013987269,0.896609227348527,0.986031746031746,,
2016-02-01,197603,WINA,buy,rebalance,1.0,77.065,2016-02-01,77.065,0.2697275,-256.3333333333333,Consumer Cyclical,0.6639269694748268,0.8290717065036132,0.9965079365079365,,
2016-03-01,199849,CHDN,buy,rebalance,6.0,21.825,2016-03-01,130.95,0.458325,-146.0,Consumer Cyclical,0.688364533155541,0.9446914952751528,0.946031746031746,,
2016-03-01,199747,EFX,buy,rebalance,1.0,96.576,2016-03-01,96.576,0.338016,-158.66666666666666,Industrials,0.6788599343243183,0.8979988882712618,0.9961904761904762,,
2016-03-01,198546,JKHY,buy,rebalance,1.0,73.075,2016-03-01,73.075,0.2557625,-191.66666666666666,Technology,0.7227521780056707,0.8365758754863813,0.9828571428571429,,
2016-03-01,194210,BR,buy,rebalance,2.0,47.879,2016-03-01,95.758,0.335153,-192.0,Technology,0.6874186352448943,0.8829905503057254,0.966984126984127,,
2016-03-01,196510,LII,buy,rebalance,1.0,114.381,2016-03-01,114.381,0.4003335,-192.33333333333334,Basic Materials,0.6844266301919177,0.9177320733740967,0.9307936507936508,,
2016-03-01,195259,RAI,buy,rebalance,2.0,48.027,2016-03-01,96.054,0.336189,-204.33333333333334,Consumer Defensive,0.6394923913304454,0.9168982768204558,0.9968253968253968,,
2016-03-01,199841,CLX,buy,rebalance,1.0,91.717,2016-03-01,91.717,0.3210095,-208.0,Consumer Defensive,0.7079391844951257,0.831017231795442,0.979047619047619,,
2016-03-01,197712,MD,buy,rebalance,1.0,67.7,2016-03-01,67.7,0.23695000000000002,-233.33333333333334,Healthcare,0.6793008954315132,0.8312951639799889,0.9923809523809524,,
2016-03-01,199855,CHE,buy,rebalance,1.0,124.034,2016-03-01,124.034,0.43411900000000003,-240.66666666666666,Healthcare,0.6368290013987269,0.896609227348527,0.986031746031746,,
2016-03-01,197603,WINA,buy,rebalance,1.0,81.537,2016-03-01,81.537,0.2853795,-253.66666666666666,Consumer Cyclical,0.6639269694748268,0.8290717065036132,0.9965079365079365,,
2016-04-01,199551,SPGI,sell,criteria:rank:below_top_share,68.0,85.742,2016-04-01,5830.456,20.406596,,,,,,2199.9740535,3610.0753505000002
2016-04-01,197859,GILD,sell,criteria:rank:below_top_share,37.0,65.659,2016-04-01,2429.3830000000003,8.502840500000001,,,,,,982.858005,1438.0221545000004
2016-04-01,196744,CHH,sell,criteria:rank:below_top_share,68.0,47.673,2016-04-01,3241.764,11.346174000000001,,,,,,2486.7362204999995,743.6816055000008
2016-04-01,197638,PZZA,sell,criteria:rank:below_top_share,130.0,44.456,2016-04-01,5779.280000000001,20.227480000000003,,,,,,3607.5032235,2151.549296500001
2016-04-01,194504,HBI,sell,criteria:rank:below_top_share,133.0,22.13,2016-04-01,2943.29,10.301515,,,,,,1771.9491914999999,1161.0392935
2016-04-01,197377,MCK,sell,criteria:rank:below_top_share,6.0,145.562,2016-04-01,873.3720000000001,3.0568020000000002,,,,,,970.037289,-99.72209099999986
2016-04-01,199209,WLY,sell,criteria:rank:below_top_share,48.0,35.757,2016-04-01,1716.3359999999998,6.007175999999999,,,,,,1962.990504,-252.6616800000004
2016-04-01,196853,JLL,sell,criteria:rank:below_top_share,9.0,115.539,2016-04-01,1039.851,3.6394785000000005,,,,,,1331.4327615,-295.22123999999985
2016-04-01,199229,GHC,sell,criteria:rank:below_top_share,3.0,441.503,2016-04-01,1324.509,4.6357815,,,,,,1870.9504875000002,-551.0772690000001
2016-04-01,197066,VRSN,buy,rebalance,29.0,88.039,2016-04-01,2553.131,8.9359585,-119.0,Technology,0.6614129466043258,0.972369522746302,0.9919639987142398,,
2016-04-01,193748,KDP,buy,rebalance,208.0,12.609,2016-04-01,2622.672,9.179352,-144.0,Consumer Defensive,0.7274062287862515,0.8936645269327379,0.9678559948569592,,
2016-04-01,199841,CLX,buy,rebalance,28.0,93.113,2016-04-01,2607.1639999999998,9.125074,-149.33333333333334,Consumer Defensive,0.7255166655950758,0.8811052190901479,0.9765348762455802,,
2016-04-01,197997,AZO,buy,rebalance,3.0,805.4,2016-04-01,2416.2,8.4567,-165.0,Consumer Cyclical,0.7076011880116492,0.9076193134245046,0.9469623915139826,,
2016-04-01,197849,ROP,buy,rebalance,15.0,173.108,2016-04-01,2596.62,9.08817,-167.33333333333334,Technology,0.688778983369093,0.9073402176946693,0.9681774349083896,,
2016-04-01,198804,PAYX,buy,rebalance,67.0,39.092,2016-04-01,2619.1639999999998,9.167074,-178.66666666666666,Industrials,0.7035581665115583,0.8704995813564053,0.9781420765027322,,
2016-04-01,195878,NOC,buy,rebalance,15.0,169.858,2016-04-01,2547.87,8.917545,-186.33333333333334,Industrials,0.6803171935115265,0.9095729835333519,0.9585342333654774,,
2016-04-01,199122,DHR,buy,rebalance,43.0,60.775,2016-04-01,2613.325,9.146637499999999,-201.33333333333334,Healthcare,0.7027475582751311,0.8464973485905666,0.9829636772741883,,
2016-04-01,199849,CHDN,buy,rebalance,111.0,23.58,2016-04-01,2617.3799999999997,9.160829999999999,-231.66666666666666,Consumer Cyclical,0.6619836193031776,0.8905944739045493,0.9639987142397943,,
2016-04-01,197600,SIRI,buy,rebalance,83.0,31.413,2016-04-01,2607.279,9.1254765,-236.33333333333334,Communication Services,0.6830612240411443,0.8244487859335752,0.994535519125683,,
2016-05-02,197066,VRSN,buy,rebalance,1.0,86.556,2016-05-02,86.556,0.302946,-117.33333333333333,Technology,0.6614129466043257,0.972369522746302,0.9919639987142398,,
2016-05-02,193748,KDP,buy,rebalance,12.0,12.714,2016-05-02,152.568,0.533988,-141.33333333333334,Consumer Defensive,0.7274062287862515,0.8936645269327379,0.9678559948569592,,
2016-05-02,199841,CLX,buy,rebalance,1.0,93.371,2016-05-02,93.371,0.3267985,-146.33333333333334,Consumer Defensive,0.7255166655950758,0.8811052190901479,0.9765348762455802,,
2016-05-02,198804,PAYX,buy,rebalance,4.0,37.959,2016-05-02,151.836,0.5314260000000001,-175.66666666666666,Industrials,0.7035581665115583,0.8704995813564053,0.9781420765027322,,
2016-05-02,199122,DHR,buy,rebalance,2.0,61.893,2016-05-02,123.786,0.433251,-197.33333333333334,Healthcare,0.7027475582751311,0.8464973485905666,0.9829636772741883,,
2016-05-02,199849,CHDN,buy,rebalance,7.0,20.987,2016-05-02,146.909,0.5141815,-229.0,Consumer Cyclical,0.6619836193031776,0.8905944739045493,0.9639987142397943,,
2016-05-02,197600,SIRI,buy,rebalance,4.0,31.492,2016-05-02,125.968,0.440888,-232.33333333333334,Communication Services,0.6830612240411443,0.8244487859335752,0.994535519125683,,
2016-06-01,194291,TWC,sell,criteria:rank:not_a_candidate,3.0,209.56,2016-06-01,628.6800000000001,2.2003800000000004,,,,,,431.013285,195.46633500000007
2016-06-01,197066,VRSN,buy,rebalance,2.0,83.855,2016-06-01,167.71,0.5869850000000001,-116.66666666666667,Technology,0.6614129466043257,0.972369522746302,0.9919639987142398,,
2016-06-01,193748,KDP,buy,rebalance,17.0,12.754,2016-06-01,216.81799999999998,0.758863,-138.0,Consumer Defensive,0.7274062287862514,0.8936645269327379,0.9678559948569592,,
2016-06-01,199841,CLX,buy,rebalance,2.0,95.526,2016-06-01,191.052,0.668682,-143.0,Consumer Defensive,0.7255166655950758,0.8811052190901479,0.9765348762455802,,
2016-06-01,197849,ROP,buy,rebalance,1.0,160.45,2016-06-01,160.45,0.5615749999999999,-161.33333333333334,Technology,0.6887789833690929,0.9073402176946693,0.9681774349083896,,
2016-06-01,198804,PAYX,buy,rebalance,5.0,39.623,2016-06-01,198.11499999999998,0.6934024999999999,-172.33333333333334,Industrials,0.7035581665115583,0.8704995813564053,0.9781420765027322,,
2016-06-01,195878,NOC,buy,rebalance,1.0,181.611,2016-06-01,181.611,0.6356385,-180.0,Industrials,0.6803171935115265,0.9095729835333519,0.9585342333654774,,
2016-06-01,199122,DHR,buy,rebalance,3.0,62.789,2016-06-01,188.36700000000002,0.6592845,-194.0,Healthcare,0.7027475582751311,0.8464973485905666,0.9829636772741883,,
2016-06-01,199849,CHDN,buy,rebalance,11.0,20.017,2016-06-01,220.18699999999998,0.7706544999999999,-225.33333333333334,Consumer Cyclical,0.6619836193031776,0.8905944739045493,0.9639987142397943,,
2016-06-01,197600,SIRI,buy,rebalance,7.0,31.889,2016-06-01,223.22299999999998,0.7812804999999999,-228.66666666666666,Communication Services,0.6830612240411443,0.8244487859335752,0.994535519125683,,
2016-07-01,198040,SRCL,sell,criteria:rank:below_top_share,22.0,104.33,2016-07-01,2295.2599999999998,8.03341,,,,,,1611.7614899999999,675.4650999999999
2016-07-01,199747,EFX,sell,criteria:rank:below_top_share,229.0,116.824,2016-07-01,26752.696,93.63443600000001,,,,,,12768.050312999998,13891.011251000002
2016-07-01,199059,AAPL,sell,criteria:rank:below_top_share,63.0,21.809,2016-07-01,1373.967,4.8088845000000005,,,,,,1554.40143,-185.24331449999977
2016-07-01,197600,SIRI,sell,criteria:rank:below_top_share,94.0,31.492,2016-07-01,2960.248,10.360868,,,,,,2966.8176449999996,-16.93051299999979
2016-07-01,198615,MO,buy,rebalance,99.0,34.815,2016-07-01,3446.685,12.0633975,-102.33333333333333,Consumer Defensive,0.7269349441497529,0.9063199105145414,0.9984121943474119,,
2016-07-01,198546,JKHY,buy,rebalance,44.0,77.294,2016-07-01,3400.9359999999997,11.903276,-130.33333333333334,Technology,0.7146289117816798,0.9177852348993288,0.9685614480787551,,
2016-07-01,199877,CPB,buy,rebalance,74.0,46.321,2016-07-01,3427.754,11.997139,-135.33333333333334,Consumer Defensive,0.70843900617789,0.9628076062639821,0.9237853286757701,,
2016-07-01,197300,LMT,buy,rebalance,18.0,191.267,2016-07-01,3442.806,12.049821,-138.33333333333334,Industrials,0.7251053329786876,0.9074384787472036,0.9606224198158145,,
2016-07-01,195878,NOC,buy,rebalance,18.0,188.874,2016-07-01,3399.732,11.899062,-151.66666666666666,Industrials,0.6991707176892676,0.9312080536912751,0.9539536360749444,,
2016-07-01,194210,BR,buy,rebalance,63.0,54.935,2016-07-01,3460.905,12.113167500000001,-158.0,Technology,0.6924020089405342,0.9258948545861297,0.9622102254684026,,
2016-07-01,199296,TFX,buy,rebalance,20.0,167.967,2016-07-01,3359.34,11.75769,-202.33333333333334,Healthcare,0.6984687957137712,0.9278523489932886,0.9079072721498889,,
2016-07-01,197675,ATR,buy,rebalance,50.0,69.064,2016-07-01,3453.2,12.0862,-209.66666666666666,Healthcare,0.7072085997063313,0.9149888143176734,0.9025087329310892,,
2016-07-01,196055,VC,buy,rebalance,53.0,65.316,2016-07-01,3461.748,12.116118,-233.33333333333334,Consumer Cyclical,0.650818455327336,0.8996085011185683,0.989838043823436,,
2016-07-01,196510,LII,buy,rebalance,27.0,126.956,2016-07-01,3427.812,11.997342,-234.0,Basic Materials,0.6908073108602425,0.9068791946308725,0.9098126389329946,,
2016-08-01,198615,MO,buy,rebalance,4.0,34.124,2016-08-01,136.496,0.47773600000000005,-100.66666666666667,Consumer Defensive,0.7269349441497528,0.9063199105145414,0.9984121943474119,,
2016-08-01,198546,JKHY,buy,rebalance,1.0,79.216,2016-08-01,79.216,0.277256,-129.0,Technology,0.7146289117816798,0.9177852348993288,0.9685614480787551,,
2016-08-01,199877,CPB,buy,rebalance,3.0,43.712,2016-08-01,131.13600000000002,0.4589760000000001,-134.0,Consumer Defensive,0.70843900617789,0.9628076062639821,0.9237853286757701,,
2016-08-01,194210,BR,buy,rebalance,2.0,57.649,2016-08-01,115.298,0.40354300000000004,-156.0,Technology,0.6924020089405342,0.9258948545861297,0.9622102254684026,,
2016-08-01,197675,ATR,buy,rebalance,2.0,67.721,2016-08-01,135.442,0.47404700000000005,-207.66666666666666,Healthcare,0.7072085997063313,0.9149888143176734,0.9025087329310892,,
2016-08-01,196055,VC,buy,rebalance,2.0,68.754,2016-08-01,137.508,0.48127800000000004,-230.33333333333334,Consumer Cyclical,0.650818455327336,0.8996085011185683,0.989838043823436,,
2016-09-01,198615,MO,buy,rebalance,4.0,33.454,2016-09-01,133.816,0.468356,-99.33333333333333,Consumer Defensive,0.7269349441497528,0.9063199105145414,0.9984121943474119,,
2016-09-01,198546,JKHY,buy,rebalance,2.0,78.153,2016-09-01,156.306,0.5470710000000001,-127.66666666666667,Technology,0.7146289117816798,0.9177852348993288,0.9685614480787551,,
2016-09-01,199877,CPB,buy,rebalance,4.0,40.091,2016-09-01,160.364,0.561274,-133.0,Consumer Defensive,0.70843900617789,0.9628076062639821,0.9237853286757701,,
2016-09-01,194210,BR,buy,rebalance,2.0,58.952,2016-09-01,117.904,0.412664,-154.66666666666666,Technology,0.6924020089405342,0.9258948545861297,0.9622102254684026,,
2016-09-01,197675,ATR,buy,rebalance,2.0,68.273,2016-09-01,136.546,0.477911,-206.0,Healthcare,0.7072085997063313,0.9149888143176734,0.9025087329310892,,
2016-09-01,196055,VC,buy,rebalance,2.0,70.424,2016-09-01,140.848,0.4929680000000001,-228.33333333333334,Consumer Cyclical,0.650818455327336,0.8996085011185683,0.989838043823436,,
2016-09-01,196510,LII,buy,rebalance,1.0,144.82,2016-09-01,144.82,0.5068699999999999,-229.33333333333334,Basic Materials,0.6908073108602426,0.9068791946308725,0.9098126389329946,,
2016-10-03,199238,VFC,sell,criteria:rank:below_top_share,45.0,39.455,2016-10-03,1775.475,6.2141625,,,,,,497.9617875,1271.29905
2016-10-03,196855,AME,sell,criteria:rank:below_top_share,98.0,44.44,2016-10-03,4355.12,15.24292,,,,,,1846.90161,2492.9754700000003
2016-10-03,194557,QVCAQ,sell,criteria:rank:below_top_share,4.0,441.368,2016-10-03,1765.472,6.179152,,,,,,1730.3882355,28.904612499999985
2016-10-03,198326,NWL,sell,criteria:rank:below_top_share,81.0,34.043,2016-10-03,2757.4829999999997,9.651190499999998,,,,,,1401.2221725,1346.6096369999996
2016-10-03,196643,MANH,sell,criteria:rank:below_top_share,36.0,56.75,2016-10-03,2043.0,7.1505,,,,,,1266.97896,768.8705400000001
2016-10-03,196055,VC,sell,criteria:rank:below_top_share,57.0,70.592,2016-10-03,4023.744,14.083104,,,,,,3753.194364,256.46653200000037
2016-10-03,198546,JKHY,buy,rebalance,24.0,75.91,2016-10-03,1821.84,6.37644,-161.66666666666666,Technology,0.7225871860253334,0.8851501668520578,0.9662775616083009,,
2016-10-03,198804,PAYX,buy,rebalance,43.0,42.131,2016-10-03,1811.633,6.3407155,-169.33333333333334,Industrials,0.7149973703275346,0.8754171301446051,0.9782749675745784,,
2016-10-03,198615,MO,buy,rebalance,57.0,32.007,2016-10-03,1824.399,6.3853965,-173.0,Consumer Defensive,0.7273961216635163,0.8442714126807565,0.9980544747081712,,
2016-10-03,193889,MSCI,buy,rebalance,24.0,74.79,2016-10-03,1794.96,6.282360000000001,-179.33333333333334,Financial Services,0.6764204415982452,0.9151835372636262,0.9795719844357976,,
2016-10-03,199747,EFX,buy,rebalance,14.0,122.132,2016-10-03,1709.848,5.984468,-182.66666666666666,Industrials,0.6870726673552373,0.8781979977753059,0.998378728923476,,
2016-10-03,194210,BR,buy,rebalance,31.0,57.065,2016-10-03,1769.0149999999999,6.191552499999999,-216.33333333333334,Technology,0.7057187969272501,0.8759733036707452,0.940337224383917,,
2016-10-03,199242,VAL1,buy,rebalance,17.0,104.855,2016-10-03,1782.535,6.2388725,-224.33333333333334,Basic Materials,0.6843119209492994,0.9115684093437152,0.9244487678339819,,
2016-10-03,196997,DGX,buy,rebalance,26.0,69.357,2016-10-03,1803.282,6.311487,-225.66666666666666,Healthcare,0.6872447138597287,0.8637374860956618,0.9711413748378729,,
2016-10-03,198251,SMG,buy,rebalance,30.0,59.791,2016-10-03,1793.73,6.278055,-232.0,Basic Materials,0.7063427732431748,0.8768075639599555,0.9212062256809338,,
2016-10-03,199877,CPB,buy,rebalance,47.0,38.457,2016-10-03,1807.479,6.3261765,-235.0,Consumer Defensive,0.7057504987606767,0.8743047830923248,0.9225032425421531,,
2016-11-01,198546,JKHY,buy,rebalance,1.0,71.59,2016-11-01,71.59,0.25056500000000004,-159.33333333333334,Technology,0.7225871860253336,0.8851501668520578,0.9662775616083009,,
2016-11-01,198804,PAYX,buy,rebalance,3.0,40.124,2016-11-01,120.37200000000001,0.42130200000000007,-166.66666666666666,Industrials,0.7149973703275346,0.8754171301446051,0.9782749675745784,,
2016-11-01,198615,MO,buy,rebalance,4.0,33.347,2016-11-01,133.388,0.46685800000000005,-170.66666666666666,Consumer Defensive,0.7273961216635163,0.8442714126807565,0.9980544747081712,,
2016-11-01,193889,MSCI,buy,rebalance,1.0,70.912,2016-11-01,70.912,0.24819200000000002,-177.0,Financial Services,0.6764204415982452,0.9151835372636262,0.9795719844357976,,
2016-11-01,199747,EFX,buy,rebalance,1.0,112.715,2016-11-01,112.715,0.39450250000000003,-180.0,Industrials,0.6870726673552373,0.8781979977753059,0.998378728923476,,
2016-11-01,194210,BR,buy,rebalance,2.0,54.151,2016-11-01,108.302,0.37905700000000003,-213.33333333333334,Technology,0.7057187969272501,0.8759733036707452,0.940337224383917,,
2016-11-01,199242,VAL1,buy,rebalance,1.0,98.51,2016-11-01,98.51,0.344785,-221.33333333333334,Basic Materials,0.6843119209492994,0.9115684093437152,0.9244487678339819,,
2016-11-01,196997,DGX,buy,rebalance,2.0,66.436,2016-11-01,132.872,0.4650520000000001,-222.66666666666666,Healthcare,0.6872447138597287,0.8637374860956618,0.9711413748378729,,
2016-11-01,198251,SMG,buy,rebalance,2.0,62.929,2016-11-01,125.858,0.44050300000000003,-229.0,Basic Materials,0.7063427732431748,0.8768075639599555,0.9212062256809338,,
2016-11-01,199877,CPB,buy,rebalance,3.0,37.87,2016-11-01,113.60999999999999,0.39763499999999996,-232.0,Consumer Defensive,0.7057504987606767,0.8743047830923248,0.9225032425421531,,
2016-12-01,198546,JKHY,buy,rebalance,1.0,75.42,2016-12-01,75.42,0.26397000000000004,-158.0,Technology,0.7225871860253334,0.8851501668520578,0.9662775616083009,,
2016-12-01,198804,PAYX,buy,rebalance,2.0,43.385,2016-12-01,86.77,0.303695,-165.33333333333334,Industrials,0.7149973703275346,0.8754171301446051,0.9782749675745784,,
2016-12-01,198615,MO,buy,rebalance,3.0,32.028,2016-12-01,96.084,0.33629400000000004,-169.0,Consumer Defensive,0.7273961216635163,0.8442714126807565,0.9980544747081712,,
2016-12-01,193889,MSCI,buy,rebalance,1.0,69.322,2016-12-01,69.322,0.242627,-175.33333333333334,Financial Services,0.6764204415982452,0.9151835372636262,0.9795719844357976,,
2016-12-01,199747,EFX,buy,rebalance,1.0,101.96,2016-12-01,101.96,0.35686,-178.66666666666666,Industrials,0.6870726673552373,0.8781979977753059,0.998378728923476,,
2016-12-01,194210,BR,buy,rebalance,2.0,54.202,2016-12-01,108.404,0.379414,-212.0,Technology,0.7057187969272501,0.8759733036707452,0.940337224383917,,
2016-12-01,199242,VAL1,buy,rebalance,1.0,101.211,2016-12-01,101.211,0.3542385,-220.0,Basic Materials,0.6843119209492994,0.9115684093437152,0.9244487678339819,,
2016-12-01,196997,DGX,buy,rebalance,1.0,72.145,2016-12-01,72.145,0.2525075,-221.33333333333334,Healthcare,0.6872447138597286,0.8637374860956618,0.9711413748378729,,
2016-12-01,198251,SMG,buy,rebalance,1.0,65.376,2016-12-01,65.376,0.22881600000000002,-227.66666666666666,Basic Materials,0.7063427732431748,0.8768075639599555,0.9212062256809338,,
2016-12-01,199877,CPB,buy,rebalance,3.0,40.522,2016-12-01,121.566,0.425481,-230.66666666666666,Consumer Defensive,0.7057504987606767,0.8743047830923248,0.9225032425421531,,
2017-01-03,198877,DST,sell,criteria:rank:below_top_share,40.0,53.682,2017-01-03,2147.28,7.515480000000001,,,,,,1735.7710095,403.9935105000002
2017-01-03,199416,PPG,sell,criteria:rank:below_top_share,8.0,79.15,2017-01-03,633.2,2.2162,,,,,,667.237185,-36.25338499999987
2017-01-03,199546,CVS,sell,criteria:rank:below_top_share,52.0,59.337,2017-01-03,3085.5240000000003,10.799334000000002,,,,,,3963.975525,-889.2508589999993
2017-01-03,197712,MD,sell,criteria:rank:below_top_share,19.0,66.97,2017-01-03,1272.43,4.453505000000001,,,,,,1385.8134300000002,-117.83693500000004
2017-01-03,199747,EFX,sell,criteria:rank:below_top_share,16.0,108.56,2017-01-03,1736.96,6.07936,,,,,,1931.2588305,-200.37819049999985
2017-01-03,195164,DPZ,buy,rebalance,7.0,141.72,2017-01-03,992.04,3.47214,-191.66666666666666,Consumer Cyclical,0.6659279562831768,0.9110050533408197,0.9905073649754501,,
2017-01-03,198804,PAYX,buy,rebalance,22.0,45.145,2017-01-03,993.19,3.4761650000000004,-214.66666666666666,Industrials,0.7203668920921401,0.8200449185850646,0.9754500818330606,,
2017-01-03,199634,ITW,buy,rebalance,10.0,97.875,2017-01-03,978.75,3.425625,-215.0,Industrials,0.720192528506764,0.8489612577203818,0.9440261865793781,,
2017-01-03,198621,LCII,buy,rebalance,11.0,85.334,2017-01-03,938.674,3.285359,-292.0,Consumer Cyclical,0.6318913191594578,0.9620999438517687,0.9027823240589198,,
2017-01-03,198251,SMG,buy,rebalance,14.0,68.604,2017-01-03,960.456,3.361596,-297.0,Basic Materials,0.7071389182262225,0.8065693430656934,0.9175122749590835,,
2017-01-03,197942,IDXX,buy,rebalance,8.0,117.6,2017-01-03,940.8,3.2927999999999997,-297.3333333333333,Healthcare,0.636305399139759,0.9008983717012914,0.9551554828150572,,
2017-01-03,192976,SPB1,buy,rebalance,8.0,118.046,2017-01-03,944.368,3.3052880000000004,-299.3333333333333,Consumer Defensive,0.6686517482228281,0.9014598540145985,0.8841243862520458,,
2017-01-03,194210,BR,buy,rebalance,18.0,55.953,2017-01-03,1007.154,3.525039,-305.6666666666667,Technology,0.7035137290533302,0.7526670409882089,0.9770867430441899,,
2017-01-03,196997,DGX,buy,rebalance,13.0,76.27,2017-01-03,991.51,3.470285,-311.6666666666667,Healthcare,0.6910914075379265,0.7860752386299832,0.9509001636661211,,
2017-01-03,197845,SNPS,buy,rebalance,17.0,59.37,2017-01-03,1009.29,3.532515,-312.6666666666667,Technology,0.6920148884029903,0.7521055586749017,0.9882160392798691,,
2017-02-01,198804,PAYX,buy,rebalance,3.0,43.594,2017-02-01,130.782,0.45773700000000006,-212.66666666666666,Industrials,0.7203668920921401,0.8200449185850646,0.9754500818330606,,
2017-02-01,199634,ITW,buy,rebalance,1.0,101.358,2017-02-01,101.358,0.35475300000000004,-213.33333333333334,Industrials,0.7201925285067639,0.8489612577203818,0.9440261865793781,,
2017-02-01,198621,LCII,buy,rebalance,1.0,79.364,2017-02-01,79.364,0.277774,-290.6666666666667,Consumer Cyclical,0.631891319159458,0.9620999438517687,0.9027823240589198,,
2017-02-01,198251,SMG,buy,rebalance,2.0,65.811,2017-02-01,131.622,0.46067700000000006,-294.3333333333333,Basic Materials,0.7071389182262224,0.8065693430656934,0.9175122749590835,,
2017-02-01,197942,IDXX,buy,rebalance,1.0,122.8,2017-02-01,122.8,0.4298,-295.0,Healthcare,0.636305399139759,0.9008983717012914,0.9551554828150572,,
2017-02-01,192976,SPB1,buy,rebalance,1.0,129.005,2017-02-01,129.005,0.4515175,-297.3333333333333,Consumer Defensive,0.6686517482228281,0.9014598540145985,0.8841243862520458,,
2017-02-01,194210,BR,buy,rebalance,2.0,55.902,2017-02-01,111.804,0.391314,-302.0,Technology,0.7035137290533302,0.7526670409882089,0.9770867430441899,,
2017-02-01,196997,DGX,buy,rebalance,1.0,76.726,2017-02-01,76.726,0.26854100000000003,-309.0,Healthcare,0.6910914075379265,0.7860752386299832,0.9509001636661211,,
2017-02-01,197845,SNPS,buy,rebalance,2.0,62.62,2017-02-01,125.24,0.43834,-309.0,Technology,0.6920148884029903,0.7521055586749017,0.9882160392798691,,
2017-03-01,198804,PAYX,buy,rebalance,2.0,46.79,2017-03-01,93.58,0.32753,-210.66666666666666,Industrials,0.7203668920921401,0.8200449185850646,0.9754500818330606,,
2017-03-01,199634,ITW,buy,rebalance,1.0,107.781,2017-03-01,107.781,0.37723350000000005,-211.66666666666666,Industrials,0.7201925285067639,0.8489612577203818,0.9440261865793781,,
2017-03-01,198621,LCII,buy,rebalance,1.0,82.257,2017-03-01,82.257,0.28789950000000003,-288.6666666666667,Consumer Cyclical,0.6318913191594578,0.9620999438517687,0.9027823240589198,,
2017-03-01,198251,SMG,buy,rebalance,2.0,67.143,2017-03-01,134.286,0.470001,-291.3333333333333,Basic Materials,0.7071389182262224,0.8065693430656934,0.9175122749590835,,
2017-03-01,192976,SPB1,buy,rebalance,1.0,134.808,2017-03-01,134.808,0.47182799999999997,-295.3333333333333,Consumer Defensive,0.6686517482228281,0.9014598540145985,0.8841243862520458,,
2017-03-01,194210,BR,buy,rebalance,2.0,59.917,2017-03-01,119.834,0.41941900000000004,-299.0,Technology,0.7035137290533302,0.7526670409882089,0.9770867430441899,,
2017-03-01,196997,DGX,buy,rebalance,1.0,81.576,2017-03-01,81.576,0.285516,-305.6666666666667,Healthcare,0.6910914075379267,0.7860752386299832,0.9509001636661211,,
2017-03-01,197845,SNPS,buy,rebalance,1.0,72.24,2017-03-01,72.24,0.25284,-306.3333333333333,Technology,0.6920148884029903,0.7521055586749017,0.9882160392798691,,
2017-04-03,170416,MDT,sell,criteria:rank:below_top_share,2.0,63.148,2017-04-03,126.296,0.44203600000000004,,,,,,75.214332,50.639632000000006
2017-04-03,192873,NLSN,sell,criteria:rank:below_top_share,34.0,35.796,2017-04-03,1217.064,4.259724,,,,,,1193.6752920000001,19.128983999999946
2017-04-03,199812,TAP,sell,criteria:rank:below_top_share,21.0,74.595,2017-04-03,1566.495,5.4827325,,,,,,1148.9101605,412.1021069999997
2017-04-03,198757,THO,buy,rebalance,5.0,78.239,2017-04-03,391.19500000000005,1.3691825000000002,-331.6666666666667,Consumer Cyclical,0.6292453023584624,0.9194554736245036,0.9141914191419142,,
2017-04-03,198724,TTC,buy,rebalance,8.0,54.694,2017-04-03,437.552,1.5314320000000001,-336.0,Industrials,0.7148180214551434,0.759217243335224,0.9326732673267327,,
2017-04-03,197638,PZZA,buy,rebalance,6.0,64.855,2017-04-03,389.13,1.361955,-338.6666666666667,Consumer Cyclical,0.6328828380703637,0.893930799773114,0.927062706270627,,
2017-04-03,197832,PRSU,buy,rebalance,10.0,42.704,2017-04-03,427.04,1.4946400000000002,-354.0,Industrials,0.6506833408707079,0.8403289846851957,0.9293729372937294,,
2017-04-03,196110,CPLA,buy,rebalance,5.0,80.878,2017-04-03,404.39,1.415365,-366.6666666666667,Consumer Defensive,0.6195370064623862,0.9245604083947816,0.8920792079207921,,
2017-04-03,191548,SAIC,buy,rebalance,7.0,63.009,2017-04-03,441.063,1.5437205,-383.3333333333333,Technology,0.6035283322110151,0.8944980147475894,0.9455445544554455,,
2017-04-03,196997,DGX,buy,rebalance,5.0,81.625,2017-04-03,408.125,1.4284375,-384.6666666666667,Healthcare,0.7140394922004557,0.6999432785025524,0.9485148514851485,,
2017-04-03,197942,IDXX,buy,rebalance,2.0,155.28,2017-04-03,310.56,1.08696,-384.6666666666667,Healthcare,0.6210040462765288,0.8513896766874646,0.9514851485148514,,
2017-04-03,197999,ESE,buy,rebalance,8.0,55.244,2017-04-03,441.952,1.546832,-390.3333333333333,Technology,0.6834886015864469,0.8746454906409529,0.7881188118811882,,
2017-04-03,197168,SGU,buy,rebalance,81.0,5.454,2017-04-03,441.774,1.546209,-398.0,Energy,0.640186319952892,0.7855927396483268,0.972937293729373,,
2017-05-01,198757,THO,buy,rebalance,1.0,79.705,2017-05-01,79.705,0.2789675,-328.6666666666667,Consumer Cyclical,0.6292453023584623,0.9194554736245036,0.9141914191419142,,
2017-05-01,198724,TTC,buy,rebalance,2.0,57.172,2017-05-01,114.344,0.400204,-332.3333333333333,Industrials,0.7148180214551433,0.759217243335224,0.9326732673267327,,
2017-05-01,197638,PZZA,buy,rebalance,2.0,63.633,2017-05-01,127.266,0.445431,-336.0,Consumer Cyclical,0.6328828380703637,0.893930799773114,0.927062706270627,,
2017-05-01,197832,PRSU,buy,rebalance,3.0,44.561,2017-05-01,133.683,0.4678905,-350.6666666666667,Industrials,0.6506833408707079,0.8403289846851957,0.9293729372937294,,
2017-05-01,196110,CPLA,buy,rebalance,1.0,93.058,2017-05-01,93.058,0.325703,-363.3333333333333,Consumer Defensive,0.6195370064623862,0.9245604083947816,0.8920792079207921,,
2017-05-01,191548,SAIC,buy,rebalance,2.0,63.641,2017-05-01,127.282,0.445487,-380.3333333333333,Technology,0.6035283322110151,0.8944980147475894,0.9455445544554455,,
2017-05-01,196997,DGX,buy,rebalance,1.0,88.504,2017-05-01,88.504,0.30976400000000004,-380.3333333333333,Healthcare,0.7140394922004557,0.6999432785025524,0.9485148514851485,,
2017-05-01,197999,ESE,buy,rebalance,2.0,57.421,2017-05-01,114.842,0.401947,-387.6666666666667,Technology,0.6834886015864469,0.8746454906409529,0.7881188118811882,,
2017-05-01,197168,SGU,buy,rebalance,24.0,5.59,2017-05-01,134.16,0.46956,-394.3333333333333,Energy,0.640186319952892,0.7855927396483268,0.972937293729373,,
2017-06-01,198757,THO,buy,rebalance,1.0,76.6,2017-06-01,76.6,0.2681,-325.6666666666667,Consumer Cyclical,0.6292453023584624,0.9194554736245036,0.9141914191419142,,
2017-06-01,198724,TTC,buy,rebalance,2.0,60.428,2017-06-01,120.856,0.422996,-329.3333333333333,Industrials,0.7148180214551434,0.759217243335224,0.9326732673267327,,
2017-06-01,197638,PZZA,buy,rebalance,2.0,66.474,2017-06-01,132.948,0.465318,-332.6666666666667,Consumer Cyclical,0.6328828380703637,0.893930799773114,0.927062706270627,,
2017-06-01,197832,PRSU,buy,rebalance,3.0,43.829,2017-06-01,131.487,0.4602045,-347.3333333333333,Industrials,0.650683340870708,0.8403289846851957,0.9293729372937294,,
2017-06-01,196110,CPLA,buy,rebalance,1.0,86.229,2017-06-01,86.229,0.3018015,-361.3333333333333,Consumer Defensive,0.6195370064623863,0.9245604083947816,0.8920792079207921,,
2017-06-01,196997,DGX,buy,rebalance,1.0,91.378,2017-06-01,91.378,0.319823,-376.6666666666667,Healthcare,0.7140394922004557,0.6999432785025524,0.9485148514851485,,
2017-06-01,191548,SAIC,buy,rebalance,1.0,66.803,2017-06-01,66.803,0.2338105,-377.0,Technology,0.6035283322110151,0.8944980147475894,0.9455445544554455,,
2017-06-01,197999,ESE,buy,rebalance,2.0,56.55,2017-06-01,113.1,0.39585,-384.3333333333333,Technology,0.6834886015864469,0.8746454906409529,0.7881188118811882,,
2017-06-01,197168,SGU,buy,rebalance,21.0,6.114,2017-06-01,128.394,0.44937900000000003,-391.0,Energy,0.640186319952892,0.7855927396483268,0.972937293729373,,
2017-07-03,199242,VAL1,sell,delisted,19.0,112.99,2017-05-31,2146.81,7.513835,,,,,,1989.1938960000002,150.10226899999952
2017-07-03,197997,AZO,sell,criteria:rank:below_top_share,30.0,571.71,2017-07-03,17151.300000000003,60.029550000000015,,,,,,8902.590390000001,8188.680060000002
2017-07-03,197671,INTU,sell,criteria:rank:below_top_share,27.0,122.733,2017-07-03,3313.791,11.598268500000001,,,,,,1177.3754414999999,2124.8172900000004
2017-07-03,197675,ATR,sell,criteria:rank:below_top_share,54.0,77.237,2017-07-03,4170.798,14.597793,,,,,,3738.2261580000004,417.97404899999947
2017-07-03,197168,SGU,sell,criteria:rank:below_top_share,126.0,6.584,2017-07-03,829.584,2.9035439999999997,,,,,,706.793148,119.88730799999996
2017-07-03,199385,ROL,buy,rebalance,180.0,15.92,2017-07-03,2865.6,10.0296,-215.33333333333334,Consumer Cyclical,0.7081489879612987,0.8308528906697196,0.9793915603532876,,
2017-07-03,197845,SNPS,buy,rebalance,39.0,72.12,2017-07-03,2812.6800000000003,9.844380000000001,-217.66666666666666,Technology,0.7027142855089082,0.8391528334287349,0.9744847890088322,,
2017-07-03,199059,AAPL,buy,rebalance,86.0,33.261,2017-07-03,2860.4460000000004,10.011561000000002,-218.0,Technology,0.6851509710205894,0.8709215798511735,0.9672881910369644,,
2017-07-03,199181,LHX,buy,rebalance,31.0,92.695,2017-07-03,2873.5449999999996,10.057407499999998,-276.0,Industrials,0.7054049777105581,0.8279908414424728,0.921164540399084,,
2017-07-03,197942,IDXX,buy,rebalance,18.0,159.32,2017-07-03,2867.7599999999998,10.03716,-276.3333333333333,Healthcare,0.6228430393187194,0.9247281053234115,0.971540726202159,,
2017-07-03,198724,TTC,buy,rebalance,47.0,61.155,2017-07-03,2874.285,10.0599975,-279.3333333333333,Industrials,0.6977592722785804,0.8231253577561534,0.9385017991494929,,
2017-07-03,195164,DPZ,buy,rebalance,15.0,188.741,2017-07-03,2831.1150000000002,9.908902500000002,-295.0,Consumer Cyclical,0.6589050261170829,0.8328563251287923,0.9800457965325482,,
2017-07-03,199855,CHE,buy,rebalance,14.0,198.017,2017-07-03,2772.238,9.702833,-296.6666666666667,Healthcare,0.6698640355740016,0.8179736691471093,0.9757932613673536,,
2017-07-03,196101,TWX,buy,rebalance,28.0,99.729,2017-07-03,2792.412,9.773442,-300.0,Communication Services,0.703917730638278,0.7784773898111047,0.9564932940791626,,
2017-07-03,191635,PF,buy,rebalance,49.0,58.584,2017-07-03,2870.616,10.047156,-339.0,Consumer Defensive,0.7043867122727067,0.8005151688609045,0.8907425580634609,,
2017-08-01,195259,RAI,sell,criteria:rank:not_a_candidate,33.0,65.4,2017-08-01,2158.2000000000003,7.553700000000001,,,,,,1433.313099,717.3332010000004
2017-08-01,199385,ROL,buy,rebalance,20.0,17.177,2017-08-01,343.53999999999996,1.2023899999999998,-214.66666666666666,Consumer Cyclical,0.7081489879612987,0.8308528906697196,0.9793915603532876,,
2017-08-01,197845,SNPS,buy,rebalance,4.0,76.77,2017-08-01,307.08,1.07478,-217.0,Technology,0.7027142855089082,0.8391528334287349,0.9744847890088322,,
2017-08-01,199059,AAPL,buy,rebalance,10.0,34.779,2017-08-01,347.79,1.217265,-217.66666666666666,Technology,0.6851509710205895,0.8709215798511735,0.9672881910369644,,
2017-08-01,199181,LHX,buy,rebalance,3.0,97.918,2017-08-01,293.754,1.0281390000000001,-275.3333333333333,Industrials,0.7054049777105581,0.8279908414424728,0.921164540399084,,
2017-08-01,197942,IDXX,buy,rebalance,2.0,154.68,2017-08-01,309.36,1.0827600000000002,-275.6666666666667,Healthcare,0.6228430393187194,0.9247281053234115,0.971540726202159,,
2017-08-01,198724,TTC,buy,rebalance,5.0,63.2,2017-08-01,316.0,1.106,-278.6666666666667,Industrials,0.6977592722785804,0.8231253577561534,0.9385017991494929,,
2017-08-01,195164,DPZ,buy,rebalance,2.0,167.639,2017-08-01,335.278,1.173473,-294.3333333333333,Consumer Cyclical,0.658905026117083,0.8328563251287923,0.9800457965325482,,
2017-08-01,199855,CHE,buy,rebalance,1.0,191.39,2017-08-01,191.39,0.6698649999999999,-296.0,Healthcare,0.6698640355740016,0.8179736691471093,0.9757932613673536,,
2017-08-01,196101,TWX,buy,rebalance,3.0,101.152,2017-08-01,303.456,1.0620960000000002,-298.6666666666667,Communication Services,0.7039177306382781,0.7784773898111047,0.9564932940791626,,
2017-08-01,191635,PF,buy,rebalance,6.0,57.581,2017-08-01,345.486,1.209201,-338.3333333333333,Consumer Defensive,0.7043867122727068,0.8005151688609045,0.8907425580634609,,
2017-09-01,199385,ROL,buy,rebalance,8.0,17.609,2017-09-01,140.872,0.49305200000000005,-212.33333333333334,Consumer Cyclical,0.7081489879612987,0.8308528906697196,0.9793915603532876,,
2017-09-01,197845,SNPS,buy,rebalance,1.0,80.41,2017-09-01,80.41,0.281435,-214.66666666666666,Technology,0.7027142855089082,0.8391528334287349,0.9744847890088322,,
2017-09-01,199059,AAPL,buy,rebalance,3.0,38.178,2017-09-01,114.53399999999999,0.400869,-215.0,Technology,0.6851509710205894,0.8709215798511735,0.9672881910369644,,
2017-09-01,199181,LHX,buy,rebalance,1.0,104.088,2017-09-01,104.088,0.36430799999999997,-272.6666666666667,Industrials,0.7054049777105582,0.8279908414424728,0.921164540399084,,
2017-09-01,198724,TTC,buy,rebalance,2.0,53.547,2017-09-01,107.094,0.37482899999999997,-275.6666666666667,Industrials,0.6977592722785804,0.8231253577561534,0.9385017991494929,,
2017-09-01,196101,TWX,buy,rebalance,1.0,100.342,2017-09-01,100.342,0.351197,-294.3333333333333,Communication Services,0.7039177306382781,0.7784773898111047,0.9564932940791626,,
2017-09-01,191635,PF,buy,rebalance,2.0,58.924,2017-09-01,117.848,0.412468,-335.0,Consumer Defensive,0.7043867122727068,0.8005151688609045,0.8907425580634609,,
2017-10-02,199877,CPB,sell,criteria:rank:below_top_share,259.0,33.858,2017-10-02,8769.222,30.692277,,,,,,8804.4892335,-65.95951050000076
2017-10-02,199685,GIS,sell,criteria:rank:below_top_share,138.0,36.701,2017-10-02,5064.738,17.726583,,,,,,2154.2515829999998,2892.759834000001
2017-10-02,192976,SPB1,sell,criteria:rank:below_top_share,10.0,103.13,2017-10-02,1031.3,3.60955,,,,,,1212.4096335,-184.71918349999987
2017-10-02,199385,ROL,buy,rebalance,90.0,18.117,2017-10-02,1630.53,5.706855,-206.66666666666666,Consumer Cyclical,0.6903188203549562,0.8730569948186528,0.974025974025974,,
2017-10-02,196724,MAR,buy,rebalance,16.0,102.512,2017-10-02,1640.192,5.740672,-222.33333333333334,Consumer Cyclical,0.6671172633090628,0.8690270581462292,0.9996669996669997,,
2017-10-02,198724,TTC,buy,rebalance,30.0,54.173,2017-10-02,1625.19,5.688165000000001,-227.0,Industrials,0.692596793650467,0.8886010362694301,0.9277389277389277,,
2017-10-02,199900,BA,buy,rebalance,6.0,242.598,2017-10-02,1455.5880000000002,5.094558000000001,-232.66666666666666,Industrials,0.6846326657695873,0.9484743811168682,0.8691308691308691,,
2017-10-02,197849,ROP,buy,rebalance,6.0,234.675,2017-10-02,1408.0500000000002,4.928175,-252.0,Technology,0.7025256247384142,0.8013816925734024,0.99000999000999,,
2017-10-02,195805,MA,buy,rebalance,12.0,134.087,2017-10-02,1609.0439999999999,5.631653999999999,-270.3333333333333,Financial Services,0.7008413576614215,0.8082901554404145,0.9660339660339661,,
2017-10-02,199059,AAPL,buy,rebalance,45.0,35.795,2017-10-02,1610.775,5.6377125,-273.3333333333333,Technology,0.6793661242063197,0.8376511226252159,0.9657009657009658,,
2017-10-02,199855,CHE,buy,rebalance,8.0,197.153,2017-10-02,1577.224,5.520284,-290.0,Healthcare,0.6652027940862228,0.8192285549798504,0.9916749916749916,,
2017-10-02,196997,DGX,buy,rebalance,20.0,78.626,2017-10-02,1572.52,5.50382,-302.3333333333333,Healthcare,0.7133992200001579,0.7841105354058722,0.9427239427239428,,
2017-10-02,196101,TWX,buy,rebalance,16.0,101.804,2017-10-02,1628.864,5.701024,-352.6666666666667,Communication Services,0.7095354651051237,0.7251007484168106,0.9590409590409591,,
2017-11-01,199385,ROL,buy,rebalance,9.0,17.316,2017-11-01,155.844,0.545454,-204.0,Consumer Cyclical,0.6903188203549562,0.8730569948186528,0.974025974025974,,
2017-11-01,196724,MAR,buy,rebalance,1.0,111.443,2017-11-01,111.443,0.3900505,-219.66666666666666,Consumer Cyclical,0.6671172633090628,0.8690270581462292,0.9996669996669997,,
2017-11-01,198724,TTC,buy,rebalance,2.0,55.564,2017-11-01,111.128,0.388948,-224.33333333333334,Industrials,0.692596793650467,0.8886010362694301,0.9277389277389277,,
2017-11-01,195805,MA,buy,rebalance,1.0,140.987,2017-11-01,140.987,0.4934545,-267.0,Financial Services,0.7008413576614215,0.8082901554404145,0.9660339660339661,,
2017-11-01,199059,AAPL,buy,rebalance,4.0,38.839,2017-11-01,155.356,0.543746,-270.0,Technology,0.6793661242063197,0.8376511226252159,0.9657009657009658,,
2017-11-01,196997,DGX,buy,rebalance,2.0,78.231,2017-11-01,156.462,0.547617,-297.3333333333333,Healthcare,0.7133992200001579,0.7841105354058722,0.9427239427239428,,
2017-11-01,196101,TWX,buy,rebalance,1.0,97.551,2017-11-01,97.551,0.3414285,-347.3333333333333,Communication Services,0.7095354651051237,0.7251007484168106,0.9590409590409591,,
2017-12-01,199385,ROL,buy,rebalance,9.0,18.594,2017-12-01,167.346,0.585711,-202.33333333333334,Consumer Cyclical,0.6903188203549562,0.8730569948186528,0.974025974025974,,
2017-12-01,196724,MAR,buy,rebalance,1.0,117.961,2017-12-01,117.961,0.4128635,-218.0,Consumer Cyclical,0.6671172633090628,0.8690270581462292,0.9996669996669997,,
2017-12-01,198724,TTC,buy,rebalance,2.0,57.623,2017-12-01,115.246,0.40336099999999997,-223.33333333333334,Industrials,0.6925967936504671,0.8886010362694301,0.9277389277389277,,
2017-12-01,199689,GD,buy,rebalance,1.0,166.971,2017-12-01,166.971,0.5843985,-229.0,Industrials,0.7225440539420993,0.8517559009786989,0.9257409257409257,,
2017-12-01,195805,MA,buy,rebalance,1.0,141.744,2017-12-01,141.744,0.496104,-264.3333333333333,Financial Services,0.7008413576614215,0.8082901554404145,0.9660339660339661,,
2017-12-01,199059,AAPL,buy,rebalance,4.0,39.951,2017-12-01,159.804,0.559314,-267.3333333333333,Technology,0.6793661242063196,0.8376511226252159,0.9657009657009658,,
2017-12-01,196997,DGX,buy,rebalance,2.0,83.365,2017-12-01,166.73,0.5835549999999999,-295.0,Healthcare,0.7133992200001579,0.7841105354058722,0.9427239427239428,,
2017-12-01,196101,TWX,buy,rebalance,1.0,90.521,2017-12-01,90.521,0.31682350000000004,-345.0,Communication Services,0.7095354651051236,0.7251007484168106,0.9590409590409591,,
2018-01-02,199915,BCR,sell,criteria:rank:not_a_candidate,3.0,331.24,2018-01-02,993.72,3.4780200000000003,,,,,,431.82913049999996,558.4128495
2018-01-02,197638,PZZA,sell,criteria:rank:below_top_share,10.0,46.583,2018-01-02,465.83,1.6304049999999999,,,,,,651.616704,-187.41710900000004
2018-01-02,196110,CPLA,sell,criteria:rank:below_top_share,7.0,78.685,2018-01-02,550.7950000000001,1.9277825000000004,,,,,,585.7198695,-36.85265199999992
2018-01-02,191548,SAIC,sell,criteria:rank:below_top_share,10.0,67.774,2018-01-02,677.74,2.37209,,,,,,637.371018,37.996892
2018-01-02,196724,MAR,sell,criteria:rank:below_top_share,18.0,124.368,2018-01-02,2238.624,7.835183999999999,,,,,,1876.1395859999998,354.64923
2018-01-02,199385,ROL,buy,rebalance,34.0,18.574,2018-01-02,631.5160000000001,2.210306,-176.0,Consumer Cyclical,0.7097763104623678,0.8742411101474414,0.9785666443402545,,
2018-01-02,199900,BA,buy,rebalance,2.0,282.831,2018-01-02,565.662,1.9798170000000002,-244.0,Industrials,0.6927362115978619,0.9291702804278693,0.8727394507702613,,
2018-01-02,197849,ROP,buy,rebalance,2.0,247.104,2018-01-02,494.208,1.7297280000000002,-247.66666666666666,Technology,0.6947484024090869,0.8190228389708009,0.9912926992632284,,
2018-01-02,199181,LHX,buy,rebalance,5.0,121.129,2018-01-02,605.645,2.1197575,-250.0,Industrials,0.697566973039104,0.8378143972246314,0.9601473543201607,,
2018-01-02,191883,ABBV,buy,rebalance,9.0,68.285,2018-01-02,614.5649999999999,2.1509774999999998,-258.0,Healthcare,0.6574089217172764,0.8904307603353571,0.971868720696584,,
2018-01-02,199357,SHW,buy,rebalance,5.0,127.545,2018-01-02,637.725,2.2320375,-258.3333333333333,Basic Materials,0.677919641537331,0.8719283029777393,0.9484259879437374,,
2018-01-02,196859,MTD,buy,rebalance,1.0,626.1,2018-01-02,626.1,2.19135,-268.0,Healthcare,0.6792851756723378,0.8832032379300376,0.9233087742799732,,
2018-01-02,197845,SNPS,buy,rebalance,7.0,86.03,2018-01-02,602.21,2.1077350000000004,-268.0,Technology,0.7038482011811438,0.8094825093957791,0.9634963161419959,,
2018-01-02,199849,CHDN,buy,rebalance,16.0,38.497,2018-01-02,615.952,2.155832,-271.3333333333333,Consumer Cyclical,0.7009918157137975,0.8542931483087598,0.9125920964501004,,
2018-01-02,195805,MA,buy,rebalance,4.0,143.846,2018-01-02,575.384,2.013844,-293.3333333333333,Financial Services,0.6970041059842997,0.792714657415438,0.9685197588747488,,
2018-02-01,199385,ROL,buy,rebalance,7.0,19.573,2018-02-01,137.011,0.4795385,-173.33333333333334,Consumer Cyclical,0.7097763104623678,0.8742411101474414,0.9785666443402545,,
2018-02-01,199181,LHX,buy,rebalance,1.0,134.438,2018-02-01,134.438,0.470533,-246.33333333333334,Industrials,0.6975669730391041,0.8378143972246314,0.9601473543201607,,
2018-02-01,191883,ABBV,buy,rebalance,1.0,81.303,2018-02-01,81.303,0.2845605,-255.33333333333334,Healthcare,0.6574089217172765,0.8904307603353571,0.971868720696584,,
2018-02-01,199357,SHW,buy,rebalance,1.0,127.061,2018-02-01,127.061,0.44471350000000004,-255.66666666666666,Basic Materials,0.677919641537331,0.8719283029777393,0.9484259879437374,,
2018-02-01,197845,SNPS,buy,rebalance,1.0,91.38,2018-02-01,91.38,0.31983,-263.6666666666667,Technology,0.7038482011811437,0.8094825093957791,0.9634963161419959,,
2018-02-01,199849,CHDN,buy,rebalance,3.0,42.006,2018-02-01,126.018,0.44106300000000004,-268.0,Consumer Cyclical,0.7009918157137974,0.8542931483087598,0.9125920964501004,,
2018-03-01,199385,ROL,buy,rebalance,9.0,19.749,2018-03-01,177.74099999999999,0.6220935,-173.0,Consumer Cyclical,0.7097763104623678,0.8742411101474414,0.9785666443402545,,
2018-03-01,199181,LHX,buy,rebalance,1.0,130.337,2018-03-01,130.337,0.45617949999999996,-245.66666666666666,Industrials,0.697566973039104,0.8378143972246314,0.9601473543201607,,
2018-03-01,191883,ABBV,buy,rebalance,2.0,79.556,2018-03-01,159.112,0.5568919999999999,-254.33333333333334,Healthcare,0.6574089217172765,0.8904307603353571,0.971868720696584,,
2018-03-01,199357,SHW,buy,rebalance,1.0,122.509,2018-03-01,122.509,0.42878150000000004,-255.33333333333334,Basic Materials,0.677919641537331,0.8719283029777393,0.9484259879437374,,
2018-03-01,197845,SNPS,buy,rebalance,2.0,84.53,2018-03-01,169.06,0.5917100000000001,-262.3333333333333,Technology,0.7038482011811437,0.8094825093957791,0.9634963161419959,,
2018-03-01,199849,CHDN,buy,rebalance,4.0,41.432,2018-03-01,165.728,0.580048,-267.3333333333333,Consumer Cyclical,0.7009918157137974,0.8542931483087598,0.9125920964501004,,
2018-03-01,195805,MA,buy,rebalance,1.0,164.539,2018-03-01,164.539,0.5758865,-287.0,Financial Services,0.6970041059842997,0.792714657415438,0.9685197588747488,,
2018-04-02,197845,SNPS,sell,criteria:rank:below_top_share,74.0,80.77,2018-04-02,5976.98,20.91943,,,,,,5288.033565,668.0270049999999
2018-04-02,195805,MA,buy,rebalance,4.0,162.746,2018-04-02,650.984,2.2784440000000004,-223.0,Financial Services,0.6717615659518341,0.8760186263096624,0.9710144927536232,,
2018-04-02,198821,TSS,buy,rebalance,9.0,84.085,2018-04-02,756.765,2.6486775,-242.33333333333334,Financial Services,0.6547108926024796,0.8748544819557625,0.9858442871587462,,
2018-04-02,197192,EL,buy,rebalance,5.0,133.12,2018-04-02,665.6,2.3296,-251.66666666666666,Consumer Defensive,0.6870954976490167,0.9027939464493597,0.8854061341422312,,
2018-04-02,199849,CHDN,buy,rebalance,19.0,38.513,2018-04-02,731.747,2.5611145,-252.66666666666666,Consumer Cyclical,0.6790638149276244,0.8859138533178114,0.9147286821705426,,
2018-04-02,198546,JKHY,buy,rebalance,7.0,108.067,2018-04-02,756.4689999999999,2.6476414999999998,-253.66666666666666,Technology,0.7170181255385292,0.7866705471478463,0.9774182676103809,,
2018-04-02,186763,HLT,buy,rebalance,10.0,74.967,2018-04-02,749.67,2.6238449999999998,-259.0,Consumer Cyclical,0.6550225647059145,0.8498253783469151,0.9979777553083923,,
2018-04-02,197849,ROP,buy,rebalance,2.0,260.8,2018-04-02,521.6,1.8256000000000001,-265.6666666666667,Technology,0.6865862779722905,0.7974388824214202,0.9949443882709808,,
2018-04-02,199900,BA,buy,rebalance,2.0,308.817,2018-04-02,617.634,2.161719,-275.3333333333333,Industrials,0.6572966377910155,0.9385913853317811,0.8736097067745198,,
2018-04-02,196855,AME,buy,rebalance,10.0,70.616,2018-04-02,706.16,2.4715599999999998,-277.3333333333333,Industrials,0.7039436170961688,0.8172293364377182,0.9342770475227502,,
2018-04-02,196859,MTD,buy,rebalance,1.0,562.68,2018-04-02,562.68,1.96938,-282.3333333333333,Healthcare,0.6771269208314646,0.8550640279394645,0.9228176609369734,,
2018-05-01,195805,MA,buy,rebalance,1.0,171.202,2018-05-01,171.202,0.599207,-221.66666666666666,Financial Services,0.6717615659518341,0.8760186263096624,0.9710144927536232,,
2018-05-01,198821,TSS,buy,rebalance,2.0,83.758,2018-05-01,167.516,0.586306,-241.0,Financial Services,0.6547108926024796,0.8748544819557625,0.9858442871587462,,
2018-05-01,197192,EL,buy,rebalance,1.0,130.65,2018-05-01,130.65,0.45727500000000004,-250.33333333333334,Consumer Defensive,0.6870954976490167,0.9027939464493597,0.8854061341422312,,
2018-05-01,199849,CHDN,buy,rebalance,4.0,44.82,2018-05-01,179.28,0.62748,-251.0,Consumer Cyclical,0.6790638149276244,0.8859138533178114,0.9147286821705426,,
2018-05-01,198546,JKHY,buy,rebalance,1.0,109.941,2018-05-01,109.941,0.3847935,-251.33333333333334,Technology,0.7170181255385292,0.7866705471478463,0.9774182676103809,,
2018-05-01,186763,HLT,buy,rebalance,2.0,78.051,2018-05-01,156.102,0.546357,-257.0,Consumer Cyclical,0.6550225647059146,0.8498253783469151,0.9979777553083923,,
2018-05-01,196855,AME,buy,rebalance,2.0,65.508,2018-05-01,131.016,0.45855599999999996,-275.0,Industrials,0.7039436170961688,0.8172293364377182,0.9342770475227502,,
2018-06-01,195805,MA,buy,rebalance,1.0,185.563,2018-06-01,185.563,0.6494705,-221.66666666666666,Financial Services,0.6717615659518342,0.8760186263096624,0.9710144927536232,,
2018-06-01,198821,TSS,buy,rebalance,2.0,85.574,2018-06-01,171.148,0.599018,-241.0,Financial Services,0.6547108926024796,0.8748544819557625,0.9858442871587462,,
2018-06-01,197192,EL,buy,rebalance,1.0,134.115,2018-06-01,134.115,0.46940250000000006,-249.66666666666666,Consumer Defensive,0.6870954976490166,0.9027939464493597,0.8854061341422312,,
2018-06-01,199849,CHDN,buy,rebalance,3.0,47.909,2018-06-01,143.727,0.5030445,-250.66666666666666,Consumer Cyclical,0.6790638149276244,0.8859138533178114,0.9147286821705426,,
2018-06-01,198546,JKHY,buy,rebalance,1.0,113.359,2018-06-01,113.359,0.3967565,-251.33333333333334,Technology,0.7170181255385293,0.7866705471478463,0.9774182676103809,,
2018-06-01,186763,HLT,buy,rebalance,2.0,80.541,2018-06-01,161.082,0.563787,-257.0,Consumer Cyclical,0.6550225647059145,0.8498253783469151,0.9979777553083923,,
2018-06-01,196855,AME,buy,rebalance,2.0,70.19,2018-06-01,140.38,0.49133,-274.6666666666667,Industrials,0.7039436170961688,0.8172293364377182,0.9342770475227502,,
2018-07-02,197849,ROP,sell,criteria:rank:below_top_share,41.0,261.22,2018-07-02,10710.02,37.48507,,,,,,6013.5620579999995,4658.972872
2018-07-02,195656,CMCSA,sell,criteria:rank:below_top_share,76.0,24.853,2018-07-02,1888.8280000000002,6.610898000000001,,,,,,1004.8637565,877.3533455000003
2018-07-02,196101,TWX,sell,criteria:rank:not_a_candidate,161.0,98.77,2018-07-02,15901.97,55.656895,,,,,,10861.801712999999,4984.511392
2018-07-02,198615,MO,sell,criteria:rank:below_top_share,281.0,30.453,2018-07-02,8557.293,29.950525499999998,,,,,,8430.763756499999,96.57871800000066
2018-07-02,198251,SMG,sell,criteria:rank:below_top_share,51.0,62.508,2018-07-02,3187.9080000000004,11.157678,,,,,,3222.567648,-45.817325999999866
2018-07-02,198621,LCII,sell,criteria:rank:below_top_share,13.0,69.243,2018-07-02,900.1589999999999,3.1505564999999995,,,,,,1104.1460324999998,-207.13758899999993
2018-07-02,198757,THO,sell,criteria:rank:below_top_share,7.0,82.213,2018-07-02,575.491,2.0142185,,,,,,549.4162500000001,24.06053149999991
2018-07-02,198724,TTC,sell,criteria:rank:below_top_share,100.0,54.111,2018-07-02,5411.099999999999,18.93885,,,,,,5842.070932500001,-449.9097825000008
2018-07-02,197999,ESE,sell,criteria:rank:below_top_share,12.0,56.856,2018-07-02,682.272,2.3879520000000003,,,,,,672.2386290000001,7.645418999999947
2018-07-02,186763,HLT,sell,criteria:rank:below_top_share,14.0,77.276,2018-07-02,1081.864,3.786524,,,,,,1070.5879889999999,7.489487000000054
2018-07-02,199855,CHE,buy,rebalance,16.0,311.691,2018-07-02,4987.056,17.454696,-204.0,Healthcare,0.6736916183581437,0.8908879860708068,0.964215364412344,,
2018-07-02,194210,BR,buy,rebalance,49.0,100.803,2018-07-02,4939.347,17.2877145,-229.66666666666666,Technology,0.683440225485867,0.8557748113755078,0.9622455679579777,,
2018-07-02,197192,EL,buy,rebalance,39.0,129.0,2018-07-02,5031.0,17.6085,-237.33333333333334,Consumer Defensive,0.6819453585849735,0.916715031921068,0.8883782009192384,,
2018-07-02,199385,ROL,buy,rebalance,236.0,21.275,2018-07-02,5020.9,17.57315,-240.33333333333334,Consumer Cyclical,0.672311599602429,0.838943702843877,0.9881812212738017,,
2018-07-02,199181,LHX,buy,rebalance,40.0,125.382,2018-07-02,5015.280000000001,17.553480000000004,-242.0,Industrials,0.6833433598947384,0.8496807893209518,0.9566644780039396,,
2018-07-02,199849,CHDN,buy,rebalance,106.0,47.181,2018-07-02,5001.186,17.504151,-254.66666666666666,Consumer Cyclical,0.6659845936245079,0.905977945443993,0.9100459619172685,,
2018-07-02,198821,TSS,buy,rebalance,59.0,85.342,2018-07-02,5035.178,17.623123,-270.0,Financial Services,0.6662958898427409,0.8203714451538016,0.98456992777413,,
2018-07-02,193889,MSCI,buy,rebalance,32.0,152.811,2018-07-02,4889.952,17.114832,-270.6666666666667,Financial Services,0.6601464027620372,0.8676726639582124,0.9448456992777413,,
2018-07-02,199615,RYN,buy,rebalance,200.0,25.104,2018-07-02,5020.8,17.5728,-270.6666666666667,Real Estate,0.7104238247509964,0.7745211839814278,0.9757058437294813,,
2018-07-02,199655,HEI,buy,rebalance,69.0,72.217,2018-07-02,4982.973,17.4404055,-298.3333333333333,Industrials,0.6570404458665924,0.8801508995937318,0.9087327642810243,,
2018-08-01,194210,BR,buy,rebalance,1.0,97.889,2018-08-01,97.889,0.3426115,-228.0,Technology,0.683440225485867,0.8557748113755078,0.9622455679579777,,
2018-08-01,197192,EL,buy,rebalance,1.0,121.49,2018-08-01,121.49,0.425215,-235.33333333333334,Consumer Defensive,0.6819453585849735,0.916715031921068,0.8883782009192384,,
2018-08-01,199385,ROL,buy,rebalance,6.0,22.445,2018-08-01,134.67000000000002,0.47134500000000007,-238.66666666666666,Consumer Cyclical,0.672311599602429,0.838943702843877,0.9881812212738017,,
2018-08-01,199181,LHX,buy,rebalance,1.0,140.809,2018-08-01,140.809,0.4928315,-240.33333333333334,Industrials,0.6833433598947384,0.8496807893209518,0.9566644780039396,,
2018-08-01,199849,CHDN,buy,rebalance,3.0,44.941,2018-08-01,134.823,0.47188050000000004,-252.66666666666666,Consumer Cyclical,0.6659845936245079,0.905977945443993,0.9100459619172685,,
2018-08-01,198821,TSS,buy,rebalance,1.0,91.324,2018-08-01,91.324,0.319634,-268.3333333333333,Financial Services,0.666295889842741,0.8203714451538016,0.98456992777413,,
2018-08-01,199615,RYN,buy,rebalance,6.0,22.821,2018-08-01,136.92600000000002,0.4792410000000001,-269.0,Real Estate,0.7104238247509964,0.7745211839814278,0.9757058437294813,,
2018-08-01,199655,HEI,buy,rebalance,1.0,75.643,2018-08-01,75.643,0.2647505,-296.0,Industrials,0.6570404458665924,0.8801508995937318,0.9087327642810243,,
2018-09-04,194210,BR,buy,rebalance,1.0,118.814,2018-09-04,118.814,0.41584899999999997,-226.0,Technology,0.683440225485867,0.8557748113755078,0.9622455679579777,,
2018-09-04,197192,EL,buy,rebalance,1.0,125.192,2018-09-04,125.192,0.438172,-233.33333333333334,Consumer Defensive,0.6819453585849735,0.916715031921068,0.8883782009192384,,
2018-09-04,199385,ROL,buy,rebalance,6.0,24.291,2018-09-04,145.746,0.5101110000000001,-237.0,Consumer Cyclical,0.672311599602429,0.838943702843877,0.9881812212738017,,
2018-09-04,199181,LHX,buy,rebalance,1.0,139.469,2018-09-04,139.469,0.4881415,-238.33333333333334,Industrials,0.6833433598947384,0.8496807893209518,0.9566644780039396,,
2018-09-04,199849,CHDN,buy,rebalance,3.0,45.289,2018-09-04,135.86700000000002,0.4755345000000001,-250.66666666666666,Consumer Cyclical,0.6659845936245078,0.905977945443993,0.9100459619172685,,
2018-09-04,198821,TSS,buy,rebalance,1.0,97.505,2018-09-04,97.505,0.3412675,-266.6666666666667,Financial Services,0.6662958898427411,0.8203714451538016,0.98456992777413,,
2018-09-04,199615,RYN,buy,rebalance,6.0,22.396,2018-09-04,134.376,0.470316,-266.6666666666667,Real Estate,0.7104238247509963,0.7745211839814278,0.9757058437294813,,
2018-09-04,199655,HEI,buy,rebalance,1.0,91.099,2018-09-04,91.099,0.31884650000000003,-293.6666666666667,Industrials,0.6570404458665924,0.8801508995937318,0.9087327642810243,,
2018-10-01,199296,TFX,sell,criteria:rank:below_top_share,20.0,252.656,2018-10-01,5053.12,17.68592,,,,,,3371.09769,1664.33639
2018-10-01,191883,ABBV,sell,criteria:rank:below_top_share,12.0,67.755,2018-10-01,813.06,2.84571,,,,,,857.9724299999999,-47.758140000000026
2018-10-01,199855,CHE,buy,rebalance,2.0,310.372,2018-10-01,620.744,2.172604,-229.66666666666666,Healthcare,0.671178772524654,0.8552325581395349,0.9798319327731092,,
2018-10-01,193748,KDP,buy,rebalance,38.0,18.981,2018-10-01,721.278,2.524473,-236.33333333333334,Consumer Defensive,0.6880497549644562,0.8354651162790697,0.9721008403361344,,
2018-10-01,194210,BR,buy,rebalance,6.0,113.524,2018-10-01,681.144,2.384004,-250.66666666666666,Technology,0.6647228177097855,0.8465116279069768,0.9778151260504202,,
2018-10-01,199223,WDFC,buy,rebalance,4.0,150.835,2018-10-01,603.34,2.1116900000000003,-278.3333333333333,Basic Materials,0.6934408923830481,0.836046511627907,0.9183193277310925,,
2018-10-01,195805,MA,buy,rebalance,3.0,212.804,2018-10-01,638.412,2.234442,-285.6666666666667,Financial Services,0.6540432394596335,0.8450581395348837,0.9650420168067226,,
2018-10-01,198073,PTC,buy,rebalance,6.0,105.87,2018-10-01,635.22,2.2232700000000003,-303.3333333333333,Technology,0.6098352713957838,0.9034883720930232,0.9915966386554622,,
2018-10-01,193889,MSCI,buy,rebalance,4.0,164.933,2018-10-01,659.732,2.309062,-312.3333333333333,Financial Services,0.6577647258731192,0.8290697674418605,0.945546218487395,,
2018-10-01,197640,CPRT,buy,rebalance,55.0,13.158,2018-10-01,723.6899999999999,2.532915,-312.3333333333333,Industrials,0.6532801763331018,0.9122093023255814,0.8645378151260504,,
2018-10-01,187525,TMX,buy,rebalance,18.0,40.75,2018-10-01,733.5,2.56725,-313.6666666666667,Consumer Cyclical,0.6467707500779285,0.8130813953488372,0.9878991596638655,,
2018-10-01,199238,VFC,buy,rebalance,10.0,69.425,2018-10-01,694.25,2.429875,-318.6666666666667,Consumer Cyclical,0.6734130074597404,0.8168604651162791,0.9263865546218487,,
2018-11-01,191635,PF,sell,criteria:rank:not_a_candidate,57.0,66.66,2018-11-01,3799.62,13.29867,,,,,,3345.618825,440.70250499999975
2018-11-01,199855,CHE,buy,rebalance,1.0,297.318,2018-11-01,297.318,1.040613,-227.0,Healthcare,0.671178772524654,0.8552325581395349,0.9798319327731092,,
2018-11-01,193748,KDP,buy,rebalance,24.0,21.937,2018-11-01,526.488,1.8427080000000002,-233.33333333333334,Consumer Defensive,0.6880497549644562,0.8354651162790697,0.9721008403361344,,
2018-11-01,194210,BR,buy,rebalance,5.0,101.864,2018-11-01,509.32000000000005,1.7826200000000003,-248.0,Technology,0.6647228177097854,0.8465116279069768,0.9778151260504202,,
2018-11-01,199223,WDFC,buy,rebalance,3.0,146.864,2018-11-01,440.592,1.5420719999999999,-275.0,Basic Materials,0.6934408923830481,0.836046511627907,0.9183193277310925,,
2018-11-01,195805,MA,buy,rebalance,2.0,190.145,2018-11-01,380.29,1.331015,-282.6666666666667,Financial Services,0.6540432394596335,0.8450581395348837,0.9650420168067226,,
2018-11-01,198073,PTC,buy,rebalance,6.0,86.55,2018-11-01,519.3,1.8175499999999998,-301.6666666666667,Technology,0.6098352713957839,0.9034883720930232,0.9915966386554622,,
2018-11-01,193889,MSCI,buy,rebalance,4.0,135.111,2018-11-01,540.444,1.891554,-309.0,Financial Services,0.6577647258731192,0.8290697674418605,0.945546218487395,,
2018-11-01,197640,CPRT,buy,rebalance,43.0,12.54,2018-11-01,539.2199999999999,1.8872699999999998,-310.0,Industrials,0.6532801763331018,0.9122093023255814,0.8645378151260504,,
2018-11-01,187525,TMX,buy,rebalance,12.0,42.88,2018-11-01,514.5600000000001,1.8009600000000003,-310.3333333333333,Consumer Cyclical,0.6467707500779284,0.8130813953488372,0.9878991596638655,,
2018-11-01,199238,VFC,buy,rebalance,8.0,63.257,2018-11-01,506.056,1.771196,-315.0,Consumer Cyclical,0.6734130074597404,0.8168604651162791,0.9263865546218487,,
2018-12-03,193748,KDP,buy,rebalance,7.0,21.797,2018-12-03,152.579,0.5340265000000001,-231.33333333333334,Consumer Defensive,0.6880497549644562,0.8354651162790697,0.9721008403361344,,
2018-12-03,194210,BR,buy,rebalance,1.0,91.338,2018-12-03,91.338,0.319683,-246.0,Technology,0.6647228177097854,0.8465116279069768,0.9778151260504202,,
2018-12-03,199223,WDFC,buy,rebalance,1.0,156.504,2018-12-03,156.504,0.547764,-272.6666666666667,Basic Materials,0.6934408923830481,0.836046511627907,0.9183193277310925,,
2018-12-03,198073,PTC,buy,rebalance,1.0,90.35,2018-12-03,90.35,0.316225,-299.6666666666667,Technology,0.6098352713957838,0.9034883720930232,0.9915966386554622,,
2018-12-03,193889,MSCI,buy,rebalance,1.0,148.805,2018-12-03,148.805,0.5208175,-306.0,Financial Services,0.6577647258731192,0.8290697674418605,0.945546218487395,,
2018-12-03,197640,CPRT,buy,rebalance,12.0,12.685,2018-12-03,152.22,0.53277,-307.3333333333333,Industrials,0.6532801763331019,0.9122093023255814,0.8645378151260504,,
2018-12-03,187525,TMX,buy,rebalance,3.0,43.96,2018-12-03,131.88,0.46158,-308.0,Consumer Cyclical,0.6467707500779284,0.8130813953488372,0.9878991596638655,,
2018-12-03,199238,VFC,buy,rebalance,2.0,61.704,2018-12-03,123.408,0.43192800000000003,-312.3333333333333,Consumer Cyclical,0.6734130074597403,0.8168604651162791,0.9263865546218487,,
2019-01-02,199576,VGR,sell,criteria:rank:below_top_share,165.0,4.102,2019-01-02,676.83,2.3689050000000003,,,,,,790.314453,-115.85335799999996
2019-01-02,193748,KDP,sell,criteria:rank:below_top_share,875.0,20.912,2019-01-02,18298.0,64.043,,,,,,10207.4544855,8026.502514499998
2019-01-02,198073,PTC,sell,criteria:rank:below_top_share,13.0,81.92,2019-01-02,1064.96,3.72736,,,,,,1249.2270449999999,-187.99440499999992
2019-01-02,199553,MKC,buy,rebalance,36.0,58.34,2019-01-02,2100.2400000000002,7.350840000000001,-212.33333333333334,Consumer Defensive,0.7098089583096567,0.839513325608343,0.9797639123102867,,
2019-01-02,199196,TJX,buy,rebalance,53.0,40.266,2019-01-02,2134.098,7.469343,-239.66666666666666,Consumer Cyclical,0.7145683896872359,0.8829663962920047,0.8951096121416526,,
2019-01-02,197804,USPH,buy,rebalance,23.0,90.395,2019-01-02,2079.085,7.276797500000001,-244.0,Healthcare,0.6480921585024827,0.9504634994206257,0.9204047217537943,,
2019-01-02,199385,ROL,buy,rebalance,99.0,21.64,2019-01-02,2142.36,7.498260000000001,-248.66666666666666,Consumer Cyclical,0.7025383538289546,0.8053302433371958,0.9871838111298482,,
2019-01-02,197267,CBZ,buy,rebalance,108.0,19.87,2019-01-02,2145.96,7.51086,-255.66666666666666,Industrials,0.6890005210638986,0.8899188876013905,0.9038785834738617,,
2019-01-02,198546,JKHY,buy,rebalance,18.0,113.347,2019-01-02,2040.2459999999999,7.140861,-269.6666666666667,Technology,0.7108935375509304,0.7879490150637312,0.9730185497470489,,
2019-01-02,199855,CHE,buy,rebalance,7.0,269.405,2019-01-02,1885.8349999999998,6.6004225,-276.6666666666667,Healthcare,0.6656169329255394,0.8392236384704519,0.9794266441821248,,
2019-01-02,199120,CHD,buy,rebalance,36.0,58.7,2019-01-02,2113.2000000000003,7.396200000000001,-292.3333333333333,Consumer Defensive,0.6923092266072857,0.7815758980301275,0.9811129848229342,,
2019-01-02,199223,WDFC,buy,rebalance,13.0,158.129,2019-01-02,2055.6769999999997,7.194869499999999,-295.0,Basic Materials,0.681517573125025,0.8360370799536501,0.9342327150084317,,
2019-01-02,193889,MSCI,buy,rebalance,15.0,135.306,2019-01-02,2029.5900000000001,7.103565000000001,-299.3333333333333,Financial Services,0.6732916453416518,0.8647161066048668,0.9092748735244519,,
2019-02-01,199553,MKC,buy,rebalance,3.0,52.937,2019-02-01,158.81099999999998,0.5558384999999999,-210.66666666666666,Consumer Defensive,0.7098089583096567,0.839513325608343,0.9797639123102867,,
2019-02-01,199196,TJX,buy,rebalance,3.0,44.089,2019-02-01,132.267,0.46293449999999997,-239.0,Consumer Cyclical,0.7145683896872359,0.8829663962920047,0.8951096121416526,,
2019-02-01,197804,USPH,buy,rebalance,1.0,93.983,2019-02-01,93.983,0.3289405,-242.33333333333334,Healthcare,0.6480921585024827,0.9504634994206257,0.9204047217537943,,
2019-02-01,199385,ROL,buy,rebalance,7.0,22.639,2019-02-01,158.47299999999998,0.5546555,-247.0,Consumer Cyclical,0.7025383538289546,0.8053302433371958,0.9871838111298482,,
2019-02-01,197267,CBZ,buy,rebalance,8.0,19.53,2019-02-01,156.24,0.54684,-254.33333333333334,Industrials,0.6890005210638988,0.8899188876013905,0.9038785834738617,,
2019-02-01,198546,JKHY,buy,rebalance,1.0,123.231,2019-02-01,123.231,0.4313085,-268.3333333333333,Technology,0.7108935375509304,0.7879490150637312,0.9730185497470489,,
2019-02-01,199120,CHD,buy,rebalance,2.0,58.919,2019-02-01,117.838,0.412433,-290.3333333333333,Consumer Defensive,0.6923092266072857,0.7815758980301275,0.9811129848229342,,
2019-02-01,199223,WDFC,buy,rebalance,1.0,160.596,2019-02-01,160.596,0.562086,-293.0,Basic Materials,0.681517573125025,0.8360370799536501,0.9342327150084317,,
2019-02-01,193889,MSCI,buy,rebalance,1.0,159.164,2019-02-01,159.164,0.557074,-297.3333333333333,Financial Services,0.6732916453416518,0.8647161066048668,0.9092748735244519,,
2019-03-01,199553,MKC,buy,rebalance,2.0,58.809,2019-03-01,117.618,0.411663,-210.33333333333334,Consumer Defensive,0.7098089583096567,0.839513325608343,0.9797639123102867,,
2019-03-01,199196,TJX,buy,rebalance,3.0,47.085,2019-03-01,141.255,0.4943925,-238.33333333333334,Consumer Cyclical,0.7145683896872359,0.8829663962920047,0.8951096121416526,,
2019-03-01,197804,USPH,buy,rebalance,1.0,98.341,2019-03-01,98.341,0.3441935,-241.66666666666666,Healthcare,0.6480921585024827,0.9504634994206257,0.9204047217537943,,
2019-03-01,199385,ROL,buy,rebalance,6.0,24.133,2019-03-01,144.798,0.506793,-246.66666666666666,Consumer Cyclical,0.7025383538289546,0.8053302433371958,0.9871838111298482,,
2019-03-01,197267,CBZ,buy,rebalance,7.0,20.91,2019-03-01,146.37,0.5122950000000001,-253.66666666666666,Industrials,0.6890005210638986,0.8899188876013905,0.9038785834738617,,
2019-03-01,198546,JKHY,buy,rebalance,1.0,122.45,2019-03-01,122.45,0.42857500000000004,-268.0,Technology,0.7108935375509304,0.7879490150637312,0.9730185497470489,,
2019-03-01,199120,CHD,buy,rebalance,2.0,59.959,2019-03-01,119.918,0.41971300000000006,-290.0,Consumer Defensive,0.6923092266072857,0.7815758980301275,0.9811129848229342,,
2019-04-01,199890,BF.B,sell,criteria:rank:below_top_share,128.0,46.917,2019-04-01,6005.376,21.018816,,,,,,1846.401867,4137.955317
2019-04-01,199120,CHD,buy,rebalance,11.0,65.801,2019-04-01,723.811,2.5333385,-206.0,Consumer Defensive,0.6860947721861946,0.8705539358600584,0.9861064046086072,,
2019-04-01,193404,BAH,buy,rebalance,14.0,51.193,2019-04-01,716.702,2.508457,-225.0,Industrials,0.6842379128346132,0.8877551020408163,0.9488309047780413,,
2019-04-01,197603,WINA,buy,rebalance,4.0,161.619,2019-04-01,646.476,2.262666,-231.0,Consumer Cyclical,0.6834872048784947,0.8457725947521866,0.9932226363944425,,
2019-04-01,199223,WDFC,buy,rebalance,4.0,152.98,2019-04-01,611.92,2.14172,-237.66666666666666,Basic Materials,0.6825268972915159,0.8935860058309038,0.931209759403592,,
2019-04-01,199584,MZTI,buy,rebalance,5.0,132.655,2019-04-01,663.275,2.3214625,-258.0,Consumer Defensive,0.6958708310964401,0.9166180758017493,0.8681802778719079,,
2019-04-01,199137,MRK,buy,rebalance,11.0,63.645,2019-04-01,700.095,2.4503325,-266.6666666666667,Healthcare,0.7042911326903174,0.8965014577259475,0.8685191460521857,,
2019-04-01,199499,NRC,buy,rebalance,22.0,33.159,2019-04-01,729.4979999999999,2.5532429999999997,-279.0,Healthcare,0.6361086397848278,0.8740524781341108,0.9935615045747205,,
2019-04-01,199196,TJX,buy,rebalance,15.0,48.162,2019-04-01,722.43,2.528505,-286.3333333333333,Consumer Cyclical,0.7059549886173297,0.8556851311953353,0.8912233141308031,,
2019-04-01,198439,FISV,buy,rebalance,8.0,89.31,2019-04-01,714.48,2.50068,-293.0,Technology,0.7022092494970609,0.7693877551020408,0.989495086411386,,
2019-04-01,197066,VRSN,buy,rebalance,4.0,182.638,2019-04-01,730.552,2.556932,-297.0,Technology,0.616517389823238,0.9189504373177843,0.9739071501186038,,
2019-05-01,199120,CHD,buy,rebalance,2.0,67.328,2019-05-01,134.656,0.47129600000000005,-204.66666666666666,Consumer Defensive,0.6860947721861946,0.8705539358600584,0.9861064046086072,,
2019-05-01,193404,BAH,buy,rebalance,3.0,51.123,2019-05-01,153.369,0.5367915,-223.66666666666666,Industrials,0.6842379128346132,0.8877551020408163,0.9488309047780413,,
2019-05-01,197603,WINA,buy,rebalance,1.0,149.654,2019-05-01,149.654,0.523789,-229.0,Consumer Cyclical,0.6834872048784947,0.8457725947521866,0.9932226363944425,,
2019-05-01,199223,WDFC,buy,rebalance,1.0,149.763,2019-05-01,149.763,0.5241705,-236.33333333333334,Basic Materials,0.6825268972915159,0.8935860058309038,0.931209759403592,,
2019-05-01,199584,MZTI,buy,rebalance,1.0,129.246,2019-05-01,129.246,0.45236100000000007,-256.3333333333333,Consumer Defensive,0.6958708310964401,0.9166180758017493,0.8681802778719079,,
2019-05-01,199137,MRK,buy,rebalance,2.0,60.145,2019-05-01,120.29,0.42101500000000003,-265.0,Healthcare,0.7042911326903174,0.8965014577259475,0.8685191460521857,,
2019-05-01,199499,NRC,buy,rebalance,4.0,34.139,2019-05-01,136.556,0.47794600000000004,-276.3333333333333,Healthcare,0.6361086397848278,0.8740524781341108,0.9935615045747205,,
2019-05-01,196816,YUM,buy,rebalance,1.0,89.182,2019-05-01,89.182,0.312137,-283.3333333333333,Consumer Cyclical,0.7100130291114014,0.7670553935860058,0.9854286682480515,,
2019-05-01,198439,FISV,buy,rebalance,1.0,85.93,2019-05-01,85.93,0.30075500000000005,-289.3333333333333,Technology,0.702209249497061,0.7693877551020408,0.989495086411386,,
2019-06-03,199120,CHD,buy,rebalance,2.0,69.677,2019-06-03,139.354,0.48773900000000003,-203.33333333333334,Consumer Defensive,0.6860947721861946,0.8705539358600584,0.9861064046086072,,
2019-06-03,193404,BAH,buy,rebalance,2.0,54.95,2019-06-03,109.9,0.38465000000000005,-222.33333333333334,Industrials,0.6842379128346132,0.8877551020408163,0.9488309047780413,,
2019-06-03,197603,WINA,buy,rebalance,1.0,137.199,2019-06-03,137.199,0.4801965,-227.66666666666666,Consumer Cyclical,0.6834872048784948,0.8457725947521866,0.9932226363944425,,
2019-06-03,199223,WDFC,buy,rebalance,1.0,140.537,2019-06-03,140.537,0.4918795,-235.0,Basic Materials,0.6825268972915159,0.8935860058309038,0.931209759403592,,
2019-06-03,199584,MZTI,buy,rebalance,1.0,126.201,2019-06-03,126.201,0.44170349999999997,-255.0,Consumer Defensive,0.6958708310964401,0.9166180758017493,0.8681802778719079,,
2019-06-03,199137,MRK,buy,rebalance,2.0,61.322,2019-06-03,122.644,0.429254,-263.6666666666667,Healthcare,0.7042911326903174,0.8965014577259475,0.8685191460521857,,
2019-06-03,199499,NRC,buy,rebalance,3.0,43.114,2019-06-03,129.34199999999998,0.45269699999999996,-274.3333333333333,Healthcare,0.6361086397848278,0.8740524781341108,0.9935615045747205,,
2019-06-03,196816,YUM,buy,rebalance,1.0,91.462,2019-06-03,91.462,0.32011700000000004,-281.0,Consumer Cyclical,0.7100130291114014,0.7670553935860058,0.9854286682480515,,
2019-06-03,198439,FISV,buy,rebalance,1.0,82.68,2019-06-03,82.68,0.28938,-287.0,Technology,0.7022092494970609,0.7693877551020408,0.989495086411386,,
2019-07-01,199499,NRC,sell,criteria:rank:below_top_share,29.0,48.102,2019-07-01,1394.9579999999999,4.882352999999999,,,,,,998.8798859999999,391.19576099999995
2019-07-01,199553,MKC,buy,rebalance,4.0,67.229,2019-07-01,268.916,0.941206,-135.33333333333334,Consumer Defensive,0.7055790321574833,0.925072886297376,0.973141172617098,,
2019-07-01,199411,PG,buy,rebalance,2.0,91.891,2019-07-01,183.782,0.6432370000000001,-157.66666666666666,Consumer Defensive,0.723945585532823,0.897667638483965,0.955781198820832,,
2019-07-01,198804,PAYX,buy,rebalance,4.0,66.886,2019-07-01,267.544,0.936404,-180.0,Industrials,0.7182486565572431,0.8749271137026239,0.9649525057320668,,
2019-07-01,199928,ADP,buy,rebalance,1.0,142.466,2019-07-01,142.466,0.49863100000000005,-197.66666666666666,Industrials,0.6934576576860134,0.8895043731778426,0.9646249590566656,,
2019-07-01,199575,LLY,buy,rebalance,2.0,103.184,2019-07-01,206.368,0.722288,-212.66666666666666,Healthcare,0.6940162253183843,0.9072886297376094,0.9279397314117261,,
2019-07-01,196816,YUM,buy,rebalance,2.0,96.188,2019-07-01,192.376,0.673316,-216.0,Consumer Cyclical,0.7203625087848774,0.8282798833819242,0.9783819194235178,,
2019-07-01,197603,WINA,buy,rebalance,1.0,144.122,2019-07-01,144.122,0.5044270000000001,-226.66666666666666,Consumer Cyclical,0.6699945919058049,0.8848396501457726,0.9855879462823453,,
2019-07-01,197079,FDS,buy,rebalance,1.0,266.826,2019-07-01,266.826,0.9338910000000001,-239.33333333333334,Financial Services,0.6894633675992493,0.8667638483965014,0.9561087454962333,,
2019-08-01,199553,MKC,buy,rebalance,3.0,68.225,2019-08-01,204.67499999999998,0.7163624999999999,-134.0,Consumer Defensive,0.7055790321574832,0.925072886297376,0.973141172617098,,
2019-08-01,199411,PG,buy,rebalance,2.0,97.708,2019-08-01,195.416,0.683956,-156.0,Consumer Defensive,0.723945585532823,0.897667638483965,0.955781198820832,,
2019-08-01,198804,PAYX,buy,rebalance,3.0,67.684,2019-08-01,203.052,0.710682,-178.0,Industrials,0.7182486565572431,0.8749271137026239,0.9649525057320668,,
2019-08-01,199928,ADP,buy,rebalance,1.0,140.677,2019-08-01,140.677,0.49236949999999996,-195.66666666666666,Industrials,0.6934576576860134,0.8895043731778426,0.9646249590566656,,
2019-08-01,199575,LLY,buy,rebalance,2.0,101.143,2019-08-01,202.286,0.708001,-210.66666666666666,Healthcare,0.6940162253183843,0.9072886297376094,0.9279397314117261,,
2019-08-01,196816,YUM,buy,rebalance,2.0,102.733,2019-08-01,205.466,0.7191310000000001,-213.66666666666666,Consumer Cyclical,0.7203625087848774,0.8282798833819242,0.9783819194235178,,
2019-08-01,197603,WINA,buy,rebalance,1.0,141.193,2019-08-01,141.193,0.49417550000000005,-225.0,Consumer Cyclical,0.6699945919058049,0.8848396501457726,0.9855879462823453,,
2019-09-03,199553,MKC,buy,rebalance,2.0,71.111,2019-09-03,142.222,0.497777,-132.66666666666666,Consumer Defensive,0.7055790321574832,0.925072886297376,0.973141172617098,,
2019-09-03,199411,PG,buy,rebalance,1.0,101.584,2019-09-03,101.584,0.355544,-154.33333333333334,Consumer Defensive,0.723945585532823,0.897667638483965,0.955781198820832,,
2019-09-03,198804,PAYX,buy,rebalance,2.0,65.36,2019-09-03,130.72,0.45752,-175.66666666666666,Industrials,0.718248656557243,0.8749271137026239,0.9649525057320668,,
2019-09-03,199928,ADP,buy,rebalance,1.0,143.168,2019-09-03,143.168,0.501088,-193.66666666666666,Industrials,0.6934576576860134,0.8895043731778426,0.9646249590566656,,
2019-09-03,199575,LLY,buy,rebalance,1.0,104.91,2019-09-03,104.91,0.367185,-209.0,Healthcare,0.6940162253183843,0.9072886297376094,0.9279397314117261,,
2019-09-03,196816,YUM,buy,rebalance,1.0,102.904,2019-09-03,102.904,0.360164,-211.33333333333334,Consumer Cyclical,0.7203625087848774,0.8282798833819242,0.9783819194235178,,
2019-09-03,197603,WINA,buy,rebalance,1.0,131.921,2019-09-03,131.921,0.4617235,-222.33333333333334,Consumer Cyclical,0.6699945919058049,0.8848396501457726,0.9855879462823453,,
2019-10-01,198821,TSS,sell,criteria:rank:not_a_candidate,74.0,133.27,2019-10-01,9861.980000000001,34.51693,,,,,,6341.554026000001,3485.909044000001
2019-10-01,196816,YUM,buy,rebalance,11.0,99.536,2019-10-01,1094.896,3.8321359999999998,-111.66666666666667,Consumer Cyclical,0.717167453921141,0.9272097053726169,0.9859437751004017,,
2019-10-01,199652,HSY,buy,rebalance,8.0,130.933,2019-10-01,1047.464,3.666124,-131.0,Consumer Defensive,0.7116052096878919,0.9404968226458694,0.9591700133868809,,
2019-10-01,199120,CHD,buy,rebalance,16.0,69.504,2019-10-01,1112.064,3.8922240000000006,-135.0,Consumer Defensive,0.7021268878009326,0.9220103986135182,0.9892904953145917,,
2019-10-01,193422,VRSK,buy,rebalance,7.0,149.498,2019-10-01,1046.4859999999999,3.6627009999999998,-167.33333333333334,Industrials,0.7187633093582959,0.8792605430387059,0.9795850066934404,,
2019-10-01,198229,SBUX,buy,rebalance,15.0,74.003,2019-10-01,1110.045,3.8851575000000005,-169.0,Consumer Cyclical,0.6875963436426714,0.9702484113229347,0.9226907630522089,,
2019-10-01,199499,NRC,buy,rebalance,24.0,48.65,2019-10-01,1167.6,4.0866,-202.0,Healthcare,0.6312386058078425,0.9673599075678798,0.9983266398929049,,
2019-10-01,199137,MRK,buy,rebalance,18.0,64.734,2019-10-01,1165.212,4.078242,-203.33333333333334,Healthcare,0.7136773124191091,0.8908145580589255,0.9354082998661312,,
2019-10-01,197849,ROP,buy,rebalance,3.0,330.983,2019-10-01,992.9490000000001,3.4753215,-216.66666666666666,Technology,0.6912930315253765,0.8570190641247833,0.9956492637215528,,
2019-10-01,199760,ECL,buy,rebalance,6.0,182.244,2019-10-01,1093.464,3.827124,-217.33333333333334,Basic Materials,0.7212099276117127,0.9205661467359908,0.8741633199464525,,
2019-10-01,198566,HON,buy,rebalance,8.0,136.096,2019-10-01,1088.768,3.8106880000000003,-219.0,Industrials,0.7174301419733461,0.8616406701328712,0.9467871485943775,,
2019-11-01,196816,YUM,buy,rebalance,2.0,87.862,2019-11-01,175.724,0.615034,-110.66666666666667,Consumer Cyclical,0.7171674539211409,0.9272097053726169,0.9859437751004017,,
2019-11-01,199652,HSY,buy,rebalance,1.0,120.941,2019-11-01,120.941,0.42329350000000004,-130.0,Consumer Defensive,0.7116052096878918,0.9404968226458694,0.9591700133868809,,
2019-11-01,199120,CHD,buy,rebalance,2.0,63.267,2019-11-01,126.534,0.442869,-134.0,Consumer Defensive,0.7021268878009326,0.9220103986135182,0.9892904953145917,,
2019-11-01,193422,VRSK,buy,rebalance,1.0,138.901,2019-11-01,138.901,0.48615350000000007,-166.33333333333334,Industrials,0.7187633093582959,0.8792605430387059,0.9795850066934404,,
2019-11-01,198229,SBUX,buy,rebalance,2.0,71.18,2019-11-01,142.36,0.49826000000000004,-168.33333333333334,Consumer Cyclical,0.6875963436426713,0.9702484113229347,0.9226907630522089,,
2019-11-01,199499,NRC,buy,rebalance,3.0,50.866,2019-11-01,152.598,0.534093,-200.66666666666666,Healthcare,0.6312386058078425,0.9673599075678798,0.9983266398929049,,
2019-11-01,199137,MRK,buy,rebalance,2.0,65.764,2019-11-01,131.528,0.460348,-202.33333333333334,Healthcare,0.713677312419109,0.8908145580589255,0.9354082998661312,,
2019-11-01,199760,ECL,buy,rebalance,1.0,177.703,2019-11-01,177.703,0.6219605,-216.33333333333334,Basic Materials,0.7212099276117127,0.9205661467359908,0.8741633199464525,,
2019-11-01,198566,HON,buy,rebalance,1.0,145.984,2019-11-01,145.984,0.5109440000000001,-218.0,Industrials,0.7174301419733461,0.8616406701328712,0.9467871485943775,,
2019-12-02,196816,YUM,buy,rebalance,1.0,89.044,2019-12-02,89.044,0.311654,-110.33333333333333,Consumer Cyclical,0.7171674539211409,0.9272097053726169,0.9859437751004017,,
2019-12-02,199652,HSY,buy,rebalance,1.0,126.584,2019-12-02,126.584,0.443044,-129.66666666666666,Consumer Defensive,0.7116052096878919,0.9404968226458694,0.9591700133868809,,
2019-12-02,199120,CHD,buy,rebalance,2.0,64.43,2019-12-02,128.86,0.4510100000000001,-133.33333333333334,Consumer Defensive,0.7021268878009326,0.9220103986135182,0.9892904953145917,,
2019-12-02,193422,VRSK,buy,rebalance,1.0,139.618,2019-12-02,139.618,0.488663,-165.33333333333334,Industrials,0.7187633093582959,0.8792605430387059,0.9795850066934404,,
2019-12-02,198229,SBUX,buy,rebalance,2.0,72.699,2019-12-02,145.398,0.508893,-168.0,Consumer Cyclical,0.6875963436426714,0.9702484113229347,0.9226907630522089,,
2019-12-02,199499,NRC,buy,rebalance,2.0,54.882,2019-12-02,109.764,0.384174,-200.0,Healthcare,0.6312386058078425,0.9673599075678798,0.9983266398929049,,
2019-12-02,199137,MRK,buy,rebalance,2.0,67.39,2019-12-02,134.78,0.47173000000000004,-201.66666666666666,Healthcare,0.7136773124191091,0.8908145580589255,0.9354082998661312,,
2019-12-02,198566,HON,buy,rebalance,1.0,145.216,2019-12-02,145.216,0.508256,-217.0,Industrials,0.7174301419733461,0.8616406701328712,0.9467871485943775,,
2020-01-02,199900,BA,sell,criteria:rank:below_top_share,10.0,331.334,2020-01-02,3313.34,11.59669,,,,,,2648.120094,653.6232160000004
2020-01-02,187525,TMX,sell,criteria:rank:below_top_share,33.0,38.64,2020-01-02,1275.1200000000001,4.46292,,,,,,1384.76979,-114.11270999999988
2020-01-02,199584,MZTI,sell,criteria:rank:below_top_share,7.0,137.116,2020-01-02,959.8120000000001,3.3593420000000007,,,,,,921.937527,34.51513100000011
2020-01-02,199652,HSY,buy,rebalance,5.0,122.336,2020-01-02,611.68,2.1408799999999997,-170.66666666666666,Consumer Defensive,0.7320927567394591,0.8770562770562771,0.9692513368983957,,
2020-01-02,197300,LMT,buy,rebalance,2.0,335.179,2020-01-02,670.358,2.346253,-189.33333333333334,Industrials,0.7210863845207941,0.8926406926406927,0.9411764705882353,,
2020-01-02,199855,CHE,buy,rebalance,1.0,430.585,2020-01-02,430.585,1.5070474999999999,-251.0,Healthcare,0.6825765479954117,0.8715728715728716,0.9719251336898396,,
2020-01-02,193422,VRSK,buy,rebalance,4.0,144.65,2020-01-02,578.6,2.0251,-253.66666666666666,Industrials,0.7134915835183029,0.8233766233766234,0.9655748663101604,,
2020-01-02,199411,PG,buy,rebalance,6.0,103.96,2020-01-02,623.76,2.18316,-257.0,Consumer Defensive,0.7141794754693,0.8603174603174604,0.9177807486631016,,
2020-01-02,197197,DIS,buy,rebalance,4.0,143.673,2020-01-02,574.692,2.011422,-265.3333333333333,Communication Services,0.7011234084912729,0.8790764790764791,0.9141042780748663,,
2020-01-02,199551,SPGI,buy,rebalance,2.0,249.853,2020-01-02,499.706,1.748971,-267.6666666666667,Financial Services,0.690173115102985,0.8331890331890331,0.9852941176470589,,
2020-01-02,199940,AWI,buy,rebalance,7.0,89.303,2020-01-02,625.121,2.1879235,-269.0,Basic Materials,0.6674533187803083,0.950937950937951,0.8900401069518716,,
2020-01-02,197845,SNPS,buy,rebalance,4.0,142.87,2020-01-02,571.48,2.0001800000000003,-277.0,Technology,0.6320195439654133,0.9333333333333333,0.9739304812834224,,
2020-01-02,199357,SHW,buy,rebalance,3.0,179.441,2020-01-02,538.323,1.8841305,-279.6666666666667,Basic Materials,0.688723559429239,0.8753246753246753,0.9268048128342246,,
2020-02-03,199652,HSY,buy,rebalance,1.0,131.42,2020-02-03,131.42,0.45997,-167.0,Consumer Defensive,0.7320927567394591,0.8770562770562771,0.9692513368983957,,
2020-02-03,193422,VRSK,buy,rebalance,1.0,158.146,2020-02-03,158.146,0.553511,-249.66666666666666,Industrials,0.7134915835183029,0.8233766233766234,0.9655748663101604,,
2020-02-03,199411,PG,buy,rebalance,2.0,106.022,2020-02-03,212.044,0.7421540000000001,-252.66666666666666,Consumer Defensive,0.7141794754693,0.8603174603174604,0.9177807486631016,,
2020-02-03,197197,DIS,buy,rebalance,1.0,137.004,2020-02-03,137.004,0.479514,-261.0,Communication Services,0.7011234084912729,0.8790764790764791,0.9141042780748663,,
2020-02-03,199940,AWI,buy,rebalance,2.0,94.737,2020-02-03,189.474,0.6631589999999999,-267.0,Basic Materials,0.6674533187803082,0.950937950937951,0.8900401069518716,,
2020-02-03,197845,SNPS,buy,rebalance,1.0,150.26,2020-02-03,150.26,0.52591,-275.0,Technology,0.6320195439654133,0.9333333333333333,0.9739304812834224,,
2020-02-03,199357,SHW,buy,rebalance,1.0,180.401,2020-02-03,180.401,0.6314035,-275.6666666666667,Basic Materials,0.688723559429239,0.8753246753246753,0.9268048128342246,,
2020-03-02,199652,HSY,buy,rebalance,1.0,130.099,2020-03-02,130.099,0.4553465,-166.0,Consumer Defensive,0.732092756739459,0.8770562770562771,0.9692513368983957,,
2020-03-02,193422,VRSK,buy,rebalance,1.0,156.146,2020-03-02,156.146,0.546511,-248.66666666666666,Industrials,0.7134915835183029,0.8233766233766234,0.9655748663101604,,
2020-03-02,199411,PG,buy,rebalance,2.0,101.318,2020-03-02,202.636,0.709226,-251.33333333333334,Consumer Defensive,0.7141794754693,0.8603174603174604,0.9177807486631016,,
2020-03-02,197197,DIS,buy,rebalance,1.0,116.315,2020-03-02,116.315,0.4071025,-259.6666666666667,Communication Services,0.7011234084912729,0.8790764790764791,0.9141042780748663,,
2020-03-02,199940,AWI,buy,rebalance,2.0,97.234,2020-03-02,194.468,0.680638,-266.0,Basic Materials,0.6674533187803083,0.950937950937951,0.8900401069518716,,
2020-03-02,197845,SNPS,buy,rebalance,1.0,141.63,2020-03-02,141.63,0.495705,-274.0,Technology,0.6320195439654133,0.9333333333333333,0.9739304812834224,,
2020-03-02,199357,SHW,buy,rebalance,1.0,169.358,2020-03-02,169.358,0.592753,-274.0,Basic Materials,0.688723559429239,0.8753246753246753,0.9268048128342246,,
2020-04-01,195852,FIS,sell,criteria:rank:below_top_share,98.0,99.647,2020-04-01,9765.406,34.178921,,,,,,2722.4393040000004,7008.787775
2020-04-01,197849,ROP,sell,criteria:rank:below_top_share,3.0,282.14,2020-04-01,846.42,2.9624699999999997,,,,,,996.4243215,-152.9667915000001
2020-04-01,199551,SPGI,buy,rebalance,5.0,211.225,2020-04-01,1056.125,3.6964375,-167.66666666666666,Financial Services,0.6988872809669283,0.9028871391076115,0.9860828241683639,,
2020-04-01,199855,CHE,buy,rebalance,3.0,391.641,2020-04-01,1174.923,4.1122305,-201.0,Healthcare,0.691496883702049,0.8883056284631088,0.9772572980312287,,
2020-04-01,199652,HSY,buy,rebalance,11.0,112.423,2020-04-01,1236.653,4.3282855,-201.66666666666666,Consumer Defensive,0.7276091480961222,0.8413531641878098,0.9708078750848609,,
2020-04-01,194725,LDOS,buy,rebalance,15.0,80.277,2020-04-01,1204.155,4.2145425,-202.33333333333334,Technology,0.6766216487582811,0.9250510352872557,0.9606245756958588,,
2020-04-01,166332,INFO1,buy,rebalance,21.0,57.379,2020-04-01,1204.959,4.2173565,-204.66666666666666,Industrials,0.6950590661830855,0.8675998833479148,0.9942294636795656,,
2020-04-01,186763,HLT,buy,rebalance,20.0,62.178,2020-04-01,1243.56,4.35246,-219.0,Consumer Cyclical,0.6705664194392067,0.89472149314669,0.9904955872369314,,
2020-04-01,195563,CPAY,buy,rebalance,7.0,173.22,2020-04-01,1212.54,4.24389,-241.66666666666666,Technology,0.6547252368381203,0.905220180810732,0.9854039375424304,,
2020-04-01,196744,CHH,buy,rebalance,22.0,55.878,2020-04-01,1229.316,4.302606,-248.66666666666666,Consumer Cyclical,0.7146675097533478,0.8197725284339458,0.9626612355736592,,
2020-04-01,199499,NRC,buy,rebalance,32.0,38.906,2020-04-01,1244.992,4.357472,-252.0,Healthcare,0.6334945267904522,0.9320501603966171,0.9959266802443992,,
2020-04-01,193213,TT,buy,rebalance,16.0,74.387,2020-04-01,1190.192,4.165672,-254.66666666666666,Basic Materials,0.7063868452963016,0.8524351122776319,0.9365241004752206,,
2020-05-01,196736,RTN,sell,criteria:rank:not_a_candidate,19.0,116.96,2020-05-01,2222.24,7.777839999999999,,,,,,900.9041669999999,1313.5579929999997
2020-05-01,199551,SPGI,buy,rebalance,1.0,257.854,2020-05-01,257.854,0.902489,-166.66666666666666,Financial Services,0.6988872809669283,0.9028871391076115,0.9860828241683639,,
2020-05-01,199652,HSY,buy,rebalance,3.0,113.175,2020-05-01,339.525,1.1883375,-200.66666666666666,Consumer Defensive,0.7276091480961221,0.8413531641878098,0.9708078750848609,,
2020-05-01,194725,LDOS,buy,rebalance,4.0,90.17,2020-05-01,360.68,1.26238,-201.33333333333334,Technology,0.6766216487582811,0.9250510352872557,0.9606245756958588,,
2020-05-01,166332,INFO1,buy,rebalance,5.0,64.428,2020-05-01,322.14,1.1274899999999999,-203.33333333333334,Industrials,0.6950590661830855,0.8675998833479148,0.9942294636795656,,
2020-05-01,186763,HLT,buy,rebalance,5.0,71.045,2020-05-01,355.225,1.2432875,-218.0,Consumer Cyclical,0.6705664194392066,0.89472149314669,0.9904955872369314,,
2020-05-01,195563,CPAY,buy,rebalance,1.0,232.83,2020-05-01,232.83,0.8149050000000001,-240.66666666666666,Technology,0.6547252368381203,0.905220180810732,0.9854039375424304,,
2020-05-01,196744,CHH,buy,rebalance,5.0,67.95,2020-05-01,339.75,1.189125,-247.33333333333334,Consumer Cyclical,0.7146675097533478,0.8197725284339458,0.9626612355736592,,
2020-05-01,199499,NRC,buy,rebalance,7.0,46.304,2020-05-01,324.12800000000004,1.1344480000000001,-251.33333333333334,Healthcare,0.6334945267904522,0.9320501603966171,0.9959266802443992,,
2020-05-01,193213,TT,buy,rebalance,4.0,79.832,2020-05-01,319.328,1.117648,-253.33333333333334,Basic Materials,0.7063868452963016,0.8524351122776319,0.9365241004752206,,
2020-06-01,194725,LDOS,buy,rebalance,1.0,97.622,2020-06-01,97.622,0.341677,-199.66666666666666,Technology,0.6766216487582811,0.9250510352872557,0.9606245756958588,,
2020-06-01,199652,HSY,buy,rebalance,1.0,117.2,2020-06-01,117.2,0.4102,-200.0,Consumer Defensive,0.7276091480961222,0.8413531641878098,0.9708078750848609,,
2020-06-01,166332,INFO1,buy,rebalance,2.0,68.987,2020-06-01,137.974,0.482909,-202.33333333333334,Industrials,0.6950590661830855,0.8675998833479148,0.9942294636795656,,
2020-06-01,186763,HLT,buy,rebalance,2.0,80.79,2020-06-01,161.58,0.5655300000000001,-217.0,Consumer Cyclical,0.6705664194392067,0.89472149314669,0.9904955872369314,,
2020-06-01,196744,CHH,buy,rebalance,2.0,78.754,2020-06-01,157.508,0.551278,-245.0,Consumer Cyclical,0.7146675097533478,0.8197725284339458,0.9626612355736592,,
2020-06-01,199499,NRC,buy,rebalance,3.0,48.109,2020-06-01,144.327,0.5051445,-250.33333333333334,Healthcare,0.6334945267904522,0.9320501603966171,0.9959266802443992,,
2020-06-01,193213,TT,buy,rebalance,2.0,83.16,2020-06-01,166.32,0.58212,-252.0,Basic Materials,0.7063868452963016,0.8524351122776319,0.9365241004752206,,
2020-07-01,195349,TDG,sell,criteria:rank:below_top_share,133.0,365.608,2020-07-01,48625.864,170.190524,,,,,,4034.1894165000003,44421.484059500006
2020-07-01,199849,CHDN,sell,criteria:rank:below_top_share,324.0,64.679,2020-07-01,20955.996,73.345986,,,,,,10997.573255999998,9885.076758000001
2020-07-01,197832,PRSU,sell,criteria:rank:below_top_share,16.0,18.79,2020-07-01,300.64,1.05224,,,,,,694.632735,-395.044975
2020-07-01,197804,USPH,sell,criteria:rank:below_top_share,25.0,72.02,2020-07-01,1800.5,6.30175,,,,,,2279.3589315000004,-485.16068150000046
2020-07-01,193422,VRSK,sell,criteria:rank:below_top_share,15.0,165.632,2020-07-01,2484.48,8.69568,,,,,,2225.6596395,250.12468050000007
2020-07-01,195563,CPAY,sell,criteria:rank:below_top_share,8.0,254.69,2020-07-01,2037.52,7.13132,,,,,,1450.428795,579.959885
2020-07-01,197912,CTXS,buy,rebalance,52.0,146.552,2020-07-01,7620.704,26.672463999999998,-89.66666666666667,Technology,0.7154388828742753,0.9429150970733121,0.9986863711001642,,
2020-07-01,199877,CPB,buy,rebalance,198.0,39.021,2020-07-01,7726.158,27.041553,-125.0,Consumer Defensive,0.717821880201539,0.9191538684439293,0.9809523809523809,,
2020-07-01,199841,CLX,buy,rebalance,43.0,179.165,2020-07-01,7704.094999999999,26.964332499999998,-145.66666666666666,Consumer Defensive,0.7368146640336455,0.8933642422486235,0.9638752052545156,,
2020-07-01,199575,LLY,buy,rebalance,50.0,152.702,2020-07-01,7635.1,26.72285,-155.66666666666666,Healthcare,0.72239127227796,0.9136482179078528,0.9467980295566503,,
2020-07-01,199855,CHE,buy,rebalance,17.0,449.94,2020-07-01,7648.98,26.77143,-156.0,Healthcare,0.703969197148768,0.9165459287163141,0.9743842364532019,,
2020-07-01,199059,AAPL,buy,rebalance,88.0,88.063,2020-07-01,7749.544,27.123404,-159.33333333333334,Technology,0.6933539921364248,0.9423355549116198,0.961247947454844,,
2020-07-01,199551,SPGI,buy,rebalance,25.0,302.183,2020-07-01,7554.575,26.4410125,-211.66666666666666,Financial Services,0.6769976201741577,0.9040857722399305,0.9858784893267651,,
2020-07-01,193404,BAH,buy,rebalance,109.0,70.565,2020-07-01,7691.585,26.9205475,-212.0,Industrials,0.7260906877470656,0.8901767603593161,0.9087027914614122,,
2020-07-01,193889,MSCI,buy,rebalance,24.0,318.922,2020-07-01,7654.128000000001,26.789448000000004,-244.33333333333334,Financial Services,0.6516112251800912,0.9379889886989279,0.9527093596059113,,
2020-07-01,197774,FCN,buy,rebalance,67.0,115.38,2020-07-01,7730.46,27.05661,-261.6666666666667,Industrials,0.6865344541965117,0.9336424224862359,0.8827586206896552,,
2020-08-03,197912,CTXS,buy,rebalance,1.0,137.202,2020-08-03,137.202,0.480207,-87.66666666666667,Technology,0.7154388828742753,0.9429150970733121,0.9986863711001642,,
2020-08-03,199877,CPB,buy,rebalance,4.0,39.611,2020-08-03,158.444,0.554554,-123.0,Consumer Defensive,0.717821880201539,0.9191538684439293,0.9809523809523809,,
2020-08-03,199575,LLY,buy,rebalance,1.0,142.92,2020-08-03,142.92,0.50022,-153.33333333333334,Healthcare,0.72239127227796,0.9136482179078528,0.9467980295566503,,
2020-08-03,199059,AAPL,buy,rebalance,1.0,105.389,2020-08-03,105.389,0.3688615,-156.66666666666666,Technology,0.6933539921364248,0.9423355549116198,0.961247947454844,,
2020-08-03,193404,BAH,buy,rebalance,2.0,74.153,2020-08-03,148.306,0.5190710000000001,-209.33333333333334,Industrials,0.7260906877470656,0.8901767603593161,0.9087027914614122,,
2020-08-03,197774,FCN,buy,rebalance,1.0,121.34,2020-08-03,121.34,0.42469,-258.6666666666667,Industrials,0.6865344541965118,0.9336424224862359,0.8827586206896552,,
2020-09-01,197912,CTXS,buy,rebalance,1.0,142.48,2020-09-01,142.48,0.49867999999999996,-87.0,Technology,0.7154388828742752,0.9429150970733121,0.9986863711001642,,
2020-09-01,199877,CPB,buy,rebalance,4.0,40.958,2020-09-01,163.832,0.573412,-121.66666666666667,Consumer Defensive,0.717821880201539,0.9191538684439293,0.9809523809523809,,
2020-09-01,199841,CLX,buy,rebalance,1.0,180.461,2020-09-01,180.461,0.6316135,-141.66666666666666,Consumer Defensive,0.7368146640336456,0.8933642422486235,0.9638752052545156,,
2020-09-01,199575,LLY,buy,rebalance,1.0,138.417,2020-09-01,138.417,0.48445950000000004,-152.0,Healthcare,0.72239127227796,0.9136482179078528,0.9467980295566503,,
2020-09-01,199059,AAPL,buy,rebalance,1.0,130.049,2020-09-01,130.049,0.4551715,-156.0,Technology,0.6933539921364248,0.9423355549116198,0.961247947454844,,
2020-09-01,193404,BAH,buy,rebalance,2.0,78.788,2020-09-01,157.576,0.551516,-208.0,Industrials,0.7260906877470656,0.8901767603593161,0.9087027914614122,,
2020-09-01,197774,FCN,buy,rebalance,1.0,115.31,2020-09-01,115.31,0.403585,-258.0,Industrials,0.6865344541965118,0.9336424224862359,0.8827586206896552,,
2020-10-01,199196,TJX,sell,criteria:rank:below_top_share,179.0,52.52,2020-10-01,9401.08,32.90378,,,,,,5080.1655645,4288.010655499999
2020-10-01,198229,SBUX,sell,criteria:rank:below_top_share,89.0,75.726,2020-10-01,6739.614,23.588649,,,,,,4440.7644660000005,2275.260884999999
2020-10-01,199238,VFC,sell,criteria:rank:below_top_share,20.0,59.502,2020-10-01,1190.04,4.16514,,,,,,1328.346999,-142.4721390000002
2020-10-01,199760,ECL,sell,criteria:rank:below_top_share,7.0,185.22,2020-10-01,1296.54,4.53789,,,,,,1275.6160845,16.38602549999996
2020-10-01,197197,DIS,sell,criteria:rank:below_top_share,6.0,119.544,2020-10-01,717.264,2.510424,,,,,,830.9090385000001,-116.1554625
2020-10-01,199940,AWI,sell,criteria:rank:below_top_share,11.0,66.821,2020-10-01,735.031,2.5726085,,,,,,1012.5947205,-280.13632900000005
2020-10-01,186763,HLT,sell,criteria:rank:below_top_share,27.0,86.028,2020-10-01,2322.7560000000003,8.129646000000001,,,,,,1766.5262775,548.1000765000003
2020-10-01,197912,CTXS,buy,rebalance,17.0,136.919,2020-10-01,2327.623,8.1466805,-132.0,Technology,0.7142686940508217,0.9129806302399538,0.9939718687206965,,
2020-10-01,199385,ROL,buy,rebalance,72.0,33.186,2020-10-01,2389.392,8.362872,-174.0,Consumer Cyclical,0.7209572698034535,0.8806013298641225,0.9725385130609511,,
2020-10-01,191883,ABBV,buy,rebalance,35.0,69.043,2020-10-01,2416.505,8.457767500000001,-181.66666666666666,Healthcare,0.712385067103965,0.8707718993928881,0.9943067649028801,,
2020-10-01,199059,AAPL,buy,rebalance,21.0,113.194,2020-10-01,2377.074,8.319759000000001,-198.0,Technology,0.6829877266543154,0.9199190517490604,0.9691895512391159,,
2020-10-01,199841,CLX,buy,rebalance,13.0,173.541,2020-10-01,2256.033,7.8961155,-206.0,Consumer Defensive,0.7382476414059266,0.8508239375542064,0.9547890154052244,,
2020-10-01,197961,REGN,buy,rebalance,4.0,562.921,2020-10-01,2251.684,7.8808940000000005,-225.33333333333334,Healthcare,0.6822385589754004,0.9352413992483377,0.9249832551908909,,
2020-10-01,167098,RBA,buy,rebalance,44.0,54.566,2020-10-01,2400.904,8.403164,-228.0,Industrials,0.7264465664939513,0.8910089621277826,0.8968519758874749,,
2020-10-01,196550,EBAY,buy,rebalance,50.0,47.564,2020-10-01,2378.2,8.323699999999999,-231.66666666666666,Consumer Cyclical,0.7093921435537562,0.8427291124602486,0.9799062290689886,,
2020-10-01,198010,MNST,buy,rebalance,118.0,20.37,2020-10-01,2403.6600000000003,8.412810000000002,-250.33333333333334,Consumer Defensive,0.7098164078834303,0.8412836079791848,0.9608171466845278,,
2020-10-01,197247,POOL,buy,rebalance,7.0,303.115,2020-10-01,2121.8050000000003,7.4263175000000015,-264.3333333333333,Industrials,0.7024989396578825,0.8872506504770165,0.9092431346282652,,
2020-11-02,197912,CTXS,buy,rebalance,1.0,112.555,2020-11-02,112.555,0.39394250000000003,-130.66666666666666,Technology,0.7142686940508218,0.9129806302399538,0.9939718687206965,,
2020-11-02,199385,ROL,buy,rebalance,5.0,35.863,2020-11-02,179.315,0.6276025,-172.33333333333334,Consumer Cyclical,0.7209572698034536,0.8806013298641225,0.9725385130609511,,
2020-11-02,191883,ABBV,buy,rebalance,2.0,70.881,2020-11-02,141.762,0.496167,-180.0,Healthcare,0.712385067103965,0.8707718993928881,0.9943067649028801,,
2020-11-02,199059,AAPL,buy,rebalance,1.0,105.421,2020-11-02,105.421,0.3689735,-196.66666666666666,Technology,0.6829877266543154,0.9199190517490604,0.9691895512391159,,
2020-11-02,199841,CLX,buy,rebalance,1.0,177.132,2020-11-02,177.132,0.619962,-204.0,Consumer Defensive,0.7382476414059265,0.8508239375542064,0.9547890154052244,,
2020-11-02,167098,RBA,buy,rebalance,3.0,56.907,2020-11-02,170.721,0.5975235,-226.0,Industrials,0.7264465664939513,0.8910089621277826,0.8968519758874749,,
2020-11-02,196550,EBAY,buy,rebalance,4.0,43.469,2020-11-02,173.876,0.608566,-229.66666666666666,Consumer Cyclical,0.7093921435537565,0.8427291124602486,0.9799062290689886,,
2020-11-02,198010,MNST,buy,rebalance,9.0,19.48,2020-11-02,175.32,0.6136199999999999,-248.33333333333334,Consumer Defensive,0.7098164078834304,0.8412836079791848,0.9608171466845278,,
2020-12-01,197912,CTXS,buy,rebalance,1.0,123.532,2020-12-01,123.532,0.432362,-129.66666666666666,Technology,0.7142686940508217,0.9129806302399538,0.9939718687206965,,
2020-12-01,199385,ROL,buy,rebalance,4.0,35.618,2020-12-01,142.472,0.49865200000000004,-171.33333333333334,Consumer Cyclical,0.7209572698034536,0.8806013298641225,0.9725385130609511,,
2020-12-01,191883,ABBV,buy,rebalance,1.0,83.564,2020-12-01,83.564,0.29247399999999996,-178.66666666666666,Healthcare,0.712385067103965,0.8707718993928881,0.9943067649028801,,
2020-12-01,199059,AAPL,buy,rebalance,1.0,119.147,2020-12-01,119.147,0.4170145,-195.66666666666666,Technology,0.6829877266543154,0.9199190517490604,0.9691895512391159,,
2020-12-01,167098,RBA,buy,rebalance,2.0,62.813,2020-12-01,125.626,0.439691,-225.0,Industrials,0.7264465664939513,0.8910089621277826,0.8968519758874749,,
2020-12-01,196550,EBAY,buy,rebalance,3.0,46.02,2020-12-01,138.06,0.48321000000000003,-228.33333333333334,Consumer Cyclical,0.7093921435537563,0.8427291124602486,0.9799062290689886,,
2020-12-01,198010,MNST,buy,rebalance,7.0,21.67,2020-12-01,151.69,0.530915,-247.0,Consumer Defensive,0.7098164078834304,0.8412836079791848,0.9608171466845278,,
2022-04-01,166332,INFO1,sell,delisted,28.0,108.61,2022-02-25,3041.08,10.64378,,,,,,1670.9007555,1359.5354645
2022-11-01,197912,CTXS,sell,delisted,73.0,103.9,2022-09-29,7584.700000000001,26.546450000000004,,,,,,10500.720336,-2942.5667859999994
