run,status,label,eval_label,horizon_years,feature_set,seed,grid_params,sampled_params,config_hash,n_test,effective_n,base_rate,pr_auc,roc_auc,brier,base_rate_brier,precision_at_20,conf_at_20,recall_at_20,precision_at_50,conf_at_50,recall_at_50,recall_at_prec_0.75,n_at_prec_0.75,recall_at_prec_0.9,n_at_prec_0.9
xgb_random_search_3y__label_3y_beat_spy__fs0__r66,completed,label_3y_beat_spy,,3,0,7,{},"{""class_weight"": 0.1, ""colsample_bytree"": 0.607408, ""gamma"": 0.342094, ""learning_rate"": 0.0165055, ""max_depth"": 5, ""min_child_weight"": 7.1194, ""n_estimators"": 517, ""reg_alpha"": 5.39125, ""reg_lambda"": 0.0251088, ""subsample"": 0.631728}",298167f8d6bd6ab0,256351,8215.438550146824,0.3535010191664152,0.4671766962786885,0.6301429545196154,0.28915234716203864,0.22853804861472096,0.54375,0.2677918495144695,0.0018697614442295294,0.51875,0.25173439271748066,0.004459488502041693,0.003223726627981947,394,0.0008166774124220932,81
xgb_random_search_3y__label_3y_beat_spy__fs0__r27,completed,label_3y_beat_spy,,3,0,7,{},"{""class_weight"": 0.1, ""colsample_bytree"": 0.765949, ""gamma"": 0.000139965, ""learning_rate"": 0.0114436, ""max_depth"": 8, ""min_child_weight"": 7.50202, ""n_estimators"": 1069, ""reg_alpha"": 3.75825, ""reg_lambda"": 0.186001, ""subsample"": 0.954949}",53ef7ef9bf00624c,256351,8215.438550146824,0.3535010191664152,0.45894863266762864,0.6277741963813515,0.2893220560226672,0.22853804861472096,0.54375,0.3316865566186607,0.0018697614442295294,0.4975,0.3040978908352554,0.0042768106597893835,0.002342574683000215,285,0.0007199656135826348,73
xgb_random_search_3y__label_3y_beat_spy__fs0__r12,completed,label_3y_beat_spy,,3,0,7,{},"{""class_weight"": 0.25, ""colsample_bytree"": 0.486409, ""gamma"": 0.00166561, ""learning_rate"": 0.0291577, ""max_depth"": 9, ""min_child_weight"": 0.720113, ""n_estimators"": 1056, ""reg_alpha"": 0.151987, ""reg_lambda"": 0.0359306, ""subsample"": 0.799307}",dbd9976c6044eea8,256351,8215.438550146824,0.3535010191664152,0.4497175517915884,0.6229449974792737,0.2382999065349302,0.22853804861472096,0.415625,0.7397377599962056,0.0014291854717386632,0.4375,0.693745162859559,0.0037610143993122716,0.002127659574468085,261,0.0007092198581560284,71
xgb_random_search_3y__label_3y_beat_spy__fs1__r38,completed,label_3y_beat_spy,,3,1,7,{},"{""class_weight"": 1.0, ""colsample_bytree"": 0.847544, ""gamma"": 5.17541, ""learning_rate"": 0.117179, ""max_depth"": 9, ""min_child_weight"": 121.977, ""n_estimators"": 141, ""reg_alpha"": 0.000119832, ""reg_lambda"": 0.0490356, ""subsample"": 0.76485}",fabb9d7e5b6b88e1,256351,8215.438550146824,0.3535010191664152,0.46049402656313293,0.6277651489519704,0.2291825278932532,0.22853804861472096,0.534375,0.7570661166682839,0.0018375241779497098,0.48,0.7397661446779966,0.0041263700838168925,0.0013217279174725983,159,0.0006984741027294219,69
xgb_random_search_3y__label_3y_beat_spy__fs1__r33,completed,label_3y_beat_spy,,3,1,7,{},"{""class_weight"": 0.1, ""colsample_bytree"": 0.638389, ""gamma"": 0.00994761, ""learning_rate"": 0.0113265, ""max_depth"": 6, ""min_child_weight"": 59.9175, ""n_estimators"": 195, ""reg_alpha"": 0.000140183, ""reg_lambda"": 0.418799, ""subsample"": 0.887142}",22e90e6c7f044cee,256351,8215.438550146824,0.3535010191664152,0.46598773059330334,0.6293716789492823,0.2866701398940525,0.22853804861472096,0.553125,0.20670202132314444,0.0019019987105093489,0.46625,0.19891262436285614,0.004008166774124221,0.0024285407264130667,289,0.0006984741027294219,69
xgb_random_search_3y__label_3y_beat_spy__fs0__r65,completed,label_3y_beat_spy,,3,0,7,{},"{""class_weight"": 0.25, ""colsample_bytree"": 0.521408, ""gamma"": 0.8894, ""learning_rate"": 0.0401561, ""max_depth"": 8, ""min_child_weight"": 0.521251, ""n_estimators"": 458, ""reg_alpha"": 0.0164131, ""reg_lambda"": 0.0180678, ""subsample"": 0.70443}",930ba6d0eb61c00f,256351,8215.438550146824,0.3535010191664152,0.4603136631334081,0.6313720176464093,0.24582728026246078,0.22853804861472096,0.49375,0.5246234958991408,0.0016978293574038256,0.48,0.48891030345112085,0.0041263700838168925,0.0015366430260047282,187,0.0006339995701697829,63
xgb_random_search_3y__label_3y_beat_spy__fs1__r45,completed,label_3y_beat_spy,,3,1,7,{},"{""class_weight"": 0.5, ""colsample_bytree"": 0.825382, ""gamma"": 4.79144, ""learning_rate"": 0.126577, ""max_depth"": 6, ""min_child_weight"": 5.09555, ""n_estimators"": 274, ""reg_alpha"": 4.30687, ""reg_lambda"": 0.235585, ""subsample"": 0.920096}",df5dbd526c95ac83,256351,8215.438550146824,0.3535010191664152,0.46057300983717314,0.6275224277828662,0.22131396833634573,0.22853804861472096,0.540625,0.6154846134595573,0.0018590156888029228,0.4875,0.5920737479254603,0.004190844616376531,0.0013432194283258113,159,0.0006339995701697829,64
xgb_random_search_3y__label_3y_beat_spy__fs0__r56,completed,label_3y_beat_spy,,3,0,7,{},"{""class_weight"": 0.1, ""colsample_bytree"": 0.943062, ""gamma"": 0.0813678, ""learning_rate"": 0.1055, ""max_depth"": 9, ""min_child_weight"": 111.321, ""n_estimators"": 246, ""reg_alpha"": 7.98918, ""reg_lambda"": 0.362735, ""subsample"": 0.663559}",102cdd0af8f33c74,256351,8215.438550146824,0.3535010191664152,0.46165370364714525,0.6261860738434135,0.28987935432608886,0.22853804861472096,0.471875,0.25689777699299154,0.00162260906941758,0.50375,0.24545596018433571,0.004330539436922415,0.004556200300881152,561,0.000591016548463357,59
xgb_random_search_3y__label_3y_beat_spy__fs1__r9,completed,label_3y_beat_spy,,3,1,7,{},"{""class_weight"": 0.5, ""colsample_bytree"": 0.964604, ""gamma"": 0.00505162, ""learning_rate"": 0.0369191, ""max_depth"": 9, ""min_child_weight"": 3.28737, ""n_estimators"": 755, ""reg_alpha"": 0.000158513, ""reg_lambda"": 0.0171591, ""subsample"": 0.761615}",489cec626d4d66cc,256351,8215.438550146824,0.3535010191664152,0.446008195536719,0.6189848836462588,0.22625671174647285,0.22853804861472096,0.40625,0.8011681877076626,0.0013969482054588438,0.425,0.769123252555728,0.0036535568450462067,0.0019987105093488074,244,0.000591016548463357,59
xgb_random_search_3y__label_3y_beat_spy__fs1__r27,completed,label_3y_beat_spy,,3,1,7,{},"{""class_weight"": 0.1, ""colsample_bytree"": 0.765949, ""gamma"": 0.000139965, ""learning_rate"": 0.0114436, ""max_depth"": 8, ""min_child_weight"": 7.50202, ""n_estimators"": 1069, ""reg_alpha"": 3.75825, ""reg_lambda"": 0.186001, ""subsample"": 0.954949}",613955e149fc031f,256351,8215.438550146824,0.3535010191664152,0.4590948409745089,0.628148130273001,0.28928154980435977,0.22853804861472096,0.546875,0.3305332541000098,0.0018805071996561358,0.5125,0.30320719223469494,0.004405759724908661,0.002514506769825919,307,0.0005802707930367504,57
xgb_random_search_3y__label_3y_beat_spy__fs0__r33,completed,label_3y_beat_spy,,3,0,7,{},"{""class_weight"": 0.1, ""colsample_bytree"": 0.638389, ""gamma"": 0.00994761, ""learning_rate"": 0.0113265, ""max_depth"": 6, ""min_child_weight"": 59.9175, ""n_estimators"": 195, ""reg_alpha"": 0.000140183, ""reg_lambda"": 0.418799, ""subsample"": 0.887142}",2f5987f4c7f4408b,256351,8215.438550146824,0.3535010191664152,0.4663823934607244,0.6301220985741728,0.286547920952823,0.22853804861472096,0.5625,0.20684064175002276,0.0019342359767891683,0.48,0.19901352951303125,0.0041263700838168925,0.0024177949709864605,294,0.000569525037610144,55
xgb_random_search_3y__label_3y_beat_spy__fs0__r1,completed,label_3y_beat_spy,,3,0,7,{},"{""class_weight"": 0.1, ""colsample_bytree"": 0.621396, ""gamma"": 0.0360537, ""learning_rate"": 0.0728414, ""max_depth"": 7, ""min_child_weight"": 2.6022, ""n_estimators"": 145, ""reg_alpha"": 0.871361, ""reg_lambda"": 2.14252, ""subsample"": 0.804953}",79332b0f02546660,256351,8215.438550146824,0.3535010191664152,0.45752138116845464,0.6287890161206472,0.2888234882312015,0.22853804861472096,0.484375,0.3416331893764436,0.001665592091124006,0.475,0.31503138402476905,0.004083387062110466,0.0014184397163120568,171,0.0005587792821835375,55
xgb_random_search_3y__label_3y_beat_spy__fs1__r40,completed,label_3y_beat_spy,,3,1,7,{},"{""class_weight"": 1.0, ""colsample_bytree"": 0.643172, ""gamma"": 0.00297022, ""learning_rate"": 0.119507, ""max_depth"": 7, ""min_child_weight"": 2.59355, ""n_estimators"": 109, ""reg_alpha"": 0.0017232, ""reg_lambda"": 0.0118493, ""subsample"": 0.924276}",47ecc3321ce8bfae,256351,8215.438550146824,0.3535010191664152,0.45113593316234357,0.6233205105325927,0.2326586375099428,0.22853804861472096,0.484375,0.8382637014612555,0.001665592091124006,0.4825,0.8143340855091811,0.004147861594670105,0.0017623038899634645,212,0.0005587792821835375,54
xgb_random_search_3y__label_3y_beat_spy__fs0__r35,completed,label_3y_beat_spy,,3,0,7,{},"{""class_weight"": 0.25, ""colsample_bytree"": 0.410756, ""gamma"": 0.000136896, ""learning_rate"": 0.060083, ""max_depth"": 8, ""min_child_weight"": 1.93936, ""n_estimators"": 120, ""reg_alpha"": 0.000435259, ""reg_lambda"": 0.200922, ""subsample"": 0.734855}",c8935fb087a78566,256351,8215.438550146824,0.3535010191664152,0.4592849623438791,0.6311907966454843,0.24335826126987578,0.22853804861472096,0.403125,0.5635540229268372,0.0013862024500322372,0.43125,0.5297685598582029,0.0037072856221792394,0.001579626047711154,193,0.000548033526756931,54
xgb_random_search_3y__label_3y_beat_spy__fs0__r67,completed,label_3y_beat_spy,,3,0,7,{},"{""class_weight"": 0.1, ""colsample_bytree"": 0.532347, ""gamma"": 0.000651389, ""learning_rate"": 0.0125566, ""max_depth"": 4, ""min_child_weight"": 1.75477, ""n_estimators"": 183, ""reg_alpha"": 0.0249888, ""reg_lambda"": 1.78754, ""subsample"": 0.745547}",28c7c0042b3e232d,256351,8215.438550146824,0.3535010191664152,0.46838327093297394,0.6315350185024198,0.2859577178278385,0.22853804861472096,0.5125,0.22483760961331428,0.0017623038899634645,0.48375,0.21503773022443057,0.004158607350096712,0.0009671179883945841,115,0.000548033526756931,54
xgb_random_search_3y__label_3y_beat_spy__fs0__r10,completed,label_3y_beat_spy,,3,0,7,{},"{""class_weight"": 0.1, ""colsample_bytree"": 0.907135, ""gamma"": 0.511724, ""learning_rate"": 0.0512973, ""max_depth"": 4, ""min_child_weight"": 26.3129, ""n_estimators"": 652, ""reg_alpha"": 0.804033, ""reg_lambda"": 16.7895, ""subsample"": 0.659894}",6cdab3aae8105d98,256351,8215.438550146824,0.3535010191664152,0.46129596931555084,0.6287684255385696,0.2905364084073658,0.22853804861472096,0.5375,0.28284023008309306,0.0018482699333763164,0.48875,0.26622014479711653,0.004201590371803138,0.0014936600042983021,179,0.000548033526756931,54
xgb_random_search_3y__label_3y_beat_spy__fs0__r8,completed,label_3y_beat_spy,,3,0,7,{},"{""class_weight"": 0.25, ""colsample_bytree"": 0.410777, ""gamma"": 0.00291659, ""learning_rate"": 0.0883068, ""max_depth"": 3, ""min_child_weight"": 9.59956, ""n_estimators"": 1007, ""reg_alpha"": 0.00121915, ""reg_lambda"": 0.124718, ""subsample"": 0.703256}",f48d668e9310990b,256351,8215.438550146824,0.3535010191664152,0.4515919536012398,0.6211227439962775,0.24574858347971218,0.22853804861472096,0.4625,0.5957076760008931,0.0015903718031377607,0.46875,0.5634289931505918,0.004029658284977434,0.0018805071996561358,229,0.0005157962604771116,50
xgb_random_search_3y__label_3y_beat_spy__fs1__r23,completed,label_3y_beat_spy,,3,1,7,{},"{""class_weight"": 0.1, ""colsample_bytree"": 0.64825, ""gamma"": 0.0437818, ""learning_rate"": 0.0446423, ""max_depth"": 7, ""min_child_weight"": 1.11682, ""n_estimators"": 400, ""reg_alpha"": 2.04422, ""reg_lambda"": 0.0393915, ""subsample"": 0.604588}",58e2d5acee9db0aa,256351,8215.438550146824,0.3535010191664152,0.4593659417303926,0.6284699312087195,0.2885979871506921,0.22853804861472096,0.528125,0.3449076787568629,0.001816032667096497,0.5125,0.3169433692842722,0.004405759724908661,0.0022028798624543306,268,0.0004943047496238985,47
xgb_random_search_3y__label_3y_beat_spy__fs1__r65,completed,label_3y_beat_spy,,3,1,7,{},"{""class_weight"": 0.25, ""colsample_bytree"": 0.521408, ""gamma"": 0.8894, ""learning_rate"": 0.0401561, ""max_depth"": 8, ""min_child_weight"": 0.521251, ""n_estimators"": 458, ""reg_alpha"": 0.0164131, ""reg_lambda"": 0.0180678, ""subsample"": 0.70443}",5f60d6aa2f1d6bd8,256351,8215.438550146824,0.3535010191664152,0.45848707849967707,0.6303036993030994,0.2462540443883648,0.22853804861472096,0.46875,0.5203173086978495,0.0016118633139909735,0.46375,0.4861791693046689,0.003986675263271008,0.0011497958306468945,139,0.0004943047496238985,48
xgb_random_search_3y__label_3y_beat_spy__fs1__r67,completed,label_3y_beat_spy,,3,1,7,{},"{""class_weight"": 0.1, ""colsample_bytree"": 0.532347, ""gamma"": 0.000651389, ""learning_rate"": 0.0125566, ""max_depth"": 4, ""min_child_weight"": 1.75477, ""n_estimators"": 183, ""reg_alpha"": 0.0249888, ""reg_lambda"": 1.78754, ""subsample"": 0.745547}",032ea2194392b701,256351,8215.438550146824,0.3535010191664152,0.46737875186529176,0.6305807925568221,0.28613729001759997,0.22853804861472096,0.490625,0.22489648247137667,0.001687083601977219,0.48375,0.2150031583942473,0.004158607350096712,0.0008489146787019128,97,0.0004943047496238985,48
xgb_random_search_3y__label_3y_beat_spy__fs0__r14,completed,label_3y_beat_spy,,3,0,7,{},"{""class_weight"": 1.0, ""colsample_bytree"": 0.478395, ""gamma"": 0.00376748, ""learning_rate"": 0.032678, ""max_depth"": 5, ""min_child_weight"": 118.498, ""n_estimators"": 137, ""reg_alpha"": 0.000269662, ""reg_lambda"": 0.896212, ""subsample"": 0.985357}",4b74f70001641b8a,256351,8215.438550146824,0.3535010191664152,0.4656291756367051,0.63212017017759,0.22834012570075726,0.22853804861472096,0.509375,0.7418379036709666,0.0017515581345368578,0.475,0.7247448430210351,0.004083387062110466,0.0011927788523533205,141,0.0004943047496238985,48
xgb_random_search_3y__label_3y_beat_spy__fs0__r61,completed,label_3y_beat_spy,,3,0,7,{},"{""class_weight"": 0.1, ""colsample_bytree"": 0.96143, ""gamma"": 0.000626784, ""learning_rate"": 0.0229764, ""max_depth"": 5, ""min_child_weight"": 128.817, ""n_estimators"": 257, ""reg_alpha"": 1.64238, ""reg_lambda"": 0.0143871, ""subsample"": 0.955394}",e572922c055d86a8,256351,8215.438550146824,0.3535010191664152,0.46294932483569073,0.6259428061951191,0.28944810551466643,0.22853804861472096,0.484375,0.232378162862733,0.001665592091124006,0.48625,0.22373790737241506,0.004180098860949924,0.004706640876853642,577,0.00048355899419729207,48
xgb_random_search_3y__label_3y_beat_spy__fs1__r14,completed,label_3y_beat_spy,,3,1,7,{},"{""class_weight"": 1.0, ""colsample_bytree"": 0.478395, ""gamma"": 0.00376748, ""learning_rate"": 0.032678, ""max_depth"": 5, ""min_child_weight"": 118.498, ""n_estimators"": 137, ""reg_alpha"": 0.000269662, ""reg_lambda"": 0.896212, ""subsample"": 0.985357}",d5258a01bd3307be,256351,8215.438550146824,0.3535010191664152,0.46489914282859096,0.6312526511856846,0.22853311825258882,0.22853804861472096,0.525,0.7431665340438485,0.0018052869116698903,0.48625,0.7261489858478307,0.004180098860949924,0.001310982162045992,156,0.00048355899419729207,47
xgb_random_search_3y__label_3y_beat_spy__fs0__r23,completed,label_3y_beat_spy,,3,0,7,{},"{""class_weight"": 0.1, ""colsample_bytree"": 0.64825, ""gamma"": 0.0437818, ""learning_rate"": 0.0446423, ""max_depth"": 7, ""min_child_weight"": 1.11682, ""n_estimators"": 400, ""reg_alpha"": 2.04422, ""reg_lambda"": 0.0393915, ""subsample"": 0.604588}",723315d0a63bca3d,256351,8215.438550146824,0.3535010191664152,0.4579108943089307,0.6275776536901182,0.2886241474535905,0.22853804861472096,0.525,0.3471525809261948,0.0018052869116698903,0.505,0.32018936168402434,0.004341285192349022,0.0018697614442295294,223,0.0004620674833440791,44
xgb_random_search_3y__label_3y_beat_spy__fs1__r61,completed,label_3y_beat_spy,,3,1,7,{},"{""class_weight"": 0.1, ""colsample_bytree"": 0.96143, ""gamma"": 0.000626784, ""learning_rate"": 0.0229764, ""max_depth"": 5, ""min_child_weight"": 128.817, ""n_estimators"": 257, ""reg_alpha"": 1.64238, ""reg_lambda"": 0.0143871, ""subsample"": 0.955394}",7d41c212815e8a9a,256351,8215.438550146824,0.3535010191664152,0.46158050018512803,0.6248327717807135,0.28955131892536057,0.22853804861472096,0.5125,0.2329258109908551,0.0017623038899634645,0.49375,0.22408386275172235,0.004244573393509564,0.0024285407264130667,293,0.0004513217279174726,44
xgb_random_search_3y__label_3y_beat_spy__fs0__r77,completed,label_3y_beat_spy,,3,0,7,{},"{""class_weight"": 1.0, ""colsample_bytree"": 0.419847, ""gamma"": 0.00205737, ""learning_rate"": 0.0161246, ""max_depth"": 8, ""min_child_weight"": 7.30991, ""n_estimators"": 259, ""reg_alpha"": 0.00941428, ""reg_lambda"": 9.13939, ""subsample"": 0.831824}",c5cf40abcc6163c4,256351,8215.438550146824,0.3535010191664152,0.4668415769736231,0.6355171874832433,0.22783626176159738,0.22853804861472096,0.5,0.7560177605599165,0.0017193208682570384,0.46125,0.7378548457473516,0.003965183752417795,0.0009671179883945841,113,0.0004513217279174726,44
xgb_random_search_3y__label_3y_beat_spy__fs1__r4,completed,label_3y_beat_spy,,3,1,7,{},"{""class_weight"": 0.1, ""colsample_bytree"": 0.52133, ""gamma"": 3.21481, ""learning_rate"": 0.0191653, ""max_depth"": 7, ""min_child_weight"": 0.609582, ""n_estimators"": 172, ""reg_alpha"": 0.00535475, ""reg_lambda"": 0.427022, ""subsample"": 0.962454}",cf603235af356278,256351,8215.438550146824,0.3535010191664152,0.4655183564020007,0.6287774675047553,0.2889672119566494,0.22853804861472096,0.53125,0.24592882846482098,0.0018267784225231033,0.49875,0.23075899014249443,0.00428755641521599,0.001579626047711154,191,0.0004513217279174726,43
xgb_random_search_3y__label_3y_beat_spy__fs1__r54,completed,label_3y_beat_spy,,3,1,7,{},"{""class_weight"": 0.5, ""colsample_bytree"": 0.407286, ""gamma"": 0.000106243, ""learning_rate"": 0.0118662, ""max_depth"": 8, ""min_child_weight"": 89.3656, ""n_estimators"": 556, ""reg_alpha"": 0.436331, ""reg_lambda"": 21.3796, ""subsample"": 0.6872}",7d436b75f01f3582,256351,8215.438550146824,0.3535010191664152,0.46756357194959913,0.6326646847412509,0.22050693940699972,0.22853804861472096,0.578125,0.6214719987474382,0.0019879647539222008,0.51125,0.5991927526891232,0.004395013969482054,0.004577691811734365,559,0.0004513217279174726,43
xgb_random_search_3y__label_3y_beat_spy__fs1__r35,completed,label_3y_beat_spy,,3,1,7,{},"{""class_weight"": 0.25, ""colsample_bytree"": 0.410756, ""gamma"": 0.000136896, ""learning_rate"": 0.060083, ""max_depth"": 8, ""min_child_weight"": 1.93936, ""n_estimators"": 120, ""reg_alpha"": 0.000435259, ""reg_lambda"": 0.200922, ""subsample"": 0.734855}",456b4ebdac6599b7,256351,8215.438550146824,0.3535010191664152,0.4595393744165164,0.6306966590320853,0.2433058227417568,0.22853804861472096,0.428125,0.5619601849466562,0.001472168493445089,0.46125,0.5287480866536498,0.003965183752417795,0.002955082742316785,360,0.0004405759724908661,44
xgb_random_search_3y__label_3y_beat_spy__fs0__r42,completed,label_3y_beat_spy,,3,0,7,{},"{""class_weight"": 0.25, ""colsample_bytree"": 0.53438, ""gamma"": 3.52656, ""learning_rate"": 0.0231899, ""max_depth"": 3, ""min_child_weight"": 2.53433, ""n_estimators"": 629, ""reg_alpha"": 2.59727, ""reg_lambda"": 0.106828, ""subsample"": 0.750532}",3446b82ab8b2e7b0,256351,8215.438550146824,0.3535010191664152,0.4673255849309308,0.6307664852604593,0.24419262001621256,0.22853804861472096,0.55,0.4324540585279465,0.0018912529550827422,0.50625,0.4165184069797397,0.004352030947775629,0.004384268214055448,538,0.0004405759724908661,42
xgb_random_search_3y__label_3y_beat_spy__fs0__r69,completed,label_3y_beat_spy,,3,0,7,{},"{""class_weight"": 0.1, ""colsample_bytree"": 0.661474, ""gamma"": 0.00657617, ""learning_rate"": 0.077245, ""max_depth"": 3, ""min_child_weight"": 0.826523, ""n_estimators"": 199, ""reg_alpha"": 0.268472, ""reg_lambda"": 0.944583, ""subsample"": 0.806679}",233016a9b53862dd,256351,8215.438550146824,0.3535010191664152,0.45749058050449654,0.6259420227433552,0.2901530482165665,0.22853804861472096,0.453125,0.3122614234220237,0.0015581345368579412,0.455,0.29072557281702754,0.003911454975284763,0.001182033096926714,143,0.0004298302170642596,42
xgb_random_search_3y__label_3y_beat_spy__fs0__r2,completed,label_3y_beat_spy,,3,0,7,{},"{""class_weight"": 0.1, ""colsample_bytree"": 0.729445, ""gamma"": 8.02728, ""learning_rate"": 0.0184533, ""max_depth"": 8, ""min_child_weight"": 13.7978, ""n_estimators"": 370, ""reg_alpha"": 0.00583948, ""reg_lambda"": 1.14038, ""subsample"": 0.69412}",68ff8efb9f1e31e4,256351,8215.438550146824,0.3535010191664152,0.4673698461451165,0.6275178216297419,0.2895373765157869,0.22853804861472096,0.5125,0.19972513008397072,0.0017623038899634645,0.50125,0.19456236180849373,0.004309047926069203,0.005147216849344509,633,0.00041908446163765314,42
xgb_random_search_3y__label_3y_beat_spy__fs0__r70,completed,label_3y_beat_spy,,3,0,7,{},"{""class_weight"": 0.25, ""colsample_bytree"": 0.467998, ""gamma"": 0.000949267, ""learning_rate"": 0.0544283, ""max_depth"": 9, ""min_child_weight"": 14.7892, ""n_estimators"": 1421, ""reg_alpha"": 7.71129, ""reg_lambda"": 1.10157, ""subsample"": 0.903547}",bdd1569e21eb2e2b,256351,8215.438550146824,0.3535010191664152,0.45324555234660624,0.6247324495233038,0.24411237686182385,0.22853804861472096,0.5125,0.5936315317638219,0.0017623038899634645,0.52875,0.5639271717146039,0.004545454545454545,0.0026649473457984094,323,0.00041908446163765314,40
xgb_random_search_3y__label_3y_beat_spy__fs0__r54,completed,label_3y_beat_spy,,3,0,7,{},"{""class_weight"": 0.5, ""colsample_bytree"": 0.407286, ""gamma"": 0.000106243, ""learning_rate"": 0.0118662, ""max_depth"": 8, ""min_child_weight"": 89.3656, ""n_estimators"": 556, ""reg_alpha"": 0.436331, ""reg_lambda"": 21.3796, ""subsample"": 0.6872}",e5cb4abe6e247645,256351,8215.438550146824,0.3535010191664152,0.46765852968318816,0.6327870520552341,0.22047457306210627,0.22853804861472096,0.575,0.6216020063497126,0.001977218998495594,0.50375,0.599462537355721,0.004330539436922415,0.0042660649043627765,519,0.00041908446163765314,40
xgb_random_search_3y__label_3y_beat_spy__fs0__r64,completed,label_3y_beat_spy,,3,0,7,{},"{""class_weight"": 0.1, ""colsample_bytree"": 0.974315, ""gamma"": 1.23226, ""learning_rate"": 0.167655, ""max_depth"": 8, ""min_child_weight"": 22.6341, ""n_estimators"": 730, ""reg_alpha"": 0.0864657, ""reg_lambda"": 0.0191934, ""subsample"": 0.624762}",e772d706d36cb667,256351,8215.438550146824,0.3535010191664152,0.45815248794039676,0.6261255522377822,0.2911307144193974,0.22853804861472096,0.490625,0.29102284610271456,0.001687083601977219,0.455,0.2686458557844162,0.003911454975284763,0.0008381689232753063,98,0.00041908446163765314,41
xgb_random_search_3y__label_3y_beat_spy__fs0__r71,completed,label_3y_beat_spy,,3,0,7,{},"{""class_weight"": 0.1, ""colsample_bytree"": 0.47976, ""gamma"": 0.102674, ""learning_rate"": 0.0249924, ""max_depth"": 7, ""min_child_weight"": 4.29548, ""n_estimators"": 153, ""reg_alpha"": 0.00011007, ""reg_lambda"": 9.29463, ""subsample"": 0.886823}",ae3c2dd67e7e9f25,256351,8215.438550146824,0.3535010191664152,0.46603525284885466,0.63221546502966,0.2884099599918789,0.22853804861472096,0.49375,0.26863278122618794,0.0016978293574038256,0.47125,0.25088321063667535,0.004051149795830647,0.0012142703632065334,146,0.00041908446163765314,40
xgb_random_search_3y__label_3y_beat_spy__fs1__r30,completed,label_3y_beat_spy,,3,1,7,{},"{""class_weight"": 0.5, ""colsample_bytree"": 0.575029, ""gamma"": 0.401128, ""learning_rate"": 0.0264736, ""max_depth"": 4, ""min_child_weight"": 31.5152, ""n_estimators"": 390, ""reg_alpha"": 0.0175784, ""reg_lambda"": 23.1505, ""subsample"": 0.666436}",9961b61c74003195,256351,8215.438550146824,0.3535010191664152,0.4621312974217627,0.6288404772557701,0.22154335103076328,0.22853804861472096,0.51875,0.6334150657057762,0.0017837954008166775,0.47625,0.6125876663997769,0.004094132817537073,0.0029228454760369654,357,0.00041908446163765314,40
xgb_random_search_3y__label_3y_beat_spy__fs0__r15,completed,label_3y_beat_spy,,3,0,7,{},"{""class_weight"": 0.5, ""colsample_bytree"": 0.820146, ""gamma"": 0.000215652, ""learning_rate"": 0.111983, ""max_depth"": 9, ""min_child_weight"": 30.0021, ""n_estimators"": 148, ""reg_alpha"": 0.0211212, ""reg_lambda"": 0.0148423, ""subsample"": 0.92075}",217ab5303ab9b3f7,256351,8215.438550146824,0.3535010191664152,0.4496136446022167,0.6212677715618188,0.22408564113214363,0.22853804861472096,0.453125,0.7310440115630626,0.0015581345368579412,0.46875,0.7035279968380928,0.004029658284977434,0.0010315925209542231,120,0.0004083387062110466,39
xgb_random_search_3y__label_3y_beat_spy__fs0__r16,completed,label_3y_beat_spy,,3,0,7,{},"{""class_weight"": 0.25, ""colsample_bytree"": 0.882777, ""gamma"": 0.633984, ""learning_rate"": 0.0222695, ""max_depth"": 8, ""min_child_weight"": 56.7443, ""n_estimators"": 196, ""reg_alpha"": 0.00048919, ""reg_lambda"": 0.227737, ""subsample"": 0.799136}",092ceba351dc3e95,256351,8215.438550146824,0.3535010191664152,0.4604158646665937,0.6288011212387247,0.24568739304627824,0.22853804861472096,0.503125,0.46705049108713864,0.001730066623683645,0.46125,0.4431307051330805,0.003965183752417795,0.0012142703632065334,146,0.0004083387062110466,39
xgb_random_search_3y__label_3y_beat_spy__fs0__r4,completed,label_3y_beat_spy,,3,0,7,{},"{""class_weight"": 0.1, ""colsample_bytree"": 0.52133, ""gamma"": 3.21481, ""learning_rate"": 0.0191653, ""max_depth"": 7, ""min_child_weight"": 0.609582, ""n_estimators"": 172, ""reg_alpha"": 0.00535475, ""reg_lambda"": 0.427022, ""subsample"": 0.962454}",257248bcc91c3858,256351,8215.438550146824,0.3535010191664152,0.46624978621525653,0.6296213721187514,0.28875896772753856,0.22853804861472096,0.521875,0.2457339737098664,0.001794541156243284,0.5,0.23084656765684486,0.004298302170642596,0.00122501611863314,145,0.0004083387062110466,38
xgb_random_search_3y__label_3y_beat_spy__fs1__r56,completed,label_3y_beat_spy,,3,1,7,{},"{""class_weight"": 0.1, ""colsample_bytree"": 0.943062, ""gamma"": 0.0813678, ""learning_rate"": 0.1055, ""max_depth"": 9, ""min_child_weight"": 111.321, ""n_estimators"": 246, ""reg_alpha"": 7.98918, ""reg_lambda"": 0.362735, ""subsample"": 0.663559}",5a13ecaff997c38d,256351,8215.438550146824,0.3535010191664152,0.4614951542571212,0.626182821401476,0.2898449448565066,0.22853804861472096,0.515625,0.2532946607563645,0.0017730496453900709,0.52125,0.24261119997128844,0.004480980012894906,0.004362776703202235,537,0.0004083387062110466,39
xgb_random_search_3y__label_3y_beat_spy__fs0__r74,completed,label_3y_beat_spy,,3,0,7,{},"{""class_weight"": 1.0, ""colsample_bytree"": 0.644583, ""gamma"": 0.000366076, ""learning_rate"": 0.0232953, ""max_depth"": 6, ""min_child_weight"": 79.9995, ""n_estimators"": 1390, ""reg_alpha"": 0.00734323, ""reg_lambda"": 10.6636, ""subsample"": 0.949479}",69cfe9893740c38b,256351,8215.438550146824,0.3535010191664152,0.45328120252135123,0.6242235452741853,0.232292599553868,0.22853804861472096,0.484375,0.8119680298492312,0.001665592091124006,0.47625,0.7948610880970954,0.004094132817537073,0.0023103374167203956,279,0.0004083387062110466,38
xgb_random_search_3y__label_3y_beat_spy__fs1__r28,completed,label_3y_beat_spy,,3,1,7,{},"{""class_weight"": 0.5, ""colsample_bytree"": 0.643968, ""gamma"": 0.537484, ""learning_rate"": 0.0298759, ""max_depth"": 9, ""min_child_weight"": 1.25483, ""n_estimators"": 475, ""reg_alpha"": 0.000270465, ""reg_lambda"": 2.02563, ""subsample"": 0.92368}",c8ae30b76d701606,256351,8215.438550146824,0.3535010191664152,0.4551102259570518,0.628149671189442,0.22231455537047712,0.22853804861472096,0.453125,0.7034590562805534,0.0015581345368579412,0.45125,0.6743241913989186,0.003879217709004943,0.0015688802922845476,187,0.0004083387062110466,40
xgb_random_search_3y__label_3y_beat_spy__fs0__r55,completed,label_3y_beat_spy,,3,0,7,{},"{""class_weight"": 0.1, ""colsample_bytree"": 0.54556, ""gamma"": 0.0392942, ""learning_rate"": 0.0769295, ""max_depth"": 9, ""min_child_weight"": 59.3588, ""n_estimators"": 196, ""reg_alpha"": 0.0242728, ""reg_lambda"": 0.0144054, ""subsample"": 0.715151}",ff15ce9645d43f44,256351,8215.438550146824,0.3535010191664152,0.45869500101550004,0.6264060318565474,0.2899988975139101,0.22853804861472096,0.484375,0.308427262166515,0.001665592091124006,0.48375,0.2893593305163085,0.004158607350096712,0.00263271007951859,322,0.00039759295078444016,39
xgb_random_search_3y__label_3y_beat_spy__fs0__r40,completed,label_3y_beat_spy,,3,0,7,{},"{""class_weight"": 1.0, ""colsample_bytree"": 0.643172, ""gamma"": 0.00297022, ""learning_rate"": 0.119507, ""max_depth"": 7, ""min_child_weight"": 2.59355, ""n_estimators"": 109, ""reg_alpha"": 0.0017232, ""reg_lambda"": 0.0118493, ""subsample"": 0.924276}",7f4774257094e029,256351,8215.438550146824,0.3535010191664152,0.4516081551890359,0.6242254960920064,0.2330443883670219,0.22853804861472096,0.428125,0.8413883216679097,0.001472168493445089,0.44,0.8176679456233978,0.0037825059101654845,0.0017730496453900709,216,0.00039759295078444016,39
xgb_random_search_3y__label_3y_beat_spy__fs1__r71,completed,label_3y_beat_spy,,3,1,7,{},"{""class_weight"": 0.1, ""colsample_bytree"": 0.47976, ""gamma"": 0.102674, ""learning_rate"": 0.0249924, ""max_depth"": 7, ""min_child_weight"": 4.29548, ""n_estimators"": 153, ""reg_alpha"": 0.00011007, ""reg_lambda"": 9.29463, ""subsample"": 0.886823}",69c627fd988c9008,256351,8215.438550146824,0.3535010191664152,0.4661416889013906,0.6319089694665911,0.28850864168715384,0.22853804861472096,0.4875,0.2671381791587919,0.0016763378465506126,0.4725,0.2494930133409798,0.004061895551257254,0.0010208467655276165,122,0.00039759295078444016,38
xgb_random_search_3y__label_3y_beat_spy__fs0__r38,completed,label_3y_beat_spy,,3,0,7,{},"{""class_weight"": 1.0, ""colsample_bytree"": 0.847544, ""gamma"": 5.17541, ""learning_rate"": 0.117179, ""max_depth"": 9, ""min_child_weight"": 121.977, ""n_estimators"": 141, ""reg_alpha"": 0.000119832, ""reg_lambda"": 0.0490356, ""subsample"": 0.76485}",36fc59c59c3e23df,256351,8215.438550146824,0.3535010191664152,0.46096508364617717,0.6286937802249959,0.22926687228468826,0.22853804861472096,0.50625,0.7549482498317956,0.0017408123791102514,0.4725,0.738040479645133,0.004061895551257254,0.0012787448957661725,153,0.00038684719535783365,37
xgb_random_search_3y__label_3y_beat_spy__fs1__r26,completed,label_3y_beat_spy,,3,1,7,{},"{""class_weight"": 0.5, ""colsample_bytree"": 0.447756, ""gamma"": 0.000624336, ""learning_rate"": 0.0296072, ""max_depth"": 9, ""min_child_weight"": 10.4731, ""n_estimators"": 121, ""reg_alpha"": 0.000185118, ""reg_lambda"": 0.0579558, ""subsample"": 0.754384}",1583cf6c97843142,256351,8215.438550146824,0.3535010191664152,0.46256046257795236,0.6333656254476785,0.2204522611696762,0.22853804861472096,0.5125,0.6411030691117048,0.0017623038899634645,0.47,0.613000431060791,0.00404040404040404,0.0021813883516011174,266,0.00038684719535783365,36
xgb_random_search_3y__label_3y_beat_spy__fs1__r36,completed,label_3y_beat_spy,,3,1,7,{},"{""class_weight"": 0.25, ""colsample_bytree"": 0.932557, ""gamma"": 0.00673578, ""learning_rate"": 0.0173617, ""max_depth"": 6, ""min_child_weight"": 15.9602, ""n_estimators"": 101, ""reg_alpha"": 0.00839638, ""reg_lambda"": 0.126786, ""subsample"": 0.754957}",93ecedcdd87f6153,256351,8215.438550146824,0.3535010191664152,0.45964139904183166,0.6284511134148082,0.24437992745027176,0.22853804861472096,0.453125,0.4142822127789259,0.0015581345368579412,0.4475,0.3946150216832757,0.0038469804427251238,0.00061250805931657,71,0.00038684719535783365,37
xgb_random_search_3y__label_3y_beat_spy__fs1__r1,completed,label_3y_beat_spy,,3,1,7,{},"{""class_weight"": 0.1, ""colsample_bytree"": 0.621396, ""gamma"": 0.0360537, ""learning_rate"": 0.0728414, ""max_depth"": 7, ""min_child_weight"": 2.6022, ""n_estimators"": 145, ""reg_alpha"": 0.871361, ""reg_lambda"": 2.14252, ""subsample"": 0.804953}",7390f7a7982cf09a,256351,8215.438550146824,0.3535010191664152,0.45794571490622277,0.6292557930891532,0.2888925087751574,0.22853804861472096,0.4875,0.3412662101443857,0.0016763378465506126,0.48125,0.3136795531772077,0.004137115839243499,0.0008811519449817322,104,0.00038684719535783365,38
xgb_random_search_3y__label_3y_beat_spy__fs0__r75,completed,label_3y_beat_spy,,3,0,7,{},"{""class_weight"": 0.1, ""colsample_bytree"": 0.564287, ""gamma"": 0.302135, ""learning_rate"": 0.0250108, ""max_depth"": 4, ""min_child_weight"": 153.006, ""n_estimators"": 269, ""reg_alpha"": 0.447726, ""reg_lambda"": 2.87966, ""subsample"": 0.685458}",60e6664c1ccd3a86,256351,8215.438550146824,0.3535010191664152,0.4672727756912968,0.6276404302708836,0.28981985575710073,0.22853804861472096,0.525,0.21265647867694498,0.0018052869116698903,0.49375,0.20678653227165342,0.004244573393509564,0.0018267784225231033,220,0.00038684719535783365,36
xgb_random_search_3y__label_3y_beat_spy__fs1__r32,completed,label_3y_beat_spy,,3,1,7,{},"{""class_weight"": 0.1, ""colsample_bytree"": 0.634782, ""gamma"": 0.0823839, ""learning_rate"": 0.0473159, ""max_depth"": 3, ""min_child_weight"": 109.874, ""n_estimators"": 1181, ""reg_alpha"": 4.80272, ""reg_lambda"": 6.03432, ""subsample"": 0.791046}",655de4da71eb065d,256351,8215.438550146824,0.3535010191664152,0.46023565490631796,0.6258817875284615,0.2906724222117143,0.22853804861472096,0.528125,0.27730945413932206,0.001816032667096497,0.4925,0.26260118193924425,0.004233827638082957,0.00468514936600043,575,0.00038684719535783365,38
xgb_random_search_3y__label_3y_beat_spy__fs0__r26,completed,label_3y_beat_spy,,3,0,7,{},"{""class_weight"": 0.5, ""colsample_bytree"": 0.447756, ""gamma"": 0.000624336, ""learning_rate"": 0.0296072, ""max_depth"": 9, ""min_child_weight"": 10.4731, ""n_estimators"": 121, ""reg_alpha"": 0.000185118, ""reg_lambda"": 0.0579558, ""subsample"": 0.754384}",fe77d79b6e662fdd,256351,8215.438550146824,0.3535010191664152,0.4620303353253471,0.6334270184503742,0.22045127241258322,0.22853804861472096,0.459375,0.6409330050460994,0.001579626047711154,0.4425,0.6138768963515758,0.0038039974210186977,0.0008704061895551257,102,0.00038684719535783365,37
xgb_random_search_3y__label_3y_beat_spy__fs0__r3,completed,label_3y_beat_spy,,3,0,7,{},"{""class_weight"": 0.25, ""colsample_bytree"": 0.9204, ""gamma"": 0.00044035, ""learning_rate"": 0.0405206, ""max_depth"": 8, ""min_child_weight"": 2.63098, ""n_estimators"": 125, ""reg_alpha"": 3.01802, ""reg_lambda"": 0.312596, ""subsample"": 0.659077}",8f232b2f68c2a7d3,256351,8215.438550146824,0.3535010191664152,0.46022092484395505,0.6288263561119478,0.24494731769473962,0.22853804861472096,0.459375,0.5004547466523945,0.001579626047711154,0.47,0.47378407064825295,0.00404040404040404,0.0017408123791102514,210,0.0003761014399312272,35
xgb_random_search_3y__label_3y_beat_spy__fs0__r13,completed,label_3y_beat_spy,,3,0,7,{},"{""class_weight"": 0.25, ""colsample_bytree"": 0.766588, ""gamma"": 0.00143985, ""learning_rate"": 0.0112272, ""max_depth"": 3, ""min_child_weight"": 0.997298, ""n_estimators"": 450, ""reg_alpha"": 0.153075, ""reg_lambda"": 0.134701, ""subsample"": 0.857381}",4d3ee7c273452d6b,256351,8215.438550146824,0.3535010191664152,0.46442599926492695,0.6286270232838327,0.2442797897955408,0.22853804861472096,0.509375,0.44629527889192105,0.0017515581345368578,0.48125,0.42818381015211343,0.004137115839243499,0.0032989469159681924,401,0.0003761014399312272,36
xgb_random_search_3y__label_3y_beat_spy__fs0__r9,completed,label_3y_beat_spy,,3,0,7,{},"{""class_weight"": 0.5, ""colsample_bytree"": 0.964604, ""gamma"": 0.00505162, ""learning_rate"": 0.0369191, ""max_depth"": 9, ""min_child_weight"": 3.28737, ""n_estimators"": 755, ""reg_alpha"": 0.000158513, ""reg_lambda"": 0.0171591, ""subsample"": 0.761615}",e7c2170cbd8477d6,256351,8215.438550146824,0.3535010191664152,0.4454600913511717,0.6182734870126836,0.22642910589349766,0.22853804861472096,0.375,0.8020264009013772,0.0012894906511927789,0.39875,0.769188427850604,0.0034278959810874706,0.0021169138190414785,258,0.00036535568450462067,37
xgb_random_search_3y__label_3y_beat_spy__fs0__r20,completed,label_3y_beat_spy,,3,0,7,{},"{""class_weight"": 0.1, ""colsample_bytree"": 0.849907, ""gamma"": 0.00839399, ""learning_rate"": 0.0158261, ""max_depth"": 5, ""min_child_weight"": 95.4031, ""n_estimators"": 649, ""reg_alpha"": 0.528925, ""reg_lambda"": 0.882653, ""subsample"": 0.913177}",814772b1d5cc8115,256351,8215.438550146824,0.3535010191664152,0.45808091804371587,0.6247444513148672,0.29026893705059,0.22853804861472096,0.54375,0.2756707855965942,0.0018697614442295294,0.49375,0.26136508893221616,0.004244573393509564,0.003954437996991188,485,0.00036535568450462067,35
xgb_random_search_3y__label_3y_beat_spy__fs1__r73,completed,label_3y_beat_spy,,3,1,7,{},"{""class_weight"": 0.5, ""colsample_bytree"": 0.47603, ""gamma"": 0.0480292, ""learning_rate"": 0.0139136, ""max_depth"": 7, ""min_child_weight"": 12.7348, ""n_estimators"": 434, ""reg_alpha"": 0.00542934, ""reg_lambda"": 0.164148, ""subsample"": 0.884446}",963245402d41e52d,256351,8215.438550146824,0.3535010191664152,0.4606711551788047,0.6321372383645757,0.22109589857294373,0.22853804861472096,0.4625,0.6558799876831471,0.0015903718031377607,0.45375,0.6289737521484494,0.003900709219858156,0.0012142703632065334,147,0.00036535568450462067,35
xgb_random_search_3y__label_3y_beat_spy__fs0__r79,completed,label_3y_beat_spy,,3,0,7,{},"{""class_weight"": 0.25, ""colsample_bytree"": 0.858938, ""gamma"": 0.994566, ""learning_rate"": 0.019411, ""max_depth"": 9, ""min_child_weight"": 6.84356, ""n_estimators"": 1094, ""reg_alpha"": 0.00169807, ""reg_lambda"": 6.76217, ""subsample"": 0.815459}",875316352c68f5d7,256351,8215.438550146824,0.3535010191664152,0.45920271738494295,0.6290690079611394,0.24609977256290602,0.22853804861472096,0.4875,0.507190658338368,0.0016763378465506126,0.455,0.4781998218223453,0.003911454975284763,0.001708575112830432,206,0.00036535568450462067,34
xgb_random_search_3y__label_3y_beat_spy__fs1__r37,completed,label_3y_beat_spy,,3,1,7,{},"{""class_weight"": 0.25, ""colsample_bytree"": 0.73253, ""gamma"": 0.13208, ""learning_rate"": 0.0944228, ""max_depth"": 3, ""min_child_weight"": 154.997, ""n_estimators"": 261, ""reg_alpha"": 0.191184, ""reg_lambda"": 0.344377, ""subsample"": 0.686019}",956f2375e812a000,256351,8215.438550146824,0.3535010191664152,0.4573569763669388,0.6249546496950521,0.2467084564873689,0.22853804861472096,0.50625,0.5003018258139491,0.0017408123791102514,0.48375,0.479450503513217,0.004158607350096712,0.0029873200085966042,362,0.00036535568450462067,36
xgb_random_search_3y__label_3y_beat_spy__fs1__r55,completed,label_3y_beat_spy,,3,1,7,{},"{""class_weight"": 0.1, ""colsample_bytree"": 0.54556, ""gamma"": 0.0392942, ""learning_rate"": 0.0769295, ""max_depth"": 9, ""min_child_weight"": 59.3588, ""n_estimators"": 196, ""reg_alpha"": 0.0242728, ""reg_lambda"": 0.0144054, ""subsample"": 0.715151}",1eca56f831ae6e99,256351,8215.438550146824,0.3535010191664152,0.4588627765852196,0.6263933089929795,0.29006487691873384,0.22853804861472096,0.55625,0.3068204780574888,0.0019127444659359553,0.50125,0.2871598413586616,0.004309047926069203,0.003836234687298517,472,0.00036535568450462067,35
xgb_random_search_3y__label_3y_beat_spy__fs1__r53,completed,label_3y_beat_spy,,3,1,7,{},"{""class_weight"": 0.5, ""colsample_bytree"": 0.458495, ""gamma"": 0.00267536, ""learning_rate"": 0.0194902, ""max_depth"": 6, ""min_child_weight"": 3.17585, ""n_estimators"": 241, ""reg_alpha"": 0.0749933, ""reg_lambda"": 0.143576, ""subsample"": 0.730744}",cee4370e563036b1,256351,8215.438550146824,0.3535010191664152,0.46349362284516415,0.6338317183943849,0.2205680304751862,0.22853804861472096,0.453125,0.6356506700627506,0.0015581345368579412,0.44125,0.6103997953981161,0.003793251665592091,0.0007844401461422738,92,0.00036535568450462067,35
xgb_random_search_3y__label_3y_beat_spy__fs0__r28,completed,label_3y_beat_spy,,3,0,7,{},"{""class_weight"": 0.5, ""colsample_bytree"": 0.643968, ""gamma"": 0.537484, ""learning_rate"": 0.0298759, ""max_depth"": 9, ""min_child_weight"": 1.25483, ""n_estimators"": 475, ""reg_alpha"": 0.000270465, ""reg_lambda"": 2.02563, ""subsample"": 0.92368}",fd696de57f18056f,256351,8215.438550146824,0.3535010191664152,0.45398623964515755,0.6275116662029221,0.2225352448193182,0.22853804861472096,0.40625,0.70665284357965,0.0013969482054588438,0.41625,0.6768014276772738,0.003578336557059961,0.001601117558564367,196,0.00036535568450462067,36
xgb_random_search_3y__label_3y_beat_spy__fs0__r18,completed,label_3y_beat_spy,,3,0,7,{},"{""class_weight"": 0.25, ""colsample_bytree"": 0.731944, ""gamma"": 0.232665, ""learning_rate"": 0.0472525, ""max_depth"": 5, ""min_child_weight"": 2.3405, ""n_estimators"": 1419, ""reg_alpha"": 0.000302188, ""reg_lambda"": 0.134834, ""subsample"": 0.819645}",4f3c51465e4f78fd,256351,8215.438550146824,0.3535010191664152,0.4524616712913554,0.6237431638687083,0.24434370289132779,0.22853804861472096,0.396875,0.6196662239730358,0.0013647109391790244,0.415,0.5803536492586135,0.003567590801633355,0.0047173866322802495,582,0.00036535568450462067,36
xgb_random_search_3y__label_3y_beat_spy__fs0__r51,completed,label_3y_beat_spy,,3,0,7,{},"{""class_weight"": 0.5, ""colsample_bytree"": 0.991796, ""gamma"": 3.09324, ""learning_rate"": 0.179771, ""max_depth"": 8, ""min_child_weight"": 1.29679, ""n_estimators"": 156, ""reg_alpha"": 0.00138526, ""reg_lambda"": 0.180684, ""subsample"": 0.64616}",ac150c3ccb15a7bd,256351,8215.438550146824,0.3535010191664152,0.4560652778881382,0.6253519268165273,0.22246455901752082,0.22853804861472096,0.471875,0.6528077925555408,0.00162260906941758,0.44875,0.6267153992503881,0.00385772619815173,0.0009348807221147647,111,0.00036535568450462067,35
xgb_random_search_3y__label_3y_beat_spy__fs0__r36,completed,label_3y_beat_spy,,3,0,7,{},"{""class_weight"": 0.25, ""colsample_bytree"": 0.932557, ""gamma"": 0.00673578, ""learning_rate"": 0.0173617, ""max_depth"": 6, ""min_child_weight"": 15.9602, ""n_estimators"": 101, ""reg_alpha"": 0.00839638, ""reg_lambda"": 0.126786, ""subsample"": 0.754957}",754bf00bd3c52754,256351,8215.438550146824,0.3535010191664152,0.45988589697240906,0.6291647973191674,0.24439334588438633,0.22853804861472096,0.421875,0.4147972078993917,0.0014506769825918763,0.4425,0.3947188964486122,0.0038039974210186977,0.0007951859015688803,93,0.00036535568450462067,36
xgb_random_search_3y__label_3y_beat_spy__fs1__r18,completed,label_3y_beat_spy,,3,1,7,{},"{""class_weight"": 0.25, ""colsample_bytree"": 0.731944, ""gamma"": 0.232665, ""learning_rate"": 0.0472525, ""max_depth"": 5, ""min_child_weight"": 2.3405, ""n_estimators"": 1419, ""reg_alpha"": 0.000302188, ""reg_lambda"": 0.134834, ""subsample"": 0.819645}",b9197eca471d3075,256351,8215.438550146824,0.3535010191664152,0.45166912452656865,0.6236791884835342,0.244716181370009,0.22853804861472096,0.3875,0.616170200984925,0.0013324736728992047,0.43375,0.5768476583436132,0.003728777133032452,0.0022673543950139695,276,0.00036535568450462067,36
xgb_random_search_3y__label_3y_beat_spy__fs0__r68,completed,label_3y_beat_spy,,3,0,7,{},"{""class_weight"": 0.5, ""colsample_bytree"": 0.456803, ""gamma"": 0.0020672, ""learning_rate"": 0.0166816, ""max_depth"": 4, ""min_child_weight"": 8.92592, ""n_estimators"": 1058, ""reg_alpha"": 0.382167, ""reg_lambda"": 0.0508944, ""subsample"": 0.614331}",1a9274544da47b4a,256351,8215.438550146824,0.3535010191664152,0.4594014416712939,0.6288232496780364,0.22191491277703582,0.22853804861472096,0.46875,0.6617166511714458,0.0016118633139909735,0.45625,0.6384772565960884,0.003922200730711369,0.002568235546958951,313,0.00036535568450462067,35
xgb_random_search_3y__label_3y_beat_spy__fs0__r43,completed,label_3y_beat_spy,,3,0,7,{},"{""class_weight"": 0.1, ""colsample_bytree"": 0.875288, ""gamma"": 0.117211, ""learning_rate"": 0.0170955, ""max_depth"": 8, ""min_child_weight"": 1.47657, ""n_estimators"": 779, ""reg_alpha"": 0.342097, ""reg_lambda"": 13.0759, ""subsample"": 0.91192}",8bbb0d65f09f0b4c,256351,8215.438550146824,0.3535010191664152,0.45604823061841626,0.6271237449377114,0.2883643142015687,0.22853804861472096,0.5,0.35222607320174576,0.0017193208682570384,0.47125,0.3265715377219021,0.004051149795830647,0.002568235546958951,310,0.0003546099290780142,34
xgb_random_search_3y__label_3y_beat_spy__fs1__r3,completed,label_3y_beat_spy,,3,1,7,{},"{""class_weight"": 0.25, ""colsample_bytree"": 0.9204, ""gamma"": 0.00044035, ""learning_rate"": 0.0405206, ""max_depth"": 8, ""min_child_weight"": 2.63098, ""n_estimators"": 125, ""reg_alpha"": 3.01802, ""reg_lambda"": 0.312596, ""subsample"": 0.659077}",2df52c41fd111156,256351,8215.438550146824,0.3535010191664152,0.4614453583151338,0.6295066642523155,0.24486878062006623,0.22853804861472096,0.51875,0.49992167968302964,0.0017837954008166775,0.49875,0.47269152086228133,0.00428755641521599,0.0019449817322157747,234,0.0003546099290780142,33
xgb_random_search_3y__label_3y_beat_spy__fs1__r68,completed,label_3y_beat_spy,,3,1,7,{},"{""class_weight"": 0.5, ""colsample_bytree"": 0.456803, ""gamma"": 0.0020672, ""learning_rate"": 0.0166816, ""max_depth"": 4, ""min_child_weight"": 8.92592, ""n_estimators"": 1058, ""reg_alpha"": 0.382167, ""reg_lambda"": 0.0508944, ""subsample"": 0.614331}",965e3dcbea0a602a,256351,8215.438550146824,0.3535010191664152,0.459482931688295,0.6283235590219908,0.22196863588093158,0.22853804861472096,0.4625,0.6614675668068231,0.0015903718031377607,0.4875,0.6380369777232409,0.004190844616376531,0.0019127444659359553,232,0.0003546099290780142,34
xgb_random_search_3y__label_3y_beat_spy__fs0__r60,completed,label_3y_beat_spy,,3,0,7,{},"{""class_weight"": 0.25, ""colsample_bytree"": 0.668972, ""gamma"": 0.025203, ""learning_rate"": 0.0406668, ""max_depth"": 3, ""min_child_weight"": 20.4417, ""n_estimators"": 209, ""reg_alpha"": 2.52328, ""reg_lambda"": 0.10059, ""subsample"": 0.64283}",7ab3e2253ee31f55,256351,8215.438550146824,0.3535010191664152,0.4637651380663026,0.6286198087070624,0.24517006167570748,0.22853804861472096,0.50625,0.4681159120053053,0.0017408123791102514,0.4775,0.44709033265709874,0.004104878572963679,0.0035998280679131744,439,0.0003546099290780142,35
xgb_random_search_3y__label_3y_beat_spy__fs1__r10,completed,label_3y_beat_spy,,3,1,7,{},"{""class_weight"": 0.1, ""colsample_bytree"": 0.907135, ""gamma"": 0.511724, ""learning_rate"": 0.0512973, ""max_depth"": 4, ""min_child_weight"": 26.3129, ""n_estimators"": 652, ""reg_alpha"": 0.804033, ""reg_lambda"": 16.7895, ""subsample"": 0.659894}",d33529012bb9d3d8,256351,8215.438550146824,0.3535010191664152,0.4603412616373835,0.6280917277188933,0.29069833834415215,0.22853804861472096,0.525,0.28205754538066685,0.0018052869116698903,0.4975,0.2649730013869703,0.0042768106597893835,0.002568235546958951,313,0.0003546099290780142,35
xgb_random_search_3y__label_3y_beat_spy__fs0__r21,completed,label_3y_beat_spy,,3,0,7,{},"{""class_weight"": 1.0, ""colsample_bytree"": 0.739476, ""gamma"": 0.000205503, ""learning_rate"": 0.0527425, ""max_depth"": 6, ""min_child_weight"": 65.8594, ""n_estimators"": 676, ""reg_alpha"": 1.03696, ""reg_lambda"": 0.530881, ""subsample"": 0.952534}",117aadbf680eec54,256351,8215.438550146824,0.3535010191664152,0.4499622166831141,0.6219467921265829,0.233254371569051,0.22853804861472096,0.465625,0.8220172695815563,0.001601117558564367,0.46375,0.8037776479870081,0.003986675263271008,0.0017515581345368578,213,0.0003546099290780142,34
xgb_random_search_3y__label_3y_beat_spy__fs1__r66,completed,label_3y_beat_spy,,3,1,7,{},"{""class_weight"": 0.1, ""colsample_bytree"": 0.607408, ""gamma"": 0.342094, ""learning_rate"": 0.0165055, ""max_depth"": 5, ""min_child_weight"": 7.1194, ""n_estimators"": 517, ""reg_alpha"": 5.39125, ""reg_lambda"": 0.0251088, ""subsample"": 0.631728}",453606f0a744863a,256351,8215.438550146824,0.3535010191664152,0.4664882534211691,0.6295535873146706,0.289316029997723,0.22853804861472096,0.55625,0.2672607969492674,0.0019127444659359553,0.5275,0.2510648682154715,0.004534708790027939,0.0035460992907801418,437,0.0003546099290780142,33
xgb_random_search_3y__label_3y_beat_spy__fs1__r25,completed,label_3y_beat_spy,,3,1,7,{},"{""class_weight"": 0.1, ""colsample_bytree"": 0.724908, ""gamma"": 0.00275296, ""learning_rate"": 0.0214938, ""max_depth"": 7, ""min_child_weight"": 90.1355, ""n_estimators"": 796, ""reg_alpha"": 0.0151679, ""reg_lambda"": 0.257047, ""subsample"": 0.894989}",440786d24fd0185e,256351,8215.438550146824,0.3535010191664152,0.4562294688638978,0.624433794005828,0.29049989326829584,0.22853804861472096,0.53125,0.29881557733751835,0.0018267784225231033,0.49875,0.28125207498669624,0.00428755641521599,0.0031162690737158824,382,0.0003438641736514077,33
xgb_random_search_3y__label_3y_beat_spy__fs0__r19,completed,label_3y_beat_spy,,3,0,7,{},"{""class_weight"": 0.25, ""colsample_bytree"": 0.492948, ""gamma"": 0.991567, ""learning_rate"": 0.104656, ""max_depth"": 3, ""min_child_weight"": 22.7193, ""n_estimators"": 1150, ""reg_alpha"": 0.599262, ""reg_lambda"": 0.109373, ""subsample"": 0.857947}",846b2c54f20c0331,256351,8215.438550146824,0.3535010191664152,0.46016706114805667,0.6272065554406232,0.24602689803423466,0.22853804861472096,0.421875,0.48750064354389905,0.0014506769825918763,0.43375,0.46655878238379955,0.003728777133032452,0.00324521813883516,395,0.0003438641736514077,32
xgb_random_search_3y__label_3y_beat_spy__fs1__r43,completed,label_3y_beat_spy,,3,1,7,{},"{""class_weight"": 0.1, ""colsample_bytree"": 0.875288, ""gamma"": 0.117211, ""learning_rate"": 0.0170955, ""max_depth"": 8, ""min_child_weight"": 1.47657, ""n_estimators"": 779, ""reg_alpha"": 0.342097, ""reg_lambda"": 13.0759, ""subsample"": 0.91192}",02769cf7f3fedec9,256351,8215.438550146824,0.3535010191664152,0.4570001875784969,0.6279053027387237,0.28854697346587443,0.22853804861472096,0.490625,0.3511722067371011,0.001687083601977219,0.5075,0.3247807716205716,0.004362776703202235,0.0016548463356973995,202,0.0003438641736514077,33
xgb_random_search_3y__label_3y_beat_spy__fs0__r30,completed,label_3y_beat_spy,,3,0,7,{},"{""class_weight"": 0.5, ""colsample_bytree"": 0.575029, ""gamma"": 0.401128, ""learning_rate"": 0.0264736, ""max_depth"": 4, ""min_child_weight"": 31.5152, ""n_estimators"": 390, ""reg_alpha"": 0.0175784, ""reg_lambda"": 23.1505, ""subsample"": 0.666436}",a066708c53202fcb,256351,8215.438550146824,0.3535010191664152,0.46253058115804413,0.6290375255900007,0.22146281719917796,0.22853804861472096,0.528125,0.6348548134788871,0.001816032667096497,0.4825,0.6139890500158072,0.004147861594670105,0.0027724049000644744,338,0.0003438641736514077,33
xgb_random_search_3y__label_3y_beat_spy__fs1__r6,completed,label_3y_beat_spy,,3,1,7,{},"{""class_weight"": 1.0, ""colsample_bytree"": 0.752729, ""gamma"": 0.00349582, ""learning_rate"": 0.0258772, ""max_depth"": 8, ""min_child_weight"": 0.853435, ""n_estimators"": 160, ""reg_alpha"": 0.000132718, ""reg_lambda"": 8.27444, ""subsample"": 0.786521}",885f97643da5a0d9,256351,8215.438550146824,0.3535010191664152,0.4609445593467279,0.6313063974104314,0.22889069911963938,0.22853804861472096,0.5,0.7703145306557417,0.0017193208682570384,0.4575,0.7502911180257797,0.003932946486137976,0.0008059316569954867,91,0.0003331184182248012,32
xgb_random_search_3y__label_3y_beat_spy__fs1__r21,completed,label_3y_beat_spy,,3,1,7,{},"{""class_weight"": 1.0, ""colsample_bytree"": 0.739476, ""gamma"": 0.000205503, ""learning_rate"": 0.0527425, ""max_depth"": 6, ""min_child_weight"": 65.8594, ""n_estimators"": 676, ""reg_alpha"": 1.03696, ""reg_lambda"": 0.530881, ""subsample"": 0.952534}",cdbaf33ec0ad7e7f,256351,8215.438550146824,0.3535010191664152,0.45137334171947996,0.622728594716197,0.23301478851614213,0.22853804861472096,0.475,0.8221130562946201,0.0016333548248441865,0.45625,0.803295668438077,0.003922200730711369,0.0025467440361057383,314,0.0003331184182248012,32
xgb_random_search_3y__label_3y_beat_spy__fs1__r15,completed,label_3y_beat_spy,,3,1,7,{},"{""class_weight"": 0.5, ""colsample_bytree"": 0.820146, ""gamma"": 0.000215652, ""learning_rate"": 0.111983, ""max_depth"": 9, ""min_child_weight"": 30.0021, ""n_estimators"": 148, ""reg_alpha"": 0.0211212, ""reg_lambda"": 0.0148423, ""subsample"": 0.92075}",27f0d90e97a47305,256351,8215.438550146824,0.3535010191664152,0.4506274925401793,0.6234048547258411,0.22359125217170853,0.22853804861472096,0.49375,0.7260254677385092,0.0016978293574038256,0.4675,0.6989267378672958,0.004018912529550827,0.0011283043197936814,132,0.0003331184182248012,31
xgb_random_search_3y__label_3y_beat_spy__fs1__r34,completed,label_3y_beat_spy,,3,1,7,{},"{""class_weight"": 0.25, ""colsample_bytree"": 0.61848, ""gamma"": 0.196171, ""learning_rate"": 0.0162884, ""max_depth"": 6, ""min_child_weight"": 0.535126, ""n_estimators"": 497, ""reg_alpha"": 0.0449007, ""reg_lambda"": 10.2462, ""subsample"": 0.766348}",4f4d85a636e0c7b1,256351,8215.438550146824,0.3535010191664152,0.46173389313204,0.6305667860050967,0.24525005277097556,0.22853804861472096,0.490625,0.5044843574985862,0.001687083601977219,0.4775,0.4782390285283327,0.004104878572963679,0.003202235117128734,394,0.0003331184182248012,32
xgb_random_search_3y__label_3y_beat_spy__fs1__r57,completed,label_3y_beat_spy,,3,1,7,{},"{""class_weight"": 0.5, ""colsample_bytree"": 0.756186, ""gamma"": 0.291188, ""learning_rate"": 0.0746328, ""max_depth"": 6, ""min_child_weight"": 0.640933, ""n_estimators"": 564, ""reg_alpha"": 4.05625, ""reg_lambda"": 2.13816, ""subsample"": 0.990086}",33e5e56f0cb79e1b,256351,8215.438550146824,0.3535010191664152,0.45475544187211536,0.626773723913947,0.22247806617667643,0.22853804861472096,0.484375,0.6807165603153408,0.001665592091124006,0.455,0.6564820127189159,0.003911454975284763,0.0012357618740597464,148,0.0003331184182248012,31
xgb_random_search_3y__label_3y_beat_spy__fs1__r78,completed,label_3y_beat_spy,,3,1,7,{},"{""class_weight"": 0.5, ""colsample_bytree"": 0.634013, ""gamma"": 1.09681, ""learning_rate"": 0.0449608, ""max_depth"": 7, ""min_child_weight"": 43.6633, ""n_estimators"": 1189, ""reg_alpha"": 0.114829, ""reg_lambda"": 0.325911, ""subsample"": 0.705449}",0dedf4e4528e4aba,256351,8215.438550146824,0.3535010191664152,0.45837528780931747,0.628661064559712,0.2219279130224972,0.22853804861472096,0.4625,0.659099324606359,0.0015903718031377607,0.46875,0.6325772336497902,0.004029658284977434,0.0012787448957661725,155,0.0003223726627981947,31
xgb_random_search_3y__label_3y_beat_spy__fs1__r76,completed,label_3y_beat_spy,,3,1,7,{},"{""class_weight"": 0.5, ""colsample_bytree"": 0.597234, ""gamma"": 0.000355117, ""learning_rate"": 0.0116214, ""max_depth"": 9, ""min_child_weight"": 7.49311, ""n_estimators"": 555, ""reg_alpha"": 0.00227462, ""reg_lambda"": 8.46121, ""subsample"": 0.707006}",acaef04cc324a6b4,256351,8215.438550146824,0.3535010191664152,0.4607899883801424,0.6316203839238659,0.22107674981875675,0.22853804861472096,0.5,0.6619893625378609,0.0017193208682570384,0.47625,0.6361851730197668,0.004094132817537073,0.00122501611863314,147,0.0003223726627981947,30
xgb_random_search_3y__label_3y_beat_spy__fs1__r47,completed,label_3y_beat_spy,,3,1,7,{},"{""class_weight"": 0.5, ""colsample_bytree"": 0.732078, ""gamma"": 6.4355, ""learning_rate"": 0.0174742, ""max_depth"": 8, ""min_child_weight"": 11.6138, ""n_estimators"": 240, ""reg_alpha"": 0.16307, ""reg_lambda"": 1.30122, ""subsample"": 0.804971}",47b9dbeacc903e16,256351,8215.438550146824,0.3535010191664152,0.4632018544270128,0.6292858060575088,0.2205768099527273,0.22853804861472096,0.509375,0.5951282339170575,0.0017515581345368578,0.4775,0.5732114271447063,0.004104878572963679,0.0012894906511927789,154,0.0003223726627981947,31
xgb_random_search_3y__label_3y_beat_spy__fs1__r13,completed,label_3y_beat_spy,,3,1,7,{},"{""class_weight"": 0.25, ""colsample_bytree"": 0.766588, ""gamma"": 0.00143985, ""learning_rate"": 0.0112272, ""max_depth"": 3, ""min_child_weight"": 0.997298, ""n_estimators"": 450, ""reg_alpha"": 0.153075, ""reg_lambda"": 0.134701, ""subsample"": 0.857381}",6c85efa970c7898c,256351,8215.438550146824,0.3535010191664152,0.46387112403888603,0.6282565839539612,0.2444609988325359,0.22853804861472096,0.528125,0.4481620415113866,0.001816032667096497,0.48375,0.4291171646118164,0.004158607350096712,0.003417150225660864,418,0.0003223726627981947,31
xgb_random_search_3y__label_3y_beat_spy__fs0__r41,completed,label_3y_beat_spy,,3,0,7,{},"{""class_weight"": 0.1, ""colsample_bytree"": 0.984382, ""gamma"": 0.00116123, ""learning_rate"": 0.0250154, ""max_depth"": 3, ""min_child_weight"": 16.66, ""n_estimators"": 230, ""reg_alpha"": 0.00787897, ""reg_lambda"": 0.0230331, ""subsample"": 0.755628}",3683f0587d59752c,256351,8215.438550146824,0.3535010191664152,0.46288082879549997,0.6279840194493966,0.2892747040725939,0.22853804861472096,0.503125,0.2651378274895251,0.001730066623683645,0.47,0.2502543522231281,0.00404040404040404,0.0009133892112615517,108,0.0003223726627981947,30
xgb_random_search_3y__label_3y_beat_spy__fs0__r31,completed,label_3y_beat_spy,,3,0,7,{},"{""class_weight"": 1.0, ""colsample_bytree"": 0.495829, ""gamma"": 4.86726, ""learning_rate"": 0.0432224, ""max_depth"": 6, ""min_child_weight"": 3.65397, ""n_estimators"": 158, ""reg_alpha"": 0.0934337, ""reg_lambda"": 0.243909, ""subsample"": 0.650872}",4300bb8f5554f958,256351,8215.438550146824,0.3535010191664152,0.46562563830851667,0.6319042641641432,0.22825900174618377,0.22853804861472096,0.51875,0.744855853356421,0.0017837954008166775,0.49,0.7267715385556222,0.004212336127229745,0.0011283043197936814,136,0.0003223726627981947,30
xgb_random_search_3y__label_3y_beat_spy__fs0__r0,completed,label_3y_beat_spy,,3,0,7,{},"{""class_weight"": 1.0, ""colsample_bytree"": 0.699567, ""gamma"": 0.10174, ""learning_rate"": 0.0108975, ""max_depth"": 3, ""min_child_weight"": 1.21306, ""n_estimators"": 1235, ""reg_alpha"": 0.000224959, ""reg_lambda"": 0.0282644, ""subsample"": 0.979331}",bb85f6ff8296e15f,256351,8215.438550146824,0.3535010191664152,0.4615785351678938,0.627799873130207,0.23012865642023111,0.22853804861472096,0.503125,0.7738652661442756,0.001730066623683645,0.46375,0.7575400688499212,0.003986675263271008,0.0035353535353535356,434,0.0003223726627981947,31
xgb_random_search_3y__label_3y_beat_spy__fs0__r73,completed,label_3y_beat_spy,,3,0,7,{},"{""class_weight"": 0.5, ""colsample_bytree"": 0.47603, ""gamma"": 0.0480292, ""learning_rate"": 0.0139136, ""max_depth"": 7, ""min_child_weight"": 12.7348, ""n_estimators"": 434, ""reg_alpha"": 0.00542934, ""reg_lambda"": 0.164148, ""subsample"": 0.884446}",2a0217abb45e5ab5,256351,8215.438550146824,0.3535010191664152,0.4603277144936997,0.6322272929890944,0.22113487085412917,0.22853804861472096,0.434375,0.6556165994144976,0.0014936600042983021,0.44625,0.6293990926072002,0.003836234687298517,0.0010638297872340426,129,0.0003223726627981947,31
xgb_random_search_3y__label_3y_beat_spy__fs1__r31,completed,label_3y_beat_spy,,3,1,7,{},"{""class_weight"": 1.0, ""colsample_bytree"": 0.495829, ""gamma"": 4.86726, ""learning_rate"": 0.0432224, ""max_depth"": 6, ""min_child_weight"": 3.65397, ""n_estimators"": 158, ""reg_alpha"": 0.0934337, ""reg_lambda"": 0.243909, ""subsample"": 0.650872}",a8334fb6cda334ae,256351,8215.438550146824,0.3535010191664152,0.4655295277299653,0.6320741737993414,0.2282615096917865,0.22853804861472096,0.50625,0.7484726011753082,0.0017408123791102514,0.49375,0.7292067529261113,0.004244573393509564,0.0014184397163120568,170,0.0003223726627981947,30
xgb_random_search_3y__label_3y_beat_spy__fs0__r34,completed,label_3y_beat_spy,,3,0,7,{},"{""class_weight"": 0.25, ""colsample_bytree"": 0.61848, ""gamma"": 0.196171, ""learning_rate"": 0.0162884, ""max_depth"": 6, ""min_child_weight"": 0.535126, ""n_estimators"": 497, ""reg_alpha"": 0.0449007, ""reg_lambda"": 10.2462, ""subsample"": 0.766348}",11eca2f6a736f320,256351,8215.438550146824,0.3535010191664152,0.4614197418053191,0.6303233950239214,0.24529386869969158,0.22853804861472096,0.49375,0.5027891451492905,0.0016978293574038256,0.4625,0.47697125628590586,0.0039759295078444015,0.002568235546958951,313,0.0003223726627981947,30
xgb_random_search_3y__label_3y_beat_spy__fs0__r7,completed,label_3y_beat_spy,,3,0,7,{},"{""class_weight"": 0.5, ""colsample_bytree"": 0.843548, ""gamma"": 0.000951183, ""learning_rate"": 0.0120382, ""max_depth"": 3, ""min_child_weight"": 18.0311, ""n_estimators"": 1131, ""reg_alpha"": 0.000136369, ""reg_lambda"": 6.30312, ""subsample"": 0.676068}",9ec5bbe22bd9545a,256351,8215.438550146824,0.3535010191664152,0.4590285701712605,0.6264172666842002,0.22221102232299733,0.22853804861472096,0.49375,0.6447661899030208,0.0016978293574038256,0.4375,0.624368356205523,0.0037610143993122716,0.001966473243068988,238,0.0003116269073715882,29
xgb_random_search_3y__label_3y_beat_spy__fs1__r72,completed,label_3y_beat_spy,,3,1,7,{},"{""class_weight"": 0.5, ""colsample_bytree"": 0.572817, ""gamma"": 0.0122169, ""learning_rate"": 0.0169479, ""max_depth"": 8, ""min_child_weight"": 18.4445, ""n_estimators"": 970, ""reg_alpha"": 0.783651, ""reg_lambda"": 17.6577, ""subsample"": 0.704187}",b164fcc44b17c9b7,256351,8215.438550146824,0.3535010191664152,0.4592239548040047,0.6292339004780225,0.22175566124590881,0.22853804861472096,0.4875,0.6872681269422174,0.0016763378465506126,0.4775,0.663603289052844,0.004104878572963679,0.0030088115194498175,369,0.0003116269073715882,29
xgb_random_search_3y__label_3y_beat_spy__fs0__r72,completed,label_3y_beat_spy,,3,0,7,{},"{""class_weight"": 0.5, ""colsample_bytree"": 0.572817, ""gamma"": 0.0122169, ""learning_rate"": 0.0169479, ""max_depth"": 8, ""min_child_weight"": 18.4445, ""n_estimators"": 970, ""reg_alpha"": 0.783651, ""reg_lambda"": 17.6577, ""subsample"": 0.704187}",be233eb82f4e428b,256351,8215.438550146824,0.3535010191664152,0.4589251796904381,0.6292825205430036,0.22173301991805086,0.22853804861472096,0.5,0.6866809254512191,0.0017193208682570384,0.4725,0.664156445339322,0.004061895551257254,0.0028583709434773265,344,0.0003116269073715882,30
xgb_random_search_3y__label_3y_beat_spy__fs0__r45,completed,label_3y_beat_spy,,3,0,7,{},"{""class_weight"": 0.5, ""colsample_bytree"": 0.825382, ""gamma"": 4.79144, ""learning_rate"": 0.126577, ""max_depth"": 6, ""min_child_weight"": 5.09555, ""n_estimators"": 274, ""reg_alpha"": 4.30687, ""reg_lambda"": 0.235585, ""subsample"": 0.920096}",43b6a9cd9406a0b9,256351,8215.438550146824,0.3535010191664152,0.4601285221725572,0.6282504585999472,0.2212031978143815,0.22853804861472096,0.5,0.6165363296866417,0.0017193208682570384,0.49,0.5928911285102367,0.004212336127229745,0.0014614227380184827,179,0.00030088115194498174,29
xgb_random_search_3y__label_3y_beat_spy__fs0__r76,completed,label_3y_beat_spy,,3,0,7,{},"{""class_weight"": 0.5, ""colsample_bytree"": 0.597234, ""gamma"": 0.000355117, ""learning_rate"": 0.0116214, ""max_depth"": 9, ""min_child_weight"": 7.49311, ""n_estimators"": 555, ""reg_alpha"": 0.00227462, ""reg_lambda"": 8.46121, ""subsample"": 0.707006}",b340a18942fbd814,256351,8215.438550146824,0.3535010191664152,0.4608104864926268,0.6317986009612016,0.22102285999846374,0.22853804861472096,0.478125,0.661170935537666,0.0016441005802707931,0.46125,0.6355290647596121,0.003965183752417795,0.0014506769825918763,173,0.00030088115194498174,28
xgb_random_search_3y__label_3y_beat_spy__fs1__r60,completed,label_3y_beat_spy,,3,1,7,{},"{""class_weight"": 0.25, ""colsample_bytree"": 0.668972, ""gamma"": 0.025203, ""learning_rate"": 0.0406668, ""max_depth"": 3, ""min_child_weight"": 20.4417, ""n_estimators"": 209, ""reg_alpha"": 2.52328, ""reg_lambda"": 0.10059, ""subsample"": 0.64283}",1fe20d1fd5f6903b,256351,8215.438550146824,0.3535010191664152,0.46317596060013844,0.6281692498297884,0.2453866980498685,0.22853804861472096,0.515625,0.46556851733475924,0.0017730496453900709,0.4825,0.44512100659310816,0.004147861594670105,0.0025789813023855577,315,0.00030088115194498174,29
xgb_random_search_3y__label_3y_beat_spy__fs1__r48,completed,label_3y_beat_spy,,3,1,7,{},"{""class_weight"": 0.1, ""colsample_bytree"": 0.702366, ""gamma"": 0.00726573, ""learning_rate"": 0.144189, ""max_depth"": 5, ""min_child_weight"": 7.94111, ""n_estimators"": 362, ""reg_alpha"": 0.00196243, ""reg_lambda"": 0.076316, ""subsample"": 0.981555}",bce800a044e6dc6f,256351,8215.438550146824,0.3535010191664152,0.4485934691329091,0.6197927140396597,0.28586460333099756,0.22853804861472096,0.4625,0.4517970142420381,0.0015903718031377607,0.46125,0.41210117302834987,0.003965183752417795,0.00101010101010101,122,0.00030088115194498174,30
xgb_random_search_3y__label_3y_beat_spy__fs0__r50,completed,label_3y_beat_spy,,3,0,7,{},"{""class_weight"": 1.0, ""colsample_bytree"": 0.669031, ""gamma"": 0.148727, ""learning_rate"": 0.0198319, ""max_depth"": 8, ""min_child_weight"": 0.568264, ""n_estimators"": 625, ""reg_alpha"": 0.023566, ""reg_lambda"": 14.0851, ""subsample"": 0.705615}",2f8f292502db6a13,256351,8215.438550146824,0.3535010191664152,0.45559002762928746,0.6273599178474077,0.23087668870457817,0.22853804861472096,0.459375,0.8034530950710177,0.001579626047711154,0.4525,0.7854920960217714,0.0038899634644315494,0.0026004728132387705,317,0.00030088115194498174,29
xgb_random_search_3y__label_3y_beat_spy__fs0__r53,completed,label_3y_beat_spy,,3,0,7,{},"{""class_weight"": 0.5, ""colsample_bytree"": 0.458495, ""gamma"": 0.00267536, ""learning_rate"": 0.0194902, ""max_depth"": 6, ""min_child_weight"": 3.17585, ""n_estimators"": 241, ""reg_alpha"": 0.0749933, ""reg_lambda"": 0.143576, ""subsample"": 0.730744}",3e4f02352782fcaf,256351,8215.438550146824,0.3535010191664152,0.4631672594141308,0.6340209924881625,0.2206040495378032,0.22853804861472096,0.440625,0.6351658186875284,0.0015151515151515152,0.4275,0.6098932215198875,0.0036750483558994195,0.0010315925209542231,123,0.00030088115194498174,29
xgb_random_search_3y__label_3y_beat_spy__fs0__r22,completed,label_3y_beat_spy,,3,0,7,{},"{""class_weight"": 0.25, ""colsample_bytree"": 0.92542, ""gamma"": 0.00718385, ""learning_rate"": 0.0131324, ""max_depth"": 3, ""min_child_weight"": 20.4414, ""n_estimators"": 343, ""reg_alpha"": 0.0138632, ""reg_lambda"": 9.17505, ""subsample"": 0.655117}",a1e93280f13f95eb,256351,8215.438550146824,0.3535010191664152,0.4648351764626639,0.628368724318388,0.2437417552562988,0.22853804861472096,0.521875,0.43206923427060245,0.001794541156243284,0.4925,0.4158207705616951,0.004233827638082957,0.003900709219858156,476,0.00030088115194498174,28
xgb_random_search_3y__label_3y_beat_spy__fs0__r57,completed,label_3y_beat_spy,,3,0,7,{},"{""class_weight"": 0.5, ""colsample_bytree"": 0.756186, ""gamma"": 0.291188, ""learning_rate"": 0.0746328, ""max_depth"": 6, ""min_child_weight"": 0.640933, ""n_estimators"": 564, ""reg_alpha"": 4.05625, ""reg_lambda"": 2.13816, ""subsample"": 0.990086}",181e1ee292039314,256351,8215.438550146824,0.3535010191664152,0.4548989496457516,0.6264566037553297,0.222531373936311,0.22853804861472096,0.496875,0.682300030067563,0.001708575112830432,0.4625,0.6582039816677571,0.0039759295078444015,0.002611218568665377,319,0.0002901353965183752,27
xgb_random_search_3y__label_3y_beat_spy__fs1__r0,completed,label_3y_beat_spy,,3,1,7,{},"{""class_weight"": 1.0, ""colsample_bytree"": 0.699567, ""gamma"": 0.10174, ""learning_rate"": 0.0108975, ""max_depth"": 3, ""min_child_weight"": 1.21306, ""n_estimators"": 1235, ""reg_alpha"": 0.000224959, ""reg_lambda"": 0.0282644, ""subsample"": 0.979331}",2e811669b376e14d,256351,8215.438550146824,0.3535010191664152,0.4615077846038773,0.6275673309614989,0.23015910699583356,0.22853804861472096,0.490625,0.7732295453548431,0.001687083601977219,0.46375,0.7569426563382149,0.003986675263271008,0.004169353105523318,513,0.0002901353965183752,28
xgb_random_search_3y__label_3y_beat_spy__fs1__r41,completed,label_3y_beat_spy,,3,1,7,{},"{""class_weight"": 0.1, ""colsample_bytree"": 0.984382, ""gamma"": 0.00116123, ""learning_rate"": 0.0250154, ""max_depth"": 3, ""min_child_weight"": 16.66, ""n_estimators"": 230, ""reg_alpha"": 0.00787897, ""reg_lambda"": 0.0230331, ""subsample"": 0.755628}",dcf84ca78db9c0b1,256351,8215.438550146824,0.3535010191664152,0.46198746258591117,0.6270635908551738,0.2894562051507917,0.22853804861472096,0.521875,0.26572727067396046,0.001794541156243284,0.4925,0.2507400531321764,0.004233827638082957,0.0025252525252525255,306,0.0002901353965183752,28
xgb_random_search_3y__label_3y_beat_spy__fs1__r17,completed,label_3y_beat_spy,,3,1,7,{},"{""class_weight"": 0.25, ""colsample_bytree"": 0.76347, ""gamma"": 0.102924, ""learning_rate"": 0.0205121, ""max_depth"": 5, ""min_child_weight"": 20.8415, ""n_estimators"": 263, ""reg_alpha"": 0.471463, ""reg_lambda"": 0.102287, ""subsample"": 0.919517}",66336c62741525b3,256351,8215.438550146824,0.3535010191664152,0.4593619861983588,0.6293620763091005,0.24579475728394257,0.22853804861472096,0.48125,0.4834815506823361,0.0016548463356973995,0.465,0.4570614134520292,0.003997421018697615,0.0013432194283258113,163,0.0002901353965183752,28
xgb_random_search_3y__label_3y_beat_spy__fs0__r25,completed,label_3y_beat_spy,,3,0,7,{},"{""class_weight"": 0.1, ""colsample_bytree"": 0.724908, ""gamma"": 0.00275296, ""learning_rate"": 0.0214938, ""max_depth"": 7, ""min_child_weight"": 90.1355, ""n_estimators"": 796, ""reg_alpha"": 0.0151679, ""reg_lambda"": 0.257047, ""subsample"": 0.894989}",54d27cbe6bc042e5,256351,8215.438550146824,0.3535010191664152,0.4563538541087573,0.6246168278524653,0.29063571454245535,0.22853804861472096,0.50625,0.29761021309532226,0.0017408123791102514,0.4975,0.2800768544152379,0.0042768106597893835,0.001203524607779927,144,0.00027938964109176876,27
xgb_random_search_3y__label_3y_beat_spy__fs0__r6,completed,label_3y_beat_spy,,3,0,7,{},"{""class_weight"": 1.0, ""colsample_bytree"": 0.752729, ""gamma"": 0.00349582, ""learning_rate"": 0.0258772, ""max_depth"": 8, ""min_child_weight"": 0.853435, ""n_estimators"": 160, ""reg_alpha"": 0.000132718, ""reg_lambda"": 8.27444, ""subsample"": 0.786521}",49b7ffe67786288c,256351,8215.438550146824,0.3535010191664152,0.46069575358465314,0.6310625292115697,0.22879970188156154,0.22853804861472096,0.490625,0.7699177421629428,0.001687083601977219,0.46625,0.7501926398277283,0.004008166774124221,0.0014291854717386632,173,0.00027938964109176876,27
xgb_random_search_3y__label_3y_beat_spy__fs0__r17,completed,label_3y_beat_spy,,3,0,7,{},"{""class_weight"": 0.25, ""colsample_bytree"": 0.76347, ""gamma"": 0.102924, ""learning_rate"": 0.0205121, ""max_depth"": 5, ""min_child_weight"": 20.8415, ""n_estimators"": 263, ""reg_alpha"": 0.471463, ""reg_lambda"": 0.102287, ""subsample"": 0.919517}",4c8d4b95c60e3e60,256351,8215.438550146824,0.3535010191664152,0.4594858274227049,0.629242078290881,0.24573953961703165,0.22853804861472096,0.471875,0.48230345426127313,0.00162260906941758,0.4425,0.4562218017503619,0.0038039974210186977,0.0011497958306468945,135,0.00027938964109176876,26
xgb_random_search_3y__label_3y_beat_spy__fs0__r47,completed,label_3y_beat_spy,,3,0,7,{},"{""class_weight"": 0.5, ""colsample_bytree"": 0.732078, ""gamma"": 6.4355, ""learning_rate"": 0.0174742, ""max_depth"": 8, ""min_child_weight"": 11.6138, ""n_estimators"": 240, ""reg_alpha"": 0.16307, ""reg_lambda"": 1.30122, ""subsample"": 0.804971}",422d2658bcbdc60d,256351,8215.438550146824,0.3535010191664152,0.4635015744840649,0.6299248165335539,0.22044537339534614,0.22853804861472096,0.515625,0.5959814190864563,0.0017730496453900709,0.48125,0.5744851597771049,0.004137115839243499,0.0010315925209542231,122,0.00027938964109176876,26
xgb_random_search_3y__label_3y_beat_spy__fs1__r69,completed,label_3y_beat_spy,,3,1,7,{},"{""class_weight"": 0.1, ""colsample_bytree"": 0.661474, ""gamma"": 0.00657617, ""learning_rate"": 0.077245, ""max_depth"": 3, ""min_child_weight"": 0.826523, ""n_estimators"": 199, ""reg_alpha"": 0.268472, ""reg_lambda"": 0.944583, ""subsample"": 0.806679}",750bb93a2c10d5d8,256351,8215.438550146824,0.3535010191664152,0.45868156553531936,0.6261796226806793,0.2901145237443427,0.22853804861472096,0.4875,0.31476189219392836,0.0016763378465506126,0.4625,0.29247421776875854,0.0039759295078444015,0.0019127444659359553,232,0.00027938964109176876,26
xgb_random_search_3y__label_3y_beat_spy__fs1__r79,completed,label_3y_beat_spy,,3,1,7,{},"{""class_weight"": 0.25, ""colsample_bytree"": 0.858938, ""gamma"": 0.994566, ""learning_rate"": 0.019411, ""max_depth"": 9, ""min_child_weight"": 6.84356, ""n_estimators"": 1094, ""reg_alpha"": 0.00169807, ""reg_lambda"": 6.76217, ""subsample"": 0.815459}",e865e90ec8ea98c1,256351,8215.438550146824,0.3535010191664152,0.45921573059089194,0.6287799363975445,0.24608770011993755,0.22853804861472096,0.471875,0.5075583660975098,0.00162260906941758,0.45625,0.478240156956017,0.003922200730711369,0.0014829142488716957,180,0.00027938964109176876,26
xgb_random_search_3y__label_3y_beat_spy__fs1__r2,completed,label_3y_beat_spy,,3,1,7,{},"{""class_weight"": 0.1, ""colsample_bytree"": 0.729445, ""gamma"": 8.02728, ""learning_rate"": 0.0184533, ""max_depth"": 8, ""min_child_weight"": 13.7978, ""n_estimators"": 370, ""reg_alpha"": 0.00583948, ""reg_lambda"": 1.14038, ""subsample"": 0.69412}",f3f376241005418b,256351,8215.438550146824,0.3535010191664152,0.46646379276605743,0.6262156929513205,0.2897020386405928,0.22853804861472096,0.525,0.19907286469824612,0.0018052869116698903,0.495,0.19370065259747207,0.00425531914893617,0.005437352245862884,673,0.00027938964109176876,27
xgb_random_search_3y__label_3y_beat_spy__fs1__r77,completed,label_3y_beat_spy,,3,1,7,{},"{""class_weight"": 1.0, ""colsample_bytree"": 0.419847, ""gamma"": 0.00205737, ""learning_rate"": 0.0161246, ""max_depth"": 8, ""min_child_weight"": 7.30991, ""n_estimators"": 259, ""reg_alpha"": 0.00941428, ""reg_lambda"": 9.13939, ""subsample"": 0.831824}",f925a65103b558ea,256351,8215.438550146824,0.3535010191664152,0.4659130996442383,0.6349778761100433,0.2277743382692435,0.22853804861472096,0.509375,0.755499860830605,0.0017515581345368578,0.4925,0.736969618871808,0.004233827638082957,0.001310982162045992,157,0.00027938964109176876,26
xgb_random_search_3y__label_3y_beat_spy__fs1__r20,completed,label_3y_beat_spy,,3,1,7,{},"{""class_weight"": 0.1, ""colsample_bytree"": 0.849907, ""gamma"": 0.00839399, ""learning_rate"": 0.0158261, ""max_depth"": 5, ""min_child_weight"": 95.4031, ""n_estimators"": 649, ""reg_alpha"": 0.528925, ""reg_lambda"": 0.882653, ""subsample"": 0.913177}",d922bf913854c671,256351,8215.438550146824,0.3535010191664152,0.45774032436289547,0.6247209367155576,0.29029428261405654,0.22853804861472096,0.515625,0.27312271473929284,0.0017730496453900709,0.5,0.2592171990312636,0.004298302170642596,0.0032344723834085536,398,0.00026864388566516224,26
xgb_random_search_3y__label_3y_beat_spy__fs0__r63,completed,label_3y_beat_spy,,3,0,7,{},"{""class_weight"": 1.0, ""colsample_bytree"": 0.909632, ""gamma"": 0.009537, ""learning_rate"": 0.0255136, ""max_depth"": 4, ""min_child_weight"": 10.0547, ""n_estimators"": 110, ""reg_alpha"": 0.000124023, ""reg_lambda"": 0.0829958, ""subsample"": 0.83835}",0361d98b61fd9e4a,256351,8215.438550146824,0.3535010191664152,0.46439987630284524,0.6296548655029905,0.23020482461515368,0.22853804861472096,0.50625,0.7177996361628175,0.0017408123791102514,0.4925,0.7037627737224103,0.004233827638082957,0.0012679991403395658,149,0.00026864388566516224,25
xgb_random_search_3y__label_3y_beat_spy__fs1__r50,completed,label_3y_beat_spy,,3,1,7,{},"{""class_weight"": 1.0, ""colsample_bytree"": 0.669031, ""gamma"": 0.148727, ""learning_rate"": 0.0198319, ""max_depth"": 8, ""min_child_weight"": 0.568264, ""n_estimators"": 625, ""reg_alpha"": 0.023566, ""reg_lambda"": 14.0851, ""subsample"": 0.705615}",4cf8d13d693108ed,256351,8215.438550146824,0.3535010191664152,0.45562676542286606,0.6274299653909847,0.2308743928767157,0.22853804861472096,0.459375,0.804337102174759,0.001579626047711154,0.47375,0.7850986253470182,0.00407264130668386,0.0009456264775413711,111,0.00026864388566516224,25
xgb_random_search_3y__label_3y_beat_spy__fs0__r52,completed,label_3y_beat_spy,,3,0,7,{},"{""class_weight"": 1.0, ""colsample_bytree"": 0.411086, ""gamma"": 4.63922, ""learning_rate"": 0.029497, ""max_depth"": 4, ""min_child_weight"": 21.2785, ""n_estimators"": 342, ""reg_alpha"": 0.519106, ""reg_lambda"": 6.35363, ""subsample"": 0.753196}",bf6ca0c4b2cff3c9,256351,8215.438550146824,0.3535010191664152,0.4681770908894177,0.6324875728496666,0.22844403915555958,0.22853804861472096,0.525,0.7445557875558734,0.0018052869116698903,0.48875,0.7291863309592008,0.004201590371803138,0.0037180313776058456,458,0.00026864388566516224,25
xgb_random_search_3y__label_3y_beat_spy__fs0__r32,completed,label_3y_beat_spy,,3,0,7,{},"{""class_weight"": 0.1, ""colsample_bytree"": 0.634782, ""gamma"": 0.0823839, ""learning_rate"": 0.0473159, ""max_depth"": 3, ""min_child_weight"": 109.874, ""n_estimators"": 1181, ""reg_alpha"": 4.80272, ""reg_lambda"": 6.03432, ""subsample"": 0.791046}",683ebed522d85635,256351,8215.438550146824,0.3535010191664152,0.4602627772090283,0.6254217148493002,0.29097822723313904,0.22853804861472096,0.521875,0.2766445537097752,0.001794541156243284,0.495,0.26217598650604484,0.00425531914893617,0.0054588437567160975,671,0.00026864388566516224,25
xgb_random_search_3y__label_3y_beat_spy__fs1__r12,completed,label_3y_beat_spy,,3,1,7,{},"{""class_weight"": 0.25, ""colsample_bytree"": 0.486409, ""gamma"": 0.00166561, ""learning_rate"": 0.0291577, ""max_depth"": 9, ""min_child_weight"": 0.720113, ""n_estimators"": 1056, ""reg_alpha"": 0.151987, ""reg_lambda"": 0.0359306, ""subsample"": 0.799307}",572a3a7ed036e179,256351,8215.438550146824,0.3535010191664152,0.45074413160290616,0.622936661092955,0.23829227853136803,0.22853804861472096,0.41875,0.7373694094829262,0.0014399312271652696,0.4275,0.6900998135656118,0.0036750483558994195,0.0024930152589727056,308,0.00026864388566516224,27
xgb_random_search_3y__label_3y_beat_spy__fs0__r49,completed,label_3y_beat_spy,,3,0,7,{},"{""class_weight"": 0.5, ""colsample_bytree"": 0.921005, ""gamma"": 0.0941638, ""learning_rate"": 0.188662, ""max_depth"": 5, ""min_child_weight"": 1.33629, ""n_estimators"": 1280, ""reg_alpha"": 0.728364, ""reg_lambda"": 0.944164, ""subsample"": 0.883543}",af1367a1c129a18d,256351,8215.438550146824,0.3535010191664152,0.43563956703177,0.6070677784090629,0.2332327884668764,0.22853804861472096,0.428125,0.8785277219489217,0.001472168493445089,0.45375,0.8500067532807588,0.003900709219858156,0.0013002364066193853,156,0.00026864388566516224,27
xgb_random_search_3y__label_3y_beat_spy__fs0__r37,completed,label_3y_beat_spy,,3,0,7,{},"{""class_weight"": 0.25, ""colsample_bytree"": 0.73253, ""gamma"": 0.13208, ""learning_rate"": 0.0944228, ""max_depth"": 3, ""min_child_weight"": 154.997, ""n_estimators"": 261, ""reg_alpha"": 0.191184, ""reg_lambda"": 0.344377, ""subsample"": 0.686019}",450adcbdd3a0ec1d,256351,8215.438550146824,0.3535010191664152,0.457075901073423,0.6249304490829625,0.24687493621596665,0.22853804861472096,0.509375,0.49998391829431055,0.0017515581345368578,0.48625,0.47893545355647804,0.004180098860949924,0.0013754566946056308,166,0.00026864388566516224,25
xgb_random_search_3y__label_3y_beat_spy__fs1__r7,completed,label_3y_beat_spy,,3,1,7,{},"{""class_weight"": 0.5, ""colsample_bytree"": 0.843548, ""gamma"": 0.000951183, ""learning_rate"": 0.0120382, ""max_depth"": 3, ""min_child_weight"": 18.0311, ""n_estimators"": 1131, ""reg_alpha"": 0.000136369, ""reg_lambda"": 6.30312, ""subsample"": 0.676068}",3ffb61bb5fce300d,256351,8215.438550146824,0.3535010191664152,0.45930805658573454,0.6262492437061202,0.22220061790417614,0.22853804861472096,0.490625,0.6448445721529424,0.001687083601977219,0.45875,0.623912967517972,0.003943692241564582,0.0019987105093488074,243,0.00026864388566516224,25
xgb_random_search_3y__label_3y_beat_spy__fs1__r22,completed,label_3y_beat_spy,,3,1,7,{},"{""class_weight"": 0.25, ""colsample_bytree"": 0.92542, ""gamma"": 0.00718385, ""learning_rate"": 0.0131324, ""max_depth"": 3, ""min_child_weight"": 20.4414, ""n_estimators"": 343, ""reg_alpha"": 0.0138632, ""reg_lambda"": 9.17505, ""subsample"": 0.655117}",1863398a937bcd88,256351,8215.438550146824,0.3535010191664152,0.46388310036979374,0.6275968615552293,0.2440322781403471,0.22853804861472096,0.525,0.43372877659276127,0.0018052869116698903,0.48875,0.4168318594992161,0.004201590371803138,0.0035568450462067484,438,0.0002578981302385558,24
xgb_random_search_3y__label_3y_beat_spy__fs0__r78,completed,label_3y_beat_spy,,3,0,7,{},"{""class_weight"": 0.5, ""colsample_bytree"": 0.634013, ""gamma"": 1.09681, ""learning_rate"": 0.0449608, ""max_depth"": 7, ""min_child_weight"": 43.6633, ""n_estimators"": 1189, ""reg_alpha"": 0.114829, ""reg_lambda"": 0.325911, ""subsample"": 0.705449}",22147b940e7acf3c,256351,8215.438550146824,0.3535010191664152,0.45890849374474074,0.62914772467658,0.2218078987460981,0.22853804861472096,0.45,0.6579867775551975,0.0015473887814313346,0.46125,0.6312200010940433,0.003965183752417795,0.0013432194283258113,160,0.0002578981302385558,24
xgb_random_search_3y__label_3y_beat_spy__fs1__r11,completed,label_3y_beat_spy,,3,1,7,{},"{""class_weight"": 0.25, ""colsample_bytree"": 0.486173, ""gamma"": 0.0164306, ""learning_rate"": 0.105434, ""max_depth"": 7, ""min_child_weight"": 106.421, ""n_estimators"": 781, ""reg_alpha"": 0.000150328, ""reg_lambda"": 0.177713, ""subsample"": 0.665223}",791b9437ac56a728,256351,8215.438550146824,0.3535010191664152,0.45029344533283944,0.6213573110123383,0.24482177115775175,0.22853804861472096,0.490625,0.5995725725777448,0.001687083601977219,0.4875,0.5686769412830472,0.004190844616376531,0.00027938964109176876,28,0.0002578981302385558,25
xgb_random_search_3y__label_3y_beat_spy__fs1__r51,completed,label_3y_beat_spy,,3,1,7,{},"{""class_weight"": 0.5, ""colsample_bytree"": 0.991796, ""gamma"": 3.09324, ""learning_rate"": 0.179771, ""max_depth"": 8, ""min_child_weight"": 1.29679, ""n_estimators"": 156, ""reg_alpha"": 0.00138526, ""reg_lambda"": 0.180684, ""subsample"": 0.64616}",86f22beb752c7828,256351,8215.438550146824,0.3535010191664152,0.457021072590901,0.6263777828763565,0.2223400135454768,0.22853804861472096,0.478125,0.6497394029051066,0.0016441005802707931,0.4725,0.6216318120062351,0.004061895551257254,0.000505050505050505,60,0.0002578981302385558,25
xgb_random_search_3y__label_3y_beat_spy__fs0__r48,completed,label_3y_beat_spy,,3,0,7,{},"{""class_weight"": 0.1, ""colsample_bytree"": 0.702366, ""gamma"": 0.00726573, ""learning_rate"": 0.144189, ""max_depth"": 5, ""min_child_weight"": 7.94111, ""n_estimators"": 362, ""reg_alpha"": 0.00196243, ""reg_lambda"": 0.076316, ""subsample"": 0.981555}",ee613bfb2e9895a1,256351,8215.438550146824,0.3535010191664152,0.44475202929585156,0.6178031862120219,0.2858751048751254,0.22853804861472096,0.45625,0.45821949942037465,0.0015688802922845476,0.45,0.4178070976771414,0.0038684719535783366,0.0008918977004083388,106,0.00024715237481194927,23
xgb_random_search_3y__label_3y_beat_spy__fs0__r5,completed,label_3y_beat_spy,,3,0,7,{},"{""class_weight"": 0.25, ""colsample_bytree"": 0.603592, ""gamma"": 0.000121447, ""learning_rate"": 0.0161412, ""max_depth"": 7, ""min_child_weight"": 195.774, ""n_estimators"": 347, ""reg_alpha"": 0.285233, ""reg_lambda"": 0.0154913, ""subsample"": 0.61362}",ff4d514678b49475,256351,8215.438550146824,0.3535010191664152,0.4665042989669756,0.6286257894083014,0.24421810497114074,0.22853804861472096,0.50625,0.4116377436555922,0.0017408123791102514,0.50625,0.40003854922950266,0.004352030947775629,0.005104233827638083,628,0.00024715237481194927,23
xgb_random_search_3y__label_3y_beat_spy__fs0__r29,completed,label_3y_beat_spy,,3,0,7,{},"{""class_weight"": 0.25, ""colsample_bytree"": 0.668815, ""gamma"": 0.000386299, ""learning_rate"": 0.149337, ""max_depth"": 9, ""min_child_weight"": 91.9866, ""n_estimators"": 1374, ""reg_alpha"": 0.0933027, ""reg_lambda"": 2.19536, ""subsample"": 0.749312}",0cce65840f22fc29,256351,8215.438550146824,0.3535010191664152,0.43414936538339677,0.6102252204858926,0.245733767060055,0.22853804861472096,0.471875,0.716522548161447,0.00162260906941758,0.4725,0.6806592733040452,0.004061895551257254,0.001139050075220288,138,0.00024715237481194927,24
xgb_random_search_3y__label_3y_beat_spy__fs1__r16,completed,label_3y_beat_spy,,3,1,7,{},"{""class_weight"": 0.25, ""colsample_bytree"": 0.882777, ""gamma"": 0.633984, ""learning_rate"": 0.0222695, ""max_depth"": 8, ""min_child_weight"": 56.7443, ""n_estimators"": 196, ""reg_alpha"": 0.00048919, ""reg_lambda"": 0.227737, ""subsample"": 0.799136}",c5f18d75de7e74be,256351,8215.438550146824,0.3535010191664152,0.4605472540057624,0.6286370539642229,0.2456851147376304,0.22853804861472096,0.49375,0.4663038245402277,0.0016978293574038256,0.47875,0.4431481454893947,0.0041156243283902855,0.001096067053513862,132,0.00024715237481194927,23
xgb_random_search_3y__label_3y_beat_spy__fs1__r8,completed,label_3y_beat_spy,,3,1,7,{},"{""class_weight"": 0.25, ""colsample_bytree"": 0.410777, ""gamma"": 0.00291659, ""learning_rate"": 0.0883068, ""max_depth"": 3, ""min_child_weight"": 9.59956, ""n_estimators"": 1007, ""reg_alpha"": 0.00121915, ""reg_lambda"": 0.124718, ""subsample"": 0.703256}",b5bf0abdded7d3ac,256351,8215.438550146824,0.3535010191664152,0.4532685226775881,0.6220686496655679,0.2456480011515682,0.22853804861472096,0.475,0.5922527017071844,0.0016333548248441865,0.4775,0.5612117255851626,0.004104878572963679,0.0016548463356973995,200,0.00024715237481194927,24
xgb_random_search_3y__label_3y_beat_spy__fs1__r74,completed,label_3y_beat_spy,,3,1,7,{},"{""class_weight"": 1.0, ""colsample_bytree"": 0.644583, ""gamma"": 0.000366076, ""learning_rate"": 0.0232953, ""max_depth"": 6, ""min_child_weight"": 79.9995, ""n_estimators"": 1390, ""reg_alpha"": 0.00734323, ""reg_lambda"": 10.6636, ""subsample"": 0.949479}",31ddf7da5d1bcb7d,256351,8215.438550146824,0.3535010191664152,0.45487604375198276,0.6250388259069634,0.2322841770613757,0.22853804861472096,0.46875,0.8114905092865229,0.0016118633139909735,0.4775,0.793011197000742,0.004104878572963679,0.0025897270578121643,315,0.00023640661938534278,22
xgb_random_search_3y__label_3y_beat_spy__fs1__r63,completed,label_3y_beat_spy,,3,1,7,{},"{""class_weight"": 1.0, ""colsample_bytree"": 0.909632, ""gamma"": 0.009537, ""learning_rate"": 0.0255136, ""max_depth"": 4, ""min_child_weight"": 10.0547, ""n_estimators"": 110, ""reg_alpha"": 0.000124023, ""reg_lambda"": 0.0829958, ""subsample"": 0.83835}",124aa42dbbe537e9,256351,8215.438550146824,0.3535010191664152,0.4630756724151715,0.6289394690619814,0.2302640068786791,0.22853804861472096,0.4875,0.7176894983276725,0.0016763378465506126,0.47625,0.7034189893305302,0.004094132817537073,0.0010423382763808295,125,0.00023640661938534278,22
xgb_random_search_3y__label_3y_beat_spy__fs1__r5,completed,label_3y_beat_spy,,3,1,7,{},"{""class_weight"": 0.25, ""colsample_bytree"": 0.603592, ""gamma"": 0.000121447, ""learning_rate"": 0.0161412, ""max_depth"": 7, ""min_child_weight"": 195.774, ""n_estimators"": 347, ""reg_alpha"": 0.285233, ""reg_lambda"": 0.0154913, ""subsample"": 0.61362}",a0fa0307b6b29da1,256351,8215.438550146824,0.3535010191664152,0.4656793800534159,0.6280545622432312,0.24436934204640878,0.22853804861472096,0.521875,0.41013013226911427,0.001794541156243284,0.525,0.3986793867126107,0.004513217279174726,0.0013002364066193853,157,0.00023640661938534278,22
xgb_random_search_3y__label_3y_beat_spy__fs1__r44,completed,label_3y_beat_spy,,3,1,7,{},"{""class_weight"": 0.1, ""colsample_bytree"": 0.479965, ""gamma"": 2.83374, ""learning_rate"": 0.0803383, ""max_depth"": 5, ""min_child_weight"": 15.8028, ""n_estimators"": 634, ""reg_alpha"": 0.00842801, ""reg_lambda"": 0.15618, ""subsample"": 0.830175}",7b149ff0eff9980b,256351,8215.438550146824,0.3535010191664152,0.46543893251174406,0.6283525302284121,0.29009126302005334,0.22853804861472096,0.525,0.2569444766268134,0.0018052869116698903,0.49875,0.24159497360698878,0.00428755641521599,0.0011068128089404684,132,0.00023640661938534278,22
xgb_random_search_3y__label_3y_beat_spy__fs1__r46,completed,label_3y_beat_spy,,3,1,7,{},"{""class_weight"": 1.0, ""colsample_bytree"": 0.670665, ""gamma"": 0.0381236, ""learning_rate"": 0.112804, ""max_depth"": 3, ""min_child_weight"": 96.0648, ""n_estimators"": 151, ""reg_alpha"": 0.121837, ""reg_lambda"": 1.54026, ""subsample"": 0.660616}",bb2f48cee71b6876,256351,8215.438550146824,0.3535010191664152,0.4576590532773315,0.6252150693648711,0.2308115404968117,0.22853804861472096,0.4875,0.7764995753765106,0.0016763378465506126,0.4775,0.7606578359007835,0.004104878572963679,0.002869116698903933,349,0.0002256608639587363,22
xgb_random_search_3y__label_3y_beat_spy__fs0__r44,completed,label_3y_beat_spy,,3,0,7,{},"{""class_weight"": 0.1, ""colsample_bytree"": 0.479965, ""gamma"": 2.83374, ""learning_rate"": 0.0803383, ""max_depth"": 5, ""min_child_weight"": 15.8028, ""n_estimators"": 634, ""reg_alpha"": 0.00842801, ""reg_lambda"": 0.15618, ""subsample"": 0.830175}",a70bb4bec39390f9,256351,8215.438550146824,0.3535010191664152,0.4670427912435517,0.6299174040734087,0.2899690608744511,0.22853804861472096,0.546875,0.25797209846787156,0.0018805071996561358,0.50375,0.24264806620776652,0.004330539436922415,0.004556200300881152,558,0.0002256608639587363,21
xgb_random_search_3y__label_3y_beat_spy__fs1__r70,completed,label_3y_beat_spy,,3,1,7,{},"{""class_weight"": 0.25, ""colsample_bytree"": 0.467998, ""gamma"": 0.000949267, ""learning_rate"": 0.0544283, ""max_depth"": 9, ""min_child_weight"": 14.7892, ""n_estimators"": 1421, ""reg_alpha"": 7.71129, ""reg_lambda"": 1.10157, ""subsample"": 0.903547}",ff4781a6d848067d,256351,8215.438550146824,0.3535010191664152,0.45607600152981076,0.6261040592557509,0.2437904564074358,0.22853804861472096,0.503125,0.5919690524227917,0.001730066623683645,0.51625,0.5589390252903104,0.004437996991188481,0.0030732860520094564,374,0.0002256608639587363,22
xgb_random_search_3y__label_3y_beat_spy__fs1__r29,completed,label_3y_beat_spy,,3,1,7,{},"{""class_weight"": 0.25, ""colsample_bytree"": 0.668815, ""gamma"": 0.000386299, ""learning_rate"": 0.149337, ""max_depth"": 9, ""min_child_weight"": 91.9866, ""n_estimators"": 1374, ""reg_alpha"": 0.0933027, ""reg_lambda"": 2.19536, ""subsample"": 0.749312}",5dee09027883a5df,256351,8215.438550146824,0.3535010191664152,0.4372545817188682,0.611677724870006,0.24536387578585298,0.22853804861472096,0.5,0.7103752459399402,0.0017193208682570384,0.48625,0.6737000788375735,0.004180098860949924,0.0018267784225231033,223,0.0002256608639587363,22
xgb_random_search_3y__label_3y_beat_spy__fs1__r75,completed,label_3y_beat_spy,,3,1,7,{},"{""class_weight"": 0.1, ""colsample_bytree"": 0.564287, ""gamma"": 0.302135, ""learning_rate"": 0.0250108, ""max_depth"": 4, ""min_child_weight"": 153.006, ""n_estimators"": 269, ""reg_alpha"": 0.447726, ""reg_lambda"": 2.87966, ""subsample"": 0.685458}",c995a531cbd18596,256351,8215.438550146824,0.3535010191664152,0.46684573484132774,0.6269863137427159,0.28998535313360707,0.22853804861472096,0.509375,0.21097517823800443,0.0017515581345368578,0.51625,0.20496805926784872,0.004437996991188481,0.0010315925209542231,122,0.0002149151085321298,20
xgb_random_search_3y__label_3y_beat_spy__fs1__r64,completed,label_3y_beat_spy,,3,1,7,{},"{""class_weight"": 0.1, ""colsample_bytree"": 0.974315, ""gamma"": 1.23226, ""learning_rate"": 0.167655, ""max_depth"": 8, ""min_child_weight"": 22.6341, ""n_estimators"": 730, ""reg_alpha"": 0.0864657, ""reg_lambda"": 0.0191934, ""subsample"": 0.624762}",496bf498d116be7a,256351,8215.438550146824,0.3535010191664152,0.4612753793761829,0.6275809847688759,0.2906328242822208,0.22853804861472096,0.525,0.293627491639927,0.0018052869116698903,0.48125,0.2713187477551401,0.004137115839243499,0.001182033096926714,142,0.0002149151085321298,20
xgb_random_search_3y__label_3y_beat_spy__fs0__r39,completed,label_3y_beat_spy,,3,0,7,{},"{""class_weight"": 0.1, ""colsample_bytree"": 0.663077, ""gamma"": 0.0368749, ""learning_rate"": 0.0977403, ""max_depth"": 7, ""min_child_weight"": 0.763281, ""n_estimators"": 628, ""reg_alpha"": 0.000175244, ""reg_lambda"": 0.0732118, ""subsample"": 0.88891}",fe8c316ba76c6346,256351,8215.438550146824,0.3535010191664152,0.44477153015262194,0.616108815360511,0.27379749748544024,0.22853804861472096,0.425,0.6872210687026381,0.0014614227380184827,0.4375,0.627301801070571,0.0037610143993122716,0.001708575112830432,208,0.0002149151085321298,21
xgb_random_search_3y__label_3y_beat_spy__fs1__r42,completed,label_3y_beat_spy,,3,1,7,{},"{""class_weight"": 0.25, ""colsample_bytree"": 0.53438, ""gamma"": 3.52656, ""learning_rate"": 0.0231899, ""max_depth"": 3, ""min_child_weight"": 2.53433, ""n_estimators"": 629, ""reg_alpha"": 2.59727, ""reg_lambda"": 0.106828, ""subsample"": 0.750532}",8aabbc2de843a701,256351,8215.438550146824,0.3535010191664152,0.4665696405145492,0.6295754396585399,0.2442866604960893,0.22853804861472096,0.525,0.43375241393223407,0.0018052869116698903,0.525,0.4174352387711406,0.004513217279174726,0.002783150655491081,341,0.0002149151085321298,20
xgb_random_search_3y__label_3y_beat_spy__fs1__r19,completed,label_3y_beat_spy,,3,1,7,{},"{""class_weight"": 0.25, ""colsample_bytree"": 0.492948, ""gamma"": 0.991567, ""learning_rate"": 0.104656, ""max_depth"": 3, ""min_child_weight"": 22.7193, ""n_estimators"": 1150, ""reg_alpha"": 0.599262, ""reg_lambda"": 0.109373, ""subsample"": 0.857947}",a5ee9ce3d03c68a3,256351,8215.438550146824,0.3535010191664152,0.46002128150920163,0.6270573632783949,0.24571314250382298,0.22853804861472096,0.459375,0.48423751620575783,0.001579626047711154,0.45875,0.46434068970382214,0.003943692241564582,0.0015688802922845476,191,0.0002149151085321298,20
xgb_random_search_3y__label_3y_beat_spy__fs0__r46,completed,label_3y_beat_spy,,3,0,7,{},"{""class_weight"": 1.0, ""colsample_bytree"": 0.670665, ""gamma"": 0.0381236, ""learning_rate"": 0.112804, ""max_depth"": 3, ""min_child_weight"": 96.0648, ""n_estimators"": 151, ""reg_alpha"": 0.121837, ""reg_lambda"": 1.54026, ""subsample"": 0.660616}",9e4b534731b01264,256351,8215.438550146824,0.3535010191664152,0.4602204246833252,0.6268967510229513,0.23010767850914793,0.22853804861472096,0.45625,0.7749968132004141,0.0015688802922845476,0.46875,0.7599093905836344,0.004029658284977434,0.0018912529550827422,232,0.0002149151085321298,21
xgb_random_search_3y__label_3y_beat_spy__fs0__r62,completed,label_3y_beat_spy,,3,0,7,{},"{""class_weight"": 1.0, ""colsample_bytree"": 0.50834, ""gamma"": 0.514301, ""learning_rate"": 0.193784, ""max_depth"": 4, ""min_child_weight"": 156.704, ""n_estimators"": 767, ""reg_alpha"": 3.72745, ""reg_lambda"": 27.0478, ""subsample"": 0.82111}",31e5f9f52b660940,256351,8215.438550146824,0.3535010191664152,0.454351244569724,0.6234586384554259,0.23194992700452607,0.22853804861472096,0.490625,0.8095866907387972,0.001687083601977219,0.49375,0.7928613158315421,0.004244573393509564,0.0014506769825918763,173,0.0002041693531055233,19
xgb_random_search_3y__label_3y_beat_spy__fs0__r11,completed,label_3y_beat_spy,,3,0,7,{},"{""class_weight"": 0.25, ""colsample_bytree"": 0.486173, ""gamma"": 0.0164306, ""learning_rate"": 0.105434, ""max_depth"": 7, ""min_child_weight"": 106.421, ""n_estimators"": 781, ""reg_alpha"": 0.000150328, ""reg_lambda"": 0.177713, ""subsample"": 0.665223}",df8732ac31d72513,256351,8215.438550146824,0.3535010191664152,0.44784738910554844,0.6199726570702033,0.24521076322306493,0.22853804861472096,0.478125,0.6029601521790028,0.0016441005802707931,0.485,0.572348071448505,0.004169353105523318,0.0003438641736514077,39,0.0002041693531055233,19
xgb_random_search_3y__label_3y_beat_spy__fs1__r58,completed,label_3y_beat_spy,,3,1,7,{},"{""class_weight"": 1.0, ""colsample_bytree"": 0.886125, ""gamma"": 0.000502762, ""learning_rate"": 0.14626, ""max_depth"": 6, ""min_child_weight"": 6.83295, ""n_estimators"": 1074, ""reg_alpha"": 0.00401923, ""reg_lambda"": 1.48196, ""subsample"": 0.938637}",b08a9fe9259d5d53,256351,8215.438550146824,0.3535010191664152,0.436246172024062,0.6059330875252181,0.24644107545122312,0.22853804861472096,0.421875,0.9299772376194596,0.0014506769825918763,0.4425,0.9123887898027897,0.0038039974210186977,0.001977218998495594,243,0.00019342359767891682,19
xgb_random_search_3y__label_3y_beat_spy__fs1__r39,completed,label_3y_beat_spy,,3,1,7,{},"{""class_weight"": 0.1, ""colsample_bytree"": 0.663077, ""gamma"": 0.0368749, ""learning_rate"": 0.0977403, ""max_depth"": 7, ""min_child_weight"": 0.763281, ""n_estimators"": 628, ""reg_alpha"": 0.000175244, ""reg_lambda"": 0.0732118, ""subsample"": 0.88891}",b76e61e75c91a964,256351,8215.438550146824,0.3535010191664152,0.44618534690001926,0.618109385908046,0.27402060812076795,0.22853804861472096,0.39375,0.6781885511241853,0.0013539651837524177,0.43125,0.6153681949898601,0.0037072856221792394,0.001182033096926714,145,0.00018267784225231033,18
xgb_random_search_3y__label_3y_beat_spy__fs1__r52,completed,label_3y_beat_spy,,3,1,7,{},"{""class_weight"": 1.0, ""colsample_bytree"": 0.411086, ""gamma"": 4.63922, ""learning_rate"": 0.029497, ""max_depth"": 4, ""min_child_weight"": 21.2785, ""n_estimators"": 342, ""reg_alpha"": 0.519106, ""reg_lambda"": 6.35363, ""subsample"": 0.753196}",9f6f5877c4761dff,256351,8215.438550146824,0.3535010191664152,0.4679080950542682,0.6320951655703617,0.2283981909113006,0.22853804861472096,0.525,0.744569887034595,0.0018052869116698903,0.51125,0.7284540934860706,0.004395013969482054,0.0033204384268214057,406,0.00017193208682570385,16
xgb_random_search_3y__label_3y_beat_spy__fs0__r59,completed,label_3y_beat_spy,,3,0,7,{},"{""class_weight"": 0.1, ""colsample_bytree"": 0.771957, ""gamma"": 7.13238, ""learning_rate"": 0.0130163, ""max_depth"": 7, ""min_child_weight"": 0.92123, ""n_estimators"": 445, ""reg_alpha"": 5.93541, ""reg_lambda"": 2.43762, ""subsample"": 0.723858}",6df0c5fbde9ff57b,256351,8215.438550146824,0.3535010191664152,0.4678034727688991,0.627331314412253,0.28905573765454257,0.22853804861472096,0.5375,0.1866004170384258,0.0018482699333763164,0.5075,0.18351179386489094,0.004362776703202235,0.0058241994412207175,715,0.00013969482054588438,13
xgb_random_search_3y__label_3y_beat_spy__fs0__r58,completed,label_3y_beat_spy,,3,0,7,{},"{""class_weight"": 1.0, ""colsample_bytree"": 0.886125, ""gamma"": 0.000502762, ""learning_rate"": 0.14626, ""max_depth"": 6, ""min_child_weight"": 6.83295, ""n_estimators"": 1074, ""reg_alpha"": 0.00401923, ""reg_lambda"": 1.48196, ""subsample"": 0.938637}",206a3127fc825965,256351,8215.438550146824,0.3535010191664152,0.4345156898349385,0.6048480518666846,0.24769705377637147,0.22853804861472096,0.440625,0.9328244719654322,0.0015151515151515152,0.4525,0.9152814262360335,0.0038899634644315494,0.0009026434558349452,109,0.00013969482054588438,14
xgb_random_search_3y__label_3y_beat_spy__fs1__r49,completed,label_3y_beat_spy,,3,1,7,{},"{""class_weight"": 0.5, ""colsample_bytree"": 0.921005, ""gamma"": 0.0941638, ""learning_rate"": 0.188662, ""max_depth"": 5, ""min_child_weight"": 1.33629, ""n_estimators"": 1280, ""reg_alpha"": 0.728364, ""reg_lambda"": 0.944164, ""subsample"": 0.883543}",4c04559fd8d41640,256351,8215.438550146824,0.3535010191664152,0.43756692710900424,0.6093422803898025,0.2323076257454184,0.22853804861472096,0.453125,0.8710398349910975,0.0015581345368579412,0.445,0.8430952978879214,0.0038254889318719105,0.0008059316569954867,96,0.0001289490651192779,12
xgb_random_search_3y__label_3y_beat_spy__fs1__r59,completed,label_3y_beat_spy,,3,1,7,{},"{""class_weight"": 0.1, ""colsample_bytree"": 0.771957, ""gamma"": 7.13238, ""learning_rate"": 0.0130163, ""max_depth"": 7, ""min_child_weight"": 0.92123, ""n_estimators"": 445, ""reg_alpha"": 5.93541, ""reg_lambda"": 2.43762, ""subsample"": 0.723858}",0e4b9cfca20b8d49,256351,8215.438550146824,0.3535010191664152,0.4672413071294759,0.6265326385982066,0.2891166703722089,0.22853804861472096,0.5,0.18629519212991,0.0017193208682570384,0.49125,0.18312913312576712,0.004223081882656351,0.0056845046206748335,699,0.0001289490651192779,12
xgb_random_search_3y__label_3y_beat_spy__fs1__r62,completed,label_3y_beat_spy,,3,1,7,{},"{""class_weight"": 1.0, ""colsample_bytree"": 0.50834, ""gamma"": 0.514301, ""learning_rate"": 0.193784, ""max_depth"": 4, ""min_child_weight"": 156.704, ""n_estimators"": 767, ""reg_alpha"": 3.72745, ""reg_lambda"": 27.0478, ""subsample"": 0.82111}",db9b7f0e2ef81953,256351,8215.438550146824,0.3535010191664152,0.4557158025788502,0.624280581048802,0.2317834793914633,0.22853804861472096,0.496875,0.8062910351902246,0.001708575112830432,0.51625,0.7907709743082524,0.004437996991188481,0.001096067053513862,131,0.0001289490651192779,12
xgb_random_search_3y__label_3y_beat_spy__fs1__r24,completed,label_3y_beat_spy,,3,1,7,{},"{""class_weight"": 0.1, ""colsample_bytree"": 0.675877, ""gamma"": 7.45178, ""learning_rate"": 0.011417, ""max_depth"": 3, ""min_child_weight"": 189.421, ""n_estimators"": 427, ""reg_alpha"": 0.000398751, ""reg_lambda"": 0.285307, ""subsample"": 0.682944}",5499222805a0f07c,256351,8215.438550146824,0.3535010191664152,0.47335310301011824,0.6282213667803652,0.2896230122071814,0.22853804861472096,0.503125,0.1734034580178559,0.001730066623683645,0.4775,0.17138671209104359,0.004104878572963679,0.00019342359767891682,22,6.447453255963895e-05,6
xgb_random_search_3y__label_3y_beat_spy__fs0__r24,completed,label_3y_beat_spy,,3,0,7,{},"{""class_weight"": 0.1, ""colsample_bytree"": 0.675877, ""gamma"": 7.45178, ""learning_rate"": 0.011417, ""max_depth"": 3, ""min_child_weight"": 189.421, ""n_estimators"": 427, ""reg_alpha"": 0.000398751, ""reg_lambda"": 0.285307, ""subsample"": 0.682944}",08c45d04752161f2,256351,8215.438550146824,0.3535010191664152,0.47398706959562614,0.6289984256541873,0.2895738532401872,0.22853804861472096,0.46875,0.1744168261764571,0.0016118633139909735,0.46125,0.17233408076688647,0.003965183752417795,0.00016118633139909736,19,3.223726627981947e-05,3
