date,asset,ticker,side,reason,shares,price,price_date,gross,cost,combined_score,group,score_forest_nonloser_dd30_3y,cost_basis,profit
2005-01-03,197624,VMRK,buy,rebalance,7.0,13.502,2005-01-03,94.51400000000001,0.33079900000000007,0.7902061009948006,Real Estate,0.7902061009948006,,
2005-01-03,197647,VNO,buy,rebalance,4.0,24.767,2005-01-03,99.068,0.346738,0.7861623638048015,Real Estate,0.7861623638048015,,
2005-01-03,196056,NS,buy,rebalance,8.0,11.301,2005-01-03,90.408,0.316428,0.7289168038458202,Energy,0.7289168038458202,,
2005-01-03,197771,KMP,buy,rebalance,4.0,22.584,2005-01-03,90.336,0.316176,0.7211059157320369,Energy,0.7211059157320369,,
2005-01-03,195783,GLAD,buy,rebalance,15.0,6.416,2005-01-03,96.24000000000001,0.33684000000000003,0.7173522305869594,Financial Services,0.7173522305869594,,
2005-01-03,116077,KMI1,buy,rebalance,1.0,64.638,2005-01-03,64.638,0.22623300000000002,0.7089674162866844,Utilities,0.7089674162866844,,
2005-01-03,199728,CLGX,buy,rebalance,5.0,17.465,2005-01-03,87.325,0.3056375,0.6928892181528649,Technology,0.6928892181528649,,
2005-01-03,199673,GGG,buy,rebalance,11.0,8.563,2005-01-03,94.19300000000001,0.32967550000000007,0.6877925799341068,Industrials,0.6877925799341068,,
2005-01-03,197333,APU,buy,rebalance,10.0,9.117,2005-01-03,91.17000000000002,0.3190950000000001,0.681728474259108,Utilities,0.681728474259108,,
2005-01-03,198253,LDR,buy,rebalance,3.0,28.041,2005-01-03,84.123,0.29443050000000004,0.6807166884075294,Technology,0.6807166884075294,,
2005-02-01,197624,VMRK,buy,rebalance,9.0,12.211,2005-02-01,109.899,0.3846465,0.7902061009948006,Real Estate,0.7902061009948006,,
2005-02-01,197647,VNO,buy,rebalance,4.0,22.893,2005-02-01,91.572,0.320502,0.7861623638048014,Real Estate,0.7861623638048014,,
2005-02-01,196056,NS,buy,rebalance,9.0,11.899,2005-02-01,107.091,0.3748185,0.7289168038458202,Energy,0.7289168038458202,,
2005-02-01,197771,KMP,buy,rebalance,4.0,24.121,2005-02-01,96.484,0.337694,0.7211059157320369,Energy,0.7211059157320369,,
2005-02-01,195783,GLAD,buy,rebalance,17.0,6.461,2005-02-01,109.837,0.38442950000000004,0.7173522305869594,Financial Services,0.7173522305869594,,
2005-02-01,116077,KMI1,buy,rebalance,1.0,69.5,2005-02-01,69.5,0.24325,0.7089674162866842,Utilities,0.7089674162866842,,
2005-02-01,199728,CLGX,buy,rebalance,5.0,18.851,2005-02-01,94.255,0.3298925,0.6928892181528647,Technology,0.6928892181528647,,
2005-02-01,199673,GGG,buy,rebalance,13.0,8.437,2005-02-01,109.681,0.3838835,0.6877925799341068,Industrials,0.6877925799341068,,
2005-02-01,197333,APU,buy,rebalance,11.0,9.341,2005-02-01,102.75099999999999,0.35962849999999996,0.681728474259108,Utilities,0.681728474259108,,
2005-02-01,198253,LDR,buy,rebalance,3.0,29.059,2005-02-01,87.177,0.30511950000000004,0.6807166884075293,Technology,0.6807166884075293,,
2005-03-01,197624,VMRK,buy,rebalance,8.0,12.588,2005-03-01,100.704,0.352464,0.7902061009948006,Real Estate,0.7902061009948006,,
2005-03-01,197647,VNO,buy,rebalance,4.0,22.992,2005-03-01,91.968,0.321888,0.7861623638048015,Real Estate,0.7861623638048015,,
2005-03-01,196056,NS,buy,rebalance,9.0,11.947,2005-03-01,107.523,0.3763305,0.7289168038458202,Energy,0.7289168038458202,,
2005-03-01,197771,KMP,buy,rebalance,4.0,24.606,2005-03-01,98.424,0.344484,0.7211059157320369,Energy,0.7211059157320369,,
2005-03-01,195783,GLAD,buy,rebalance,16.0,6.596,2005-03-01,105.536,0.36937600000000004,0.7173522305869594,Financial Services,0.7173522305869594,,
2005-03-01,116077,KMI1,buy,rebalance,1.0,73.724,2005-03-01,73.724,0.25803400000000004,0.7089674162866844,Utilities,0.7089674162866844,,
2005-03-01,199728,CLGX,buy,rebalance,6.0,18.465,2005-03-01,110.78999999999999,0.38776499999999997,0.6928892181528649,Technology,0.6928892181528649,,
2005-03-01,199673,GGG,buy,rebalance,12.0,9.013,2005-03-01,108.156,0.37854600000000005,0.6877925799341068,Industrials,0.6877925799341068,,
2005-03-01,197333,APU,buy,rebalance,12.0,9.286,2005-03-01,111.43199999999999,0.39001199999999997,0.681728474259108,Utilities,0.681728474259108,,
2005-03-01,198253,LDR,buy,rebalance,3.0,29.908,2005-03-01,89.724,0.31403400000000004,0.6807166884075293,Technology,0.6807166884075293,,
2005-04-01,196956,WPC,buy,rebalance,13.0,8.221,2005-04-01,106.873,0.37405550000000004,0.781852448890592,Real Estate,0.781852448890592,,
2005-04-01,197515,AVB,buy,rebalance,3.0,31.304,2005-04-01,93.91199999999999,0.328692,0.7679565237941279,Real Estate,0.7679565237941279,,
2005-04-01,196056,NS,buy,rebalance,9.0,11.769,2005-04-01,105.921,0.37072350000000004,0.7327543019901118,Energy,0.7327543019901118,,
2005-04-01,197597,OKS,buy,rebalance,10.0,10.71,2005-04-01,107.10000000000001,0.37485,0.7309526917004456,Energy,0.7309526917004456,,
2005-04-01,195783,GLAD,buy,rebalance,19.0,5.745,2005-04-01,109.155,0.3820425,0.7250939650944956,Financial Services,0.7250939650944956,,
2005-04-01,116077,KMI1,buy,rebalance,1.0,70.489,2005-04-01,70.489,0.24671150000000003,0.7025964040662078,Utilities,0.7025964040662078,,
2005-04-01,199728,CLGX,buy,rebalance,6.0,16.471,2005-04-01,98.826,0.345891,0.6980685417725923,Technology,0.6980685417725923,,
2005-04-01,198363,FUN,buy,rebalance,9.0,11.224,2005-04-01,101.016,0.35355600000000004,0.6902323369769009,Consumer Cyclical,0.6902323369769009,,
2005-04-01,199841,CLX,buy,rebalance,3.0,33.436,2005-04-01,100.30799999999999,0.351078,0.6832490314994341,Consumer Defensive,0.6832490314994341,,
2005-04-01,199551,SPGI,buy,rebalance,3.0,28.351,2005-04-01,85.053,0.2976855,0.678093719076999,Financial Services,0.678093719076999,,
2005-05-02,196956,WPC,buy,rebalance,14.0,8.056,2005-05-02,112.78399999999999,0.394744,0.7818524488905921,Real Estate,0.7818524488905921,,
2005-05-02,197515,AVB,buy,rebalance,3.0,33.792,2005-05-02,101.376,0.354816,0.7679565237941279,Real Estate,0.7679565237941279,,
2005-05-02,196056,NS,buy,rebalance,9.0,12.274,2005-05-02,110.466,0.386631,0.7327543019901118,Energy,0.7327543019901118,,
2005-05-02,197597,OKS,buy,rebalance,10.0,10.398,2005-05-02,103.97999999999999,0.36393,0.7309526917004456,Energy,0.7309526917004456,,
2005-05-02,195783,GLAD,buy,rebalance,18.0,6.179,2005-05-02,111.22200000000001,0.38927700000000004,0.7250939650944955,Financial Services,0.7250939650944955,,
2005-05-02,116077,KMI1,buy,rebalance,1.0,71.17,2005-05-02,71.17,0.249095,0.7025964040662078,Utilities,0.7025964040662078,,
2005-05-02,199728,CLGX,buy,rebalance,6.0,18.426,2005-05-02,110.55599999999998,0.38694599999999996,0.6980685417725921,Technology,0.6980685417725921,,
2005-05-02,198363,FUN,buy,rebalance,10.0,11.038,2005-05-02,110.38,0.38633,0.6902323369769008,Consumer Cyclical,0.6902323369769008,,
2005-05-02,199841,CLX,buy,rebalance,3.0,33.854,2005-05-02,101.562,0.355467,0.6832490314994342,Consumer Defensive,0.6832490314994342,,
2005-05-02,199551,SPGI,buy,rebalance,3.0,29.014,2005-05-02,87.042,0.304647,0.678093719076999,Financial Services,0.678093719076999,,
2005-06-01,196956,WPC,buy,rebalance,13.0,8.045,2005-06-01,104.585,0.36604749999999997,0.7818524488905921,Real Estate,0.7818524488905921,,
2005-06-01,197515,AVB,buy,rebalance,3.0,35.839,2005-06-01,107.517,0.3763095,0.7679565237941279,Real Estate,0.7679565237941279,,
2005-06-01,196056,NS,buy,rebalance,9.0,11.86,2005-06-01,106.74,0.37359,0.7327543019901118,Energy,0.7327543019901118,,
2005-06-01,197597,OKS,buy,rebalance,10.0,10.713,2005-06-01,107.13,0.374955,0.7309526917004456,Energy,0.7309526917004456,,
2005-06-01,195783,GLAD,buy,rebalance,17.0,6.292,2005-06-01,106.964,0.374374,0.7250939650944954,Financial Services,0.7250939650944954,,
2005-06-01,116077,KMI1,buy,rebalance,1.0,74.034,2005-06-01,74.034,0.25911900000000004,0.7025964040662077,Utilities,0.7025964040662077,,
2005-06-01,199728,CLGX,buy,rebalance,5.0,20.154,2005-06-01,100.77,0.352695,0.6980685417725921,Technology,0.6980685417725921,,
2005-06-01,198363,FUN,buy,rebalance,9.0,11.21,2005-06-01,100.89000000000001,0.35311500000000007,0.6902323369769007,Consumer Cyclical,0.6902323369769007,,
2005-06-01,199841,CLX,buy,rebalance,3.0,31.306,2005-06-01,93.918,0.32871300000000003,0.6832490314994341,Consumer Defensive,0.6832490314994341,,
2005-06-01,199551,SPGI,buy,rebalance,3.0,28.878,2005-06-01,86.634,0.303219,0.678093719076999,Financial Services,0.678093719076999,,
2005-07-01,194082,PSA,buy,rebalance,3.0,30.338,2005-07-01,91.01400000000001,0.318549,0.7857818300485927,Real Estate,0.7857818300485927,,
2005-07-01,197266,LSI,buy,rebalance,8.0,13.656,2005-07-01,109.248,0.38236800000000004,0.7830817307737439,Real Estate,0.7830817307737439,,
2005-07-01,196056,NS,buy,rebalance,9.0,11.852,2005-07-01,106.668,0.373338,0.7457397788204819,Energy,0.7457397788204819,,
2005-07-01,197597,OKS,buy,rebalance,10.0,10.996,2005-07-01,109.96000000000001,0.38486000000000004,0.7243220458834498,Energy,0.7243220458834498,,
2005-07-01,116077,KMI1,buy,rebalance,1.0,78.056,2005-07-01,78.056,0.273196,0.6999275165249685,Utilities,0.6999275165249685,,
2005-07-01,198363,FUN,buy,rebalance,9.0,11.742,2005-07-01,105.67800000000001,0.36987300000000006,0.688262102290987,Consumer Cyclical,0.688262102290987,,
2005-07-01,199688,GE,buy,rebalance,1.0,101.738,2005-07-01,101.738,0.356083,0.6815078456313222,Industrials,0.6815078456313222,,
2005-07-01,199841,CLX,buy,rebalance,3.0,29.778,2005-07-01,89.334,0.31266900000000003,0.6778653413697673,Consumer Defensive,0.6778653413697673,,
2005-07-01,197333,APU,buy,rebalance,10.0,10.475,2005-07-01,104.75,0.36662500000000003,0.6714167662390859,Utilities,0.6714167662390859,,
2005-07-01,199551,SPGI,buy,rebalance,3.0,29.235,2005-07-01,87.705,0.3069675,0.6708238308456873,Financial Services,0.6708238308456873,,
2005-08-01,194082,PSA,buy,rebalance,3.0,31.327,2005-08-01,93.98100000000001,0.32893350000000005,0.7857818300485926,Real Estate,0.7857818300485926,,
2005-08-01,197266,LSI,buy,rebalance,7.0,14.762,2005-08-01,103.334,0.361669,0.7830817307737439,Real Estate,0.7830817307737439,,
2005-08-01,196056,NS,buy,rebalance,9.0,11.797,2005-08-01,106.173,0.37160550000000003,0.7457397788204819,Energy,0.7457397788204819,,
2005-08-01,197597,OKS,buy,rebalance,9.0,11.551,2005-08-01,103.959,0.3638565,0.7243220458834497,Energy,0.7243220458834497,,
2005-08-01,116077,KMI1,buy,rebalance,1.0,83.364,2005-08-01,83.364,0.29177400000000003,0.6999275165249685,Utilities,0.6999275165249685,,
2005-08-01,198363,FUN,buy,rebalance,9.0,12.208,2005-08-01,109.872,0.384552,0.688262102290987,Consumer Cyclical,0.688262102290987,,
2005-08-01,199688,GE,buy,rebalance,1.0,100.303,2005-08-01,100.303,0.3510605,0.6815078456313222,Industrials,0.6815078456313222,,
2005-08-01,199841,CLX,buy,rebalance,3.0,29.898,2005-08-01,89.694,0.313929,0.6778653413697673,Consumer Defensive,0.6778653413697673,,
2005-08-01,197333,APU,buy,rebalance,10.0,10.912,2005-08-01,109.12,0.38192000000000004,0.6714167662390859,Utilities,0.6714167662390859,,
2005-08-01,199551,SPGI,buy,rebalance,3.0,30.71,2005-08-01,92.13,0.322455,0.6708238308456873,Financial Services,0.6708238308456873,,
2005-09-01,194082,PSA,buy,rebalance,3.0,32.602,2005-09-01,97.80599999999998,0.34232099999999993,0.7857818300485928,Real Estate,0.7857818300485928,,
2005-09-01,197266,LSI,buy,rebalance,8.0,14.119,2005-09-01,112.952,0.395332,0.783081730773744,Real Estate,0.783081730773744,,
2005-09-01,196056,NS,buy,rebalance,9.0,11.638,2005-09-01,104.742,0.366597,0.7457397788204819,Energy,0.7457397788204819,,
2005-09-01,197597,OKS,buy,rebalance,10.0,10.785,2005-09-01,107.85,0.377475,0.7243220458834497,Energy,0.7243220458834497,,
2005-09-01,116077,KMI1,buy,rebalance,1.0,91.353,2005-09-01,91.353,0.3197355,0.6999275165249687,Utilities,0.6999275165249687,,
2005-09-01,198363,FUN,buy,rebalance,9.0,11.461,2005-09-01,103.149,0.3610215,0.688262102290987,Consumer Cyclical,0.688262102290987,,
2005-09-01,199688,GE,buy,rebalance,1.0,97.053,2005-09-01,97.053,0.3396855,0.681507845631322,Industrials,0.681507845631322,,
2005-09-01,199841,CLX,buy,rebalance,3.0,30.741,2005-09-01,92.223,0.3227805,0.6778653413697673,Consumer Defensive,0.6778653413697673,,
2005-09-01,197333,APU,buy,rebalance,10.0,11.043,2005-09-01,110.42999999999999,0.386505,0.6714167662390859,Utilities,0.6714167662390859,,
2005-09-01,199551,SPGI,buy,rebalance,3.0,31.991,2005-09-01,95.973,0.3359055,0.6708238308456874,Financial Services,0.6708238308456874,,
2005-10-03,179085,TRZ,buy,rebalance,5.0,22.316,2005-10-03,111.58,0.39053,0.7976086361079217,Real Estate,0.7976086361079217,,
2005-10-03,198597,WELL,buy,rebalance,8.0,13.959,2005-10-03,111.672,0.390852,0.790264802166605,Real Estate,0.790264802166605,,
2005-10-03,196056,NS,buy,rebalance,9.0,11.443,2005-10-03,102.987,0.3604545,0.7275517477296888,Energy,0.7275517477296888,,
2005-10-03,197771,KMP,buy,rebalance,3.0,28.729,2005-10-03,86.187,0.3016545,0.726301817199448,Energy,0.726301817199448,,
2005-10-03,198508,MSFT,buy,rebalance,6.0,17.618,2005-10-03,105.708,0.36997800000000003,0.6971391338167029,Technology,0.6971391338167029,,
2005-10-03,199728,CLGX,buy,rebalance,4.0,23.37,2005-10-03,93.48,0.32718,0.6880361225836976,Technology,0.6880361225836976,,
2005-10-03,173054,CTCO,buy,rebalance,3.0,35.219,2005-10-03,105.65700000000001,0.36979950000000006,0.6878978366949553,Communication Services,0.6878978366949553,,
2005-10-03,198363,FUN,buy,rebalance,10.0,10.984,2005-10-03,109.84,0.38444,0.680312732797303,Consumer Cyclical,0.680312732797303,,
2005-10-03,199544,MDP,buy,rebalance,3.0,29.709,2005-10-03,89.127,0.3119445,0.6781338966757642,Consumer Cyclical,0.6781338966757642,,
2005-10-03,199003,HE,buy,rebalance,8.0,12.522,2005-10-03,100.176,0.35061600000000004,0.6750299166784808,Utilities,0.6750299166784808,,
2005-11-01,179085,TRZ,buy,rebalance,5.0,20.841,2005-11-01,104.20500000000001,0.36471750000000003,0.7976086361079217,Real Estate,0.7976086361079217,,
2005-11-01,198597,WELL,buy,rebalance,8.0,13.155,2005-11-01,105.24,0.36834,0.7902648021666051,Real Estate,0.7902648021666051,,
2005-11-01,196056,NS,buy,rebalance,9.0,11.584,2005-11-01,104.256,0.364896,0.7275517477296887,Energy,0.7275517477296887,,
2005-11-01,197771,KMP,buy,rebalance,3.0,28.452,2005-11-01,85.35600000000001,0.298746,0.726301817199448,Energy,0.726301817199448,,
2005-11-01,198508,MSFT,buy,rebalance,6.0,17.936,2005-11-01,107.616,0.376656,0.6971391338167029,Technology,0.6971391338167029,,
2005-11-01,199728,CLGX,buy,rebalance,4.0,22.489,2005-11-01,89.956,0.314846,0.6880361225836978,Technology,0.6880361225836978,,
2005-11-01,173054,CTCO,buy,rebalance,3.0,33.122,2005-11-01,99.366,0.347781,0.6878978366949553,Communication Services,0.6878978366949553,,
2005-11-01,198363,FUN,buy,rebalance,10.0,10.683,2005-11-01,106.83,0.373905,0.680312732797303,Consumer Cyclical,0.680312732797303,,
2005-11-01,199544,MDP,buy,rebalance,3.0,29.643,2005-11-01,88.929,0.3112515,0.6781338966757644,Consumer Cyclical,0.6781338966757644,,
2005-11-01,199003,HE,buy,rebalance,9.0,11.508,2005-11-01,103.57199999999999,0.362502,0.6750299166784808,Utilities,0.6750299166784808,,
2005-12-01,179085,TRZ,buy,rebalance,5.0,21.851,2005-12-01,109.255,0.38239249999999997,0.7976086361079217,Real Estate,0.7976086361079217,,
2005-12-01,198597,WELL,buy,rebalance,8.0,13.182,2005-12-01,105.456,0.36909600000000004,0.7902648021666051,Real Estate,0.7902648021666051,,
2005-12-01,196056,NS,buy,rebalance,10.0,10.692,2005-12-01,106.92,0.37422,0.7275517477296887,Energy,0.7275517477296887,,
2005-12-01,197771,KMP,buy,rebalance,4.0,27.349,2005-12-01,109.396,0.382886,0.726301817199448,Energy,0.726301817199448,,
2005-12-01,198508,MSFT,buy,rebalance,5.0,19.326,2005-12-01,96.63,0.338205,0.6971391338167029,Technology,0.6971391338167029,,
2005-12-01,199728,CLGX,buy,rebalance,4.0,24.374,2005-12-01,97.496,0.341236,0.6880361225836976,Technology,0.6880361225836976,,
2005-12-01,173054,CTCO,buy,rebalance,3.0,33.495,2005-12-01,100.48499999999999,0.35169749999999994,0.6878978366949554,Communication Services,0.6878978366949554,,
2005-12-01,198363,FUN,buy,rebalance,9.0,11.059,2005-12-01,99.53099999999999,0.34835849999999996,0.6803127327973031,Consumer Cyclical,0.6803127327973031,,
2005-12-01,199544,MDP,buy,rebalance,3.0,30.508,2005-12-01,91.524,0.320334,0.6781338966757643,Consumer Cyclical,0.6781338966757643,,
2005-12-01,199003,HE,buy,rebalance,9.0,11.842,2005-12-01,106.578,0.373023,0.6750299166784808,Utilities,0.6750299166784808,,
2006-01-03,198892,OLP,buy,rebalance,28.0,3.802,2006-01-03,106.456,0.37259600000000004,0.8240832661185288,Real Estate,0.8240832661185288,,
2006-01-03,197620,CPT,buy,rebalance,4.0,24.906,2006-01-03,99.624,0.348684,0.8240420454254379,Real Estate,0.8240420454254379,,
2006-01-03,197771,KMP,buy,rebalance,4.0,26.825,2006-01-03,107.3,0.37555,0.7464424757160167,Energy,0.7464424757160167,,
2006-01-03,198508,MSFT,buy,rebalance,5.0,18.598,2006-01-03,92.99,0.325465,0.7181040583658789,Technology,0.7181040583658789,,
2006-01-03,199003,HE,buy,rebalance,9.0,11.753,2006-01-03,105.777,0.37021950000000003,0.7164916303895723,Utilities,0.7164916303895723,,
2006-01-03,199688,GE,buy,rebalance,1.0,105.004,2006-01-03,105.004,0.367514,0.7164902575206549,Industrials,0.7164902575206549,,
2006-01-03,197597,OKS,buy,rebalance,10.0,9.879,2006-01-03,98.78999999999999,0.345765,0.7064275504388293,Energy,0.7064275504388293,,
2006-01-03,116077,KMI1,buy,rebalance,1.0,89.619,2006-01-03,89.619,0.3136665,0.7049101835464343,Utilities,0.7049101835464343,,
2006-01-03,198363,FUN,buy,rebalance,9.0,10.792,2006-01-03,97.128,0.33994800000000003,0.6991925895831617,Consumer Cyclical,0.6991925895831617,,
2006-01-03,186226,ALD1,buy,rebalance,6.0,16.958,2006-01-03,101.74799999999999,0.356118,0.6918847804217906,Financial Services,0.6918847804217906,,
2006-02-01,198892,OLP,buy,rebalance,26.0,3.983,2006-02-01,103.558,0.362453,0.8240832661185288,Real Estate,0.8240832661185288,,
2006-02-01,197620,CPT,buy,rebalance,3.0,28.318,2006-02-01,84.95400000000001,0.297339,0.8240420454254379,Real Estate,0.8240420454254379,,
2006-02-01,197771,KMP,buy,rebalance,3.0,27.05,2006-02-01,81.15,0.284025,0.7464424757160166,Energy,0.7464424757160166,,
2006-02-01,198508,MSFT,buy,rebalance,5.0,19.43,2006-02-01,97.15,0.340025,0.7181040583658789,Technology,0.7181040583658789,,
2006-02-01,199003,HE,buy,rebalance,9.0,11.717,2006-02-01,105.453,0.3690855,0.7164916303895723,Utilities,0.7164916303895723,,
2006-02-01,199688,GE,buy,rebalance,1.0,98.383,2006-02-01,98.383,0.3443405,0.716490257520655,Industrials,0.716490257520655,,
2006-02-01,197597,OKS,buy,rebalance,10.0,10.351,2006-02-01,103.51,0.362285,0.7064275504388293,Energy,0.7064275504388293,,
2006-02-01,116077,KMI1,buy,rebalance,1.0,91.666,2006-02-01,91.666,0.320831,0.7049101835464343,Utilities,0.7049101835464343,,
2006-02-01,198363,FUN,buy,rebalance,9.0,11.063,2006-02-01,99.56700000000001,0.34848450000000003,0.6991925895831618,Consumer Cyclical,0.6991925895831618,,
2006-02-01,186226,ALD1,buy,rebalance,6.0,16.604,2006-02-01,99.624,0.348684,0.6918847804217906,Financial Services,0.6918847804217906,,
2006-03-01,198892,OLP,buy,rebalance,26.0,4.109,2006-03-01,106.834,0.373919,0.8240832661185288,Real Estate,0.8240832661185288,,
2006-03-01,197620,CPT,buy,rebalance,3.0,27.781,2006-03-01,83.34299999999999,0.2917005,0.8240420454254379,Real Estate,0.8240420454254379,,
2006-03-01,197771,KMP,buy,rebalance,4.0,26.484,2006-03-01,105.936,0.37077600000000005,0.7464424757160166,Energy,0.7464424757160166,,
2006-03-01,198508,MSFT,buy,rebalance,5.0,18.869,2006-03-01,94.345,0.3302075,0.718104058365879,Technology,0.718104058365879,,
2006-03-01,199003,HE,buy,rebalance,9.0,12.103,2006-03-01,108.92699999999999,0.3812445,0.7164916303895723,Utilities,0.7164916303895723,,
2006-03-01,199688,GE,buy,rebalance,1.0,97.986,2006-03-01,97.986,0.342951,0.7164902575206549,Industrials,0.7164902575206549,,
2006-03-01,197597,OKS,buy,rebalance,9.0,11.163,2006-03-01,100.467,0.3516345,0.7064275504388293,Energy,0.7064275504388293,,
2006-03-01,116077,KMI1,buy,rebalance,1.0,90.22,2006-03-01,90.22,0.31577,0.7049101835464343,Utilities,0.7049101835464343,,
2006-03-01,198363,FUN,buy,rebalance,9.0,11.224,2006-03-01,101.016,0.35355600000000004,0.6991925895831617,Consumer Cyclical,0.6991925895831617,,
2006-03-01,186226,ALD1,buy,rebalance,6.0,17.016,2006-03-01,102.09599999999999,0.357336,0.6918847804217906,Financial Services,0.6918847804217906,,
2006-04-03,179274,ARI1,buy,rebalance,2.0,45.09,2006-04-03,90.18,0.31563,0.8246710680328676,Real Estate,0.8246710680328676,,
2006-04-03,197620,CPT,buy,rebalance,3.0,30.167,2006-04-03,90.501,0.3167535,0.8226713949676651,Real Estate,0.8226713949676651,,
2006-04-03,186226,ALD1,buy,rebalance,6.0,18.188,2006-04-03,109.12799999999999,0.38194799999999995,0.7520668418919706,Financial Services,0.7520668418919706,,
2006-04-03,199688,GE,buy,rebalance,1.0,103.759,2006-04-03,103.759,0.3631565,0.7346489056741828,Industrials,0.7346489056741828,,
2006-04-03,197771,KMP,buy,rebalance,4.0,26.849,2006-04-03,107.396,0.375886,0.7117357322832768,Energy,0.7117357322832768,,
2006-04-03,199003,HE,buy,rebalance,8.0,12.285,2006-04-03,98.28,0.34398,0.7065879966525499,Utilities,0.7065879966525499,,
2006-04-03,198508,MSFT,buy,rebalance,5.0,19.161,2006-04-03,95.805,0.33531750000000005,0.7059405275776748,Technology,0.7059405275776748,,
2006-04-03,198363,FUN,buy,rebalance,9.0,11.059,2006-04-03,99.53099999999999,0.34835849999999996,0.6922046102130027,Consumer Cyclical,0.6922046102130027,,
2006-04-03,197597,OKS,buy,rebalance,9.0,11.276,2006-04-03,101.484,0.355194,0.689616714033079,Energy,0.689616714033079,,
2006-05-01,179274,ARI1,buy,rebalance,2.0,45.38,2006-05-01,90.76,0.31766,0.8246710680328676,Real Estate,0.8246710680328676,,
2006-05-01,197620,CPT,buy,rebalance,4.0,29.483,2006-05-01,117.932,0.412762,0.8226713949676651,Real Estate,0.8226713949676651,,
2006-05-01,186226,ALD1,buy,rebalance,6.0,18.55,2006-05-01,111.30000000000001,0.38955000000000006,0.7520668418919707,Financial Services,0.7520668418919707,,
2006-05-01,199688,GE,buy,rebalance,1.0,102.862,2006-05-01,102.862,0.360017,0.7346489056741828,Industrials,0.7346489056741828,,
2006-05-01,197771,KMP,buy,rebalance,4.0,26.244,2006-05-01,104.976,0.367416,0.7117357322832768,Energy,0.7117357322832768,,
2006-05-01,199003,HE,buy,rebalance,9.0,12.094,2006-05-01,108.84599999999999,0.380961,0.7065879966525499,Utilities,0.7065879966525499,,
2006-05-01,198508,MSFT,buy,rebalance,7.0,16.888,2006-05-01,118.21600000000001,0.413756,0.7059405275776747,Technology,0.7059405275776747,,
2006-05-01,198363,FUN,buy,rebalance,11.0,10.788,2006-05-01,118.668,0.41533800000000004,0.6922046102130027,Consumer Cyclical,0.6922046102130027,,
2006-05-01,197597,OKS,buy,rebalance,10.0,11.792,2006-05-01,117.92,0.41272000000000003,0.689616714033079,Energy,0.689616714033079,,
2006-06-01,197620,CPT,buy,rebalance,3.0,31.243,2006-06-01,93.729,0.3280515,0.8226713949676651,Real Estate,0.8226713949676651,,
2006-06-01,183368,NXL1,buy,rebalance,5.0,22.95,2006-06-01,114.75,0.401625,0.8192399913239637,Real Estate,0.8192399913239637,,
2006-06-01,186226,ALD1,buy,rebalance,6.0,17.868,2006-06-01,107.208,0.375228,0.7520668418919705,Financial Services,0.7520668418919705,,
2006-06-01,199688,GE,buy,rebalance,1.0,103.34,2006-06-01,103.34,0.36169,0.7346489056741827,Industrials,0.7346489056741827,,
2006-06-01,197771,KMP,buy,rebalance,4.0,26.621,2006-06-01,106.484,0.37269399999999997,0.7117357322832768,Energy,0.7117357322832768,,
2006-06-01,199003,HE,buy,rebalance,9.0,12.393,2006-06-01,111.537,0.39037950000000005,0.7065879966525499,Utilities,0.7065879966525499,,
2006-06-01,198508,MSFT,buy,rebalance,7.0,15.927,2006-06-01,111.489,0.39021150000000004,0.7059405275776747,Technology,0.7059405275776747,,
2006-06-01,198363,FUN,buy,rebalance,11.0,10.38,2006-06-01,114.18,0.39963000000000004,0.6922046102130027,Consumer Cyclical,0.6922046102130027,,
2006-06-01,197597,OKS,buy,rebalance,10.0,11.864,2006-06-01,118.64000000000001,0.41524000000000005,0.689616714033079,Energy,0.689616714033079,,
2006-07-03,179274,ARI1,sell,delisted,4.0,45.41,2006-05-02,181.64,0.63574,,,,181.57329000000001,-0.5690300000000263
2006-07-03,199888,BRT,buy,rebalance,16.0,8.668,2006-07-03,138.688,0.48540799999999995,0.8301505820385499,Real Estate,0.8301505820385499,,
2006-07-03,183304,RA1,buy,rebalance,3.0,40.618,2006-07-03,121.85400000000001,0.42648900000000006,0.818650606261794,Real Estate,0.818650606261794,,
2006-07-03,199003,HE,buy,rebalance,10.0,12.787,2006-07-03,127.87,0.447545,0.7363617640875302,Utilities,0.7363617640875302,,
2006-07-03,186226,ALD1,buy,rebalance,7.0,17.672,2006-07-03,123.70400000000001,0.432964,0.7350202456325299,Financial Services,0.7350202456325299,,
2006-07-03,197597,OKS,buy,rebalance,11.0,11.957,2006-07-03,131.52700000000002,0.46034450000000005,0.7312033259985294,Energy,0.7312033259985294,,
2006-07-03,197899,EQS,buy,rebalance,24.0,5.803,2006-07-03,139.272,0.487452,0.7292891627759643,Financial Services,0.7292891627759643,,
2006-07-03,199688,GE,buy,rebalance,1.0,100.441,2006-07-03,100.441,0.3515435,0.723671479956665,Industrials,0.723671479956665,,
2006-07-03,124603,TCP,buy,rebalance,12.0,11.374,2006-07-03,136.488,0.477708,0.7159568474226785,Energy,0.7159568474226785,,
2006-07-03,185391,BLS,buy,rebalance,3.0,35.709,2006-07-03,107.12700000000001,0.3749445,0.7014871678073494,Communication Services,0.7014871678073494,,
2006-08-01,199888,BRT,buy,rebalance,14.0,9.077,2006-08-01,127.078,0.44477300000000003,0.8301505820385499,Real Estate,0.8301505820385499,,
2006-08-01,183304,RA1,buy,rebalance,2.0,43.154,2006-08-01,86.308,0.302078,0.818650606261794,Real Estate,0.818650606261794,,
2006-08-01,199003,HE,buy,rebalance,9.0,13.264,2006-08-01,119.37599999999999,0.41781599999999997,0.7363617640875303,Utilities,0.7363617640875303,,
2006-08-01,186226,ALD1,buy,rebalance,7.0,17.146,2006-08-01,120.022,0.42007700000000003,0.7350202456325299,Financial Services,0.7350202456325299,,
2006-08-01,197597,OKS,buy,rebalance,9.0,12.74,2006-08-01,114.66,0.40131,0.7312033259985294,Energy,0.7312033259985294,,
2006-08-01,197899,EQS,buy,rebalance,22.0,5.681,2006-08-01,124.982,0.437437,0.7292891627759643,Financial Services,0.7292891627759643,,
2006-08-01,199688,GE,buy,rebalance,1.0,98.121,2006-08-01,98.121,0.3434235,0.723671479956665,Industrials,0.723671479956665,,
2006-08-01,124603,TCP,buy,rebalance,11.0,11.547,2006-08-01,127.01700000000001,0.44455950000000005,0.7159568474226784,Energy,0.7159568474226784,,
2006-08-01,185391,BLS,buy,rebalance,3.0,38.634,2006-08-01,115.902,0.405657,0.7014871678073494,Communication Services,0.7014871678073494,,
2006-09-01,199888,BRT,buy,rebalance,13.0,9.11,2006-09-01,118.42999999999999,0.41450499999999996,0.8301505820385499,Real Estate,0.8301505820385499,,
2006-09-01,183304,RA1,buy,rebalance,2.0,41.82,2006-09-01,83.64,0.29274,0.818650606261794,Real Estate,0.818650606261794,,
2006-09-01,199003,HE,buy,rebalance,9.0,12.655,2006-09-01,113.895,0.3986325,0.7363617640875303,Utilities,0.7363617640875303,,
2006-09-01,186226,ALD1,buy,rebalance,6.0,18.507,2006-09-01,111.042,0.388647,0.7350202456325299,Financial Services,0.7350202456325299,,
2006-09-01,197597,OKS,buy,rebalance,9.0,13.539,2006-09-01,121.851,0.4264785,0.7312033259985293,Energy,0.7312033259985293,,
2006-09-01,197899,EQS,buy,rebalance,20.0,5.933,2006-09-01,118.66,0.41531,0.7292891627759643,Financial Services,0.7292891627759643,,
2006-09-01,199688,GE,buy,rebalance,1.0,102.882,2006-09-01,102.882,0.36008700000000005,0.723671479956665,Industrials,0.723671479956665,,
2006-09-01,124603,TCP,buy,rebalance,10.0,11.618,2006-09-01,116.18,0.40663000000000005,0.7159568474226785,Energy,0.7159568474226785,,
2006-09-01,185391,BLS,buy,rebalance,3.0,41.077,2006-09-01,123.231,0.4313085,0.7014871678073494,Communication Services,0.7014871678073494,,
2006-10-02,199888,BRT,buy,rebalance,12.0,9.747,2006-10-02,116.964,0.409374,0.831443145772622,Real Estate,0.831443145772622,,
2006-10-02,184359,PNP,buy,rebalance,1.0,69.49,2006-10-02,69.49,0.243215,0.8236430341344364,Real Estate,0.8236430341344364,,
2006-10-02,199688,GE,buy,rebalance,1.0,107.757,2006-10-02,107.757,0.3771495,0.7612325122897309,Industrials,0.7612325122897309,,
2006-10-02,199003,HE,buy,rebalance,9.0,12.618,2006-10-02,113.562,0.397467,0.7487789360422642,Utilities,0.7487789360422642,,
2006-10-02,186226,ALD1,buy,rebalance,6.0,18.536,2006-10-02,111.21600000000001,0.38925600000000005,0.7457459833469081,Financial Services,0.7457459833469081,,
2006-10-02,124603,TCP,buy,rebalance,11.0,10.702,2006-10-02,117.722,0.412027,0.7373629405853748,Energy,0.7373629405853748,,
2006-10-02,197899,EQS,buy,rebalance,19.0,6.136,2006-10-02,116.584,0.408044,0.7332108637803642,Financial Services,0.7332108637803642,,
2006-10-02,195934,MMP,buy,rebalance,18.0,6.579,2006-10-02,118.422,0.414477,0.7330178516337497,Energy,0.7330178516337497,,
2006-10-02,198363,FUN,buy,rebalance,11.0,10.433,2006-10-02,114.763,0.40167050000000004,0.7145331148304574,Consumer Cyclical,0.7145331148304574,,
2006-11-01,199888,BRT,buy,rebalance,12.0,9.816,2006-11-01,117.792,0.412272,0.831443145772622,Real Estate,0.831443145772622,,
2006-11-01,183368,NXL1,buy,rebalance,4.0,27.867,2006-11-01,111.468,0.39013800000000004,0.8212865973243016,Real Estate,0.8212865973243016,,
2006-11-01,199688,GE,buy,rebalance,1.0,105.936,2006-11-01,105.936,0.37077600000000005,0.7612325122897308,Industrials,0.7612325122897308,,
2006-11-01,199003,HE,buy,rebalance,9.0,12.943,2006-11-01,116.487,0.40770449999999997,0.7487789360422642,Utilities,0.7487789360422642,,
2006-11-01,186226,ALD1,buy,rebalance,6.0,19.431,2006-11-01,116.58600000000001,0.40805100000000005,0.7457459833469081,Financial Services,0.7457459833469081,,
2006-11-01,124603,TCP,buy,rebalance,10.0,11.473,2006-11-01,114.73,0.401555,0.7373629405853748,Energy,0.7373629405853748,,
2006-11-01,197899,EQS,buy,rebalance,18.0,6.558,2006-11-01,118.044,0.413154,0.7332108637803642,Financial Services,0.7332108637803642,,
2006-11-01,195934,MMP,buy,rebalance,18.0,6.807,2006-11-01,122.52600000000001,0.428841,0.7330178516337497,Energy,0.7330178516337497,,
2006-11-01,198363,FUN,buy,rebalance,11.0,10.896,2006-11-01,119.85600000000001,0.41949600000000004,0.7145331148304576,Consumer Cyclical,0.7145331148304576,,
2006-12-01,179085,TRZ,sell,delisted,15.0,28.99,2006-10-05,434.84999999999997,1.5219749999999999,,,,326.17764,107.15038499999997
2006-12-01,184359,PNP,sell,delisted,1.0,70.0,2006-10-27,70.0,0.245,,,,69.733215,0.02178499999999417
2006-12-01,199888,BRT,buy,rebalance,15.0,10.687,2006-12-01,160.30499999999998,0.5610674999999999,0.831443145772622,Real Estate,0.831443145772622,,
2006-12-01,183368,NXL1,buy,rebalance,6.0,27.7,2006-12-01,166.2,0.5817,0.8212865973243016,Real Estate,0.8212865973243016,,
2006-12-01,199688,GE,buy,rebalance,1.0,107.089,2006-12-01,107.089,0.3748115,0.7612325122897308,Industrials,0.7612325122897308,,
2006-12-01,199003,HE,buy,rebalance,13.0,12.735,2006-12-01,165.555,0.5794425000000001,0.7487789360422641,Utilities,0.7487789360422641,,
2006-12-01,186226,ALD1,buy,rebalance,8.0,19.042,2006-12-01,152.336,0.5331760000000001,0.7457459833469081,Financial Services,0.7457459833469081,,
2006-12-01,124603,TCP,buy,rebalance,14.0,11.548,2006-12-01,161.672,0.565852,0.7373629405853748,Energy,0.7373629405853748,,
2006-12-01,197899,EQS,buy,rebalance,25.0,6.619,2006-12-01,165.475,0.5791625,0.7332108637803642,Financial Services,0.7332108637803642,,
2006-12-01,195934,MMP,buy,rebalance,24.0,6.977,2006-12-01,167.448,0.586068,0.7330178516337497,Energy,0.7330178516337497,,
2006-12-01,198363,FUN,buy,rebalance,15.0,11.177,2006-12-01,167.655,0.5867925,0.7145331148304574,Consumer Cyclical,0.7145331148304574,,
2007-01-03,197456,LPT,buy,rebalance,5.0,24.004,2007-01-03,120.02000000000001,0.42007000000000005,0.8683092179792874,Real Estate,0.8683092179792874,,
2007-01-03,198233,WRI,buy,rebalance,6.0,19.04,2007-01-03,114.24,0.39984,0.8639445329460551,Real Estate,0.8639445329460551,,
2007-01-03,199688,GE,buy,rebalance,1.0,116.109,2007-01-03,116.109,0.4063815,0.8113456720697494,Industrials,0.8113456720697494,,
2007-01-03,199003,HE,buy,rebalance,9.0,12.867,2007-01-03,115.80300000000001,0.4053105000000001,0.8099147996196224,Utilities,0.8099147996196224,,
2007-01-03,197771,KMP,buy,rebalance,4.0,28.144,2007-01-03,112.576,0.394016,0.8025606922977273,Energy,0.8025606922977273,,
2007-01-03,196170,EW,buy,rebalance,31.0,3.995,2007-01-03,123.845,0.4334575,0.7996006949041764,Healthcare,0.7996006949041764,,
2007-01-03,195934,MMP,buy,rebalance,18.0,6.86,2007-01-03,123.48,0.43218,0.7934618710597233,Energy,0.7934618710597233,,
2007-01-03,198536,WEC,buy,rebalance,9.0,12.759,2007-01-03,114.831,0.4019085,0.7846620369036029,Utilities,0.7846620369036029,,
2007-01-03,195783,GLAD,buy,rebalance,17.0,7.451,2007-01-03,126.66699999999999,0.44333449999999996,0.7796974617530522,Financial Services,0.7796974617530522,,
2007-02-01,185391,BLS,sell,delisted,9.0,47.11,2006-12-29,423.99,1.483965,,,,347.47191,75.03412500000002
2007-02-01,197456,LPT,buy,rebalance,6.0,25.924,2007-02-01,155.54399999999998,0.544404,0.8683092179792875,Real Estate,0.8683092179792875,,
2007-02-01,198233,WRI,buy,rebalance,7.0,20.444,2007-02-01,143.108,0.500878,0.8639445329460551,Real Estate,0.8639445329460551,,
2007-02-01,199688,GE,buy,rebalance,1.0,110.788,2007-02-01,110.788,0.387758,0.8113456720697494,Industrials,0.8113456720697494,,
2007-02-01,199003,HE,buy,rebalance,12.0,12.59,2007-02-01,151.07999999999998,0.5287799999999999,0.8099147996196224,Utilities,0.8099147996196224,,
2007-02-01,197771,KMP,buy,rebalance,5.0,30.219,2007-02-01,151.095,0.5288325,0.8025606922977273,Energy,0.8025606922977273,,
2007-02-01,196170,EW,buy,rebalance,37.0,4.272,2007-02-01,158.06400000000002,0.553224,0.7996006949041764,Healthcare,0.7996006949041764,,
2007-02-01,195934,MMP,buy,rebalance,21.0,7.439,2007-02-01,156.219,0.5467665,0.7934618710597234,Energy,0.7934618710597234,,
2007-02-01,198536,WEC,buy,rebalance,12.0,12.512,2007-02-01,150.144,0.5255040000000001,0.7846620369036028,Utilities,0.7846620369036028,,
2007-02-01,195783,GLAD,buy,rebalance,22.0,7.342,2007-02-01,161.524,0.565334,0.7796974617530522,Financial Services,0.7796974617530522,,
2007-03-01,183304,RA1,sell,delisted,7.0,47.1,2007-01-24,329.7,1.15395,,,,292.823307,35.72274299999998
2007-03-01,197456,LPT,buy,rebalance,6.0,25.185,2007-03-01,151.10999999999999,0.5288849999999999,0.8683092179792875,Real Estate,0.8683092179792875,,
2007-03-01,198233,WRI,buy,rebalance,7.0,20.42,2007-03-01,142.94,0.50029,0.863944532946055,Real Estate,0.863944532946055,,
2007-03-01,199688,GE,buy,rebalance,1.0,107.873,2007-03-01,107.873,0.37755550000000004,0.8113456720697494,Industrials,0.8113456720697494,,
2007-03-01,199003,HE,buy,rebalance,12.0,12.474,2007-03-01,149.688,0.5239079999999999,0.8099147996196224,Utilities,0.8099147996196224,,
2007-03-01,197771,KMP,buy,rebalance,5.0,30.495,2007-03-01,152.475,0.5336625,0.8025606922977273,Energy,0.8025606922977273,,
2007-03-01,196170,EW,buy,rebalance,38.0,4.153,2007-03-01,157.814,0.552349,0.7996006949041764,Healthcare,0.7996006949041764,,
2007-03-01,195934,MMP,buy,rebalance,20.0,7.807,2007-03-01,156.14000000000001,0.54649,0.7934618710597234,Energy,0.7934618710597234,,
2007-03-01,198536,WEC,buy,rebalance,12.0,13.034,2007-03-01,156.40800000000002,0.547428,0.7846620369036028,Utilities,0.7846620369036028,,
2007-03-01,195783,GLAD,buy,rebalance,23.0,6.9,2007-03-01,158.70000000000002,0.5554500000000001,0.7796974617530522,Financial Services,0.7796974617530522,,
2007-04-02,197456,LPT,buy,rebalance,5.0,24.4,2007-04-02,122.0,0.427,0.8678381712279488,Real Estate,0.8678381712279488,,
2007-04-02,199461,UDR,buy,rebalance,9.0,13.272,2007-04-02,119.44800000000001,0.41806800000000005,0.8594906713430001,Real Estate,0.8594906713430001,,
2007-04-02,197771,KMP,buy,rebalance,4.0,31.702,2007-04-02,126.808,0.44382800000000006,0.817081553455484,Energy,0.817081553455484,,
2007-04-02,199688,GE,buy,rebalance,1.0,108.767,2007-04-02,108.767,0.3806845,0.8094117740360586,Industrials,0.8094117740360586,,
2007-04-02,199003,HE,buy,rebalance,10.0,12.507,2007-04-02,125.07,0.437745,0.7998669110288116,Utilities,0.7998669110288116,,
2007-04-02,196170,EW,buy,rebalance,29.0,4.25,2007-04-02,123.25,0.431375,0.797705501346072,Healthcare,0.797705501346072,,
2007-04-02,196912,FE,buy,rebalance,4.0,28.598,2007-04-02,114.392,0.400372,0.7954242851253297,Utilities,0.7954242851253297,,
2007-04-02,195934,MMP,buy,rebalance,14.0,8.583,2007-04-02,120.162,0.420567,0.7896469071573609,Energy,0.7896469071573609,,
2007-04-02,199845,FTRCQ,buy,rebalance,1.0,73.876,2007-04-02,73.876,0.258566,0.7845443960501766,Communication Services,0.7845443960501766,,
2007-04-02,197469,LH,buy,rebalance,2.0,59.094,2007-04-02,118.188,0.413658,0.7803631666187388,Healthcare,0.7803631666187388,,
2007-05-01,173054,CTCO,sell,delisted,9.0,42.56,2007-03-08,383.04,1.34064,,,,306.577278,75.12208200000003
2007-05-01,197456,LPT,buy,rebalance,6.0,23.944,2007-05-01,143.664,0.5028239999999999,0.8678381712279488,Real Estate,0.8678381712279488,,
2007-05-01,199461,UDR,buy,rebalance,11.0,13.054,2007-05-01,143.594,0.502579,0.8594906713430001,Real Estate,0.8594906713430001,,
2007-05-01,197771,KMP,buy,rebalance,4.0,33.543,2007-05-01,134.172,0.469602,0.817081553455484,Energy,0.817081553455484,,
2007-05-01,199688,GE,buy,rebalance,1.0,114.346,2007-05-01,114.346,0.40021100000000004,0.8094117740360586,Industrials,0.8094117740360586,,
2007-05-01,199003,HE,buy,rebalance,11.0,12.612,2007-05-01,138.732,0.485562,0.7998669110288116,Utilities,0.7998669110288116,,
2007-05-01,196170,EW,buy,rebalance,36.0,4.055,2007-05-01,145.98,0.51093,0.797705501346072,Healthcare,0.797705501346072,,
2007-05-01,196912,FE,buy,rebalance,5.0,29.332,2007-05-01,146.66,0.51331,0.7954242851253297,Utilities,0.7954242851253297,,
2007-05-01,195934,MMP,buy,rebalance,16.0,9.041,2007-05-01,144.656,0.5062960000000001,0.7896469071573609,Energy,0.7896469071573609,,
2007-05-01,199845,FTRCQ,buy,rebalance,1.0,77.459,2007-05-01,77.459,0.27110650000000003,0.7845443960501766,Communication Services,0.7845443960501766,,
2007-05-01,197469,LH,buy,rebalance,2.0,64.208,2007-05-01,128.416,0.449456,0.7803631666187388,Healthcare,0.7803631666187388,,
2007-06-01,183368,NXL1,sell,delisted,15.0,33.11,2007-04-19,496.65,1.738275,,,,393.791463,101.12026199999997
2007-06-01,197456,LPT,buy,rebalance,7.0,23.294,2007-06-01,163.058,0.570703,0.8678381712279488,Real Estate,0.8678381712279488,,
2007-06-01,199461,UDR,buy,rebalance,12.0,13.256,2007-06-01,159.072,0.556752,0.8594906713430001,Real Estate,0.8594906713430001,,
2007-06-01,197771,KMP,buy,rebalance,4.0,33.567,2007-06-01,134.268,0.469938,0.817081553455484,Energy,0.817081553455484,,
2007-06-01,199688,GE,buy,rebalance,1.0,115.424,2007-06-01,115.424,0.403984,0.8094117740360586,Industrials,0.8094117740360586,,
2007-06-01,199003,HE,buy,rebalance,14.0,11.695,2007-06-01,163.73000000000002,0.5730550000000001,0.7998669110288116,Utilities,0.7998669110288116,,
2007-06-01,196170,EW,buy,rebalance,39.0,4.198,2007-06-01,163.722,0.5730270000000001,0.797705501346072,Healthcare,0.797705501346072,,
2007-06-01,196912,FE,buy,rebalance,5.0,29.453,2007-06-01,147.265,0.5154274999999999,0.7954242851253297,Utilities,0.7954242851253297,,
2007-06-01,195934,MMP,buy,rebalance,19.0,8.533,2007-06-01,162.12699999999998,0.5674444999999999,0.7896469071573609,Energy,0.7896469071573609,,
2007-06-01,199845,FTRCQ,buy,rebalance,2.0,77.557,2007-06-01,155.114,0.542899,0.7845443960501766,Communication Services,0.7845443960501766,,
2007-06-01,197469,LH,buy,rebalance,2.0,65.148,2007-06-01,130.296,0.456036,0.7803631666187388,Healthcare,0.7803631666187388,,
2007-07-02,116077,KMI1,sell,delisted,12.0,107.48,2007-05-30,1289.76,4.51416,,,,951.1504155,334.09542450000004
2007-07-02,198233,WRI,buy,rebalance,13.0,17.635,2007-07-02,229.25500000000002,0.8023925000000001,0.8621666905557985,Real Estate,0.8621666905557985,,
2007-07-02,198157,RPT1,buy,rebalance,17.0,13.77,2007-07-02,234.09,0.819315,0.8550550143997248,Real Estate,0.8550550143997248,,
2007-07-02,197771,KMP,buy,rebalance,7.0,33.908,2007-07-02,237.356,0.830746,0.8269629095884656,Energy,0.8269629095884656,,
2007-07-02,197899,EQS,buy,rebalance,33.0,7.394,2007-07-02,244.002,0.8540070000000001,0.8222642689437581,Financial Services,0.8222642689437581,,
2007-07-02,199688,GE,buy,rebalance,2.0,118.772,2007-07-02,237.544,0.831404,0.8065496762251609,Industrials,0.8065496762251609,,
2007-07-02,195934,MMP,buy,rebalance,28.0,8.679,2007-07-02,243.012,0.850542,0.8045250158756361,Energy,0.8045250158756361,,
2007-07-02,196912,FE,buy,rebalance,8.0,28.217,2007-07-02,225.736,0.790076,0.7907113409684094,Utilities,0.7907113409684094,,
2007-07-02,199845,FTRCQ,buy,rebalance,3.0,76.671,2007-07-02,230.01300000000003,0.8050455000000001,0.7897330601488515,Communication Services,0.7897330601488515,,
2007-07-02,198536,WEC,buy,rebalance,20.0,11.991,2007-07-02,239.82,0.83937,0.7883084297564085,Utilities,0.7883084297564085,,
2007-07-02,196170,EW,buy,rebalance,59.0,4.125,2007-07-02,243.375,0.8518125,0.7874317440955042,Healthcare,0.7874317440955042,,
2007-08-01,198233,WRI,buy,rebalance,6.0,15.669,2007-08-01,94.01400000000001,0.32904900000000004,0.8621666905557985,Real Estate,0.8621666905557985,,
2007-08-01,198157,RPT1,buy,rebalance,8.0,12.141,2007-08-01,97.128,0.33994800000000003,0.8550550143997248,Real Estate,0.8550550143997248,,
2007-08-01,197771,KMP,buy,rebalance,3.0,32.576,2007-08-01,97.72800000000001,0.342048,0.8269629095884656,Energy,0.8269629095884656,,
2007-08-01,197899,EQS,buy,rebalance,14.0,7.377,2007-08-01,103.27799999999999,0.361473,0.8222642689437581,Financial Services,0.8222642689437581,,
2007-08-01,195934,MMP,buy,rebalance,13.0,8.308,2007-08-01,108.00399999999999,0.37801399999999996,0.8045250158756361,Energy,0.8045250158756361,,
2007-08-01,196912,FE,buy,rebalance,4.0,26.853,2007-08-01,107.412,0.37594200000000005,0.7907113409684094,Utilities,0.7907113409684094,,
2007-08-01,199845,FTRCQ,buy,rebalance,1.0,68.64,2007-08-01,68.64,0.24024,0.7897330601488517,Communication Services,0.7897330601488517,,
2007-08-01,198536,WEC,buy,rebalance,9.0,11.738,2007-08-01,105.642,0.369747,0.7883084297564085,Utilities,0.7883084297564085,,
2007-08-01,196170,EW,buy,rebalance,27.0,3.874,2007-08-01,104.598,0.366093,0.7874317440955043,Healthcare,0.7874317440955043,,
2007-09-04,198233,WRI,buy,rebalance,7.0,17.024,2007-09-04,119.168,0.417088,0.8621666905557985,Real Estate,0.8621666905557985,,
2007-09-04,198157,RPT1,buy,rebalance,9.0,12.111,2007-09-04,108.99900000000001,0.3814965,0.8550550143997248,Real Estate,0.8550550143997248,,
2007-09-04,197771,KMP,buy,rebalance,3.0,31.424,2007-09-04,94.27199999999999,0.32995199999999997,0.8269629095884656,Energy,0.8269629095884656,,
2007-09-04,197899,EQS,buy,rebalance,17.0,6.92,2007-09-04,117.64,0.41174,0.8222642689437581,Financial Services,0.8222642689437581,,
2007-09-04,195934,MMP,buy,rebalance,14.0,8.08,2007-09-04,113.12,0.39592000000000005,0.8045250158756361,Energy,0.8045250158756361,,
2007-09-04,196912,FE,buy,rebalance,4.0,26.636,2007-09-04,106.544,0.372904,0.7907113409684096,Utilities,0.7907113409684096,,
2007-09-04,199845,FTRCQ,buy,rebalance,1.0,73.03,2007-09-04,73.03,0.255605,0.7897330601488515,Communication Services,0.7897330601488515,,
2007-09-04,198536,WEC,buy,rebalance,9.0,12.311,2007-09-04,110.799,0.38779650000000004,0.7883084297564085,Utilities,0.7883084297564085,,
2007-09-04,196170,EW,buy,rebalance,30.0,3.973,2007-09-04,119.19,0.417165,0.7874317440955042,Healthcare,0.7874317440955042,,
2007-10-01,196956,WPC,buy,rebalance,11.0,10.351,2007-10-01,113.861,0.3985135,0.8540388807034008,Real Estate,0.8540388807034008,,
2007-10-01,199518,MNR2,buy,rebalance,33.0,3.614,2007-10-01,119.262,0.41741700000000004,0.8504571569311717,Real Estate,0.8504571569311717,,
2007-10-01,197771,KMP,buy,rebalance,4.0,30.403,2007-10-01,121.612,0.42564199999999996,0.811771519027484,Energy,0.811771519027484,,
2007-10-01,197899,EQS,buy,rebalance,18.0,6.618,2007-10-01,119.12400000000001,0.416934,0.8036181106176441,Financial Services,0.8036181106176441,,
2007-10-01,195934,MMP,buy,rebalance,16.0,7.496,2007-10-01,119.936,0.41977600000000004,0.7997356489228294,Energy,0.7997356489228294,,
2007-10-01,197333,APU,buy,rebalance,8.0,13.665,2007-10-01,109.32,0.38261999999999996,0.79145451894184,Utilities,0.79145451894184,,
2007-10-01,197821,PX1,buy,rebalance,1.0,66.229,2007-10-01,66.229,0.2318015,0.787123360172065,Basic Materials,0.787123360172065,,
2007-10-01,199354,SIAL,buy,rebalance,2.0,45.493,2007-10-01,90.986,0.31845100000000004,0.7844626852753531,Basic Materials,0.7844626852753531,,
2007-10-01,196892,ALV,buy,rebalance,4.0,27.071,2007-10-01,108.284,0.37899400000000005,0.7826035662116195,Consumer Cyclical,0.7826035662116195,,
2007-11-01,196956,WPC,buy,rebalance,11.0,11.08,2007-11-01,121.88,0.42658,0.8540388807034008,Real Estate,0.8540388807034008,,
2007-11-01,199518,MNR2,buy,rebalance,35.0,3.499,2007-11-01,122.465,0.4286275,0.8504571569311717,Real Estate,0.8504571569311717,,
2007-11-01,197771,KMP,buy,rebalance,3.0,32.574,2007-11-01,97.722,0.34202699999999997,0.811771519027484,Energy,0.811771519027484,,
2007-11-01,197899,EQS,buy,rebalance,21.0,5.893,2007-11-01,123.753,0.4331355,0.8036181106176441,Financial Services,0.8036181106176441,,
2007-11-01,195934,MMP,buy,rebalance,15.0,8.143,2007-11-01,122.14500000000001,0.42750750000000004,0.7997356489228294,Energy,0.7997356489228294,,
2007-11-01,197333,APU,buy,rebalance,8.0,14.443,2007-11-01,115.544,0.404404,0.79145451894184,Utilities,0.79145451894184,,
2007-11-01,197821,PX1,buy,rebalance,1.0,65.693,2007-11-01,65.693,0.2299255,0.787123360172065,Basic Materials,0.787123360172065,,
2007-11-01,199354,SIAL,buy,rebalance,2.0,46.56,2007-11-01,93.12,0.32592000000000004,0.7844626852753531,Basic Materials,0.7844626852753531,,
2007-11-01,196892,ALV,buy,rebalance,4.0,27.644,2007-11-01,110.576,0.38701599999999997,0.7826035662116195,Consumer Cyclical,0.7826035662116195,,
2007-12-03,196956,WPC,buy,rebalance,11.0,11.468,2007-12-03,126.148,0.441518,0.8540388807034008,Real Estate,0.8540388807034008,,
2007-12-03,199518,MNR2,buy,rebalance,37.0,3.43,2007-12-03,126.91000000000001,0.44418500000000005,0.8504571569311717,Real Estate,0.8504571569311717,,
2007-12-03,199688,GE,buy,rebalance,1.0,115.422,2007-12-03,115.422,0.403977,0.8201033643530014,Industrials,0.8201033643530014,,
2007-12-03,197771,KMP,buy,rebalance,3.0,32.259,2007-12-03,96.777,0.3387195,0.811771519027484,Energy,0.811771519027484,,
2007-12-03,197899,EQS,buy,rebalance,23.0,5.51,2007-12-03,126.72999999999999,0.443555,0.8036181106176441,Financial Services,0.8036181106176441,,
2007-12-03,195934,MMP,buy,rebalance,15.0,8.347,2007-12-03,125.205,0.4382175,0.7997356489228294,Energy,0.7997356489228294,,
2007-12-03,197333,APU,buy,rebalance,9.0,13.866,2007-12-03,124.794,0.436779,0.79145451894184,Utilities,0.79145451894184,,
2007-12-03,197821,PX1,buy,rebalance,1.0,66.362,2007-12-03,66.362,0.23226699999999997,0.787123360172065,Basic Materials,0.787123360172065,,
2007-12-03,199354,SIAL,buy,rebalance,2.0,48.24,2007-12-03,96.48,0.33768000000000004,0.7844626852753531,Basic Materials,0.7844626852753531,,
2007-12-03,196892,ALV,buy,rebalance,4.0,25.94,2007-12-03,103.76,0.36316000000000004,0.7826035662116195,Consumer Cyclical,0.7826035662116195,,
2008-01-02,198597,WELL,buy,rebalance,5.0,19.566,2008-01-02,97.83,0.342405,0.855425300470892,Real Estate,0.855425300470892,,
2008-01-02,197771,KMP,buy,rebalance,3.0,34.243,2008-01-02,102.72900000000001,0.3595515000000001,0.8476837155046135,Energy,0.8476837155046135,,
2008-01-02,196956,WPC,buy,rebalance,10.0,10.673,2008-01-02,106.73,0.373555,0.8476710260284694,Real Estate,0.8476710260284694,,
2008-01-02,199688,GE,buy,rebalance,1.0,115.865,2008-01-02,115.865,0.4055275,0.8457899073414008,Industrials,0.8457899073414008,,
2008-01-02,195934,MMP,buy,rebalance,14.0,8.252,2008-01-02,115.528,0.40434800000000004,0.831285705961651,Energy,0.831285705961651,,
2008-01-02,198638,SCG,buy,rebalance,4.0,25.926,2008-01-02,103.704,0.362964,0.8308961803522417,Utilities,0.8308961803522417,,
2008-01-02,197165,AEE,buy,rebalance,4.0,25.638,2008-01-02,102.552,0.35893200000000003,0.8256818392992201,Utilities,0.8256818392992201,,
2008-01-02,196892,ALV,buy,rebalance,4.0,23.518,2008-01-02,94.072,0.329252,0.8170436483512243,Consumer Cyclical,0.8170436483512243,,
2008-01-02,116535,HET,buy,rebalance,1.0,88.75,2008-01-02,88.75,0.310625,0.8126414804648755,Consumer Cyclical,0.8126414804648755,,
2008-01-02,199601,K,buy,rebalance,4.0,27.285,2008-01-02,109.14,0.38199,0.8119321916136519,Consumer Defensive,0.8119321916136519,,
2008-02-01,198597,WELL,buy,rebalance,5.0,19.27,2008-02-01,96.35,0.337225,0.8554253004708919,Real Estate,0.8554253004708919,,
2008-02-01,197771,KMP,buy,rebalance,3.0,36.855,2008-02-01,110.565,0.3869775,0.8476837155046134,Energy,0.8476837155046134,,
2008-02-01,196956,WPC,buy,rebalance,10.0,11.057,2008-02-01,110.57000000000001,0.38699500000000003,0.8476710260284693,Real Estate,0.8476710260284693,,
2008-02-01,195934,MMP,buy,rebalance,13.0,8.263,2008-02-01,107.419,0.3759665,0.8312857059616509,Energy,0.8312857059616509,,
2008-02-01,198638,SCG,buy,rebalance,4.0,23.789,2008-02-01,95.156,0.333046,0.8308961803522418,Utilities,0.8308961803522418,,
2008-02-01,197165,AEE,buy,rebalance,5.0,21.884,2008-02-01,109.42,0.38297000000000003,0.8256818392992201,Utilities,0.8256818392992201,,
2008-02-01,196892,ALV,buy,rebalance,4.0,23.572,2008-02-01,94.288,0.33000799999999997,0.8170436483512244,Consumer Cyclical,0.8170436483512244,,
2008-02-01,199601,K,buy,rebalance,4.0,25.936,2008-02-01,103.744,0.363104,0.811932191613652,Consumer Defensive,0.811932191613652,,
2008-02-01,199860,LUMN,buy,rebalance,10.0,11.189,2008-02-01,111.89,0.391615,0.8105782062411528,Communication Services,0.8105782062411528,,
2008-03-03,116535,HET,sell,delisted,1.0,89.97,2008-01-28,89.97,0.314895,,,,89.060625,0.5944799999999901
2008-03-03,198597,WELL,buy,rebalance,6.0,18.3,2008-03-03,109.80000000000001,0.38430000000000003,0.855425300470892,Real Estate,0.855425300470892,,
2008-03-03,197771,KMP,buy,rebalance,3.0,36.855,2008-03-03,110.565,0.3869775,0.8476837155046135,Energy,0.8476837155046135,,
2008-03-03,196956,WPC,buy,rebalance,12.0,10.426,2008-03-03,125.112,0.437892,0.8476710260284694,Real Estate,0.8476710260284694,,
2008-03-03,199688,GE,buy,rebalance,1.0,106.244,2008-03-03,106.244,0.371854,0.8457899073414008,Industrials,0.8457899073414008,,
2008-03-03,195934,MMP,buy,rebalance,15.0,8.38,2008-03-03,125.70000000000002,0.43995000000000006,0.831285705961651,Energy,0.831285705961651,,
2008-03-03,198638,SCG,buy,rebalance,5.0,23.689,2008-03-03,118.445,0.41455749999999997,0.8308961803522417,Utilities,0.8308961803522417,,
2008-03-03,197165,AEE,buy,rebalance,6.0,20.378,2008-03-03,122.268,0.427938,0.82568183929922,Utilities,0.82568183929922,,
2008-03-03,196892,ALV,buy,rebalance,5.0,23.146,2008-03-03,115.73,0.405055,0.8170436483512246,Consumer Cyclical,0.8170436483512246,,
2008-03-03,199601,K,buy,rebalance,4.0,26.994,2008-03-03,107.976,0.37791600000000003,0.8119321916136522,Consumer Defensive,0.8119321916136522,,
2008-03-03,199860,LUMN,buy,rebalance,11.0,10.821,2008-03-03,119.03099999999999,0.4166085,0.8105782062411527,Communication Services,0.8105782062411527,,
2008-04-01,199518,MNR2,buy,rebalance,31.0,3.537,2008-04-01,109.64699999999999,0.38376449999999995,0.8698800330345072,Real Estate,0.8698800330345072,,
2008-04-01,197771,KMP,buy,rebalance,3.0,35.389,2008-04-01,106.167,0.37158450000000004,0.8511729709993111,Energy,0.8511729709993111,,
2008-04-01,198597,WELL,buy,rebalance,5.0,20.574,2008-04-01,102.87,0.360045,0.8461708105852012,Real Estate,0.8461708105852012,,
2008-04-01,195934,MMP,buy,rebalance,13.0,7.917,2008-04-01,102.92099999999999,0.3602235,0.8367803355038002,Energy,0.8367803355038002,,
2008-04-01,198638,SCG,buy,rebalance,4.0,23.661,2008-04-01,94.644,0.33125400000000005,0.8301980922945407,Utilities,0.8301980922945407,,
2008-04-01,199003,HE,buy,rebalance,9.0,12.169,2008-04-01,109.521,0.3833235,0.8296945617631274,Utilities,0.8296945617631274,,
2008-04-01,199517,MDU,buy,rebalance,20.0,5.33,2008-04-01,106.6,0.3731,0.8129402138149652,Industrials,0.8129402138149652,,
2008-04-01,199601,K,buy,rebalance,3.0,28.799,2008-04-01,86.39699999999999,0.3023895,0.8114561541563377,Consumer Defensive,0.8114561541563377,,
2008-04-01,195259,RAI,buy,rebalance,12.0,9.177,2008-04-01,110.124,0.385434,0.8113380398202581,Consumer Defensive,0.8113380398202581,,
2008-05-01,199518,MNR2,buy,rebalance,34.0,3.422,2008-05-01,116.348,0.407218,0.8698800330345073,Real Estate,0.8698800330345073,,
2008-05-01,197771,KMP,buy,rebalance,3.0,38.358,2008-05-01,115.07399999999998,0.402759,0.8511729709993112,Energy,0.8511729709993112,,
2008-05-01,199688,GE,buy,rebalance,1.0,105.353,2008-05-01,105.353,0.3687355,0.8470667336609827,Industrials,0.8470667336609827,,
2008-05-01,198597,WELL,buy,rebalance,5.0,21.985,2008-05-01,109.925,0.3847375,0.8461708105852013,Real Estate,0.8461708105852013,,
2008-05-01,195934,MMP,buy,rebalance,14.0,7.917,2008-05-01,110.838,0.387933,0.8367803355038003,Energy,0.8367803355038003,,
2008-05-01,198638,SCG,buy,rebalance,4.0,25.527,2008-05-01,102.108,0.35737800000000003,0.8301980922945408,Utilities,0.8301980922945408,,
2008-05-01,199003,HE,buy,rebalance,9.0,12.66,2008-05-01,113.94,0.39879,0.8296945617631274,Utilities,0.8296945617631274,,
2008-05-01,199517,MDU,buy,rebalance,18.0,6.184,2008-05-01,111.312,0.389592,0.8129402138149653,Industrials,0.8129402138149653,,
2008-05-01,199601,K,buy,rebalance,4.0,27.91,2008-05-01,111.64,0.39074000000000003,0.8114561541563375,Consumer Defensive,0.8114561541563375,,
2008-05-01,195259,RAI,buy,rebalance,14.0,8.17,2008-05-01,114.38,0.40033,0.8113380398202582,Consumer Defensive,0.8113380398202582,,
2008-06-02,199518,MNR2,buy,rebalance,33.0,3.18,2008-06-02,104.94000000000001,0.36729000000000006,0.8698800330345072,Real Estate,0.8698800330345072,,
2008-06-02,197771,KMP,buy,rebalance,2.0,38.254,2008-06-02,76.508,0.267778,0.8511729709993111,Energy,0.8511729709993111,,
2008-06-02,199688,GE,buy,rebalance,1.0,96.733,2008-06-02,96.733,0.3385655,0.8470667336609827,Industrials,0.8470667336609827,,
2008-06-02,198597,WELL,buy,rebalance,4.0,21.471,2008-06-02,85.884,0.30059400000000003,0.8461708105852012,Real Estate,0.8461708105852012,,
2008-06-02,195934,MMP,buy,rebalance,13.0,7.705,2008-06-02,100.165,0.35057750000000004,0.8367803355038002,Energy,0.8367803355038002,,
2008-06-02,198638,SCG,buy,rebalance,4.0,25.274,2008-06-02,101.096,0.35383600000000004,0.8301980922945407,Utilities,0.8301980922945407,,
2008-06-02,199003,HE,buy,rebalance,7.0,13.449,2008-06-02,94.143,0.32950050000000003,0.8296945617631273,Utilities,0.8296945617631273,,
2008-06-02,199517,MDU,buy,rebalance,15.0,6.975,2008-06-02,104.625,0.3661875,0.8129402138149652,Industrials,0.8129402138149652,,
2008-06-02,199601,K,buy,rebalance,3.0,27.516,2008-06-02,82.548,0.288918,0.8114561541563377,Consumer Defensive,0.8114561541563377,,
2008-06-02,195259,RAI,buy,rebalance,12.0,8.364,2008-06-02,100.36800000000001,0.35128800000000004,0.8113380398202583,Consumer Defensive,0.8113380398202583,,
2008-07-01,198597,WELL,buy,rebalance,5.0,19.741,2008-07-01,98.705,0.3454675,0.8507074360666455,Real Estate,0.8507074360666455,,
2008-07-01,198245,DX,buy,rebalance,36.0,3.027,2008-07-01,108.97200000000001,0.381402,0.8465741905476106,Real Estate,0.8465741905476106,,
2008-07-01,199003,HE,buy,rebalance,8.0,12.704,2008-07-01,101.632,0.35571200000000003,0.841788703001417,Utilities,0.841788703001417,,
2008-07-01,197771,KMP,buy,rebalance,3.0,36.51,2008-07-01,109.53,0.383355,0.838171958986736,Energy,0.838171958986736,,
2008-07-01,195934,MMP,buy,rebalance,15.0,7.077,2008-07-01,106.155,0.3715425,0.8315496192867149,Energy,0.8315496192867149,,
2008-07-01,198638,SCG,buy,rebalance,4.0,23.719,2008-07-01,94.876,0.33206600000000003,0.829543918822475,Utilities,0.829543918822475,,
2008-07-01,199688,GE,buy,rebalance,1.0,87.225,2008-07-01,87.225,0.3052875,0.8214485871323415,Industrials,0.8214485871323415,,
2008-07-01,196648,LLL1,buy,rebalance,1.0,68.019,2008-07-01,68.019,0.23806650000000001,0.8138768896144537,Industrials,0.8138768896144537,,
2008-07-01,199593,KMB,buy,rebalance,3.0,30.154,2008-07-01,90.462,0.31661700000000004,0.8134850427757498,Consumer Defensive,0.8134850427757498,,
2008-07-01,199601,K,buy,rebalance,4.0,25.727,2008-07-01,102.908,0.360178,0.8119936162074115,Consumer Defensive,0.8119936162074115,,
2008-08-01,198597,WELL,buy,rebalance,4.0,22.937,2008-08-01,91.748,0.321118,0.8507074360666455,Real Estate,0.8507074360666455,,
2008-08-01,198245,DX,buy,rebalance,38.0,2.925,2008-08-01,111.14999999999999,0.38902499999999995,0.8465741905476106,Real Estate,0.8465741905476106,,
2008-08-01,199003,HE,buy,rebalance,9.0,12.278,2008-08-01,110.50200000000001,0.386757,0.8417887030014172,Utilities,0.8417887030014172,,
2008-08-01,197771,KMP,buy,rebalance,3.0,37.475,2008-08-01,112.42500000000001,0.39348750000000005,0.838171958986736,Energy,0.838171958986736,,
2008-08-01,195934,MMP,buy,rebalance,15.0,7.134,2008-08-01,107.01,0.374535,0.8315496192867149,Energy,0.8315496192867149,,
2008-08-01,198638,SCG,buy,rebalance,4.0,23.393,2008-08-01,93.572,0.327502,0.829543918822475,Utilities,0.829543918822475,,
2008-08-01,199688,GE,buy,rebalance,1.0,90.731,2008-08-01,90.731,0.31755849999999997,0.8214485871323415,Industrials,0.8214485871323415,,
2008-08-01,196648,LLL1,buy,rebalance,1.0,75.159,2008-08-01,75.159,0.2630565,0.8138768896144539,Industrials,0.8138768896144539,,
2008-08-01,199593,KMB,buy,rebalance,3.0,29.113,2008-08-01,87.339,0.3056865,0.81348504277575,Consumer Defensive,0.81348504277575,,
2008-08-01,199601,K,buy,rebalance,4.0,28.094,2008-08-01,112.376,0.393316,0.8119936162074115,Consumer Defensive,0.8119936162074115,,
2008-09-02,198597,WELL,buy,rebalance,4.0,23.467,2008-09-02,93.868,0.328538,0.8507074360666455,Real Estate,0.8507074360666455,,
2008-09-02,198245,DX,buy,rebalance,39.0,2.861,2008-09-02,111.57900000000001,0.39052650000000005,0.8465741905476106,Real Estate,0.8465741905476106,,
2008-09-02,199003,HE,buy,rebalance,8.0,13.492,2008-09-02,107.936,0.37777600000000006,0.8417887030014172,Utilities,0.8417887030014172,,
2008-09-02,197771,KMP,buy,rebalance,3.0,37.846,2008-09-02,113.53799999999998,0.39738299999999993,0.838171958986736,Energy,0.838171958986736,,
2008-09-02,195934,MMP,buy,rebalance,15.0,7.556,2008-09-02,113.34,0.39669000000000004,0.8315496192867149,Energy,0.8315496192867149,,
2008-09-02,198638,SCG,buy,rebalance,4.0,25.126,2008-09-02,100.504,0.351764,0.829543918822475,Utilities,0.829543918822475,,
2008-09-02,199688,GE,buy,rebalance,1.0,91.76,2008-09-02,91.76,0.32116,0.8214485871323415,Industrials,0.8214485871323415,,
2008-09-02,196648,LLL1,buy,rebalance,1.0,79.72,2008-09-02,79.72,0.27902,0.8138768896144537,Industrials,0.8138768896144537,,
2008-09-02,199593,KMB,buy,rebalance,3.0,31.644,2008-09-02,94.93199999999999,0.33226199999999995,0.8134850427757498,Consumer Defensive,0.8134850427757498,,
2008-09-02,199601,K,buy,rebalance,3.0,29.842,2008-09-02,89.526,0.313341,0.8119936162074115,Consumer Defensive,0.8119936162074115,,
2008-10-01,199518,MNR2,buy,rebalance,32.0,3.512,2008-10-01,112.384,0.393344,0.8575459701048191,Real Estate,0.8575459701048191,,
2008-10-01,197771,KMP,buy,rebalance,3.0,34.999,2008-10-01,104.99700000000001,0.3674895000000001,0.8463594283736059,Energy,0.8463594283736059,,
2008-10-01,196956,WPC,buy,rebalance,12.0,8.975,2008-10-01,107.69999999999999,0.37694999999999995,0.8438936904779851,Real Estate,0.8438936904779851,,
2008-10-01,199003,HE,buy,rebalance,7.0,14.472,2008-10-01,101.304,0.354564,0.8349549212989601,Utilities,0.8349549212989601,,
2008-10-01,199477,XEL,buy,rebalance,10.0,10.725,2008-10-01,107.25,0.375375,0.8314278281109209,Utilities,0.8314278281109209,,
2008-10-01,196584,EPD,buy,rebalance,27.0,4.123,2008-10-01,111.32100000000001,0.38962350000000007,0.8306801421925059,Energy,0.8306801421925059,,
2008-10-01,199517,MDU,buy,rebalance,18.0,6.23,2008-10-01,112.14000000000001,0.39249000000000006,0.8139325568847049,Industrials,0.8139325568847049,,
2008-10-01,196648,LLL1,buy,rebalance,1.0,74.309,2008-10-01,74.309,0.2600815,0.8120117640568919,Industrials,0.8120117640568919,,
2008-10-01,198738,T,buy,rebalance,14.0,7.651,2008-10-01,107.114,0.37489900000000004,0.809410462516525,Communication Services,0.809410462516525,,
2008-10-01,199685,GIS,buy,rebalance,6.0,18.822,2008-10-01,112.93199999999999,0.39526199999999995,0.8080412743927897,Consumer Defensive,0.8080412743927897,,
2008-11-03,199518,MNR2,buy,rebalance,31.0,3.434,2008-11-03,106.45400000000001,0.37258900000000006,0.8575459701048191,Real Estate,0.8575459701048191,,
2008-11-03,197771,KMP,buy,rebalance,2.0,37.039,2008-11-03,74.078,0.25927300000000003,0.8463594283736061,Energy,0.8463594283736061,,
2008-11-03,196956,WPC,buy,rebalance,13.0,8.113,2008-11-03,105.469,0.3691415,0.8438936904779851,Real Estate,0.8438936904779851,,
2008-11-03,199003,HE,buy,rebalance,7.0,13.708,2008-11-03,95.956,0.33584600000000003,0.8349549212989601,Utilities,0.8349549212989601,,
2008-11-03,199477,XEL,buy,rebalance,11.0,9.523,2008-11-03,104.753,0.3666355,0.8314278281109209,Utilities,0.8314278281109209,,
2008-11-03,196584,EPD,buy,rebalance,27.0,3.925,2008-11-03,105.975,0.3709125,0.8306801421925056,Energy,0.8306801421925056,,
2008-11-03,199517,MDU,buy,rebalance,27.0,3.98,2008-11-03,107.46,0.37611,0.8139325568847049,Industrials,0.8139325568847049,,
2008-11-03,196648,LLL1,buy,rebalance,1.0,61.73,2008-11-03,61.73,0.216055,0.8120117640568919,Industrials,0.8120117640568919,,
2008-11-03,198738,T,buy,rebalance,14.0,7.697,2008-11-03,107.758,0.377153,0.809410462516525,Communication Services,0.809410462516525,,
2008-11-03,199685,GIS,buy,rebalance,5.0,18.335,2008-11-03,91.67500000000001,0.32086250000000005,0.8080412743927897,Consumer Defensive,0.8080412743927897,,
2008-12-01,199518,MNR2,buy,rebalance,40.0,2.774,2008-12-01,110.96000000000001,0.38836000000000004,0.8575459701048191,Real Estate,0.8575459701048191,,
2008-12-01,197771,KMP,buy,rebalance,3.0,31.229,2008-12-01,93.687,0.3279045,0.8463594283736061,Energy,0.8463594283736061,,
2008-12-01,196956,WPC,buy,rebalance,15.0,7.06,2008-12-01,105.89999999999999,0.37065,0.8438936904779851,Real Estate,0.8438936904779851,,
2008-12-01,199003,HE,buy,rebalance,8.0,13.514,2008-12-01,108.112,0.378392,0.8349549212989601,Utilities,0.8349549212989601,,
2008-12-01,199477,XEL,buy,rebalance,11.0,9.453,2008-12-01,103.98299999999999,0.36394049999999994,0.8314278281109209,Utilities,0.8314278281109209,,
2008-12-01,196584,EPD,buy,rebalance,33.0,3.312,2008-12-01,109.29599999999999,0.382536,0.8306801421925056,Energy,0.8306801421925056,,
2008-12-01,199517,MDU,buy,rebalance,29.0,3.866,2008-12-01,112.114,0.392399,0.8139325568847048,Industrials,0.8139325568847048,,
2008-12-01,196648,LLL1,buy,rebalance,2.0,49.551,2008-12-01,99.102,0.346857,0.8120117640568919,Industrials,0.8120117640568919,,
2008-12-01,198738,T,buy,rebalance,15.0,7.462,2008-12-01,111.92999999999999,0.39175499999999996,0.809410462516525,Communication Services,0.809410462516525,,
2008-12-01,199685,GIS,buy,rebalance,6.0,16.502,2008-12-01,99.012,0.346542,0.8080412743927897,Consumer Defensive,0.8080412743927897,,
2009-01-02,197771,KMP,buy,rebalance,3.0,32.08,2009-01-02,96.24,0.33684,0.8169168548497869,Energy,0.8169168548497869,,
2009-01-02,198638,SCG,buy,rebalance,4.0,23.863,2009-01-02,95.452,0.334082,0.8129207405737338,Utilities,0.8129207405737338,,
2009-01-02,198635,UTL,buy,rebalance,10.0,10.204,2009-01-02,102.04,0.35714,0.8075121369086256,Utilities,0.8075121369086256,,
2009-01-02,197913,NHI,buy,rebalance,10.0,9.888,2009-01-02,98.88,0.34608,0.803772057464955,Real Estate,0.803772057464955,,
2009-01-02,197266,LSI,buy,rebalance,8.0,12.317,2009-01-02,98.536,0.344876,0.8022540188022809,Real Estate,0.8022540188022809,,
2009-01-02,197878,EEP,buy,rebalance,18.0,5.879,2009-01-02,105.82199999999999,0.37037699999999996,0.795679549724568,Energy,0.795679549724568,,
2009-01-02,199593,KMB,buy,rebalance,3.0,27.532,2009-01-02,82.596,0.289086,0.7915216693205497,Consumer Defensive,0.7915216693205497,,
2009-01-02,196115,MDLZ,buy,rebalance,9.0,11.567,2009-01-02,104.10300000000001,0.36436050000000003,0.7891951678019388,Consumer Defensive,0.7891951678019388,,
2009-01-02,199643,HUBB,buy,rebalance,4.0,23.066,2009-01-02,92.264,0.322924,0.7890549330249148,Industrials,0.7890549330249148,,
2009-01-02,198260,WM,buy,rebalance,4.0,21.47,2009-01-02,85.88,0.30058,0.7873276943280026,Industrials,0.7873276943280026,,
2009-02-02,197771,KMP,buy,rebalance,3.0,33.832,2009-02-02,101.49600000000001,0.35523600000000005,0.8169168548497869,Energy,0.8169168548497869,,
2009-02-02,198638,SCG,buy,rebalance,4.0,22.531,2009-02-02,90.124,0.315434,0.8129207405737338,Utilities,0.8129207405737338,,
2009-02-02,198635,UTL,buy,rebalance,10.0,10.126,2009-02-02,101.25999999999999,0.35441,0.8075121369086254,Utilities,0.8075121369086254,,
2009-02-02,197913,NHI,buy,rebalance,10.0,10.315,2009-02-02,103.14999999999999,0.361025,0.8037720574649551,Real Estate,0.8037720574649551,,
2009-02-02,197266,LSI,buy,rebalance,11.0,9.773,2009-02-02,107.503,0.3762605,0.802254018802281,Real Estate,0.802254018802281,,
2009-02-02,197878,EEP,buy,rebalance,16.0,6.662,2009-02-02,106.592,0.373072,0.7956795497245678,Energy,0.7956795497245678,,
2009-02-02,199593,KMB,buy,rebalance,4.0,26.162,2009-02-02,104.648,0.366268,0.7915216693205497,Consumer Defensive,0.7915216693205497,,
2009-02-02,196115,MDLZ,buy,rebalance,9.0,11.948,2009-02-02,107.53200000000001,0.37636200000000003,0.7891951678019388,Consumer Defensive,0.7891951678019388,,
2009-02-02,199643,HUBB,buy,rebalance,5.0,20.759,2009-02-02,103.795,0.3632825,0.7890549330249148,Industrials,0.7890549330249148,,
2009-02-02,198260,WM,buy,rebalance,5.0,19.233,2009-02-02,96.165,0.33657750000000003,0.7873276943280026,Industrials,0.7873276943280026,,
2009-03-02,197771,KMP,buy,rebalance,3.0,29.987,2009-03-02,89.961,0.3148635,0.8169168548497868,Energy,0.8169168548497868,,
2009-03-02,198638,SCG,buy,rebalance,5.0,18.988,2009-03-02,94.94,0.33229,0.8129207405737338,Utilities,0.8129207405737338,,
2009-03-02,198635,UTL,buy,rebalance,11.0,9.551,2009-03-02,105.061,0.3677135,0.8075121369086256,Utilities,0.8075121369086256,,
2009-03-02,197913,NHI,buy,rebalance,12.0,8.638,2009-03-02,103.656,0.362796,0.8037720574649551,Real Estate,0.8037720574649551,,
2009-03-02,197266,LSI,buy,rebalance,14.0,7.168,2009-03-02,100.352,0.35123200000000004,0.8022540188022809,Real Estate,0.8022540188022809,,
2009-03-02,197878,EEP,buy,rebalance,18.0,5.746,2009-03-02,103.42800000000001,0.36199800000000004,0.795679549724568,Energy,0.795679549724568,,
2009-03-02,199593,KMB,buy,rebalance,4.0,23.54,2009-03-02,94.16,0.32956,0.7915216693205498,Consumer Defensive,0.7915216693205498,,
2009-03-02,196115,MDLZ,buy,rebalance,11.0,9.358,2009-03-02,102.938,0.360283,0.7891951678019389,Consumer Defensive,0.7891951678019389,,
2009-03-02,199643,HUBB,buy,rebalance,6.0,16.618,2009-03-02,99.708,0.348978,0.7890549330249148,Industrials,0.7890549330249148,,
2009-03-02,198260,WM,buy,rebalance,6.0,16.405,2009-03-02,98.43,0.344505,0.7873276943280026,Industrials,0.7873276943280026,,
2009-04-01,197771,KMP,buy,rebalance,3.0,32.447,2009-04-01,97.34100000000001,0.34069350000000004,0.8174840781898872,Energy,0.8174840781898872,,
2009-04-01,199337,SO,buy,rebalance,7.0,14.315,2009-04-01,100.205,0.3507175,0.808526949084875,Utilities,0.808526949084875,,
2009-04-01,198610,PNW,buy,rebalance,8.0,13.041,2009-04-01,104.328,0.36514800000000003,0.808390757795445,Utilities,0.808390757795445,,
2009-04-01,199593,KMB,buy,rebalance,4.0,24.6,2009-04-01,98.4,0.34440000000000004,0.7964644066801335,Consumer Defensive,0.7964644066801335,,
2009-04-01,124603,TCP,buy,rebalance,8.0,12.78,2009-04-01,102.24,0.35784,0.7951365477458376,Energy,0.7951365477458376,,
2009-04-01,198260,WM,buy,rebalance,6.0,16.466,2009-04-01,98.796,0.34578600000000004,0.7924623532720051,Industrials,0.7924623532720051,,
2009-04-01,196956,WPC,buy,rebalance,13.0,8.05,2009-04-01,104.65,0.366275,0.7920397503936203,Real Estate,0.7920397503936203,,
2009-04-01,199576,VGR,buy,rebalance,57.0,1.861,2009-04-01,106.077,0.3712695,0.7917283067244131,Consumer Defensive,0.7917283067244131,,
2009-04-01,198738,T,buy,rebalance,14.0,7.282,2009-04-01,101.94800000000001,0.356818,0.7909885481242659,Communication Services,0.7909885481242659,,
2009-04-01,198739,VZ,buy,rebalance,9.0,11.667,2009-04-01,105.003,0.3675105,0.7898231407958619,Communication Services,0.7898231407958619,,
2009-05-01,197771,KMP,buy,rebalance,3.0,33.473,2009-05-01,100.419,0.3514665,0.8174840781898872,Energy,0.8174840781898872,,
2009-05-01,199337,SO,buy,rebalance,7.0,13.593,2009-05-01,95.151,0.3330285,0.808526949084875,Utilities,0.808526949084875,,
2009-05-01,198610,PNW,buy,rebalance,7.0,13.564,2009-05-01,94.94800000000001,0.33231800000000006,0.808390757795445,Utilities,0.808390757795445,,
2009-05-01,199593,KMB,buy,rebalance,4.0,25.863,2009-05-01,103.452,0.362082,0.7964644066801335,Consumer Defensive,0.7964644066801335,,
2009-05-01,124603,TCP,buy,rebalance,7.0,13.38,2009-05-01,93.66000000000001,0.32781000000000005,0.7951365477458376,Energy,0.7951365477458376,,
2009-05-01,198260,WM,buy,rebalance,6.0,16.84,2009-05-01,101.03999999999999,0.35363999999999995,0.7924623532720051,Industrials,0.7924623532720051,,
2009-05-01,196956,WPC,buy,rebalance,14.0,7.338,2009-05-01,102.732,0.359562,0.7920397503936204,Real Estate,0.7920397503936204,,
2009-05-01,199576,VGR,buy,rebalance,55.0,1.893,2009-05-01,104.115,0.36440249999999996,0.7917283067244131,Consumer Defensive,0.7917283067244131,,
2009-05-01,198738,T,buy,rebalance,14.0,7.425,2009-05-01,103.95,0.363825,0.790988548124266,Communication Services,0.790988548124266,,
2009-05-01,198739,VZ,buy,rebalance,9.0,11.582,2009-05-01,104.238,0.364833,0.7898231407958619,Communication Services,0.7898231407958619,,
2009-06-01,197771,KMP,buy,rebalance,2.0,36.542,2009-06-01,73.084,0.255794,0.8174840781898873,Energy,0.8174840781898873,,
2009-06-01,199337,SO,buy,rebalance,7.0,13.645,2009-06-01,95.515,0.3343025,0.8085269490848749,Utilities,0.8085269490848749,,
2009-06-01,198610,PNW,buy,rebalance,7.0,13.839,2009-06-01,96.873,0.3390555,0.8083907577954451,Utilities,0.8083907577954451,,
2009-06-01,199593,KMB,buy,rebalance,3.0,27.802,2009-06-01,83.406,0.29192100000000004,0.7964644066801335,Consumer Defensive,0.7964644066801335,,
2009-06-01,124603,TCP,buy,rebalance,6.0,15.992,2009-06-01,95.952,0.335832,0.7951365477458375,Energy,0.7951365477458375,,
2009-06-01,198260,WM,buy,rebalance,5.0,18.778,2009-06-01,93.88999999999999,0.32861499999999993,0.792462353272005,Industrials,0.792462353272005,,
2009-06-01,196956,WPC,buy,rebalance,10.0,10.051,2009-06-01,100.51,0.351785,0.7920397503936203,Real Estate,0.7920397503936203,,
2009-06-01,199576,VGR,buy,rebalance,50.0,2.073,2009-06-01,103.64999999999999,0.36277499999999996,0.7917283067244132,Consumer Defensive,0.7917283067244132,,
2009-06-01,198738,T,buy,rebalance,14.0,7.033,2009-06-01,98.462,0.344617,0.7909885481242659,Communication Services,0.7909885481242659,,
2009-06-01,198739,VZ,buy,rebalance,9.0,11.089,2009-06-01,99.801,0.3493035,0.7898231407958619,Communication Services,0.7898231407958619,,
2009-07-01,197771,KMP,buy,rebalance,3.0,35.909,2009-07-01,107.727,0.3770445,0.8304809554998599,Energy,0.8304809554998599,,
2009-07-01,199337,SO,buy,rebalance,7.0,14.867,2009-07-01,104.069,0.3642415,0.820269499903969,Utilities,0.820269499903969,,
2009-07-01,199751,EDE,buy,rebalance,9.0,12.08,2009-07-01,108.72,0.38052,0.8130430117452612,Utilities,0.8130430117452612,,
2009-07-01,196956,WPC,buy,rebalance,12.0,9.079,2009-07-01,108.94800000000001,0.38131800000000005,0.8101108974163833,Real Estate,0.8101108974163833,,
2009-07-01,124603,TCP,buy,rebalance,7.0,15.382,2009-07-01,107.67399999999999,0.376859,0.8032379749026685,Energy,0.8032379749026685,,
2009-07-01,198245,DX,buy,rebalance,33.0,3.259,2009-07-01,107.547,0.3764145,0.8016779611635556,Real Estate,0.8016779611635556,,
2009-07-01,199593,KMB,buy,rebalance,3.0,28.28,2009-07-01,84.84,0.29694000000000004,0.7989574640332505,Consumer Defensive,0.7989574640332505,,
2009-07-01,198739,VZ,buy,rebalance,9.0,11.684,2009-07-01,105.15599999999999,0.368046,0.797969650919454,Communication Services,0.797969650919454,,
2009-07-01,195259,RAI,buy,rebalance,16.0,6.608,2009-07-01,105.728,0.370048,0.796204575920002,Consumer Defensive,0.796204575920002,,
2009-07-01,198260,WM,buy,rebalance,6.0,18.226,2009-07-01,109.356,0.382746,0.7927048045878357,Industrials,0.7927048045878357,,
2009-08-03,197771,KMP,buy,rebalance,2.0,38.504,2009-08-03,77.008,0.269528,0.8304809554998599,Energy,0.8304809554998599,,
2009-08-03,199337,SO,buy,rebalance,7.0,14.946,2009-08-03,104.622,0.36617700000000003,0.8202694999039689,Utilities,0.8202694999039689,,
2009-08-03,199751,EDE,buy,rebalance,8.0,13.095,2009-08-03,104.76,0.36666000000000004,0.8130430117452611,Utilities,0.8130430117452611,,
2009-08-03,196956,WPC,buy,rebalance,10.0,9.928,2009-08-03,99.28,0.34748,0.8101108974163833,Real Estate,0.8101108974163833,,
2009-08-03,124603,TCP,buy,rebalance,6.0,16.295,2009-08-03,97.77000000000001,0.342195,0.8032379749026684,Energy,0.8032379749026684,,
2009-08-03,198245,DX,buy,rebalance,30.0,3.437,2009-08-03,103.11,0.360885,0.8016779611635555,Real Estate,0.8016779611635555,,
2009-08-03,199593,KMB,buy,rebalance,3.0,30.636,2009-08-03,91.908,0.321678,0.7989574640332504,Consumer Defensive,0.7989574640332504,,
2009-08-03,198739,VZ,buy,rebalance,8.0,12.338,2009-08-03,98.704,0.345464,0.797969650919454,Communication Services,0.797969650919454,,
2009-08-03,195259,RAI,buy,rebalance,14.0,7.405,2009-08-03,103.67,0.36284500000000003,0.796204575920002,Consumer Defensive,0.796204575920002,,
2009-08-03,198260,WM,buy,rebalance,5.0,18.46,2009-08-03,92.30000000000001,0.32305000000000006,0.7927048045878357,Industrials,0.7927048045878357,,
2009-09-01,197771,KMP,buy,rebalance,2.0,37.563,2009-09-01,75.126,0.26294100000000004,0.8304809554998599,Energy,0.8304809554998599,,
2009-09-01,199337,SO,buy,rebalance,7.0,14.88,2009-09-01,104.16000000000001,0.36456000000000005,0.820269499903969,Utilities,0.820269499903969,,
2009-09-01,199751,EDE,buy,rebalance,8.0,13.006,2009-09-01,104.048,0.364168,0.8130430117452611,Utilities,0.8130430117452611,,
2009-09-01,196956,WPC,buy,rebalance,10.0,9.994,2009-09-01,99.94,0.34979,0.8101108974163833,Real Estate,0.8101108974163833,,
2009-09-01,124603,TCP,buy,rebalance,6.0,16.469,2009-09-01,98.81400000000001,0.345849,0.8032379749026685,Energy,0.8032379749026685,,
2009-09-01,198245,DX,buy,rebalance,32.0,3.283,2009-09-01,105.056,0.367696,0.8016779611635556,Real Estate,0.8016779611635556,,
2009-09-01,199593,KMB,buy,rebalance,3.0,31.072,2009-09-01,93.216,0.326256,0.7989574640332505,Consumer Defensive,0.7989574640332505,,
2009-09-01,198739,VZ,buy,rebalance,9.0,11.698,2009-09-01,105.28200000000001,0.36848700000000006,0.7979696509194542,Communication Services,0.7979696509194542,,
2009-09-01,195259,RAI,buy,rebalance,14.0,7.592,2009-09-01,106.288,0.372008,0.796204575920002,Consumer Defensive,0.796204575920002,,
2009-09-01,198260,WM,buy,rebalance,5.0,19.416,2009-09-01,97.08,0.33978,0.7927048045878357,Industrials,0.7927048045878357,,
2009-10-01,198245,DX,buy,rebalance,31.0,3.38,2009-10-01,104.78,0.36673,0.8176391305580761,Real Estate,0.8176391305580761,,
2009-10-01,195706,MGEE,buy,rebalance,6.0,15.643,2009-10-01,93.858,0.32850300000000004,0.8167608654662223,Utilities,0.8167608654662223,,
2009-10-01,199751,EDE,buy,rebalance,8.0,13.02,2009-10-01,104.16,0.36456,0.8125701066426073,Utilities,0.8125701066426073,,
2009-10-01,197597,OKS,buy,rebalance,6.0,15.785,2009-10-01,94.71000000000001,0.33148500000000003,0.8092741703533716,Energy,0.8092741703533716,,
2009-10-01,196956,WPC,buy,rebalance,10.0,10.082,2009-10-01,100.82000000000001,0.35287,0.805270107892364,Real Estate,0.805270107892364,,
2009-10-01,197771,KMP,buy,rebalance,2.0,38.576,2009-10-01,77.152,0.270032,0.8027780467015163,Energy,0.8027780467015163,,
2009-10-01,198739,VZ,buy,rebalance,9.0,11.56,2009-10-01,104.04,0.36414,0.7985947638299398,Communication Services,0.7985947638299398,,
2009-10-01,199593,KMB,buy,rebalance,3.0,30.919,2009-10-01,92.757,0.32464950000000004,0.7961068259699048,Consumer Defensive,0.7961068259699048,,
2009-10-01,199347,SJM,buy,rebalance,3.0,32.763,2009-10-01,98.28899999999999,0.34401149999999997,0.7951396005224279,Consumer Defensive,0.7951396005224279,,
2009-10-01,198260,WM,buy,rebalance,5.0,19.027,2009-10-01,95.135,0.3329725,0.7930402022537081,Industrials,0.7930402022537081,,
2009-11-02,198245,DX,buy,rebalance,33.0,3.294,2009-11-02,108.702,0.380457,0.8176391305580761,Real Estate,0.8176391305580761,,
2009-11-02,195706,MGEE,buy,rebalance,7.0,15.253,2009-11-02,106.771,0.3736985,0.8167608654662223,Utilities,0.8167608654662223,,
2009-11-02,199751,EDE,buy,rebalance,8.0,13.143,2009-11-02,105.144,0.36800400000000005,0.8125701066426072,Utilities,0.8125701066426072,,
2009-11-02,197597,OKS,buy,rebalance,6.0,16.8,2009-11-02,100.80000000000001,0.35280000000000006,0.8092741703533716,Energy,0.8092741703533716,,
2009-11-02,196956,WPC,buy,rebalance,10.0,10.112,2009-11-02,101.12,0.35392,0.805270107892364,Real Estate,0.805270107892364,,
2009-11-02,197771,KMP,buy,rebalance,2.0,39.437,2009-11-02,78.874,0.276059,0.8027780467015163,Energy,0.8027780467015163,,
2009-11-02,198739,VZ,buy,rebalance,9.0,11.512,2009-11-02,103.608,0.362628,0.7985947638299398,Communication Services,0.7985947638299398,,
2009-11-02,199593,KMB,buy,rebalance,3.0,33.325,2009-11-02,99.97500000000001,0.3499125,0.7961068259699048,Consumer Defensive,0.7961068259699048,,
2009-11-02,199347,SJM,buy,rebalance,3.0,32.153,2009-11-02,96.459,0.33760650000000003,0.7951396005224278,Consumer Defensive,0.7951396005224278,,
2009-11-02,198260,WM,buy,rebalance,5.0,20.15,2009-11-02,100.75,0.352625,0.7930402022537081,Industrials,0.7930402022537081,,
2009-12-01,198245,DX,buy,rebalance,33.0,3.257,2009-12-01,107.48100000000001,0.37618350000000006,0.8176391305580761,Real Estate,0.8176391305580761,,
2009-12-01,195706,MGEE,buy,rebalance,7.0,15.264,2009-12-01,106.848,0.373968,0.8167608654662224,Utilities,0.8167608654662224,,
2009-12-01,199751,EDE,buy,rebalance,8.0,13.486,2009-12-01,107.888,0.377608,0.8125701066426073,Utilities,0.8125701066426073,,
2009-12-01,197597,OKS,buy,rebalance,6.0,18.111,2009-12-01,108.666,0.380331,0.8092741703533716,Energy,0.8092741703533716,,
2009-12-01,196956,WPC,buy,rebalance,11.0,9.723,2009-12-01,106.953,0.37433550000000004,0.805270107892364,Real Estate,0.805270107892364,,
2009-12-01,197771,KMP,buy,rebalance,2.0,41.809,2009-12-01,83.618,0.292663,0.8027780467015163,Energy,0.8027780467015163,,
2009-12-01,198739,VZ,buy,rebalance,8.0,12.659,2009-12-01,101.272,0.35445200000000004,0.7985947638299398,Communication Services,0.7985947638299398,,
2009-12-01,199593,KMB,buy,rebalance,3.0,35.492,2009-12-01,106.476,0.372666,0.7961068259699048,Consumer Defensive,0.7961068259699048,,
2009-12-01,199347,SJM,buy,rebalance,2.0,37.022,2009-12-01,74.044,0.259154,0.7951396005224278,Consumer Defensive,0.7951396005224278,,
2009-12-01,198260,WM,buy,rebalance,5.0,21.99,2009-12-01,109.94999999999999,0.384825,0.7930402022537081,Industrials,0.7930402022537081,,
2010-01-04,199477,XEL,buy,rebalance,9.0,12.008,2010-01-04,108.07199999999999,0.378252,0.752561729422531,Utilities,0.752561729422531,,
2010-01-04,196730,ED,buy,rebalance,4.0,23.708,2010-01-04,94.832,0.331912,0.7514244652468497,Utilities,0.7514244652468497,,
2010-01-04,124603,TCP,buy,rebalance,6.0,17.058,2010-01-04,102.348,0.358218,0.7499298906465549,Energy,0.7499298906465549,,
2010-01-04,198245,DX,buy,rebalance,29.0,3.681,2010-01-04,106.749,0.3736215,0.749121794654111,Real Estate,0.749121794654111,,
2010-01-04,197771,KMP,buy,rebalance,2.0,45.58,2010-01-04,91.16,0.31906,0.7440200376056698,Energy,0.7440200376056698,,
2010-01-04,195259,RAI,buy,rebalance,11.0,9.292,2010-01-04,102.212,0.357742,0.7422316231835129,Consumer Defensive,0.7422316231835129,,
2010-01-04,199552,MCD,buy,rebalance,2.0,40.064,2010-01-04,80.128,0.28044800000000003,0.7387082231320214,Consumer Cyclical,0.7387082231320214,,
2010-01-04,196956,WPC,buy,rebalance,10.0,10.385,2010-01-04,103.85,0.363475,0.7380106828016094,Real Estate,0.7380106828016094,,
2010-01-04,198738,T,buy,rebalance,12.0,8.43,2010-01-04,101.16,0.35406,0.7373830987291752,Communication Services,0.7373830987291752,,
2010-01-04,198928,UTMD,buy,rebalance,5.0,20.811,2010-01-04,104.055,0.36419250000000003,0.736743121812388,Healthcare,0.736743121812388,,
2010-02-01,199477,XEL,buy,rebalance,9.0,11.877,2010-02-01,106.893,0.3741255,0.752561729422531,Utilities,0.752561729422531,,
2010-02-01,196730,ED,buy,rebalance,4.0,22.95,2010-02-01,91.8,0.3213,0.7514244652468496,Utilities,0.7514244652468496,,
2010-02-01,124603,TCP,buy,rebalance,6.0,16.83,2010-02-01,100.97999999999999,0.35342999999999997,0.7499298906465549,Energy,0.7499298906465549,,
2010-02-01,198245,DX,buy,rebalance,28.0,3.773,2010-02-01,105.644,0.369754,0.749121794654111,Real Estate,0.749121794654111,,
2010-02-01,197771,KMP,buy,rebalance,2.0,45.761,2010-02-01,91.522,0.32032700000000003,0.7440200376056698,Energy,0.7440200376056698,,
2010-02-01,195259,RAI,buy,rebalance,11.0,9.36,2010-02-01,102.96,0.36035999999999996,0.7422316231835129,Consumer Defensive,0.7422316231835129,,
2010-02-01,199552,MCD,buy,rebalance,2.0,40.772,2010-02-01,81.544,0.285404,0.7387082231320214,Consumer Cyclical,0.7387082231320214,,
2010-02-01,196956,WPC,buy,rebalance,10.0,10.193,2010-02-01,101.92999999999999,0.356755,0.7380106828016094,Real Estate,0.7380106828016094,,
2010-02-01,198738,T,buy,rebalance,14.0,7.6,2010-02-01,106.39999999999999,0.37239999999999995,0.7373830987291752,Communication Services,0.7373830987291752,,
2010-02-01,198928,UTMD,buy,rebalance,5.0,19.607,2010-02-01,98.035,0.3431225,0.736743121812388,Healthcare,0.736743121812388,,
2010-03-01,199477,XEL,buy,rebalance,9.0,11.974,2010-03-01,107.766,0.37718100000000004,0.752561729422531,Utilities,0.752561729422531,,
2010-03-01,196730,ED,buy,rebalance,4.0,22.881,2010-03-01,91.524,0.320334,0.7514244652468497,Utilities,0.7514244652468497,,
2010-03-01,124603,TCP,buy,rebalance,6.0,17.276,2010-03-01,103.656,0.362796,0.7499298906465549,Energy,0.7499298906465549,,
2010-03-01,198245,DX,buy,rebalance,29.0,3.744,2010-03-01,108.57600000000001,0.380016,0.749121794654111,Real Estate,0.749121794654111,,
2010-03-01,197771,KMP,buy,rebalance,2.0,47.794,2010-03-01,95.588,0.33455799999999997,0.7440200376056698,Energy,0.7440200376056698,,
2010-03-01,195259,RAI,buy,rebalance,11.0,9.292,2010-03-01,102.212,0.357742,0.7422316231835129,Consumer Defensive,0.7422316231835129,,
2010-03-01,199552,MCD,buy,rebalance,2.0,41.179,2010-03-01,82.358,0.28825300000000004,0.7387082231320214,Consumer Cyclical,0.7387082231320214,,
2010-03-01,196956,WPC,buy,rebalance,11.0,9.68,2010-03-01,106.47999999999999,0.37267999999999996,0.7380106828016095,Real Estate,0.7380106828016095,,
2010-03-01,198738,T,buy,rebalance,14.0,7.486,2010-03-01,104.804,0.36681400000000003,0.7373830987291752,Communication Services,0.7373830987291752,,
2010-03-01,198928,UTMD,buy,rebalance,5.0,19.375,2010-03-01,96.875,0.3390625,0.736743121812388,Healthcare,0.736743121812388,,
2010-04-01,199477,XEL,buy,rebalance,8.0,12.33,2010-04-01,98.64,0.34524,0.752389149675674,Utilities,0.752389149675674,,
2010-04-01,198245,DX,buy,rebalance,28.0,3.865,2010-04-01,108.22,0.37877,0.7478060987086564,Real Estate,0.7478060987086564,,
2010-04-01,199603,WR1,buy,rebalance,6.0,16.253,2010-04-01,97.518,0.34131300000000003,0.7477219311473544,Utilities,0.7477219311473544,,
2010-04-01,197597,OKS,buy,rebalance,5.0,19.362,2010-04-01,96.80999999999999,0.33883499999999994,0.7436655113991213,Energy,0.7436655113991213,,
2010-04-01,199552,MCD,buy,rebalance,2.0,43.496,2010-04-01,86.992,0.304472,0.7422934056004113,Consumer Cyclical,0.7422934056004113,,
2010-04-01,195259,RAI,buy,rebalance,11.0,9.723,2010-04-01,106.953,0.37433550000000004,0.7419942466603863,Consumer Defensive,0.7419942466603863,,
2010-04-01,197771,KMP,buy,rebalance,2.0,49.163,2010-04-01,98.326,0.344141,0.7416721196361853,Energy,0.7416721196361853,,
2010-04-01,199654,HNZ,buy,rebalance,2.0,41.141,2010-04-01,82.282,0.287987,0.7413429862080738,Consumer Defensive,0.7413429862080738,,
2010-04-01,199185,JNJ,buy,rebalance,2.0,40.976,2010-04-01,81.952,0.286832,0.7332500214381719,Healthcare,0.7332500214381719,,
2010-04-01,199860,LUMN,buy,rebalance,8.0,12.958,2010-04-01,103.664,0.36282400000000004,0.7323857406529524,Communication Services,0.7323857406529524,,
2010-05-03,186226,ALD1,sell,delisted,76.0,4.99,2010-04-01,379.24,1.32734,,,,1370.791035,-992.878375
2010-05-03,199477,XEL,buy,rebalance,11.0,12.734,2010-05-03,140.074,0.49025900000000006,0.752389149675674,Utilities,0.752389149675674,,
2010-05-03,198245,DX,buy,rebalance,37.0,4.028,2010-05-03,149.03599999999997,0.5216259999999999,0.7478060987086564,Real Estate,0.7478060987086564,,
2010-05-03,199603,WR1,buy,rebalance,8.0,17.209,2010-05-03,137.672,0.481852,0.7477219311473545,Utilities,0.7477219311473545,,
2010-05-03,197597,OKS,buy,rebalance,7.0,19.669,2010-05-03,137.683,0.4818905,0.7436655113991213,Energy,0.7436655113991213,,
2010-05-03,199552,MCD,buy,rebalance,3.0,45.967,2010-05-03,137.901,0.48265350000000007,0.7422934056004113,Consumer Cyclical,0.7422934056004113,,
2010-05-03,195259,RAI,buy,rebalance,15.0,9.535,2010-05-03,143.025,0.5005875000000001,0.7419942466603863,Consumer Defensive,0.7419942466603863,,
2010-05-03,197771,KMP,buy,rebalance,2.0,51.13,2010-05-03,102.26,0.35791,0.7416721196361852,Energy,0.7416721196361852,,
2010-05-03,199654,HNZ,buy,rebalance,3.0,42.119,2010-05-03,126.357,0.4422495,0.7413429862080738,Consumer Defensive,0.7413429862080738,,
2010-05-03,199185,JNJ,buy,rebalance,3.0,40.702,2010-05-03,122.106,0.427371,0.7332500214381719,Healthcare,0.7332500214381719,,
2010-05-03,199860,LUMN,buy,rebalance,12.0,12.46,2010-05-03,149.52,0.52332,0.7323857406529524,Communication Services,0.7323857406529524,,
2010-06-01,199477,XEL,buy,rebalance,9.0,11.604,2010-06-01,104.43599999999999,0.36552599999999996,0.752389149675674,Utilities,0.752389149675674,,
2010-06-01,198245,DX,buy,rebalance,29.0,3.973,2010-06-01,115.217,0.4032595,0.7478060987086564,Real Estate,0.7478060987086564,,
2010-06-01,199603,WR1,buy,rebalance,7.0,15.497,2010-06-01,108.479,0.37967650000000003,0.7477219311473545,Utilities,0.7477219311473545,,
2010-06-01,197597,OKS,buy,rebalance,6.0,18.695,2010-06-01,112.17,0.392595,0.7436655113991213,Energy,0.7436655113991213,,
2010-06-01,199552,MCD,buy,rebalance,2.0,43.06,2010-06-01,86.12,0.30142,0.7422934056004113,Consumer Cyclical,0.7422934056004113,,
2010-06-01,195259,RAI,buy,rebalance,12.0,9.201,2010-06-01,110.412,0.386442,0.7419942466603863,Consumer Defensive,0.7419942466603863,,
2010-06-01,197771,KMP,buy,rebalance,2.0,46.751,2010-06-01,93.502,0.32725699999999996,0.7416721196361853,Energy,0.7416721196361853,,
2010-06-01,199654,HNZ,buy,rebalance,2.0,39.562,2010-06-01,79.124,0.276934,0.7413429862080738,Consumer Defensive,0.7413429862080738,,
2010-06-01,199185,JNJ,buy,rebalance,3.0,36.943,2010-06-01,110.829,0.3879015,0.7332500214381719,Healthcare,0.7332500214381719,,
2010-06-01,199860,LUMN,buy,rebalance,9.0,12.337,2010-06-01,111.033,0.3886155,0.7323857406529524,Communication Services,0.7323857406529524,,
2010-07-01,195706,MGEE,buy,rebalance,6.0,16.11,2010-07-01,96.66,0.33831,0.7521060573041379,Utilities,0.7521060573041379,,
2010-07-01,199477,XEL,buy,rebalance,9.0,12.025,2010-07-01,108.22500000000001,0.37878750000000005,0.7498126082432411,Utilities,0.7498126082432411,,
2010-07-01,197771,KMP,buy,rebalance,2.0,48.589,2010-07-01,97.178,0.340123,0.7473774941020959,Energy,0.7473774941020959,,
2010-07-01,197597,OKS,buy,rebalance,5.0,20.301,2010-07-01,101.505,0.3552675,0.7466857030454145,Energy,0.7466857030454145,,
2010-07-01,199654,HNZ,buy,rebalance,2.0,39.213,2010-07-01,78.426,0.274491,0.7424432657542573,Consumer Defensive,0.7424432657542573,,
2010-07-01,199552,MCD,buy,rebalance,2.0,43.287,2010-07-01,86.574,0.303009,0.7416536262693634,Consumer Cyclical,0.7416536262693634,,
2010-07-01,195259,RAI,buy,rebalance,11.0,9.423,2010-07-01,103.653,0.36278550000000004,0.7410780498679062,Consumer Defensive,0.7410780498679062,,
2010-07-01,198260,WM,buy,rebalance,5.0,21.365,2010-07-01,106.82499999999999,0.3738875,0.7343451027796937,Industrials,0.7343451027796937,,
2010-07-01,198245,DX,buy,rebalance,27.0,4.039,2010-07-01,109.053,0.3816855,0.7332301509172208,Real Estate,0.7332301509172208,,
2010-07-01,199860,LUMN,buy,rebalance,9.0,12.266,2010-07-01,110.394,0.38637900000000003,0.7310599859396939,Communication Services,0.7310599859396939,,
2010-08-02,195706,MGEE,buy,rebalance,6.0,17.046,2010-08-02,102.276,0.357966,0.7521060573041379,Utilities,0.7521060573041379,,
2010-08-02,199477,XEL,buy,rebalance,8.0,13.028,2010-08-02,104.224,0.364784,0.7498126082432411,Utilities,0.7498126082432411,,
2010-08-02,197771,KMP,buy,rebalance,2.0,52.483,2010-08-02,104.966,0.367381,0.7473774941020959,Energy,0.7473774941020959,,
2010-08-02,197597,OKS,buy,rebalance,4.0,22.607,2010-08-02,90.428,0.316498,0.7466857030454145,Energy,0.7466857030454145,,
2010-08-02,199654,HNZ,buy,rebalance,2.0,40.735,2010-08-02,81.47,0.285145,0.7424432657542573,Consumer Defensive,0.7424432657542573,,
2010-08-02,199552,MCD,buy,rebalance,2.0,45.584,2010-08-02,91.168,0.31908800000000004,0.7416536262693634,Consumer Cyclical,0.7416536262693634,,
2010-08-02,195259,RAI,buy,rebalance,10.0,10.434,2010-08-02,104.33999999999999,0.36518999999999996,0.7410780498679062,Consumer Defensive,0.7410780498679062,,
2010-08-02,198260,WM,buy,rebalance,4.0,23.262,2010-08-02,93.048,0.325668,0.7343451027796937,Industrials,0.7343451027796937,,
2010-08-02,198245,DX,buy,rebalance,26.0,4.294,2010-08-02,111.64399999999999,0.390754,0.7332301509172208,Real Estate,0.7332301509172208,,
2010-08-02,199860,LUMN,buy,rebalance,8.0,13.273,2010-08-02,106.184,0.371644,0.7310599859396939,Communication Services,0.7310599859396939,,
2010-09-01,195706,MGEE,buy,rebalance,6.0,17.156,2010-09-01,102.93599999999999,0.360276,0.752106057304138,Utilities,0.752106057304138,,
2010-09-01,199477,XEL,buy,rebalance,8.0,13.296,2010-09-01,106.368,0.372288,0.7498126082432411,Utilities,0.7498126082432411,,
2010-09-01,197771,KMP,buy,rebalance,2.0,52.229,2010-09-01,104.458,0.365603,0.7473774941020959,Energy,0.7473774941020959,,
2010-09-01,197597,OKS,buy,rebalance,5.0,22.536,2010-09-01,112.68,0.39438,0.7466857030454146,Energy,0.7466857030454146,,
2010-09-01,199654,HNZ,buy,rebalance,2.0,41.932,2010-09-01,83.864,0.293524,0.7424432657542573,Consumer Defensive,0.7424432657542573,,
2010-09-01,199552,MCD,buy,rebalance,2.0,48.734,2010-09-01,97.468,0.341138,0.7416536262693634,Consumer Cyclical,0.7416536262693634,,
2010-09-01,195259,RAI,buy,rebalance,11.0,10.066,2010-09-01,110.72600000000001,0.3875410000000001,0.7410780498679062,Consumer Defensive,0.7410780498679062,,
2010-09-01,198260,WM,buy,rebalance,4.0,22.952,2010-09-01,91.808,0.32132800000000006,0.7343451027796938,Industrials,0.7343451027796938,,
2010-09-01,198245,DX,buy,rebalance,25.0,4.474,2010-09-01,111.85000000000001,0.391475,0.7332301509172208,Real Estate,0.7332301509172208,,
2010-09-01,199860,LUMN,buy,rebalance,8.0,13.55,2010-09-01,108.4,0.3794,0.731059985939694,Communication Services,0.731059985939694,,
2010-10-01,195706,MGEE,buy,rebalance,6.0,18.007,2010-10-01,108.042,0.378147,0.7532442905504706,Utilities,0.7532442905504706,,
2010-10-01,199477,XEL,buy,rebalance,7.0,13.697,2010-10-01,95.87899999999999,0.3355765,0.7521419639457212,Utilities,0.7521419639457212,,
2010-10-01,197771,KMP,buy,rebalance,2.0,53.036,2010-10-01,106.072,0.371252,0.7484205705109802,Energy,0.7484205705109802,,
2010-10-01,199593,KMB,buy,rebalance,3.0,35.971,2010-10-01,107.91299999999998,0.37769549999999996,0.7469707772279879,Consumer Defensive,0.7469707772279879,,
2010-10-01,196956,WPC,buy,rebalance,9.0,11.462,2010-10-01,103.158,0.361053,0.7443542304331373,Real Estate,0.7443542304331373,,
2010-10-01,199654,HNZ,buy,rebalance,2.0,43.459,2010-10-01,86.918,0.304213,0.7420850867304901,Consumer Defensive,0.7420850867304901,,
2010-10-01,197597,OKS,buy,rebalance,4.0,24.344,2010-10-01,97.376,0.340816,0.7407470263715981,Energy,0.7407470263715981,,
2010-10-01,199860,LUMN,buy,rebalance,7.0,14.966,2010-10-01,104.762,0.366667,0.7406205716988998,Communication Services,0.7406205716988998,,
2010-10-01,198260,WM,buy,rebalance,4.0,24.48,2010-10-01,97.92,0.34272,0.7386019977347462,Industrials,0.7386019977347462,,
2010-10-01,199552,MCD,buy,rebalance,2.0,48.982,2010-10-01,97.964,0.342874,0.7372111239725048,Consumer Cyclical,0.7372111239725048,,
2010-11-01,195706,MGEE,buy,rebalance,5.0,18.188,2010-11-01,90.94,0.31829,0.7532442905504706,Utilities,0.7532442905504706,,
2010-11-01,199477,XEL,buy,rebalance,7.0,13.956,2010-11-01,97.692,0.341922,0.7521419639457212,Utilities,0.7521419639457212,,
2010-11-01,197771,KMP,buy,rebalance,2.0,54.149,2010-11-01,108.298,0.379043,0.7484205705109802,Energy,0.7484205705109802,,
2010-11-01,199593,KMB,buy,rebalance,3.0,34.389,2010-11-01,103.167,0.36108450000000003,0.7469707772279879,Consumer Defensive,0.7469707772279879,,
2010-11-01,196956,WPC,buy,rebalance,8.0,12.588,2010-11-01,100.704,0.352464,0.7443542304331373,Real Estate,0.7443542304331373,,
2010-11-01,199654,HNZ,buy,rebalance,2.0,44.932,2010-11-01,89.864,0.314524,0.7420850867304901,Consumer Defensive,0.7420850867304901,,
2010-11-01,197597,OKS,buy,rebalance,4.0,25.911,2010-11-01,103.644,0.362754,0.7407470263715981,Energy,0.7407470263715981,,
2010-11-01,199860,LUMN,buy,rebalance,6.0,15.594,2010-11-01,93.564,0.327474,0.7406205716988998,Communication Services,0.7406205716988998,,
2010-11-01,198260,WM,buy,rebalance,4.0,24.221,2010-11-01,96.884,0.339094,0.7386019977347462,Industrials,0.7386019977347462,,
2010-11-01,199552,MCD,buy,rebalance,2.0,50.917,2010-11-01,101.834,0.35641900000000004,0.7372111239725048,Consumer Cyclical,0.7372111239725048,,
2010-12-01,195706,MGEE,buy,rebalance,5.0,19.059,2010-12-01,95.295,0.3335325,0.7532442905504706,Utilities,0.7532442905504706,,
2010-12-01,199477,XEL,buy,rebalance,7.0,14.039,2010-12-01,98.273,0.34395549999999997,0.7521419639457212,Utilities,0.7521419639457212,,
2010-12-01,197771,KMP,buy,rebalance,1.0,54.844,2010-12-01,54.844,0.191954,0.7484205705109802,Energy,0.7484205705109802,,
2010-12-01,199593,KMB,buy,rebalance,3.0,34.55,2010-12-01,103.64999999999999,0.36277499999999996,0.7469707772279878,Consumer Defensive,0.7469707772279878,,
2010-12-01,196956,WPC,buy,rebalance,9.0,11.715,2010-12-01,105.435,0.36902250000000003,0.7443542304331372,Real Estate,0.7443542304331372,,
2010-12-01,199654,HNZ,buy,rebalance,2.0,44.52,2010-12-01,89.04,0.31164000000000003,0.7420850867304901,Consumer Defensive,0.7420850867304901,,
2010-12-01,197597,OKS,buy,rebalance,4.0,26.257,2010-12-01,105.028,0.36759800000000004,0.7407470263715981,Energy,0.7407470263715981,,
2010-12-01,199860,LUMN,buy,rebalance,6.0,16.523,2010-12-01,99.138,0.34698300000000004,0.7406205716988998,Communication Services,0.7406205716988998,,
2010-12-01,198260,WM,buy,rebalance,4.0,23.756,2010-12-01,95.024,0.332584,0.7386019977347462,Industrials,0.7386019977347462,,
2010-12-01,199552,MCD,buy,rebalance,2.0,52.243,2010-12-01,104.486,0.365701,0.7372111239725048,Consumer Cyclical,0.7372111239725048,,
2011-01-03,196956,WPC,buy,rebalance,9.0,12.442,2011-01-03,111.97800000000001,0.391923,0.7100447314489616,Real Estate,0.7100447314489616,,
2011-01-03,195706,MGEE,buy,rebalance,5.0,19.703,2011-01-03,98.515,0.3448025,0.6943343709118315,Utilities,0.6943343709118315,,
2011-01-03,198638,SCG,buy,rebalance,3.0,29.801,2011-01-03,89.40299999999999,0.3129105,0.689988926253881,Utilities,0.689988926253881,,
2011-01-03,197597,OKS,buy,rebalance,4.0,26.277,2011-01-03,105.108,0.36787800000000004,0.6877989179932753,Energy,0.6877989179932753,,
2011-01-03,197771,KMP,buy,rebalance,2.0,54.938,2011-01-03,109.876,0.384566,0.6870404939281078,Energy,0.6870404939281078,,
2011-01-03,199891,BMY,buy,rebalance,7.0,15.455,2011-01-03,108.185,0.3786475,0.6822957924310472,Healthcare,0.6822957924310472,,
2011-01-03,199593,KMB,buy,rebalance,3.0,35.013,2011-01-03,105.03899999999999,0.3676365,0.6777506320572191,Consumer Defensive,0.6777506320572191,,
2011-01-03,199347,SJM,buy,rebalance,2.0,41.715,2011-01-03,83.43,0.292005,0.6767931740012448,Consumer Defensive,0.6767931740012448,,
2011-01-03,199860,LUMN,buy,rebalance,6.0,17.821,2011-01-03,106.92600000000002,0.37424100000000005,0.6758570144438533,Communication Services,0.6758570144438533,,
2011-01-03,199552,MCD,buy,rebalance,2.0,50.471,2011-01-03,100.942,0.35329699999999997,0.6739017115284903,Consumer Cyclical,0.6739017115284903,,
2011-02-01,196956,WPC,buy,rebalance,8.0,12.888,2011-02-01,103.104,0.360864,0.7100447314489615,Real Estate,0.7100447314489615,,
2011-02-01,195706,MGEE,buy,rebalance,5.0,19.013,2011-02-01,95.06500000000001,0.33272750000000006,0.6943343709118314,Utilities,0.6943343709118314,,
2011-02-01,198638,SCG,buy,rebalance,3.0,31.293,2011-02-01,93.87899999999999,0.3285765,0.6899889262538809,Utilities,0.6899889262538809,,
2011-02-01,197597,OKS,buy,rebalance,4.0,26.989,2011-02-01,107.956,0.377846,0.6877989179932752,Energy,0.6877989179932752,,
2011-02-01,197771,KMP,buy,rebalance,1.0,56.867,2011-02-01,56.867,0.1990345,0.6870404939281077,Energy,0.6870404939281077,,
2011-02-01,199891,BMY,buy,rebalance,7.0,14.879,2011-02-01,104.15299999999999,0.36453549999999996,0.6822957924310472,Healthcare,0.6822957924310472,,
2011-02-01,199593,KMB,buy,rebalance,3.0,36.07,2011-02-01,108.21000000000001,0.37873500000000004,0.677750632057219,Consumer Defensive,0.677750632057219,,
2011-02-01,199347,SJM,buy,rebalance,2.0,39.259,2011-02-01,78.518,0.27481300000000003,0.676793174001245,Consumer Defensive,0.676793174001245,,
2011-02-01,199860,LUMN,buy,rebalance,6.0,16.619,2011-02-01,99.714,0.348999,0.6758570144438532,Communication Services,0.6758570144438532,,
2011-02-01,199552,MCD,buy,rebalance,2.0,48.408,2011-02-01,96.816,0.338856,0.6739017115284902,Consumer Cyclical,0.6739017115284902,,
2011-03-01,196956,WPC,buy,rebalance,8.0,13.651,2011-03-01,109.208,0.382228,0.7100447314489617,Real Estate,0.7100447314489617,,
2011-03-01,195706,MGEE,buy,rebalance,6.0,18.649,2011-03-01,111.894,0.391629,0.6943343709118314,Utilities,0.6943343709118314,,
2011-03-01,198638,SCG,buy,rebalance,3.0,29.435,2011-03-01,88.30499999999999,0.3090675,0.6899889262538808,Utilities,0.6899889262538808,,
2011-03-01,197597,OKS,buy,rebalance,4.0,27.763,2011-03-01,111.052,0.388682,0.6877989179932751,Energy,0.6877989179932751,,
2011-03-01,197771,KMP,buy,rebalance,2.0,57.866,2011-03-01,115.732,0.40506200000000003,0.6870404939281078,Energy,0.6870404939281078,,
2011-03-01,199891,BMY,buy,rebalance,7.0,15.062,2011-03-01,105.434,0.369019,0.6822957924310472,Healthcare,0.6822957924310472,,
2011-03-01,199593,KMB,buy,rebalance,3.0,36.601,2011-03-01,109.803,0.3843105,0.6777506320572192,Consumer Defensive,0.6777506320572192,,
2011-03-01,199347,SJM,buy,rebalance,2.0,43.448,2011-03-01,86.896,0.304136,0.676793174001245,Consumer Defensive,0.676793174001245,,
2011-03-01,199860,LUMN,buy,rebalance,7.0,15.758,2011-03-01,110.306,0.386071,0.6758570144438532,Communication Services,0.6758570144438532,,
2011-03-01,199552,MCD,buy,rebalance,2.0,49.748,2011-03-01,99.496,0.348236,0.6739017115284902,Consumer Cyclical,0.6739017115284902,,
2011-04-01,198536,WEC,buy,rebalance,6.0,18.395,2011-04-01,110.37,0.386295,0.6879759692884143,Utilities,0.6879759692884143,,
2011-04-01,199477,XEL,buy,rebalance,7.0,14.505,2011-04-01,101.53500000000001,0.35537250000000004,0.6842123706258493,Utilities,0.6842123706258493,,
2011-04-01,197597,OKS,buy,rebalance,4.0,27.707,2011-04-01,110.828,0.387898,0.6827444607700213,Energy,0.6827444607700213,,
2011-04-01,196956,WPC,buy,rebalance,7.0,14.788,2011-04-01,103.516,0.362306,0.681809106461456,Real Estate,0.681809106461456,,
2011-04-01,197771,KMP,buy,rebalance,1.0,58.874,2011-04-01,58.874,0.20605900000000002,0.67888169520415,Energy,0.67888169520415,,
2011-04-01,199553,MKC,buy,rebalance,6.0,17.55,2011-04-01,105.30000000000001,0.36855000000000004,0.6767861733901023,Consumer Defensive,0.6767861733901023,,
2011-04-01,199890,BF.B,buy,rebalance,8.0,13.229,2011-04-01,105.832,0.37041199999999996,0.6746587171367313,Consumer Defensive,0.6746587171367313,,
2011-04-01,198260,WM,buy,rebalance,4.0,26.123,2011-04-01,104.492,0.36572200000000005,0.6727991944219853,Industrials,0.6727991944219853,,
2011-04-01,198436,UHT,buy,rebalance,6.0,18.131,2011-04-01,108.786,0.380751,0.669813982116055,Real Estate,0.669813982116055,,
2011-04-01,196637,WCN,buy,rebalance,7.0,15.912,2011-04-01,111.384,0.389844,0.6681275974783937,Industrials,0.6681275974783937,,
2011-05-02,198536,WEC,buy,rebalance,5.0,18.64,2011-05-02,93.2,0.3262,0.6879759692884143,Utilities,0.6879759692884143,,
2011-05-02,199477,XEL,buy,rebalance,7.0,14.697,2011-05-02,102.87899999999999,0.36007649999999997,0.6842123706258493,Utilities,0.6842123706258493,,
2011-05-02,197597,OKS,buy,rebalance,3.0,28.895,2011-05-02,86.685,0.3033975,0.6827444607700213,Energy,0.6827444607700213,,
2011-05-02,196956,WPC,buy,rebalance,7.0,14.466,2011-05-02,101.262,0.354417,0.681809106461456,Real Estate,0.681809106461456,,
2011-05-02,197771,KMP,buy,rebalance,1.0,61.048,2011-05-02,61.048,0.21366800000000002,0.67888169520415,Energy,0.67888169520415,,
2011-05-02,199553,MKC,buy,rebalance,6.0,18.085,2011-05-02,108.51,0.37978500000000004,0.6767861733901023,Consumer Defensive,0.6767861733901023,,
2011-05-02,199890,BF.B,buy,rebalance,8.0,13.663,2011-05-02,109.304,0.382564,0.6746587171367313,Consumer Defensive,0.6746587171367313,,
2011-05-02,198260,WM,buy,rebalance,3.0,27.385,2011-05-02,82.155,0.28754250000000003,0.6727991944219853,Industrials,0.6727991944219853,,
2011-05-02,198436,UHT,buy,rebalance,5.0,19.311,2011-05-02,96.555,0.33794250000000003,0.669813982116055,Real Estate,0.669813982116055,,
2011-05-02,196637,WCN,buy,rebalance,6.0,16.762,2011-05-02,100.572,0.35200200000000004,0.6681275974783937,Industrials,0.6681275974783937,,
2011-06-01,198536,WEC,buy,rebalance,6.0,18.692,2011-06-01,112.152,0.392532,0.6879759692884143,Utilities,0.6879759692884143,,
2011-06-01,199477,XEL,buy,rebalance,7.0,14.782,2011-06-01,103.474,0.362159,0.6842123706258493,Utilities,0.6842123706258493,,
2011-06-01,197597,OKS,buy,rebalance,4.0,27.957,2011-06-01,111.828,0.391398,0.6827444607700213,Energy,0.6827444607700213,,
2011-06-01,196956,WPC,buy,rebalance,7.0,15.525,2011-06-01,108.675,0.3803625,0.6818091064614559,Real Estate,0.6818091064614559,,
2011-06-01,197771,KMP,buy,rebalance,1.0,59.438,2011-06-01,59.438,0.20803300000000002,0.67888169520415,Energy,0.67888169520415,,
2011-06-01,199553,MKC,buy,rebalance,6.0,18.307,2011-06-01,109.84199999999998,0.3844469999999999,0.6767861733901022,Consumer Defensive,0.6767861733901022,,
2011-06-01,199890,BF.B,buy,rebalance,8.0,13.842,2011-06-01,110.736,0.38757600000000003,0.6746587171367313,Consumer Defensive,0.6746587171367313,,
2011-06-01,198260,WM,buy,rebalance,4.0,26.869,2011-06-01,107.476,0.376166,0.6727991944219853,Industrials,0.6727991944219853,,
2011-06-01,198436,UHT,buy,rebalance,6.0,18.705,2011-06-01,112.22999999999999,0.39280499999999996,0.669813982116055,Real Estate,0.669813982116055,,
2011-06-01,196637,WCN,buy,rebalance,6.0,16.932,2011-06-01,101.59199999999998,0.35557199999999994,0.6681275974783937,Industrials,0.6681275974783937,,
2011-07-01,197597,OKS,buy,rebalance,3.0,29.118,2011-07-01,87.354,0.305739,0.6888115080862028,Energy,0.6888115080862028,,
2011-07-01,197771,KMP,buy,rebalance,1.0,58.681,2011-07-01,58.681,0.2053835,0.6882687393026454,Energy,0.6882687393026454,,
2011-07-01,196730,ED,buy,rebalance,3.0,30.445,2011-07-01,91.33500000000001,0.3196725,0.687308604030653,Utilities,0.687308604030653,,
2011-07-01,198536,WEC,buy,rebalance,5.0,19.186,2011-07-01,95.93,0.335755,0.6865743238282984,Utilities,0.6865743238282984,,
2011-07-01,196956,WPC,buy,rebalance,6.0,16.674,2011-07-01,100.044,0.350154,0.6802914044016577,Real Estate,0.6802914044016577,,
2011-07-01,198615,MO,buy,rebalance,10.0,10.536,2011-07-01,105.36,0.36876000000000003,0.6798551397069168,Consumer Defensive,0.6798551397069168,,
2011-07-01,199552,MCD,buy,rebalance,1.0,57.321,2011-07-01,57.321,0.2006235,0.6752827272216709,Consumer Cyclical,0.6752827272216709,,
2011-07-01,199593,KMB,buy,rebalance,2.0,38.211,2011-07-01,76.422,0.267477,0.6739880873897017,Consumer Defensive,0.6739880873897017,,
2011-07-01,196637,WCN,buy,rebalance,6.0,17.669,2011-07-01,106.01400000000001,0.371049,0.6623557204608547,Industrials,0.6623557204608547,,
2011-07-01,197469,LH,buy,rebalance,1.0,80.409,2011-07-01,80.409,0.2814315,0.6603755855694917,Healthcare,0.6603755855694917,,
2011-08-01,197597,OKS,buy,rebalance,4.0,29.333,2011-08-01,117.332,0.41066199999999997,0.6888115080862028,Energy,0.6888115080862028,,
2011-08-01,197771,KMP,buy,rebalance,2.0,58.036,2011-08-01,116.072,0.406252,0.6882687393026454,Energy,0.6882687393026454,,
2011-08-01,196730,ED,buy,rebalance,4.0,29.707,2011-08-01,118.828,0.41589800000000005,0.687308604030653,Utilities,0.687308604030653,,
2011-08-01,198536,WEC,buy,rebalance,6.0,18.475,2011-08-01,110.85000000000001,0.387975,0.6865743238282984,Utilities,0.6865743238282984,,
2011-08-01,196956,WPC,buy,rebalance,7.0,15.914,2011-08-01,111.398,0.389893,0.6802914044016578,Real Estate,0.6802914044016578,,
2011-08-01,198615,MO,buy,rebalance,12.0,10.385,2011-08-01,124.62,0.43617,0.6798551397069168,Consumer Defensive,0.6798551397069168,,
2011-08-01,199552,MCD,buy,rebalance,2.0,57.817,2011-08-01,115.634,0.404719,0.6752827272216709,Consumer Cyclical,0.6752827272216709,,
2011-08-01,199593,KMB,buy,rebalance,3.0,37.222,2011-08-01,111.666,0.390831,0.6739880873897017,Consumer Defensive,0.6739880873897017,,
2011-08-01,196637,WCN,buy,rebalance,7.0,17.708,2011-08-01,123.95599999999999,0.43384599999999995,0.6623557204608547,Industrials,0.6623557204608547,,
2011-08-01,197469,LH,buy,rebalance,1.0,72.501,2011-08-01,72.501,0.2537535,0.6603755855694917,Healthcare,0.6603755855694917,,
2011-09-01,197597,OKS,buy,rebalance,3.0,29.868,2011-09-01,89.604,0.313614,0.688811508086203,Energy,0.688811508086203,,
2011-09-01,197771,KMP,buy,rebalance,1.0,57.234,2011-09-01,57.234,0.200319,0.6882687393026456,Energy,0.6882687393026456,,
2011-09-01,196730,ED,buy,rebalance,3.0,31.854,2011-09-01,95.562,0.334467,0.6873086040306531,Utilities,0.6873086040306531,,
2011-09-01,198536,WEC,buy,rebalance,5.0,19.106,2011-09-01,95.53,0.334355,0.6865743238282983,Utilities,0.6865743238282983,,
2011-09-01,196956,WPC,buy,rebalance,6.0,16.343,2011-09-01,98.05799999999999,0.343203,0.6802914044016577,Real Estate,0.6802914044016577,,
2011-09-01,198615,MO,buy,rebalance,10.0,10.758,2011-09-01,107.57999999999998,0.37653,0.6798551397069169,Consumer Defensive,0.6798551397069169,,
2011-09-01,199552,MCD,buy,rebalance,1.0,60.685,2011-09-01,60.685,0.21239750000000002,0.6752827272216708,Consumer Cyclical,0.6752827272216708,,
2011-09-01,199593,KMB,buy,rebalance,2.0,39.284,2011-09-01,78.568,0.274988,0.6739880873897016,Consumer Defensive,0.6739880873897016,,
2011-09-01,196637,WCN,buy,rebalance,5.0,18.786,2011-09-01,93.93,0.328755,0.6623557204608546,Industrials,0.6623557204608546,,
2011-09-01,197469,LH,buy,rebalance,1.0,67.395,2011-09-01,67.395,0.2358825,0.6603755855694919,Healthcare,0.6603755855694919,,
2011-10-03,195706,MGEE,buy,rebalance,6.0,18.666,2011-10-03,111.99600000000001,0.39198600000000006,0.6932695118229927,Utilities,0.6932695118229927,,
2011-10-03,196250,PGN1,buy,rebalance,2.0,48.447,2011-10-03,96.894,0.339129,0.6902495084664362,Utilities,0.6902495084664362,,
2011-10-03,195259,RAI,buy,rebalance,8.0,14.548,2011-10-03,116.384,0.407344,0.6882801134482421,Consumer Defensive,0.6882801134482421,,
2011-10-03,199593,KMB,buy,rebalance,3.0,40.771,2011-10-03,122.313,0.4280955,0.6858496075391997,Consumer Defensive,0.6858496075391997,,
2011-10-03,197597,OKS,buy,rebalance,4.0,31.165,2011-10-03,124.66,0.43631,0.6770288777896282,Energy,0.6770288777896282,,
2011-10-03,199891,BMY,buy,rebalance,6.0,18.99,2011-10-03,113.94,0.39879,0.6689308085226674,Healthcare,0.6689308085226674,,
2011-10-03,199552,MCD,buy,rebalance,2.0,57.956,2011-10-03,115.912,0.40569200000000005,0.6679059795651607,Consumer Cyclical,0.6679059795651607,,
2011-10-03,199185,JNJ,buy,rebalance,3.0,40.805,2011-10-03,122.41499999999999,0.42845249999999996,0.6677712304747024,Healthcare,0.6677712304747024,,
2011-10-03,196956,WPC,buy,rebalance,8.0,14.904,2011-10-03,119.232,0.417312,0.6670195314861455,Real Estate,0.6670195314861455,,
2011-11-01,195706,MGEE,buy,rebalance,6.0,19.754,2011-11-01,118.524,0.41483400000000004,0.6932695118229928,Utilities,0.6932695118229928,,
2011-11-01,196250,PGN1,buy,rebalance,2.0,50.009,2011-11-01,100.018,0.350063,0.690249508466436,Utilities,0.690249508466436,,
2011-11-01,195259,RAI,buy,rebalance,8.0,14.758,2011-11-01,118.064,0.413224,0.688280113448242,Consumer Defensive,0.688280113448242,,
2011-11-01,199593,KMB,buy,rebalance,3.0,39.64,2011-11-01,118.92,0.41622000000000003,0.6858496075391997,Consumer Defensive,0.6858496075391997,,
2011-11-01,197597,OKS,buy,rebalance,3.0,33.978,2011-11-01,101.934,0.356769,0.677028877789628,Energy,0.677028877789628,,
2011-11-01,199891,BMY,buy,rebalance,6.0,19.073,2011-11-01,114.438,0.40053300000000003,0.6689308085226673,Healthcare,0.6689308085226673,,
2011-11-01,199552,MCD,buy,rebalance,1.0,61.924,2011-11-01,61.924,0.216734,0.6679059795651607,Consumer Cyclical,0.6679059795651607,,
2011-11-01,199185,JNJ,buy,rebalance,2.0,41.66,2011-11-01,83.32,0.29162,0.6677712304747024,Healthcare,0.6677712304747024,,
2011-11-01,196956,WPC,buy,rebalance,7.0,16.178,2011-11-01,113.24600000000001,0.396361,0.6670195314861457,Real Estate,0.6670195314861457,,
2011-12-01,195706,MGEE,buy,rebalance,6.0,20.897,2011-12-01,125.38199999999999,0.438837,0.6932695118229927,Utilities,0.6932695118229927,,
2011-12-01,196250,PGN1,buy,rebalance,2.0,52.168,2011-12-01,104.336,0.365176,0.690249508466436,Utilities,0.690249508466436,,
2011-12-01,195259,RAI,buy,rebalance,7.0,16.22,2011-12-01,113.53999999999999,0.39738999999999997,0.688280113448242,Consumer Defensive,0.688280113448242,,
2011-12-01,199593,KMB,buy,rebalance,3.0,41.14,2011-12-01,123.42,0.43197,0.6858496075391997,Consumer Defensive,0.6858496075391997,,
2011-12-01,197597,OKS,buy,rebalance,3.0,35.679,2011-12-01,107.037,0.3746295,0.6770288777896282,Energy,0.6770288777896282,,
2011-12-01,199891,BMY,buy,rebalance,6.0,20.042,2011-12-01,120.25200000000001,0.42088200000000003,0.6689308085226674,Healthcare,0.6689308085226674,,
2011-12-01,199552,MCD,buy,rebalance,1.0,64.825,2011-12-01,64.825,0.22688750000000002,0.6679059795651607,Consumer Cyclical,0.6679059795651607,,
2011-12-01,199185,JNJ,buy,rebalance,3.0,42.757,2011-12-01,128.271,0.4489485,0.6677712304747024,Healthcare,0.6677712304747024,,
2011-12-01,196956,WPC,buy,rebalance,7.0,16.325,2011-12-01,114.27499999999999,0.3999625,0.6670195314861455,Real Estate,0.6670195314861455,,
2012-01-03,196956,WPC,buy,rebalance,7.0,17.682,2012-01-03,123.77399999999999,0.43320899999999996,0.6554750617495643,Real Estate,0.6554750617495643,,
2012-01-03,124603,TCP,buy,rebalance,5.0,24.737,2012-01-03,123.68499999999999,0.4328975,0.6544825042955013,Energy,0.6544825042955013,,
2012-01-03,195207,HEP,buy,rebalance,11.0,10.842,2012-01-03,119.262,0.41741700000000004,0.6536442595430452,Energy,0.6536442595430452,,
2012-01-03,194830,DUK,buy,rebalance,3.0,35.113,2012-01-03,105.339,0.36868650000000003,0.64789106763939,Utilities,0.64789106763939,,
2012-01-03,199337,SO,buy,rebalance,5.0,24.078,2012-01-03,120.39,0.421365,0.6474916544634546,Utilities,0.6474916544634546,,
2012-01-03,199593,KMB,buy,rebalance,3.0,42.667,2012-01-03,128.001,0.4480035,0.6455143921687705,Consumer Defensive,0.6455143921687705,,
2012-01-03,199654,HNZ,buy,rebalance,2.0,51.213,2012-01-03,102.426,0.358491,0.6377645992511384,Consumer Defensive,0.6377645992511384,,
2012-01-03,199891,BMY,buy,rebalance,6.0,21.327,2012-01-03,127.96200000000002,0.44786700000000007,0.6281696404221649,Healthcare,0.6281696404221649,,
2012-01-03,198738,T,buy,rebalance,12.0,10.104,2012-01-03,121.24799999999999,0.42436799999999997,0.6272614526141244,Communication Services,0.6272614526141244,,
2012-01-03,199997,ABT,buy,rebalance,6.0,20.227,2012-01-03,121.362,0.424767,0.6250361688322175,Healthcare,0.6250361688322175,,
2012-02-01,196956,WPC,buy,rebalance,5.0,18.344,2012-02-01,91.72,0.32102,0.6554750617495643,Real Estate,0.6554750617495643,,
2012-02-01,124603,TCP,buy,rebalance,4.0,24.319,2012-02-01,97.276,0.340466,0.6544825042955013,Energy,0.6544825042955013,,
2012-02-01,195207,HEP,buy,rebalance,9.0,11.217,2012-02-01,100.953,0.3533355,0.6536442595430452,Energy,0.6536442595430452,,
2012-02-01,194830,DUK,buy,rebalance,3.0,34.854,2012-02-01,104.562,0.365967,0.64789106763939,Utilities,0.64789106763939,,
2012-02-01,199337,SO,buy,rebalance,4.0,24.263,2012-02-01,97.052,0.33968200000000004,0.6474916544634546,Utilities,0.6474916544634546,,
2012-02-01,199593,KMB,buy,rebalance,2.0,41.985,2012-02-01,83.97,0.293895,0.6455143921687705,Consumer Defensive,0.6455143921687705,,
2012-02-01,199654,HNZ,buy,rebalance,2.0,49.853,2012-02-01,99.706,0.34897100000000003,0.6377645992511384,Consumer Defensive,0.6377645992511384,,
2012-02-01,199891,BMY,buy,rebalance,5.0,19.951,2012-02-01,99.755,0.34914249999999997,0.6281696404221649,Healthcare,0.6281696404221649,,
2012-02-01,198738,T,buy,rebalance,10.0,9.99,2012-02-01,99.9,0.34965,0.6272614526141244,Communication Services,0.6272614526141244,,
2012-02-01,199997,ABT,buy,rebalance,5.0,19.517,2012-02-01,97.585,0.3415475,0.6250361688322175,Healthcare,0.6250361688322175,,
2012-03-01,196956,WPC,buy,rebalance,5.0,19.232,2012-03-01,96.16,0.33655999999999997,0.6554750617495643,Real Estate,0.6554750617495643,,
2012-03-01,124603,TCP,buy,rebalance,4.0,24.61,2012-03-01,98.44,0.34454,0.6544825042955014,Energy,0.6544825042955014,,
2012-03-01,195207,HEP,buy,rebalance,8.0,12.533,2012-03-01,100.264,0.350924,0.6536442595430453,Energy,0.6536442595430453,,
2012-03-01,194830,DUK,buy,rebalance,3.0,34.499,2012-03-01,103.49700000000001,0.36223950000000005,0.6478910676393901,Utilities,0.6478910676393901,,
2012-03-01,199337,SO,buy,rebalance,4.0,23.978,2012-03-01,95.912,0.33569200000000005,0.6474916544634547,Utilities,0.6474916544634547,,
2012-03-01,199593,KMB,buy,rebalance,2.0,42.055,2012-03-01,84.11,0.294385,0.6455143921687705,Consumer Defensive,0.6455143921687705,,
2012-03-01,199654,HNZ,buy,rebalance,2.0,50.715,2012-03-01,101.43,0.355005,0.6377645992511384,Consumer Defensive,0.6377645992511384,,
2012-03-01,199891,BMY,buy,rebalance,5.0,20.08,2012-03-01,100.39999999999999,0.3514,0.6281696404221649,Healthcare,0.6281696404221649,,
2012-03-01,198738,T,buy,rebalance,10.0,10.338,2012-03-01,103.38,0.36183,0.6272614526141245,Communication Services,0.6272614526141245,,
2012-03-01,199997,ABT,buy,rebalance,5.0,20.618,2012-03-01,103.08999999999999,0.360815,0.6250361688322175,Healthcare,0.6250361688322175,,
2012-04-02,194892,TLP,buy,rebalance,5.0,21.851,2012-04-02,109.255,0.38239249999999997,0.6580523543939353,Energy,0.6580523543939353,,
2012-04-02,195207,HEP,buy,rebalance,8.0,12.705,2012-04-02,101.64,0.35574,0.6548634475476368,Energy,0.6548634475476368,,
2012-04-02,194909,ITC,buy,rebalance,4.0,23.75,2012-04-02,95.0,0.3325,0.6542540722361924,Utilities,0.6542540722361924,,
2012-04-02,196300,CNL1,buy,rebalance,3.0,35.311,2012-04-02,105.93299999999999,0.37076549999999997,0.6485848044199178,Utilities,0.6485848044199178,,
2012-04-02,199552,MCD,buy,rebalance,1.0,67.235,2012-04-02,67.235,0.2353225,0.6356422988628125,Consumer Cyclical,0.6356422988628125,,
2012-04-02,195318,NSR1,buy,rebalance,3.0,37.06,2012-04-02,111.18,0.38913000000000003,0.6356350294208243,Communication Services,0.6356350294208243,,
2012-04-02,199645,HRL,buy,rebalance,10.0,10.448,2012-04-02,104.48,0.36568,0.635593670160795,Consumer Defensive,0.635593670160795,,
2012-04-02,199685,GIS,buy,rebalance,4.0,23.627,2012-04-02,94.508,0.330778,0.6344712312241458,Consumer Defensive,0.6344712312241458,,
2012-04-02,199504,NATH,buy,rebalance,10.0,10.778,2012-04-02,107.78,0.37723,0.6291686036612503,Consumer Cyclical,0.6291686036612503,,
2012-04-02,198738,T,buy,rebalance,10.0,10.615,2012-04-02,106.15,0.37152500000000005,0.6256928086911916,Communication Services,0.6256928086911916,,
2012-05-01,194892,TLP,buy,rebalance,5.0,21.907,2012-05-01,109.535,0.3833725,0.6580523543939353,Energy,0.6580523543939353,,
2012-05-01,195207,HEP,buy,rebalance,9.0,12.195,2012-05-01,109.755,0.3841425,0.6548634475476368,Energy,0.6548634475476368,,
2012-05-01,194909,ITC,buy,rebalance,4.0,23.701,2012-05-01,94.804,0.331814,0.6542540722361924,Utilities,0.6542540722361924,,
2012-05-01,196300,CNL1,buy,rebalance,3.0,36.321,2012-05-01,108.963,0.3813705,0.6485848044199178,Utilities,0.6485848044199178,,
2012-05-01,199552,MCD,buy,rebalance,1.0,66.442,2012-05-01,66.442,0.23254699999999998,0.6356422988628125,Consumer Cyclical,0.6356422988628125,,
2012-05-01,195318,NSR1,buy,rebalance,3.0,36.54,2012-05-01,109.62,0.38367,0.6356350294208244,Communication Services,0.6356350294208244,,
2012-05-01,199645,HRL,buy,rebalance,10.0,10.276,2012-05-01,102.75999999999999,0.35966,0.635593670160795,Consumer Defensive,0.635593670160795,,
2012-05-01,199685,GIS,buy,rebalance,4.0,23.398,2012-05-01,93.592,0.32757200000000003,0.6344712312241458,Consumer Defensive,0.6344712312241458,,
2012-05-01,199504,NATH,buy,rebalance,9.0,12.374,2012-05-01,111.366,0.389781,0.6291686036612503,Consumer Cyclical,0.6291686036612503,,
2012-05-01,198738,T,buy,rebalance,9.0,11.317,2012-05-01,101.85300000000001,0.3564855,0.6256928086911916,Communication Services,0.6256928086911916,,
2012-06-01,194892,TLP,buy,rebalance,5.0,19.807,2012-06-01,99.035,0.3466225,0.6580523543939353,Energy,0.6580523543939353,,
2012-06-01,195207,HEP,buy,rebalance,9.0,11.665,2012-06-01,104.98499999999999,0.3674475,0.6548634475476368,Energy,0.6548634475476368,,
2012-06-01,194909,ITC,buy,rebalance,5.0,20.987,2012-06-01,104.93499999999999,0.36727249999999995,0.6542540722361924,Utilities,0.6542540722361924,,
2012-06-01,196300,CNL1,buy,rebalance,3.0,36.084,2012-06-01,108.25200000000001,0.37888200000000005,0.6485848044199178,Utilities,0.6485848044199178,,
2012-06-01,199552,MCD,buy,rebalance,1.0,59.736,2012-06-01,59.736,0.20907599999999998,0.6356422988628125,Consumer Cyclical,0.6356422988628125,,
2012-06-01,195318,NSR1,buy,rebalance,3.0,31.26,2012-06-01,93.78,0.32823,0.6356350294208243,Communication Services,0.6356350294208243,,
2012-06-01,199645,HRL,buy,rebalance,10.0,10.411,2012-06-01,104.11,0.364385,0.635593670160795,Consumer Defensive,0.635593670160795,,
2012-06-01,199685,GIS,buy,rebalance,4.0,22.779,2012-06-01,91.116,0.318906,0.6344712312241458,Consumer Defensive,0.6344712312241458,,
2012-06-01,199504,NATH,buy,rebalance,8.0,12.788,2012-06-01,102.304,0.358064,0.6291686036612503,Consumer Cyclical,0.6291686036612503,,
2012-06-01,198738,T,buy,rebalance,9.0,11.604,2012-06-01,104.43599999999999,0.36552599999999996,0.6256928086911916,Communication Services,0.6256928086911916,,
2012-07-02,199337,SO,buy,rebalance,4.0,25.517,2012-07-02,102.068,0.357238,0.6479454967383607,Utilities,0.6479454967383607,,
2012-07-02,196730,ED,buy,rebalance,3.0,36.826,2012-07-02,110.47800000000001,0.38667300000000004,0.6443221640075553,Utilities,0.6443221640075553,,
2012-07-02,195934,MMP,buy,rebalance,6.0,18.212,2012-07-02,109.27199999999999,0.38245199999999996,0.6433296702779083,Energy,0.6433296702779083,,
2012-07-02,124686,SEP,buy,rebalance,5.0,20.951,2012-07-02,104.755,0.3666425,0.637844030842413,Energy,0.637844030842413,,
2012-07-02,199685,GIS,buy,rebalance,4.0,23.428,2012-07-02,93.712,0.327992,0.635077211408081,Consumer Defensive,0.635077211408081,,
2012-07-02,198615,MO,buy,rebalance,7.0,14.669,2012-07-02,102.683,0.35939050000000006,0.6343507729844162,Consumer Defensive,0.6343507729844162,,
2012-07-02,199891,BMY,buy,rebalance,5.0,22.401,2012-07-02,112.005,0.3920175,0.6318486201086927,Healthcare,0.6318486201086927,,
2012-07-02,199185,JNJ,buy,rebalance,2.0,45.951,2012-07-02,91.902,0.321657,0.6292059643054714,Healthcare,0.6292059643054714,,
2012-07-02,198651,NNN,buy,rebalance,7.0,14.522,2012-07-02,101.654,0.355789,0.6241452823980628,Real Estate,0.6241452823980628,,
2012-07-02,199552,MCD,buy,rebalance,1.0,60.679,2012-07-02,60.679,0.21237650000000002,0.6236870409293053,Consumer Cyclical,0.6236870409293053,,
2012-08-01,199337,SO,buy,rebalance,4.0,26.161,2012-08-01,104.644,0.366254,0.6479454967383607,Utilities,0.6479454967383607,,
2012-08-01,196730,ED,buy,rebalance,3.0,37.813,2012-08-01,113.43900000000001,0.3970365,0.6443221640075553,Utilities,0.6443221640075553,,
2012-08-01,195934,MMP,buy,rebalance,5.0,19.984,2012-08-01,99.92000000000002,0.3497200000000001,0.6433296702779083,Energy,0.6433296702779083,,
2012-08-01,124686,SEP,buy,rebalance,5.0,22.401,2012-08-01,112.005,0.3920175,0.6378440308424131,Energy,0.6378440308424131,,
2012-08-01,199685,GIS,buy,rebalance,4.0,23.294,2012-08-01,93.176,0.326116,0.635077211408081,Consumer Defensive,0.635077211408081,,
2012-08-01,198615,MO,buy,rebalance,7.0,15.117,2012-08-01,105.819,0.37036650000000004,0.6343507729844162,Consumer Defensive,0.6343507729844162,,
2012-08-01,199891,BMY,buy,rebalance,5.0,22.337,2012-08-01,111.685,0.3908975,0.6318486201086927,Healthcare,0.6318486201086927,,
2012-08-01,199185,JNJ,buy,rebalance,2.0,46.884,2012-08-01,93.768,0.32818800000000004,0.6292059643054714,Healthcare,0.6292059643054714,,
2012-08-01,198651,NNN,buy,rebalance,7.0,15.163,2012-08-01,106.141,0.37149350000000003,0.6241452823980628,Real Estate,0.6241452823980628,,
2012-08-01,199552,MCD,buy,rebalance,1.0,61.609,2012-08-01,61.609,0.2156315,0.6236870409293053,Consumer Cyclical,0.6236870409293053,,
2012-09-04,196250,PGN1,sell,delisted,6.0,60.82,2012-07-02,364.92,1.27722,,,,302.302368,61.340412000000015
2012-09-04,199337,SO,buy,rebalance,5.0,25.098,2012-09-04,125.49,0.43921499999999997,0.6479454967383605,Utilities,0.6479454967383605,,
2012-09-04,196730,ED,buy,rebalance,4.0,36.088,2012-09-04,144.352,0.505232,0.6443221640075553,Utilities,0.6443221640075553,,
2012-09-04,195934,MMP,buy,rebalance,6.0,21.557,2012-09-04,129.34199999999998,0.45269699999999996,0.6433296702779083,Energy,0.6433296702779083,,
2012-09-04,124686,SEP,buy,rebalance,6.0,22.339,2012-09-04,134.034,0.469119,0.6378440308424131,Energy,0.6378440308424131,,
2012-09-04,199685,GIS,buy,rebalance,6.0,23.839,2012-09-04,143.034,0.500619,0.635077211408081,Consumer Defensive,0.635077211408081,,
2012-09-04,198615,MO,buy,rebalance,10.0,14.434,2012-09-04,144.34,0.50519,0.6343507729844161,Consumer Defensive,0.6343507729844161,,
2012-09-04,199891,BMY,buy,rebalance,7.0,20.793,2012-09-04,145.551,0.5094285,0.6318486201086927,Healthcare,0.6318486201086927,,
2012-09-04,199185,JNJ,buy,rebalance,3.0,45.861,2012-09-04,137.583,0.4815405,0.6292059643054714,Healthcare,0.6292059643054714,,
2012-09-04,198651,NNN,buy,rebalance,9.0,16.033,2012-09-04,144.29700000000003,0.5050395000000001,0.6241452823980627,Real Estate,0.6241452823980627,,
2012-09-04,199552,MCD,buy,rebalance,2.0,61.832,2012-09-04,123.664,0.432824,0.6236870409293053,Consumer Cyclical,0.6236870409293053,,
2012-10-01,124686,SEP,buy,rebalance,5.0,22.179,2012-10-01,110.895,0.3881325,0.6726811806353576,Energy,0.6726811806353576,,
2012-10-01,124603,TCP,buy,rebalance,4.0,24.935,2012-10-01,99.74,0.34909,0.6569396034718588,Energy,0.6569396034718588,,
2012-10-01,197913,NHI,buy,rebalance,4.0,24.055,2012-10-01,96.22,0.33677,0.6542712102990867,Real Estate,0.6542712102990867,,
2012-10-01,196730,ED,buy,rebalance,3.0,35.258,2012-10-01,105.774,0.370209,0.6484523215088597,Utilities,0.6484523215088597,,
2012-10-01,198782,O,buy,rebalance,5.0,20.522,2012-10-01,102.60999999999999,0.359135,0.6456839080844222,Real Estate,0.6456839080844222,,
2012-10-01,198638,SCG,buy,rebalance,2.0,37.902,2012-10-01,75.804,0.265314,0.6456369196263197,Utilities,0.6456369196263197,,
2012-10-01,199593,KMB,buy,rebalance,2.0,51.815,2012-10-01,103.63,0.362705,0.6399766678917456,Consumer Defensive,0.6399766678917456,,
2012-10-01,199185,JNJ,buy,rebalance,2.0,47.136,2012-10-01,94.272,0.329952,0.6305058884916884,Healthcare,0.6305058884916884,,
2012-10-01,199685,GIS,buy,rebalance,4.0,24.227,2012-10-01,96.908,0.33917800000000004,0.6285784117054547,Consumer Defensive,0.6285784117054547,,
2012-10-01,199891,BMY,buy,rebalance,5.0,21.276,2012-10-01,106.38,0.37233,0.628310807251086,Healthcare,0.628310807251086,,
2012-11-01,124686,SEP,buy,rebalance,5.0,20.808,2012-11-01,104.03999999999999,0.36413999999999996,0.6726811806353576,Energy,0.6726811806353576,,
2012-11-01,124603,TCP,buy,rebalance,4.0,23.789,2012-11-01,95.156,0.333046,0.6569396034718588,Energy,0.6569396034718588,,
2012-11-01,197913,NHI,buy,rebalance,4.0,25.098,2012-11-01,100.392,0.351372,0.6542712102990866,Real Estate,0.6542712102990866,,
2012-11-01,196730,ED,buy,rebalance,3.0,35.406,2012-11-01,106.21799999999999,0.37176299999999995,0.6484523215088597,Utilities,0.6484523215088597,,
2012-11-01,198782,O,buy,rebalance,5.0,19.995,2012-11-01,99.97500000000001,0.3499125,0.6456839080844222,Real Estate,0.6456839080844222,,
2012-11-01,198638,SCG,buy,rebalance,2.0,38.781,2012-11-01,77.562,0.271467,0.6456369196263197,Utilities,0.6456369196263197,,
2012-11-01,199593,KMB,buy,rebalance,2.0,50.215,2012-11-01,100.43,0.351505,0.6399766678917456,Consumer Defensive,0.6399766678917456,,
2012-11-01,199185,JNJ,buy,rebalance,2.0,48.752,2012-11-01,97.504,0.341264,0.6305058884916884,Healthcare,0.6305058884916884,,
2012-11-01,199685,GIS,buy,rebalance,4.0,24.555,2012-11-01,98.22,0.34377,0.6285784117054547,Consumer Defensive,0.6285784117054547,,
2012-11-01,199891,BMY,buy,rebalance,5.0,21.219,2012-11-01,106.095,0.3713325,0.628310807251086,Healthcare,0.628310807251086,,
2012-12-03,124686,SEP,buy,rebalance,5.0,20.815,2012-12-03,104.075,0.36426250000000004,0.6726811806353576,Energy,0.6726811806353576,,
2012-12-03,124603,TCP,buy,rebalance,4.0,23.135,2012-12-03,92.54,0.32389,0.6569396034718588,Energy,0.6569396034718588,,
2012-12-03,197913,NHI,buy,rebalance,4.0,25.941,2012-12-03,103.764,0.363174,0.6542712102990867,Real Estate,0.6542712102990867,,
2012-12-03,196730,ED,buy,rebalance,3.0,33.118,2012-12-03,99.35400000000001,0.3477390000000001,0.6484523215088597,Utilities,0.6484523215088597,,
2012-12-03,198782,O,buy,rebalance,5.0,20.422,2012-12-03,102.11,0.357385,0.6456839080844223,Real Estate,0.6456839080844223,,
2012-12-03,198638,SCG,buy,rebalance,3.0,36.557,2012-12-03,109.671,0.38384850000000004,0.6456369196263197,Utilities,0.6456369196263197,,
2012-12-03,199593,KMB,buy,rebalance,2.0,51.372,2012-12-03,102.744,0.359604,0.6399766678917457,Consumer Defensive,0.6399766678917457,,
2012-12-03,199185,JNJ,buy,rebalance,2.0,47.907,2012-12-03,95.814,0.335349,0.6305058884916884,Healthcare,0.6305058884916884,,
2012-12-03,199685,GIS,buy,rebalance,4.0,24.738,2012-12-03,98.952,0.346332,0.6285784117054547,Consumer Defensive,0.6285784117054547,,
2012-12-03,199891,BMY,buy,rebalance,5.0,20.706,2012-12-03,103.53,0.36235500000000004,0.6283108072510861,Healthcare,0.6283108072510861,,
2013-01-02,198536,WEC,buy,rebalance,4.0,23.859,2013-01-02,95.436,0.33402600000000005,0.6772924756681343,Utilities,0.6772924756681343,,
2013-01-02,198610,PNW,buy,rebalance,3.0,30.625,2013-01-02,91.875,0.32156250000000003,0.6749937294581282,Utilities,0.6749937294581282,,
2013-01-02,199593,KMB,buy,rebalance,2.0,52.237,2013-01-02,104.474,0.365659,0.669670762153241,Consumer Defensive,0.669670762153241,,
2013-01-02,197913,NHI,buy,rebalance,4.0,27.534,2013-01-02,110.136,0.385476,0.6664162215451733,Real Estate,0.6664162215451733,,
2013-01-02,196796,PDM,buy,rebalance,12.0,9.215,2013-01-02,110.58,0.38703,0.6645803025432689,Real Estate,0.6645803025432689,,
2013-01-02,195259,RAI,buy,rebalance,6.0,17.849,2013-01-02,107.094,0.37482899999999997,0.6640080201176228,Consumer Defensive,0.6640080201176228,,
2013-01-02,198804,PAYX,buy,rebalance,5.0,20.936,2013-01-02,104.68,0.36638000000000004,0.6583811478828783,Industrials,0.6583811478828783,,
2013-01-02,199928,ADP,buy,rebalance,2.0,37.833,2013-01-02,75.666,0.264831,0.6575355642946615,Industrials,0.6575355642946615,,
2013-01-02,199552,MCD,buy,rebalance,1.0,63.132,2013-01-02,63.132,0.220962,0.6549587101723366,Consumer Cyclical,0.6549587101723366,,
2013-01-02,199185,JNJ,buy,rebalance,2.0,48.726,2013-01-02,97.452,0.341082,0.6530897285439436,Healthcare,0.6530897285439436,,
2013-02-01,198536,WEC,buy,rebalance,4.0,25.215,2013-02-01,100.86,0.35301,0.6772924756681343,Utilities,0.6772924756681343,,
2013-02-01,198610,PNW,buy,rebalance,3.0,31.546,2013-02-01,94.638,0.331233,0.6749937294581281,Utilities,0.6749937294581281,,
2013-02-01,199593,KMB,buy,rebalance,2.0,54.432,2013-02-01,108.864,0.38102400000000003,0.6696707621532408,Consumer Defensive,0.6696707621532408,,
2013-02-01,197913,NHI,buy,rebalance,3.0,30.554,2013-02-01,91.66199999999999,0.32081699999999996,0.6664162215451733,Real Estate,0.6664162215451733,,
2013-02-01,196796,PDM,buy,rebalance,11.0,9.836,2013-02-01,108.196,0.378686,0.6645803025432689,Real Estate,0.6645803025432689,,
2013-02-01,195259,RAI,buy,rebalance,6.0,18.511,2013-02-01,111.066,0.388731,0.6640080201176228,Consumer Defensive,0.6640080201176228,,
2013-02-01,198804,PAYX,buy,rebalance,5.0,21.6,2013-02-01,108.0,0.378,0.6583811478828783,Industrials,0.6583811478828783,,
2013-02-01,199928,ADP,buy,rebalance,2.0,39.298,2013-02-01,78.596,0.275086,0.6575355642946615,Industrials,0.6575355642946615,,
2013-02-01,199552,MCD,buy,rebalance,1.0,67.216,2013-02-01,67.216,0.235256,0.6549587101723368,Consumer Cyclical,0.6549587101723368,,
2013-02-01,199185,JNJ,buy,rebalance,2.0,51.023,2013-02-01,102.046,0.357161,0.6530897285439436,Healthcare,0.6530897285439436,,
2013-03-01,198536,WEC,buy,rebalance,4.0,26.395,2013-03-01,105.58,0.36953,0.6772924756681343,Utilities,0.6772924756681343,,
2013-03-01,198610,PNW,buy,rebalance,3.0,33.087,2013-03-01,99.26100000000001,0.34741350000000004,0.6749937294581282,Utilities,0.6749937294581282,,
2013-03-01,199593,KMB,buy,rebalance,2.0,57.027,2013-03-01,114.054,0.399189,0.6696707621532408,Consumer Defensive,0.6696707621532408,,
2013-03-01,197913,NHI,buy,rebalance,3.0,31.291,2013-03-01,93.873,0.3285555,0.6664162215451734,Real Estate,0.6664162215451734,,
2013-03-01,196796,PDM,buy,rebalance,11.0,10.045,2013-03-01,110.495,0.38673250000000003,0.6645803025432689,Real Estate,0.6645803025432689,,
2013-03-01,195259,RAI,buy,rebalance,6.0,18.049,2013-03-01,108.294,0.379029,0.6640080201176228,Consumer Defensive,0.6640080201176228,,
2013-03-01,198804,PAYX,buy,rebalance,5.0,21.922,2013-03-01,109.61,0.383635,0.6583811478828783,Industrials,0.6583811478828783,,
2013-03-01,199928,ADP,buy,rebalance,2.0,39.945,2013-03-01,79.89,0.279615,0.6575355642946615,Industrials,0.6575355642946615,,
2013-03-01,199552,MCD,buy,rebalance,1.0,67.566,2013-03-01,67.566,0.23648100000000002,0.6549587101723368,Consumer Cyclical,0.6549587101723368,,
2013-03-01,199185,JNJ,buy,rebalance,2.0,53.179,2013-03-01,106.358,0.372253,0.6530897285439436,Healthcare,0.6530897285439436,,
2013-04-01,196796,PDM,buy,rebalance,11.0,10.045,2013-04-01,110.495,0.38673250000000003,0.6812295277638855,Real Estate,0.6812295277638855,,
2013-04-01,198536,WEC,buy,rebalance,4.0,27.193,2013-04-01,108.772,0.38070200000000004,0.6808624430595434,Utilities,0.6808624430595434,,
2013-04-01,196300,CNL1,buy,rebalance,2.0,42.989,2013-04-01,85.978,0.300923,0.6779959705595687,Utilities,0.6779959705595687,,
2013-04-01,197777,LTC,buy,rebalance,6.0,19.146,2013-04-01,114.876,0.40206600000000003,0.6738444274972766,Real Estate,0.6738444274972766,,
2013-04-01,199593,KMB,buy,rebalance,1.0,59.729,2013-04-01,59.729,0.2090515,0.6586914124586062,Consumer Defensive,0.6586914124586062,,
2013-04-01,198615,MO,buy,rebalance,7.0,14.975,2013-04-01,104.825,0.36688750000000003,0.6571568951362052,Consumer Defensive,0.6571568951362052,,
2013-04-01,199527,MMM,buy,rebalance,1.0,59.128,2013-04-01,59.128,0.206948,0.6511346515838552,Industrials,0.6511346515838552,,
2013-04-01,193846,EPB,buy,rebalance,3.0,39.055,2013-04-01,117.16499999999999,0.4100775,0.6492480667885729,Energy,0.6492480667885729,,
2013-04-01,196584,EPD,buy,rebalance,9.0,12.651,2013-04-01,113.859,0.3985065,0.6469517010116177,Energy,0.6469517010116177,,
2013-04-01,199185,JNJ,buy,rebalance,2.0,56.805,2013-04-01,113.61,0.397635,0.6453466463316648,Healthcare,0.6453466463316648,,
2013-05-01,196796,PDM,buy,rebalance,11.0,10.497,2013-05-01,115.467,0.4041345,0.6812295277638853,Real Estate,0.6812295277638853,,
2013-05-01,198536,WEC,buy,rebalance,4.0,28.331,2013-05-01,113.324,0.396634,0.6808624430595435,Utilities,0.6808624430595435,,
2013-05-01,196300,CNL1,buy,rebalance,2.0,44.104,2013-05-01,88.208,0.308728,0.6779959705595688,Utilities,0.6779959705595688,,
2013-05-01,197777,LTC,buy,rebalance,5.0,21.533,2013-05-01,107.665,0.37682750000000004,0.6738444274972766,Real Estate,0.6738444274972766,,
2013-05-01,199593,KMB,buy,rebalance,1.0,62.998,2013-05-01,62.998,0.220493,0.6586914124586061,Consumer Defensive,0.6586914124586061,,
2013-05-01,198615,MO,buy,rebalance,7.0,15.857,2013-05-01,110.999,0.38849649999999997,0.6571568951362052,Consumer Defensive,0.6571568951362052,,
2013-05-01,199527,MMM,buy,rebalance,2.0,58.512,2013-05-01,117.024,0.409584,0.6511346515838553,Industrials,0.6511346515838553,,
2013-05-01,193846,EPB,buy,rebalance,3.0,38.033,2013-05-01,114.099,0.39934650000000005,0.649248066788573,Energy,0.649248066788573,,
2013-05-01,196584,EPD,buy,rebalance,9.0,12.59,2013-05-01,113.31,0.396585,0.6469517010116178,Energy,0.6469517010116178,,
2013-05-01,199185,JNJ,buy,rebalance,2.0,58.399,2013-05-01,116.798,0.408793,0.6453466463316648,Healthcare,0.6453466463316648,,
2013-06-03,196796,PDM,buy,rebalance,11.0,9.908,2013-06-03,108.988,0.381458,0.6812295277638855,Real Estate,0.6812295277638855,,
2013-06-03,198536,WEC,buy,rebalance,4.0,26.429,2013-06-03,105.716,0.370006,0.6808624430595436,Utilities,0.6808624430595436,,
2013-06-03,196300,CNL1,buy,rebalance,2.0,42.067,2013-06-03,84.134,0.294469,0.6779959705595688,Utilities,0.6779959705595688,,
2013-06-03,197777,LTC,buy,rebalance,5.0,19.981,2013-06-03,99.905,0.3496675,0.6738444274972766,Real Estate,0.6738444274972766,,
2013-06-03,199593,KMB,buy,rebalance,1.0,58.978,2013-06-03,58.978,0.20642300000000002,0.6586914124586061,Consumer Defensive,0.6586914124586061,,
2013-06-03,198615,MO,buy,rebalance,7.0,15.918,2013-06-03,111.42599999999999,0.389991,0.6571568951362052,Consumer Defensive,0.6571568951362052,,
2013-06-03,199527,MMM,buy,rebalance,1.0,62.259,2013-06-03,62.259,0.2179065,0.6511346515838554,Industrials,0.6511346515838554,,
2013-06-03,193846,EPB,buy,rebalance,3.0,36.98,2013-06-03,110.94,0.38829,0.649248066788573,Energy,0.649248066788573,,
2013-06-03,196584,EPD,buy,rebalance,8.0,12.529,2013-06-03,100.232,0.350812,0.6469517010116177,Energy,0.6469517010116177,,
2013-06-03,199185,JNJ,buy,rebalance,1.0,59.177,2013-06-03,59.177,0.2071195,0.6453466463316648,Healthcare,0.6453466463316648,,
2013-07-01,197913,NHI,buy,rebalance,4.0,29.355,2013-07-01,117.42,0.41097,0.6802425915440024,Real Estate,0.6802425915440024,,
2013-07-01,196300,CNL1,buy,rebalance,2.0,42.353,2013-07-01,84.706,0.29647100000000004,0.6795759299763187,Utilities,0.6795759299763187,,
2013-07-01,198610,PNW,buy,rebalance,3.0,32.734,2013-07-01,98.202,0.343707,0.6772859554704591,Utilities,0.6772859554704591,,
2013-07-01,198004,PSB,buy,rebalance,2.0,55.553,2013-07-01,111.106,0.38887099999999997,0.6761272391234059,Real Estate,0.6761272391234059,,
2013-07-01,199428,PFE,buy,rebalance,8.0,14.942,2013-07-01,119.536,0.418376,0.6641921790601616,Healthcare,0.6641921790601616,,
2013-07-01,193846,EPB,buy,rebalance,3.0,39.932,2013-07-01,119.796,0.41928600000000005,0.6622226178719078,Energy,0.6622226178719078,,
2013-07-01,199652,HSY,buy,rebalance,1.0,65.634,2013-07-01,65.634,0.229719,0.659806981037613,Consumer Defensive,0.659806981037613,,
2013-07-01,199841,CLX,buy,rebalance,2.0,56.511,2013-07-01,113.022,0.395577,0.6595598389537488,Consumer Defensive,0.6595598389537488,,
2013-07-01,199552,MCD,buy,rebalance,1.0,71.049,2013-07-01,71.049,0.24867150000000002,0.6576242659682858,Consumer Cyclical,0.6576242659682858,,
2013-07-01,197771,KMP,buy,rebalance,1.0,78.443,2013-07-01,78.443,0.2745505,0.6575912143223939,Energy,0.6575912143223939,,
2013-08-01,199654,HNZ,sell,delisted,25.0,72.46,2013-06-06,1811.4999999999998,6.340249999999999,,,,1104.7601745,700.3995754999999
2013-08-01,197913,NHI,buy,rebalance,10.0,29.929,2013-08-01,299.28999999999996,1.047515,0.6802425915440022,Real Estate,0.6802425915440022,,
2013-08-01,196300,CNL1,buy,rebalance,6.0,45.483,2013-08-01,272.89799999999997,0.9551429999999999,0.6795759299763187,Utilities,0.6795759299763187,,
2013-08-01,198610,PNW,buy,rebalance,8.0,35.47,2013-08-01,283.76,0.99316,0.677285955470459,Utilities,0.677285955470459,,
2013-08-01,198004,PSB,buy,rebalance,5.0,55.103,2013-08-01,275.515,0.9643025,0.6761272391234059,Real Estate,0.6761272391234059,,
2013-08-01,199428,PFE,buy,rebalance,19.0,15.785,2013-08-01,299.915,1.0497025,0.6641921790601616,Healthcare,0.6641921790601616,,
2013-08-01,193846,EPB,buy,rebalance,7.0,38.027,2013-08-01,266.189,0.9316615000000001,0.6622226178719078,Energy,0.6622226178719078,,
2013-08-01,199652,HSY,buy,rebalance,4.0,70.703,2013-08-01,282.812,0.9898420000000001,0.659806981037613,Consumer Defensive,0.659806981037613,,
2013-08-01,199841,CLX,buy,rebalance,5.0,57.676,2013-08-01,288.38,1.00933,0.6595598389537488,Consumer Defensive,0.6595598389537488,,
2013-08-01,199552,MCD,buy,rebalance,4.0,70.465,2013-08-01,281.86,0.9865100000000001,0.6576242659682857,Consumer Cyclical,0.6576242659682857,,
2013-08-01,197771,KMP,buy,rebalance,3.0,76.043,2013-08-01,228.12900000000002,0.7984515000000001,0.6575912143223939,Energy,0.6575912143223939,,
2013-09-03,197913,NHI,buy,rebalance,4.0,26.193,2013-09-03,104.772,0.36670200000000003,0.6802425915440022,Real Estate,0.6802425915440022,,
2013-09-03,196300,CNL1,buy,rebalance,3.0,41.118,2013-09-03,123.35400000000001,0.43173900000000004,0.6795759299763187,Utilities,0.6795759299763187,,
2013-09-03,198610,PNW,buy,rebalance,3.0,31.935,2013-09-03,95.80499999999999,0.3353175,0.677285955470459,Utilities,0.677285955470459,,
2013-09-03,198004,PSB,buy,rebalance,2.0,55.256,2013-09-03,110.512,0.386792,0.6761272391234059,Real Estate,0.6761272391234059,,
2013-09-03,199428,PFE,buy,rebalance,8.0,15.189,2013-09-03,121.512,0.425292,0.6641921790601616,Healthcare,0.6641921790601616,,
2013-09-03,193846,EPB,buy,rebalance,3.0,37.671,2013-09-03,113.013,0.39554550000000005,0.662222617871908,Energy,0.662222617871908,,
2013-09-03,199652,HSY,buy,rebalance,1.0,66.737,2013-09-03,66.737,0.2335795,0.659806981037613,Consumer Defensive,0.659806981037613,,
2013-09-03,199841,CLX,buy,rebalance,2.0,56.241,2013-09-03,112.482,0.393687,0.6595598389537488,Consumer Defensive,0.6595598389537488,,
2013-09-03,199552,MCD,buy,rebalance,1.0,67.822,2013-09-03,67.822,0.237377,0.6576242659682857,Consumer Cyclical,0.6576242659682857,,
2013-09-03,197771,KMP,buy,rebalance,1.0,74.986,2013-09-03,74.986,0.26245100000000005,0.6575912143223939,Energy,0.6575912143223939,,
2013-10-01,199347,SJM,buy,rebalance,1.0,71.682,2013-10-01,71.682,0.250887,0.6590266933422989,Consumer Defensive,0.6590266933422989,,
2013-10-01,193849,AWK,buy,rebalance,3.0,31.631,2013-10-01,94.893,0.3321255,0.6584464521772508,Utilities,0.6584464521772508,,
2013-10-01,198536,WEC,buy,rebalance,4.0,26.308,2013-10-01,105.232,0.36831200000000003,0.6545750742009446,Utilities,0.6545750742009446,,
2013-10-01,199652,HSY,buy,rebalance,1.0,67.866,2013-10-01,67.866,0.237531,0.6543146682880153,Consumer Defensive,0.6543146682880153,,
2013-10-01,197208,HSIC,buy,rebalance,3.0,40.942,2013-10-01,122.826,0.42989099999999997,0.6538639287432696,Healthcare,0.6538639287432696,,
2013-10-01,199185,JNJ,buy,rebalance,2.0,61.561,2013-10-01,123.122,0.430927,0.6531902603359541,Healthcare,0.6531902603359541,,
2013-10-01,198806,CTAS,buy,rebalance,11.0,11.176,2013-10-01,122.936,0.43027600000000005,0.6527299212670511,Industrials,0.6527299212670511,,
2013-10-01,199552,MCD,buy,rebalance,1.0,68.978,2013-10-01,68.978,0.241423,0.6524055284742205,Consumer Cyclical,0.6524055284742205,,
2013-10-01,198546,JKHY,buy,rebalance,2.0,44.328,2013-10-01,88.656,0.310296,0.6513997662491645,Technology,0.6513997662491645,,
2013-10-01,196584,EPD,buy,rebalance,9.0,13.157,2013-10-01,118.413,0.4144455,0.6510967356286192,Energy,0.6510967356286192,,
2013-11-01,199347,SJM,buy,rebalance,1.0,75.49,2013-11-01,75.49,0.264215,0.6590266933422988,Consumer Defensive,0.6590266933422988,,
2013-11-01,193849,AWK,buy,rebalance,3.0,32.646,2013-11-01,97.938,0.342783,0.6584464521772508,Utilities,0.6584464521772508,,
2013-11-01,198536,WEC,buy,rebalance,4.0,27.529,2013-11-01,110.116,0.385406,0.6545750742009446,Utilities,0.6545750742009446,,
2013-11-01,199652,HSY,buy,rebalance,1.0,72.726,2013-11-01,72.726,0.254541,0.6543146682880152,Consumer Defensive,0.6543146682880152,,
2013-11-01,197208,HSIC,buy,rebalance,2.0,43.744,2013-11-01,87.488,0.306208,0.6538639287432695,Healthcare,0.6538639287432695,,
2013-11-01,199185,JNJ,buy,rebalance,1.0,65.713,2013-11-01,65.713,0.2299955,0.6531902603359543,Healthcare,0.6531902603359543,,
2013-11-01,198806,CTAS,buy,rebalance,10.0,11.662,2013-11-01,116.62,0.40817000000000003,0.6527299212670511,Industrials,0.6527299212670511,,
2013-11-01,199552,MCD,buy,rebalance,1.0,69.774,2013-11-01,69.774,0.244209,0.6524055284742205,Consumer Cyclical,0.6524055284742205,,
2013-11-01,198546,JKHY,buy,rebalance,2.0,46.389,2013-11-01,92.778,0.32472300000000004,0.6513997662491645,Technology,0.6513997662491645,,
2013-11-01,196584,EPD,buy,rebalance,9.0,13.622,2013-11-01,122.598,0.429093,0.6510967356286194,Energy,0.6510967356286194,,
2013-12-02,199347,SJM,buy,rebalance,1.0,71.411,2013-12-02,71.411,0.2499385,0.6590266933422988,Consumer Defensive,0.6590266933422988,,
2013-12-02,193849,AWK,buy,rebalance,4.0,32.247,2013-12-02,128.988,0.451458,0.6584464521772508,Utilities,0.6584464521772508,,
2013-12-02,198536,WEC,buy,rebalance,5.0,27.085,2013-12-02,135.425,0.47398750000000006,0.6545750742009446,Utilities,0.6545750742009446,,
2013-12-02,199652,HSY,buy,rebalance,1.0,71.09,2013-12-02,71.09,0.248815,0.6543146682880152,Consumer Defensive,0.6543146682880152,,
2013-12-02,197208,HSIC,buy,rebalance,3.0,44.608,2013-12-02,133.82399999999998,0.46838399999999997,0.6538639287432695,Healthcare,0.6538639287432695,,
2013-12-02,199185,JNJ,buy,rebalance,2.0,66.814,2013-12-02,133.628,0.46769799999999995,0.6531902603359541,Healthcare,0.6531902603359541,,
2013-12-02,198806,CTAS,buy,rebalance,11.0,12.104,2013-12-02,133.144,0.46600400000000003,0.6527299212670511,Industrials,0.6527299212670511,,
2013-12-02,199552,MCD,buy,rebalance,1.0,69.828,2013-12-02,69.828,0.244398,0.6524055284742205,Consumer Cyclical,0.6524055284742205,,
2013-12-02,198546,JKHY,buy,rebalance,2.0,48.577,2013-12-02,97.154,0.340039,0.6513997662491644,Technology,0.6513997662491644,,
2013-12-02,196584,EPD,buy,rebalance,10.0,13.493,2013-12-02,134.93,0.47225500000000004,0.6510967356286194,Energy,0.6510967356286194,,
2014-01-02,193849,AWK,buy,rebalance,3.0,31.955,2014-01-02,95.865,0.3355275,0.694982362487831,Utilities,0.694982362487831,,
2014-01-02,199472,NWE,buy,rebalance,4.0,25.723,2014-01-02,102.892,0.360122,0.6925233191410985,Utilities,0.6925233191410985,,
2014-01-02,198804,PAYX,buy,rebalance,4.0,30.133,2014-01-02,120.532,0.421862,0.6887531848393994,Industrials,0.6887531848393994,,
2014-01-02,199556,MAT,buy,rebalance,3.0,38.998,2014-01-02,116.994,0.409479,0.6883659794732031,Consumer Cyclical,0.6883659794732031,,
2014-01-02,197593,COST,buy,rebalance,1.0,93.512,2014-01-02,93.512,0.327292,0.6819453006137741,Consumer Defensive,0.6819453006137741,,
2014-01-02,199652,HSY,buy,rebalance,1.0,70.677,2014-01-02,70.677,0.24736950000000002,0.6803242694107341,Consumer Defensive,0.6803242694107341,,
2014-01-02,199428,PFE,buy,rebalance,7.0,16.646,2014-01-02,116.522,0.40782700000000005,0.6789750135034057,Healthcare,0.6789750135034057,,
2014-01-02,198806,CTAS,buy,rebalance,9.0,12.941,2014-01-02,116.46900000000001,0.40764150000000005,0.6783392497996988,Industrials,0.6783392497996988,,
2014-01-02,197821,PX1,buy,rebalance,1.0,116.008,2014-01-02,116.008,0.406028,0.6751458561494241,Basic Materials,0.6751458561494241,,
2014-01-02,199909,BDX,buy,rebalance,1.0,87.233,2014-01-02,87.233,0.3053155,0.6711755170878972,Healthcare,0.6711755170878972,,
2014-02-03,193849,AWK,buy,rebalance,3.0,32.73,2014-02-03,98.19,0.343665,0.694982362487831,Utilities,0.694982362487831,,
2014-02-03,199472,NWE,buy,rebalance,4.0,26.919,2014-02-03,107.676,0.37686600000000003,0.6925233191410985,Utilities,0.6925233191410985,,
2014-02-03,198804,PAYX,buy,rebalance,4.0,27.24,2014-02-03,108.96,0.38136,0.6887531848393994,Industrials,0.6887531848393994,,
2014-02-03,199556,MAT,buy,rebalance,4.0,29.666,2014-02-03,118.664,0.415324,0.6883659794732031,Consumer Cyclical,0.6883659794732031,,
2014-02-03,197593,COST,buy,rebalance,1.0,87.456,2014-02-03,87.456,0.30609600000000003,0.6819453006137741,Consumer Defensive,0.6819453006137741,,
2014-02-03,199652,HSY,buy,rebalance,1.0,72.166,2014-02-03,72.166,0.252581,0.680324269410734,Consumer Defensive,0.680324269410734,,
2014-02-03,199428,PFE,buy,rebalance,7.0,16.722,2014-02-03,117.054,0.409689,0.6789750135034057,Healthcare,0.6789750135034057,,
2014-02-03,198806,CTAS,buy,rebalance,9.0,12.188,2014-02-03,109.69200000000001,0.38392200000000004,0.6783392497996988,Industrials,0.6783392497996988,,
2014-02-03,197821,PX1,buy,rebalance,1.0,108.85,2014-02-03,108.85,0.380975,0.675145856149424,Basic Materials,0.675145856149424,,
2014-02-03,199909,BDX,buy,rebalance,1.0,84.244,2014-02-03,84.244,0.294854,0.6711755170878972,Healthcare,0.6711755170878972,,
2014-03-03,193849,AWK,buy,rebalance,3.0,34.154,2014-03-03,102.46200000000002,0.3586170000000001,0.694982362487831,Utilities,0.694982362487831,,
2014-03-03,199472,NWE,buy,rebalance,4.0,27.207,2014-03-03,108.828,0.380898,0.6925233191410985,Utilities,0.6925233191410985,,
2014-03-03,198804,PAYX,buy,rebalance,4.0,27.766,2014-03-03,111.064,0.38872399999999996,0.6887531848393994,Industrials,0.6887531848393994,,
2014-03-03,199556,MAT,buy,rebalance,3.0,30.691,2014-03-03,92.073,0.3222555,0.6883659794732031,Consumer Cyclical,0.6883659794732031,,
2014-03-03,197593,COST,buy,rebalance,1.0,92.125,2014-03-03,92.125,0.3224375,0.6819453006137741,Consumer Defensive,0.6819453006137741,,
2014-03-03,199652,HSY,buy,rebalance,1.0,78.137,2014-03-03,78.137,0.2734795,0.6803242694107341,Consumer Defensive,0.6803242694107341,,
2014-03-03,199428,PFE,buy,rebalance,6.0,17.624,2014-03-03,105.744,0.370104,0.6789750135034057,Healthcare,0.6789750135034057,,
2014-03-03,198806,CTAS,buy,rebalance,9.0,13.154,2014-03-03,118.386,0.41435099999999997,0.6783392497996988,Industrials,0.6783392497996988,,
2014-03-03,197821,PX1,buy,rebalance,1.0,116.716,2014-03-03,116.716,0.408506,0.6751458561494239,Basic Materials,0.6751458561494239,,
2014-03-03,199909,BDX,buy,rebalance,1.0,91.869,2014-03-03,91.869,0.3215415,0.6711755170878972,Healthcare,0.6711755170878972,,
2014-04-01,196052,NI,buy,rebalance,12.0,9.385,2014-04-01,112.62,0.39417,0.6949001345612638,Utilities,0.6949001345612638,,
2014-04-01,198642,NEE,buy,rebalance,6.0,17.188,2014-04-01,103.12799999999999,0.36094799999999994,0.6920762016231444,Utilities,0.6920762016231444,,
2014-04-01,199652,HSY,buy,rebalance,1.0,77.05,2014-04-01,77.05,0.269675,0.6876788653153075,Consumer Defensive,0.6876788653153075,,
2014-04-01,198999,HD,buy,rebalance,1.0,59.486,2014-04-01,59.486,0.208201,0.6867141808686895,Consumer Cyclical,0.6867141808686895,,
2014-04-01,199120,CHD,buy,rebalance,4.0,28.929,2014-04-01,115.716,0.405006,0.6839275425497671,Consumer Defensive,0.6839275425497671,,
2014-04-01,195878,NOC,buy,rebalance,1.0,101.128,2014-04-01,101.128,0.353948,0.6801439233048311,Industrials,0.6801439233048311,,
2014-04-01,199928,ADP,buy,rebalance,2.0,51.827,2014-04-01,103.654,0.362789,0.6778105784582935,Industrials,0.6778105784582935,,
2014-04-01,196584,EPD,buy,rebalance,7.0,15.408,2014-04-01,107.856,0.377496,0.6776301122703299,Energy,0.6776301122703299,,
2014-04-01,198546,JKHY,buy,rebalance,2.0,48.519,2014-04-01,97.038,0.339633,0.6738773624960491,Technology,0.6738773624960491,,
2014-05-01,196052,NI,buy,rebalance,13.0,9.794,2014-05-01,127.322,0.445627,0.6949001345612638,Utilities,0.6949001345612638,,
2014-05-01,198642,NEE,buy,rebalance,7.0,18.113,2014-05-01,126.791,0.4437685,0.6920762016231444,Utilities,0.6920762016231444,,
2014-05-01,199652,HSY,buy,rebalance,1.0,71.077,2014-05-01,71.077,0.2487695,0.6876788653153075,Consumer Defensive,0.6876788653153075,,
2014-05-01,198999,HD,buy,rebalance,2.0,59.449,2014-05-01,118.898,0.416143,0.6867141808686895,Consumer Cyclical,0.6867141808686895,,
2014-05-01,199120,CHD,buy,rebalance,4.0,28.722,2014-05-01,114.888,0.402108,0.6839275425497671,Consumer Defensive,0.6839275425497671,,
2014-05-01,195878,NOC,buy,rebalance,1.0,98.403,2014-05-01,98.403,0.3444105,0.6801439233048311,Industrials,0.6801439233048311,,
2014-05-01,199928,ADP,buy,rebalance,2.0,51.908,2014-05-01,103.816,0.363356,0.6778105784582935,Industrials,0.6778105784582935,,
2014-05-01,196584,EPD,buy,rebalance,7.0,16.06,2014-05-01,112.41999999999999,0.39347,0.6776301122703298,Energy,0.6776301122703298,,
2014-05-01,198546,JKHY,buy,rebalance,2.0,47.636,2014-05-01,95.272,0.333452,0.6738773624960491,Technology,0.6738773624960491,,
2014-06-02,196052,NI,buy,rebalance,13.0,9.968,2014-06-02,129.584,0.453544,0.6949001345612638,Utilities,0.6949001345612638,,
2014-06-02,198642,NEE,buy,rebalance,7.0,17.74,2014-06-02,124.17999999999999,0.43462999999999996,0.6920762016231444,Utilities,0.6920762016231444,,
2014-06-02,199652,HSY,buy,rebalance,1.0,72.191,2014-06-02,72.191,0.2526685,0.6876788653153076,Consumer Defensive,0.6876788653153076,,
2014-06-02,198999,HD,buy,rebalance,2.0,60.581,2014-06-02,121.162,0.424067,0.6867141808686895,Consumer Cyclical,0.6867141808686895,,
2014-06-02,199120,CHD,buy,rebalance,4.0,29.184,2014-06-02,116.736,0.40857600000000005,0.6839275425497671,Consumer Defensive,0.6839275425497671,,
2014-06-02,195878,NOC,buy,rebalance,1.0,100.084,2014-06-02,100.084,0.350294,0.6801439233048311,Industrials,0.6801439233048311,,
2014-06-02,199928,ADP,buy,rebalance,2.0,53.085,2014-06-02,106.17,0.371595,0.6778105784582934,Industrials,0.6778105784582934,,
2014-06-02,196584,EPD,buy,rebalance,7.0,16.66,2014-06-02,116.62,0.40817000000000003,0.6776301122703298,Energy,0.6776301122703298,,
2014-06-02,198546,JKHY,buy,rebalance,2.0,50.129,2014-06-02,100.258,0.35090299999999996,0.6738773624960491,Technology,0.6738773624960491,,
2014-07-01,198869,D,buy,rebalance,3.0,42.901,2014-07-01,128.703,0.45046050000000004,0.6961033420680963,Utilities,0.6961033420680963,,
2014-07-01,194340,SE1,buy,rebalance,3.0,37.912,2014-07-01,113.73599999999999,0.398076,0.6942403752539331,Utilities,0.6942403752539331,,
2014-07-01,199185,JNJ,buy,rebalance,1.0,76.092,2014-07-01,76.092,0.266322,0.6912246817239073,Healthcare,0.6912246817239073,,
2014-07-01,199120,CHD,buy,rebalance,4.0,29.748,2014-07-01,118.992,0.416472,0.6898219465874337,Consumer Defensive,0.6898219465874337,,
2014-07-01,198999,HD,buy,rebalance,2.0,61.672,2014-07-01,123.344,0.431704,0.6868181958450993,Consumer Cyclical,0.6868181958450993,,
2014-07-01,199296,TFX,buy,rebalance,1.0,98.865,2014-07-01,98.865,0.3460275,0.6832062717872995,Healthcare,0.6832062717872995,,
2014-07-01,199652,HSY,buy,rebalance,1.0,72.079,2014-07-01,72.079,0.25227649999999996,0.6822267589750544,Consumer Defensive,0.6822267589750544,,
2014-07-01,198806,CTAS,buy,rebalance,9.0,14.03,2014-07-01,126.27,0.441945,0.681992452716922,Industrials,0.681992452716922,,
2014-07-01,196584,EPD,buy,rebalance,7.0,17.327,2014-07-01,121.28900000000002,0.42451150000000004,0.6775528462445602,Energy,0.6775528462445602,,
2014-07-01,194082,PSA,buy,rebalance,1.0,108.466,2014-07-01,108.466,0.379631,0.6771019703327668,Real Estate,0.6771019703327668,,
2014-08-01,198869,D,buy,rebalance,3.0,40.749,2014-08-01,122.24700000000001,0.42786450000000004,0.6961033420680962,Utilities,0.6961033420680962,,
2014-08-01,194340,SE1,buy,rebalance,3.0,36.215,2014-08-01,108.64500000000001,0.3802575,0.694240375253933,Utilities,0.694240375253933,,
2014-08-01,199185,JNJ,buy,rebalance,1.0,71.801,2014-08-01,71.801,0.2513035,0.6912246817239073,Healthcare,0.6912246817239073,,
2014-08-01,199120,CHD,buy,rebalance,4.0,27.828,2014-08-01,111.312,0.389592,0.6898219465874337,Consumer Defensive,0.6898219465874337,,
2014-08-01,198999,HD,buy,rebalance,2.0,60.112,2014-08-01,120.224,0.42078400000000005,0.6868181958450993,Consumer Cyclical,0.6868181958450993,,
2014-08-01,199296,TFX,buy,rebalance,1.0,97.433,2014-08-01,97.433,0.3410155,0.6832062717872995,Healthcare,0.6832062717872995,,
2014-08-01,199652,HSY,buy,rebalance,1.0,66.27,2014-08-01,66.27,0.23194499999999998,0.6822267589750544,Consumer Defensive,0.6822267589750544,,
2014-08-01,198806,CTAS,buy,rebalance,8.0,13.717,2014-08-01,109.736,0.38407600000000003,0.681992452716922,Industrials,0.681992452716922,,
2014-08-01,196584,EPD,buy,rebalance,7.0,16.268,2014-08-01,113.876,0.39856600000000003,0.6775528462445602,Energy,0.6775528462445602,,
2014-08-01,194082,PSA,buy,rebalance,1.0,108.857,2014-08-01,108.857,0.3809995,0.6771019703327668,Real Estate,0.6771019703327668,,
2014-09-02,198869,D,buy,rebalance,2.0,42.244,2014-09-02,84.488,0.295708,0.6961033420680962,Utilities,0.6961033420680962,,
2014-09-02,194340,SE1,buy,rebalance,3.0,37.26,2014-09-02,111.78,0.39123,0.6942403752539331,Utilities,0.6942403752539331,,
2014-09-02,199185,JNJ,buy,rebalance,1.0,74.792,2014-09-02,74.792,0.261772,0.6912246817239073,Healthcare,0.6912246817239073,,
2014-09-02,199120,CHD,buy,rebalance,4.0,29.257,2014-09-02,117.028,0.409598,0.6898219465874337,Consumer Defensive,0.6898219465874337,,
2014-09-02,198999,HD,buy,rebalance,1.0,69.059,2014-09-02,69.059,0.2417065,0.6868181958450993,Consumer Cyclical,0.6868181958450993,,
2014-09-02,199296,TFX,buy,rebalance,1.0,101.218,2014-09-02,101.218,0.354263,0.6832062717872995,Healthcare,0.6832062717872995,,
2014-09-02,199652,HSY,buy,rebalance,1.0,68.609,2014-09-02,68.609,0.2401315,0.6822267589750544,Consumer Defensive,0.6822267589750544,,
2014-09-02,198806,CTAS,buy,rebalance,8.0,14.6,2014-09-02,116.8,0.4088,0.6819924527169221,Industrials,0.6819924527169221,,
2014-09-02,196584,EPD,buy,rebalance,6.0,18.034,2014-09-02,108.204,0.378714,0.6775528462445602,Energy,0.6775528462445602,,
2014-09-02,194082,PSA,buy,rebalance,1.0,110.496,2014-09-02,110.496,0.38673599999999997,0.6771019703327668,Real Estate,0.6771019703327668,,
2014-10-01,199120,CHD,buy,rebalance,4.0,29.67,2014-10-01,118.68,0.41538,0.6949494156747599,Consumer Defensive,0.6949494156747599,,
2014-10-01,194340,SE1,buy,rebalance,3.0,35.111,2014-10-01,105.333,0.3686655,0.6915719893090965,Utilities,0.6915719893090965,,
2014-10-01,196905,SRE,buy,rebalance,3.0,36.462,2014-10-01,109.38600000000001,0.38285100000000005,0.6867503419087876,Utilities,0.6867503419087876,,
2014-10-01,199296,TFX,buy,rebalance,1.0,96.862,2014-10-01,96.862,0.339017,0.6835115155114767,Healthcare,0.6835115155114767,,
2014-10-01,199185,JNJ,buy,rebalance,1.0,75.473,2014-10-01,75.473,0.2641555,0.6826559057530975,Healthcare,0.6826559057530975,,
2014-10-01,199593,KMB,buy,rebalance,1.0,68.302,2014-10-01,68.302,0.23905700000000002,0.6813676523713765,Consumer Defensive,0.6813676523713765,,
2014-10-01,198804,PAYX,buy,rebalance,4.0,29.84,2014-10-01,119.36,0.41776,0.6776729995880714,Industrials,0.6776729995880714,,
2014-10-01,199262,UNP,buy,rebalance,1.0,81.577,2014-10-01,81.577,0.2855195,0.6763654295274456,Industrials,0.6763654295274456,,
2014-10-01,194082,PSA,buy,rebalance,1.0,105.337,2014-10-01,105.337,0.3686795,0.675469027994454,Real Estate,0.675469027994454,,
2014-11-03,199120,CHD,buy,rebalance,4.0,30.709,2014-11-03,122.836,0.42992600000000003,0.6949494156747598,Consumer Defensive,0.6949494156747598,,
2014-11-03,194340,SE1,buy,rebalance,3.0,35.057,2014-11-03,105.171,0.36809850000000005,0.6915719893090965,Utilities,0.6915719893090965,,
2014-11-03,196905,SRE,buy,rebalance,3.0,38.464,2014-11-03,115.392,0.403872,0.6867503419087876,Utilities,0.6867503419087876,,
2014-11-03,199296,TFX,buy,rebalance,1.0,104.736,2014-11-03,104.736,0.366576,0.6835115155114767,Healthcare,0.6835115155114767,,
2014-11-03,199185,JNJ,buy,rebalance,1.0,77.759,2014-11-03,77.759,0.2721565,0.6826559057530975,Healthcare,0.6826559057530975,,
2014-11-03,199593,KMB,buy,rebalance,1.0,74.305,2014-11-03,74.305,0.2600675,0.6813676523713765,Consumer Defensive,0.6813676523713765,,
2014-11-03,198804,PAYX,buy,rebalance,4.0,32.562,2014-11-03,130.248,0.455868,0.6776729995880714,Industrials,0.6776729995880714,,
2014-11-03,199262,UNP,buy,rebalance,1.0,88.871,2014-11-03,88.871,0.3110485,0.6763654295274457,Industrials,0.6763654295274457,,
2014-11-03,194082,PSA,buy,rebalance,1.0,118.561,2014-11-03,118.561,0.41496350000000004,0.6754690279944541,Real Estate,0.6754690279944541,,
2014-11-03,199354,SIAL,buy,rebalance,1.0,134.513,2014-11-03,134.513,0.47079550000000003,0.6744082466338718,Basic Materials,0.6744082466338718,,
2014-12-01,199120,CHD,buy,rebalance,3.0,32.503,2014-12-01,97.509,0.3412815,0.6949494156747598,Consumer Defensive,0.6949494156747598,,
2014-12-01,194340,SE1,buy,rebalance,3.0,33.364,2014-12-01,100.09199999999998,0.35032199999999997,0.6915719893090965,Utilities,0.6915719893090965,,
2014-12-01,196905,SRE,buy,rebalance,3.0,37.919,2014-12-01,113.75699999999999,0.3981495,0.6867503419087876,Utilities,0.6867503419087876,,
2014-12-01,199296,TFX,buy,rebalance,1.0,109.018,2014-12-01,109.018,0.381563,0.6835115155114767,Healthcare,0.6835115155114767,,
2014-12-01,199185,JNJ,buy,rebalance,1.0,78.679,2014-12-01,78.679,0.2753765,0.6826559057530975,Healthcare,0.6826559057530975,,
2014-12-01,199593,KMB,buy,rebalance,1.0,77.341,2014-12-01,77.341,0.2706935,0.6813676523713765,Consumer Defensive,0.6813676523713765,,
2014-12-01,198804,PAYX,buy,rebalance,3.0,32.728,2014-12-01,98.184,0.343644,0.6776729995880714,Industrials,0.6776729995880714,,
2014-12-01,199262,UNP,buy,rebalance,1.0,88.764,2014-12-01,88.764,0.310674,0.6763654295274456,Industrials,0.6763654295274456,,
2014-12-01,194082,PSA,buy,rebalance,1.0,118.364,2014-12-01,118.364,0.41427400000000003,0.6754690279944541,Real Estate,0.6754690279944541,,
2015-01-02,197771,KMP,sell,delisted,198.0,102.03,2014-11-26,20201.94,70.70679,,,,7273.116121499998,12858.1170885
2015-01-02,193846,EPB,sell,delisted,22.0,44.1,2014-11-26,970.2,3.3957,,,,844.146207,122.65809300000001
2015-01-02,196905,SRE,buy,rebalance,57.0,39.132,2015-01-02,2230.524,7.806833999999999,0.710377850745157,Utilities,0.710377850745157,,
2015-01-02,198635,UTL,buy,rebalance,89.0,24.909,2015-01-02,2216.901,7.7591535,0.7043290246524583,Utilities,0.7043290246524583,,
2015-01-02,197898,KIM,buy,rebalance,151.0,14.772,2015-01-02,2230.572,7.807002000000001,0.7025892845263512,Real Estate,0.7025892845263512,,
2015-01-02,199593,KMB,buy,rebalance,28.0,77.665,2015-01-02,2174.6200000000003,7.611170000000001,0.6998710601928558,Consumer Defensive,0.6998710601928558,,
2015-01-02,196927,UBA,buy,rebalance,155.0,14.399,2015-01-02,2231.845,7.8114574999999995,0.6988713168207259,Real Estate,0.6988713168207259,,
2015-01-02,199841,CLX,buy,rebalance,30.0,73.464,2015-01-02,2203.92,7.71372,0.6986832092284144,Consumer Defensive,0.6986832092284144,,
2015-01-02,198804,PAYX,buy,rebalance,70.0,31.995,2015-01-02,2239.65,7.838775,0.6928421494688992,Industrials,0.6928421494688992,,
2015-01-02,196637,WCN,buy,rebalance,84.0,26.67,2015-01-02,2240.28,7.840980000000001,0.691150919776781,Industrials,0.691150919776781,,
2015-01-02,199185,JNJ,buy,rebalance,29.0,76.123,2015-01-02,2207.567,7.7264845,0.6893567859702822,Healthcare,0.6893567859702822,,
2015-01-02,199909,BDX,buy,rebalance,19.0,113.847,2015-01-02,2163.093,7.5708255,0.688291002019406,Healthcare,0.688291002019406,,
2015-02-02,196905,SRE,buy,rebalance,3.0,39.512,2015-02-02,118.536,0.414876,0.710377850745157,Utilities,0.710377850745157,,
2015-02-02,198635,UTL,buy,rebalance,4.0,25.775,2015-02-02,103.1,0.36085,0.7043290246524583,Utilities,0.7043290246524583,,
2015-02-02,197898,KIM,buy,rebalance,7.0,16.112,2015-02-02,112.78399999999999,0.394744,0.7025892845263512,Real Estate,0.7025892845263512,,
2015-02-02,199593,KMB,buy,rebalance,1.0,74.009,2015-02-02,74.009,0.2590315,0.6998710601928558,Consumer Defensive,0.6998710601928558,,
2015-02-02,196927,UBA,buy,rebalance,8.0,15.161,2015-02-02,121.288,0.424508,0.6988713168207259,Real Estate,0.6988713168207259,,
2015-02-02,199841,CLX,buy,rebalance,1.0,76.787,2015-02-02,76.787,0.2687545,0.6986832092284144,Consumer Defensive,0.6986832092284144,,
2015-02-02,198804,PAYX,buy,rebalance,3.0,32.062,2015-02-02,96.18599999999999,0.336651,0.6928421494688991,Industrials,0.6928421494688991,,
2015-02-02,196637,WCN,buy,rebalance,4.0,26.076,2015-02-02,104.304,0.365064,0.691150919776781,Industrials,0.691150919776781,,
2015-02-02,199185,JNJ,buy,rebalance,1.0,73.435,2015-02-02,73.435,0.2570225,0.6893567859702822,Healthcare,0.6893567859702822,,
2015-02-02,199909,BDX,buy,rebalance,1.0,113.571,2015-02-02,113.571,0.3974985,0.6882910020194059,Healthcare,0.6882910020194059,,
2015-03-02,196905,SRE,buy,rebalance,3.0,37.4,2015-03-02,112.19999999999999,0.3927,0.710377850745157,Utilities,0.710377850745157,,
2015-03-02,198635,UTL,buy,rebalance,5.0,23.281,2015-03-02,116.405,0.4074175,0.7043290246524583,Utilities,0.7043290246524583,,
2015-03-02,197898,KIM,buy,rebalance,8.0,15.265,2015-03-02,122.12,0.42742,0.7025892845263512,Real Estate,0.7025892845263512,,
2015-03-02,199593,KMB,buy,rebalance,1.0,74.211,2015-03-02,74.211,0.2597385,0.6998710601928558,Consumer Defensive,0.6998710601928558,,
2015-03-02,196927,UBA,buy,rebalance,8.0,14.913,2015-03-02,119.304,0.417564,0.6988713168207259,Real Estate,0.6988713168207259,,
2015-03-02,199841,CLX,buy,rebalance,1.0,78.275,2015-03-02,78.275,0.27396250000000005,0.6986832092284144,Consumer Defensive,0.6986832092284144,,
2015-03-02,198804,PAYX,buy,rebalance,3.0,35.159,2015-03-02,105.477,0.36916950000000004,0.6928421494688991,Industrials,0.6928421494688991,,
2015-03-02,196637,WCN,buy,rebalance,4.0,28.253,2015-03-02,113.012,0.395542,0.691150919776781,Industrials,0.691150919776781,,
2015-03-02,199185,JNJ,buy,rebalance,1.0,75.701,2015-03-02,75.701,0.2649535,0.6893567859702822,Healthcare,0.6893567859702822,,
2015-03-02,199909,BDX,buy,rebalance,1.0,120.506,2015-03-02,120.506,0.421771,0.688291002019406,Healthcare,0.688291002019406,,
2015-04-01,199120,CHD,buy,rebalance,3.0,36.672,2015-04-01,110.01599999999999,0.38505599999999995,0.7081802484143765,Consumer Defensive,0.7081802484143765,,
2015-04-01,199841,CLX,buy,rebalance,1.0,78.282,2015-04-01,78.282,0.273987,0.7051284873093492,Consumer Defensive,0.7051284873093492,,
2015-04-01,198804,PAYX,buy,rebalance,3.0,34.528,2015-04-01,103.584,0.36254400000000003,0.6990728732815817,Industrials,0.6990728732815817,,
2015-04-01,199185,JNJ,buy,rebalance,1.0,72.716,2015-04-01,72.716,0.254506,0.6987904248669955,Healthcare,0.6987904248669955,,
2015-04-01,199546,CVS,buy,rebalance,1.0,73.442,2015-04-01,73.442,0.25704699999999997,0.698118473025992,Healthcare,0.698118473025992,,
2015-04-01,198642,NEE,buy,rebalance,6.0,19.547,2015-04-01,117.28200000000001,0.41048700000000005,0.6953443435981623,Utilities,0.6953443435981623,,
2015-04-01,196598,RSG,buy,rebalance,3.0,32.941,2015-04-01,98.82300000000001,0.34588050000000004,0.6935357663803867,Industrials,0.6935357663803867,,
2015-04-01,199025,LNT,buy,rebalance,5.0,21.816,2015-04-01,109.08,0.38178,0.6921506638028868,Utilities,0.6921506638028868,,
2015-04-01,197898,KIM,buy,rebalance,7.0,15.445,2015-04-01,108.11500000000001,0.37840250000000003,0.6892770510203929,Real Estate,0.6892770510203929,,
2015-05-01,199120,CHD,buy,rebalance,3.0,35.182,2015-05-01,105.546,0.36941100000000004,0.7081802484143765,Consumer Defensive,0.7081802484143765,,
2015-05-01,199841,CLX,buy,rebalance,1.0,76.135,2015-05-01,76.135,0.2664725,0.7051284873093492,Consumer Defensive,0.7051284873093492,,
2015-05-01,198804,PAYX,buy,rebalance,3.0,34.078,2015-05-01,102.23400000000001,0.35781900000000005,0.6990728732815817,Industrials,0.6990728732815817,,
2015-05-01,199185,JNJ,buy,rebalance,1.0,73.435,2015-05-01,73.435,0.2570225,0.6987904248669955,Healthcare,0.6987904248669955,,
2015-05-01,199546,CVS,buy,rebalance,1.0,72.398,2015-05-01,72.398,0.253393,0.698118473025992,Healthcare,0.698118473025992,,
2015-05-01,198642,NEE,buy,rebalance,7.0,19.009,2015-05-01,133.063,0.4657205,0.6953443435981624,Utilities,0.6953443435981624,,
2015-05-01,196598,RSG,buy,rebalance,4.0,33.122,2015-05-01,132.488,0.463708,0.6935357663803867,Industrials,0.6935357663803867,,
2015-05-01,199025,LNT,buy,rebalance,6.0,21.365,2015-05-01,128.19,0.448665,0.6921506638028869,Utilities,0.6921506638028869,,
2015-05-01,194082,PSA,buy,rebalance,1.0,122.646,2015-05-01,122.646,0.429261,0.6897015591280584,Real Estate,0.6897015591280584,,
2015-05-01,197898,KIM,buy,rebalance,9.0,14.198,2015-05-01,127.78200000000001,0.44723700000000005,0.6892770510203928,Real Estate,0.6892770510203928,,
2015-06-01,199120,CHD,buy,rebalance,3.0,36.449,2015-06-01,109.347,0.3827145,0.7081802484143765,Consumer Defensive,0.7081802484143765,,
2015-06-01,199841,CLX,buy,rebalance,1.0,77.368,2015-06-01,77.368,0.270788,0.7051284873093492,Consumer Defensive,0.7051284873093492,,
2015-06-01,198804,PAYX,buy,rebalance,3.0,34.737,2015-06-01,104.21100000000001,0.3647385000000001,0.6990728732815817,Industrials,0.6990728732815817,,
2015-06-01,199185,JNJ,buy,rebalance,1.0,73.906,2015-06-01,73.906,0.25867100000000004,0.6987904248669955,Healthcare,0.6987904248669955,,
2015-06-01,199546,CVS,buy,rebalance,1.0,73.876,2015-06-01,73.876,0.258566,0.698118473025992,Healthcare,0.698118473025992,,
2015-06-01,198642,NEE,buy,rebalance,6.0,19.465,2015-06-01,116.78999999999999,0.408765,0.6953443435981623,Utilities,0.6953443435981623,,
2015-06-01,196598,RSG,buy,rebalance,3.0,33.179,2015-06-01,99.537,0.3483795,0.6935357663803867,Industrials,0.6935357663803867,,
2015-06-01,199025,LNT,buy,rebalance,5.0,21.498,2015-06-01,107.49000000000001,0.376215,0.6921506638028868,Utilities,0.6921506638028868,,
2015-06-01,194082,PSA,buy,rebalance,1.0,126.639,2015-06-01,126.639,0.4432365,0.6897015591280584,Real Estate,0.6897015591280584,,
2015-06-01,197898,KIM,buy,rebalance,8.0,14.21,2015-06-01,113.68,0.39788,0.6892770510203929,Real Estate,0.6892770510203929,,
2015-07-01,194082,PSA,buy,rebalance,1.0,121.77,2015-07-01,121.77,0.426195,0.7108918362505032,Real Estate,0.7108918362505032,,
2015-07-01,199841,CLX,buy,rebalance,1.0,76.615,2015-07-01,76.615,0.26815249999999996,0.7070148864630632,Consumer Defensive,0.7070148864630632,,
2015-07-01,199120,CHD,buy,rebalance,3.0,35.673,2015-07-01,107.019,0.3745665,0.7068323270923805,Consumer Defensive,0.7068323270923805,,
2015-07-01,193849,AWK,buy,rebalance,3.0,39.238,2015-07-01,117.714,0.411999,0.7045551273995034,Utilities,0.7045551273995034,,
2015-07-01,198804,PAYX,buy,rebalance,3.0,33.261,2015-07-01,99.78300000000002,0.34924050000000006,0.7027946315866826,Industrials,0.7027946315866826,,
2015-07-01,199385,ROL,buy,rebalance,12.0,10.582,2015-07-01,126.98400000000001,0.44444400000000006,0.6999218289983281,Consumer Cyclical,0.6999218289983281,,
2015-07-01,199546,CVS,buy,rebalance,1.0,76.182,2015-07-01,76.182,0.266637,0.695351325548708,Healthcare,0.695351325548708,,
2015-07-01,199428,PFE,buy,rebalance,6.0,19.391,2015-07-01,116.34599999999999,0.407211,0.695002349758414,Healthcare,0.695002349758414,,
2015-07-01,196300,CNL1,buy,rebalance,2.0,52.534,2015-07-01,105.068,0.367738,0.6942232113653208,Utilities,0.6942232113653208,,
2015-07-01,195845,COL,buy,rebalance,1.0,89.189,2015-07-01,89.189,0.3121615,0.6912863935321849,Industrials,0.6912863935321849,,
2015-08-03,199841,CLX,buy,rebalance,1.0,83.025,2015-08-03,83.025,0.2905875,0.7070148864630632,Consumer Defensive,0.7070148864630632,,
2015-08-03,199120,CHD,buy,rebalance,3.0,37.677,2015-08-03,113.031,0.39560850000000003,0.7068323270923805,Consumer Defensive,0.7068323270923805,,
2015-08-03,193849,AWK,buy,rebalance,2.0,41.56,2015-08-03,83.12,0.29092,0.7045551273995034,Utilities,0.7045551273995034,,
2015-08-03,198804,PAYX,buy,rebalance,3.0,33.712,2015-08-03,101.13600000000001,0.35397600000000007,0.7027946315866826,Industrials,0.7027946315866826,,
2015-08-03,199385,ROL,buy,rebalance,11.0,11.037,2015-08-03,121.40700000000001,0.42492450000000004,0.6999218289983281,Consumer Cyclical,0.6999218289983281,,
2015-08-03,199546,CVS,buy,rebalance,1.0,81.565,2015-08-03,81.565,0.2854775,0.695351325548708,Healthcare,0.695351325548708,,
2015-08-03,199428,PFE,buy,rebalance,5.0,20.806,2015-08-03,104.03,0.364105,0.6950023497584141,Healthcare,0.6950023497584141,,
2015-08-03,196300,CNL1,buy,rebalance,2.0,53.228,2015-08-03,106.456,0.37259600000000004,0.6942232113653208,Utilities,0.6942232113653208,,
2015-08-03,195845,COL,buy,rebalance,1.0,81.454,2015-08-03,81.454,0.285089,0.6912863935321847,Industrials,0.6912863935321847,,
2015-09-01,194082,PSA,buy,rebalance,1.0,129.535,2015-09-01,129.535,0.4533725,0.7108918362505032,Real Estate,0.7108918362505032,,
2015-09-01,199841,CLX,buy,rebalance,1.0,78.563,2015-09-01,78.563,0.2749705,0.7070148864630632,Consumer Defensive,0.7070148864630632,,
2015-09-01,199120,CHD,buy,rebalance,3.0,36.317,2015-09-01,108.951,0.38132849999999996,0.7068323270923805,Consumer Defensive,0.7068323270923805,,
2015-09-01,193849,AWK,buy,rebalance,3.0,41.013,2015-09-01,123.03899999999999,0.4306365,0.7045551273995034,Utilities,0.7045551273995034,,
2015-09-01,198804,PAYX,buy,rebalance,4.0,30.831,2015-09-01,123.324,0.431634,0.7027946315866826,Industrials,0.7027946315866826,,
2015-09-01,199385,ROL,buy,rebalance,12.0,10.5,2015-09-01,126.0,0.441,0.6999218289983281,Consumer Cyclical,0.6999218289983281,,
2015-09-01,199546,CVS,buy,rebalance,1.0,72.491,2015-09-01,72.491,0.2537185,0.695351325548708,Healthcare,0.695351325548708,,
2015-09-01,199428,PFE,buy,rebalance,7.0,18.191,2015-09-01,127.33699999999999,0.44567949999999995,0.6950023497584141,Healthcare,0.6950023497584141,,
2015-09-01,196300,CNL1,buy,rebalance,2.0,52.518,2015-09-01,105.036,0.367626,0.6942232113653207,Utilities,0.6942232113653207,,
2015-09-01,195845,COL,buy,rebalance,1.0,76.053,2015-09-01,76.053,0.2661855,0.6912863935321847,Industrials,0.6912863935321847,,
2015-10-01,196300,CNL1,buy,rebalance,2.0,52.331,2015-10-01,104.662,0.366317,0.7093906109766271,Utilities,0.7093906109766271,,
2015-10-01,197424,HME,buy,rebalance,1.0,74.88,2015-10-01,74.88,0.26208,0.699508821911573,Real Estate,0.699508821911573,,
2015-10-01,198635,UTL,buy,rebalance,4.0,25.696,2015-10-01,102.784,0.359744,0.6987247292410198,Utilities,0.6987247292410198,,
2015-10-01,196561,SPG,buy,rebalance,1.0,108.182,2015-10-01,108.182,0.378637,0.6979447524444178,Real Estate,0.6979447524444178,,
2015-10-01,198260,WM,buy,rebalance,3.0,40.975,2015-10-01,122.92500000000001,0.43023750000000005,0.6924786948075579,Industrials,0.6924786948075579,,
2015-10-01,198546,JKHY,buy,rebalance,2.0,61.122,2015-10-01,122.244,0.427854,0.6924006592832002,Technology,0.6924006592832002,,
2015-10-01,199296,TFX,buy,rebalance,1.0,115.895,2015-10-01,115.895,0.4056325,0.6910632995208826,Healthcare,0.6910632995208826,,
2015-10-01,199361,SCI,buy,rebalance,5.0,22.62,2015-10-01,113.10000000000001,0.39585000000000004,0.6896418050612437,Consumer Cyclical,0.6896418050612437,,
2015-10-01,199908,BMS,buy,rebalance,3.0,36.51,2015-10-01,109.53,0.383355,0.6881271936848473,Consumer Cyclical,0.6881271936848473,,
2015-10-01,199433,PEP,buy,rebalance,1.0,67.641,2015-10-01,67.641,0.23674350000000002,0.6880043572584535,Consumer Defensive,0.6880043572584535,,
2015-11-02,196300,CNL1,buy,rebalance,2.0,51.996,2015-11-02,103.992,0.363972,0.7093906109766271,Utilities,0.7093906109766271,,
2015-11-02,198635,UTL,buy,rebalance,4.0,24.838,2015-11-02,99.352,0.34773200000000004,0.6987247292410199,Utilities,0.6987247292410199,,
2015-11-02,196561,SPG,buy,rebalance,1.0,119.745,2015-11-02,119.745,0.4191075,0.6979447524444178,Real Estate,0.6979447524444178,,
2015-11-02,198260,WM,buy,rebalance,2.0,44.524,2015-11-02,89.048,0.311668,0.6924786948075579,Industrials,0.6924786948075579,,
2015-11-02,198546,JKHY,buy,rebalance,1.0,68.035,2015-11-02,68.035,0.2381225,0.6924006592832003,Technology,0.6924006592832003,,
2015-11-02,197620,CPT,buy,rebalance,2.0,50.115,2015-11-02,100.23,0.35080500000000003,0.6909702368841446,Real Estate,0.6909702368841446,,
2015-11-02,199361,SCI,buy,rebalance,5.0,23.495,2015-11-02,117.47500000000001,0.41116250000000004,0.6896418050612438,Consumer Cyclical,0.6896418050612438,,
2015-11-02,199908,BMS,buy,rebalance,2.0,42.122,2015-11-02,84.244,0.294854,0.6881271936848474,Consumer Cyclical,0.6881271936848474,,
2015-11-02,199433,PEP,buy,rebalance,1.0,73.083,2015-11-02,73.083,0.2557905,0.6880043572584538,Consumer Defensive,0.6880043572584538,,
2015-12-01,197424,HME,sell,delisted,1.0,75.24,2015-10-07,75.24,0.26333999999999996,,,,75.14207999999999,-0.16541999999999746
2015-12-01,196300,CNL1,buy,rebalance,2.0,50.611,2015-12-01,101.222,0.354277,0.7093906109766271,Utilities,0.7093906109766271,,
2015-12-01,198635,UTL,buy,rebalance,5.0,25.398,2015-12-01,126.99,0.444465,0.6987247292410198,Utilities,0.6987247292410198,,
2015-12-01,196561,SPG,buy,rebalance,1.0,110.708,2015-12-01,110.708,0.387478,0.6979447524444178,Real Estate,0.6979447524444178,,
2015-12-01,198260,WM,buy,rebalance,3.0,44.099,2015-12-01,132.297,0.4630395,0.6924786948075579,Industrials,0.6924786948075579,,
2015-12-01,198546,JKHY,buy,rebalance,2.0,70.037,2015-12-01,140.074,0.49025900000000006,0.6924006592832003,Technology,0.6924006592832003,,
2015-12-01,199296,TFX,buy,rebalance,1.0,125.118,2015-12-01,125.118,0.437913,0.6910632995208826,Healthcare,0.6910632995208826,,
2015-12-01,197620,CPT,buy,rebalance,2.0,51.374,2015-12-01,102.748,0.35961800000000005,0.6909702368841445,Real Estate,0.6909702368841445,,
2015-12-01,199361,SCI,buy,rebalance,6.0,23.57,2015-12-01,141.42000000000002,0.4949700000000001,0.6896418050612438,Consumer Cyclical,0.6896418050612438,,
2015-12-01,199908,BMS,buy,rebalance,3.0,43.471,2015-12-01,130.41299999999998,0.45644549999999995,0.6881271936848473,Consumer Cyclical,0.6881271936848473,,
2015-12-01,199433,PEP,buy,rebalance,1.0,72.838,2015-12-01,72.838,0.25493299999999997,0.6880043572584535,Consumer Defensive,0.6880043572584535,,
2016-01-04,199354,SIAL,sell,delisted,7.0,139.76,2015-11-18,978.3199999999999,3.42412,,,,416.5518465,558.3440334999999
2016-01-04,199433,PEP,buy,rebalance,3.0,71.69,2016-01-04,215.07,0.752745,0.724383197122486,Consumer Defensive,0.724383197122486,,
2016-01-04,199477,XEL,buy,rebalance,8.0,25.847,2016-01-04,206.776,0.723716,0.7242725817241307,Utilities,0.7242725817241307,,
2016-01-04,196598,RSG,buy,rebalance,6.0,36.263,2016-01-04,217.57799999999997,0.761523,0.723503080813226,Industrials,0.723503080813226,,
2016-01-04,196300,CNL1,buy,rebalance,4.0,51.683,2016-01-04,206.732,0.723562,0.723408620393304,Utilities,0.723408620393304,,
2016-01-04,198546,JKHY,buy,rebalance,3.0,67.353,2016-01-04,202.05899999999997,0.7072065,0.7227521780056707,Technology,0.7227521780056707,,
2016-01-04,197675,ATR,buy,rebalance,3.0,62.362,2016-01-04,187.086,0.6548010000000001,0.7210464639473279,Healthcare,0.7210464639473279,,
2016-01-04,197694,ELS,buy,rebalance,8.0,25.126,2016-01-04,201.008,0.703528,0.7197180841380862,Real Estate,0.7197180841380862,,
2016-01-04,196767,EPR,buy,rebalance,7.0,30.681,2016-01-04,214.767,0.7516845,0.717984784489198,Real Estate,0.717984784489198,,
2016-01-04,199685,GIS,buy,rebalance,5.0,38.538,2016-01-04,192.69,0.674415,0.7170988499760982,Consumer Defensive,0.7170988499760982,,
2016-01-04,198260,WM,buy,rebalance,5.0,43.205,2016-01-04,216.02499999999998,0.7560874999999999,0.711594716307841,Industrials,0.711594716307841,,
2016-02-01,199433,PEP,buy,rebalance,1.0,71.879,2016-02-01,71.879,0.25157650000000004,0.724383197122486,Consumer Defensive,0.724383197122486,,
2016-02-01,199477,XEL,buy,rebalance,4.0,27.918,2016-02-01,111.672,0.390852,0.7242725817241307,Utilities,0.7242725817241307,,
2016-02-01,196598,RSG,buy,rebalance,3.0,36.86,2016-02-01,110.58,0.38703,0.723503080813226,Industrials,0.723503080813226,,
2016-02-01,196300,CNL1,buy,rebalance,2.0,53.271,2016-02-01,106.542,0.37289700000000003,0.723408620393304,Utilities,0.723408620393304,,
2016-02-01,198546,JKHY,buy,rebalance,1.0,71.586,2016-02-01,71.586,0.250551,0.7227521780056707,Technology,0.7227521780056707,,
2016-02-01,197675,ATR,buy,rebalance,1.0,62.841,2016-02-01,62.841,0.21994350000000001,0.7210464639473279,Healthcare,0.7210464639473279,,
2016-02-01,197694,ELS,buy,rebalance,4.0,25.965,2016-02-01,103.86,0.36351,0.7197180841380862,Real Estate,0.7197180841380862,,
2016-02-01,196767,EPR,buy,rebalance,3.0,31.98,2016-02-01,95.94,0.33579,0.717984784489198,Real Estate,0.717984784489198,,
2016-02-01,199685,GIS,buy,rebalance,3.0,38.312,2016-02-01,114.93599999999999,0.40227599999999997,0.7170988499760982,Consumer Defensive,0.7170988499760982,,
2016-02-01,198260,WM,buy,rebalance,2.0,43.873,2016-02-01,87.746,0.30711099999999997,0.711594716307841,Industrials,0.711594716307841,,
2016-03-01,199433,PEP,buy,rebalance,1.0,71.922,2016-03-01,71.922,0.251727,0.724383197122486,Consumer Defensive,0.724383197122486,,
2016-03-01,199477,XEL,buy,rebalance,4.0,28.57,2016-03-01,114.28,0.39998,0.7242725817241307,Utilities,0.7242725817241307,,
2016-03-01,196598,RSG,buy,rebalance,3.0,39.163,2016-03-01,117.48899999999999,0.41121149999999995,0.723503080813226,Industrials,0.723503080813226,,
2016-03-01,196300,CNL1,buy,rebalance,2.0,45.88,2016-03-01,91.76,0.32116,0.723408620393304,Utilities,0.723408620393304,,
2016-03-01,198546,JKHY,buy,rebalance,1.0,73.075,2016-03-01,73.075,0.2557625,0.7227521780056707,Technology,0.7227521780056707,,
2016-03-01,197675,ATR,buy,rebalance,1.0,64.745,2016-03-01,64.745,0.22660750000000002,0.7210464639473279,Healthcare,0.7210464639473279,,
2016-03-01,197694,ELS,buy,rebalance,4.0,27.564,2016-03-01,110.256,0.385896,0.7197180841380862,Real Estate,0.7197180841380862,,
2016-03-01,196767,EPR,buy,rebalance,3.0,33.883,2016-03-01,101.649,0.3557715,0.717984784489198,Real Estate,0.717984784489198,,
2016-03-01,199685,GIS,buy,rebalance,3.0,40.137,2016-03-01,120.411,0.4214385,0.7170988499760981,Consumer Defensive,0.7170988499760981,,
2016-03-01,198260,WM,buy,rebalance,2.0,46.995,2016-03-01,93.99,0.328965,0.711594716307841,Industrials,0.711594716307841,,
2016-04-01,196730,ED,buy,rebalance,2.0,52.863,2016-04-01,105.726,0.370041,0.7304862451765767,Utilities,0.7304862451765767,,
2016-04-01,199337,SO,buy,rebalance,3.0,33.558,2016-04-01,100.674,0.35235900000000003,0.7299512689737679,Utilities,0.7299512689737679,,
2016-04-01,193748,KDP,buy,rebalance,10.0,12.609,2016-04-01,126.09,0.441315,0.7274062287862515,Consumer Defensive,0.7274062287862515,,
2016-04-01,199841,CLX,buy,rebalance,1.0,93.113,2016-04-01,93.113,0.3258955,0.7255166655950758,Consumer Defensive,0.7255166655950758,,
2016-04-01,198738,T,buy,rebalance,7.0,16.276,2016-04-01,113.932,0.398762,0.7223568801326945,Communication Services,0.7223568801326945,,
2016-04-01,198260,WM,buy,rebalance,2.0,49.09,2016-04-01,98.18,0.34363000000000005,0.718572875542217,Industrials,0.718572875542217,,
2016-04-01,196696,CCI,buy,rebalance,2.0,56.775,2016-04-01,113.55,0.397425,0.7156218000705755,Real Estate,0.7156218000705755,,
2016-04-01,199552,MCD,buy,rebalance,1.0,99.082,2016-04-01,99.082,0.346787,0.7134178224857196,Consumer Cyclical,0.7134178224857196,,
2016-04-01,199461,UDR,buy,rebalance,4.0,26.241,2016-04-01,104.964,0.367374,0.712222707491743,Real Estate,0.712222707491743,,
2016-05-02,196730,ED,buy,rebalance,2.0,51.772,2016-05-02,103.544,0.362404,0.7304862451765766,Utilities,0.7304862451765766,,
2016-05-02,199337,SO,buy,rebalance,3.0,32.72,2016-05-02,98.16,0.34356,0.7299512689737679,Utilities,0.7299512689737679,,
2016-05-02,193748,KDP,buy,rebalance,10.0,12.714,2016-05-02,127.14,0.44499,0.7274062287862515,Consumer Defensive,0.7274062287862515,,
2016-05-02,199841,CLX,buy,rebalance,1.0,93.371,2016-05-02,93.371,0.3267985,0.7255166655950758,Consumer Defensive,0.7255166655950758,,
2016-05-02,198738,T,buy,rebalance,7.0,16.5,2016-05-02,115.5,0.40425,0.7223568801326945,Communication Services,0.7223568801326945,,
2016-05-02,198260,WM,buy,rebalance,2.0,49.762,2016-05-02,99.524,0.34833400000000003,0.718572875542217,Industrials,0.718572875542217,,
2016-05-02,196696,CCI,buy,rebalance,2.0,57.049,2016-05-02,114.098,0.399343,0.7156218000705755,Real Estate,0.7156218000705755,,
2016-05-02,199552,MCD,buy,rebalance,1.0,100.002,2016-05-02,100.002,0.350007,0.7134178224857196,Consumer Cyclical,0.7134178224857196,,
2016-05-02,199461,UDR,buy,rebalance,5.0,24.324,2016-05-02,121.62,0.42567000000000005,0.712222707491743,Real Estate,0.712222707491743,,
2016-06-01,196300,CNL1,sell,delisted,46.0,55.36,2016-04-13,2546.56,8.91296,,,,2101.2246360000004,436.42240399999946
2016-06-01,196730,ED,buy,rebalance,7.0,51.028,2016-06-01,357.19599999999997,1.250186,0.7304862451765766,Utilities,0.7304862451765766,,
2016-06-01,199337,SO,buy,rebalance,11.0,32.534,2016-06-01,357.87399999999997,1.252559,0.7299512689737679,Utilities,0.7299512689737679,,
2016-06-01,193748,KDP,buy,rebalance,30.0,12.754,2016-06-01,382.62,1.33917,0.7274062287862514,Consumer Defensive,0.7274062287862514,,
2016-06-01,199841,CLX,buy,rebalance,4.0,95.526,2016-06-01,382.104,1.337364,0.7255166655950757,Consumer Defensive,0.7255166655950757,,
2016-06-01,198738,T,buy,rebalance,23.0,16.344,2016-06-01,375.91200000000003,1.315692,0.7223568801326945,Communication Services,0.7223568801326945,,
2016-06-01,197300,LMT,buy,rebalance,2.0,182.622,2016-06-01,365.244,1.2783540000000002,0.7211165287976172,Industrials,0.7211165287976172,,
2016-06-01,198260,WM,buy,rebalance,7.0,50.932,2016-06-01,356.524,1.247834,0.718572875542217,Industrials,0.718572875542217,,
2016-06-01,196696,CCI,buy,rebalance,6.0,59.18,2016-06-01,355.08,1.24278,0.7156218000705755,Real Estate,0.7156218000705755,,
2016-06-01,199552,MCD,buy,rebalance,4.0,95.143,2016-06-01,380.572,1.3320020000000001,0.7134178224857196,Consumer Cyclical,0.7134178224857196,,
2016-06-01,199461,UDR,buy,rebalance,15.0,24.138,2016-06-01,362.07000000000005,1.2672450000000002,0.712222707491743,Real Estate,0.712222707491743,,
2016-07-01,199337,SO,buy,rebalance,3.0,35.33,2016-07-01,105.99,0.370965,0.7322947049029308,Utilities,0.7322947049029308,,
2016-07-01,199477,XEL,buy,rebalance,3.0,32.954,2016-07-01,98.862,0.34601699999999996,0.7313912514207235,Utilities,0.7313912514207235,,
2016-07-01,198615,MO,buy,rebalance,3.0,34.815,2016-07-01,104.445,0.3655575,0.7269349441497528,Consumer Defensive,0.7269349441497528,,
2016-07-01,196598,RSG,buy,rebalance,2.0,43.87,2016-07-01,87.74,0.30709,0.7251829601688238,Industrials,0.7251829601688238,,
2016-07-01,199185,JNJ,buy,rebalance,1.0,92.274,2016-07-01,92.274,0.322959,0.7240299996154229,Healthcare,0.7240299996154229,,
2016-07-01,199433,PEP,buy,rebalance,1.0,77.789,2016-07-01,77.789,0.2722615,0.7234036065374188,Consumer Defensive,0.7234036065374188,,
2016-07-01,198004,PSB,buy,rebalance,1.0,87.27,2016-07-01,87.27,0.30544499999999997,0.7196479296455944,Real Estate,0.7196479296455944,,
2016-07-01,198739,VZ,buy,rebalance,3.0,32.443,2016-07-01,97.329,0.3406515,0.71882021974354,Communication Services,0.71882021974354,,
2016-08-01,199337,SO,buy,rebalance,4.0,35.212,2016-08-01,140.848,0.4929680000000001,0.7322947049029308,Utilities,0.7322947049029308,,
2016-08-01,199477,XEL,buy,rebalance,4.0,32.336,2016-08-01,129.344,0.452704,0.7313912514207236,Utilities,0.7313912514207236,,
2016-08-01,198615,MO,buy,rebalance,4.0,34.124,2016-08-01,136.496,0.47773600000000005,0.7269349441497528,Consumer Defensive,0.7269349441497528,,
2016-08-01,196598,RSG,buy,rebalance,3.0,43.573,2016-08-01,130.719,0.4575165,0.7251829601688238,Industrials,0.7251829601688238,,
2016-08-01,199185,JNJ,buy,rebalance,1.0,95.401,2016-08-01,95.401,0.3339035,0.724029999615423,Healthcare,0.724029999615423,,
2016-08-01,199433,PEP,buy,rebalance,1.0,80.219,2016-08-01,80.219,0.2807665,0.7234036065374188,Consumer Defensive,0.7234036065374188,,
2016-08-01,196561,SPG,buy,rebalance,1.0,135.835,2016-08-01,135.835,0.4754225,0.7226604798440411,Real Estate,0.7226604798440411,,
2016-08-01,198004,PSB,buy,rebalance,1.0,92.262,2016-08-01,92.262,0.322917,0.7196479296455944,Real Estate,0.7196479296455944,,
2016-08-01,198739,VZ,buy,rebalance,4.0,31.761,2016-08-01,127.044,0.444654,0.71882021974354,Communication Services,0.71882021974354,,
2016-09-01,199337,SO,buy,rebalance,3.0,33.95,2016-09-01,101.85000000000001,0.35647500000000004,0.7322947049029308,Utilities,0.7322947049029308,,
2016-09-01,199477,XEL,buy,rebalance,4.0,30.371,2016-09-01,121.484,0.425194,0.7313912514207235,Utilities,0.7313912514207235,,
2016-09-01,198615,MO,buy,rebalance,4.0,33.454,2016-09-01,133.816,0.468356,0.7269349441497528,Consumer Defensive,0.7269349441497528,,
2016-09-01,196598,RSG,buy,rebalance,3.0,43.156,2016-09-01,129.468,0.453138,0.7251829601688238,Industrials,0.7251829601688238,,
2016-09-01,199185,JNJ,buy,rebalance,1.0,91.197,2016-09-01,91.197,0.3191895,0.7240299996154229,Healthcare,0.7240299996154229,,
2016-09-01,199433,PEP,buy,rebalance,1.0,79.568,2016-09-01,79.568,0.278488,0.7234036065374188,Consumer Defensive,0.7234036065374188,,
2016-09-01,196561,SPG,buy,rebalance,1.0,129.917,2016-09-01,129.917,0.4547095,0.7226604798440411,Real Estate,0.7226604798440411,,
2016-09-01,198004,PSB,buy,rebalance,1.0,91.354,2016-09-01,91.354,0.319739,0.7196479296455944,Real Estate,0.7196479296455944,,
2016-09-01,198739,VZ,buy,rebalance,4.0,30.63,2016-09-01,122.52,0.42882,0.71882021974354,Communication Services,0.71882021974354,,
2016-10-03,199477,XEL,buy,rebalance,4.0,30.113,2016-10-03,120.452,0.421582,0.733484355443554,Utilities,0.733484355443554,,
2016-10-03,198642,NEE,buy,rebalance,5.0,23.634,2016-10-03,118.17,0.413595,0.7325517347066742,Utilities,0.7325517347066742,,
2016-10-03,199185,JNJ,buy,rebalance,1.0,90.991,2016-10-03,90.991,0.3184685,0.731483943357358,Healthcare,0.731483943357358,,
2016-10-03,196561,SPG,buy,rebalance,1.0,121.389,2016-10-03,121.389,0.4248615,0.73146014855565,Real Estate,0.73146014855565,,
2016-10-03,199433,PEP,buy,rebalance,1.0,80.28,2016-10-03,80.28,0.28098,0.7276590668093244,Consumer Defensive,0.7276590668093244,,
2016-10-03,198615,MO,buy,rebalance,4.0,32.007,2016-10-03,128.028,0.448098,0.7273961216635163,Consumer Defensive,0.7273961216635163,,
2016-10-03,192715,AAT,buy,rebalance,4.0,28.222,2016-10-03,112.888,0.395108,0.7258168038037492,Real Estate,0.7258168038037492,,
2016-10-03,198260,WM,buy,rebalance,2.0,53.342,2016-10-03,106.684,0.373394,0.7227107754150726,Industrials,0.7227107754150726,,
2016-10-03,198546,JKHY,buy,rebalance,1.0,75.91,2016-10-03,75.91,0.265685,0.7225871860253334,Technology,0.7225871860253334,,
2016-11-01,199477,XEL,buy,rebalance,4.0,30.321,2016-11-01,121.284,0.42449400000000004,0.733484355443554,Utilities,0.733484355443554,,
2016-11-01,198642,NEE,buy,rebalance,5.0,24.563,2016-11-01,122.815,0.4298525,0.7325517347066741,Utilities,0.7325517347066741,,
2016-11-01,199185,JNJ,buy,rebalance,1.0,88.333,2016-11-01,88.333,0.3091655,0.731483943357358,Healthcare,0.731483943357358,,
2016-11-01,196561,SPG,buy,rebalance,1.0,110.209,2016-11-01,110.209,0.3857315,0.73146014855565,Real Estate,0.73146014855565,,
2016-11-01,199433,PEP,buy,rebalance,1.0,79.138,2016-11-01,79.138,0.27698300000000003,0.7276590668093244,Consumer Defensive,0.7276590668093244,,
2016-11-01,198615,MO,buy,rebalance,4.0,33.347,2016-11-01,133.388,0.46685800000000005,0.7273961216635163,Consumer Defensive,0.7273961216635163,,
2016-11-01,192715,AAT,buy,rebalance,5.0,25.597,2016-11-01,127.98500000000001,0.44794750000000005,0.7258168038037492,Real Estate,0.7258168038037492,,
2016-11-01,198260,WM,buy,rebalance,2.0,53.754,2016-11-01,107.508,0.376278,0.7227107754150726,Industrials,0.7227107754150726,,
2016-11-01,198546,JKHY,buy,rebalance,1.0,71.59,2016-11-01,71.59,0.25056500000000004,0.7225871860253334,Technology,0.7225871860253334,,
2016-12-01,194909,ITC,sell,delisted,13.0,45.5,2016-10-13,591.5,2.07025,,,,295.7705865,293.65916350000003
2016-12-01,199477,XEL,buy,rebalance,7.0,28.6,2016-12-01,200.20000000000002,0.7007000000000001,0.733484355443554,Utilities,0.733484355443554,,
2016-12-01,198642,NEE,buy,rebalance,9.0,22.207,2016-12-01,199.863,0.6995205,0.7325517347066741,Utilities,0.7325517347066741,,
2016-12-01,199185,JNJ,buy,rebalance,2.0,85.892,2016-12-01,171.784,0.601244,0.7314839433573581,Healthcare,0.7314839433573581,,
2016-12-01,196561,SPG,buy,rebalance,1.0,107.287,2016-12-01,107.287,0.3755045,0.7314601485556498,Real Estate,0.7314601485556498,,
2016-12-01,199433,PEP,buy,rebalance,2.0,73.995,2016-12-01,147.99,0.517965,0.7276590668093244,Consumer Defensive,0.7276590668093244,,
2016-12-01,198615,MO,buy,rebalance,6.0,32.028,2016-12-01,192.168,0.6725880000000001,0.7273961216635163,Consumer Defensive,0.7273961216635163,,
2016-12-01,192715,AAT,buy,rebalance,7.0,26.069,2016-12-01,182.483,0.6386905,0.7258168038037491,Real Estate,0.7258168038037491,,
2016-12-01,198260,WM,buy,rebalance,3.0,58.586,2016-12-01,175.75799999999998,0.615153,0.7227107754150726,Industrials,0.7227107754150726,,
2016-12-01,198546,JKHY,buy,rebalance,2.0,75.42,2016-12-01,150.84,0.5279400000000001,0.7225871860253336,Technology,0.7225871860253336,,
2017-01-03,199433,PEP,buy,rebalance,1.0,78.194,2017-01-03,78.194,0.273679,0.7333975298518305,Consumer Defensive,0.7333975298518305,,
2017-01-03,197304,DTE,buy,rebalance,2.0,60.729,2017-01-03,121.458,0.425103,0.733009832319637,Utilities,0.733009832319637,,
2017-01-03,196598,RSG,buy,rebalance,3.0,48.97,2017-01-03,146.91,0.514185,0.7324847016357191,Industrials,0.7324847016357191,,
2017-01-03,199603,WR1,buy,rebalance,2.0,53.713,2017-01-03,107.426,0.375991,0.7305621595923695,Utilities,0.7305621595923695,,
2017-01-03,198004,PSB,buy,rebalance,1.0,96.334,2017-01-03,96.334,0.337169,0.7239253019117956,Real Estate,0.7239253019117956,,
2017-01-03,199411,PG,buy,rebalance,2.0,64.59,2017-01-03,129.18,0.45213000000000003,0.7229525488624273,Consumer Defensive,0.7229525488624273,,
2017-01-03,199185,JNJ,buy,rebalance,1.0,89.331,2017-01-03,89.331,0.3126585,0.7208796234448962,Healthcare,0.7208796234448962,,
2017-01-03,198999,HD,buy,rebalance,1.0,106.543,2017-01-03,106.543,0.3729005,0.7180999037178448,Consumer Cyclical,0.7180999037178448,,
2017-01-03,198546,JKHY,buy,rebalance,1.0,79.263,2017-01-03,79.263,0.2774205,0.7175301066269073,Technology,0.7175301066269073,,
2017-02-01,199751,EDE,sell,delisted,49.0,34.09,2016-12-30,1670.41,5.8464350000000005,,,,636.9415200000001,1027.622045
2017-02-01,199433,PEP,buy,rebalance,4.0,76.969,2017-02-01,307.876,1.077566,0.7333975298518305,Consumer Defensive,0.7333975298518305,,
2017-02-01,197304,DTE,buy,rebalance,5.0,60.556,2017-02-01,302.78,1.0597299999999998,0.733009832319637,Utilities,0.733009832319637,,
2017-02-01,196598,RSG,buy,rebalance,6.0,48.996,2017-02-01,293.976,1.028916,0.7324847016357191,Industrials,0.7324847016357191,,
2017-02-01,197300,LMT,buy,rebalance,1.0,195.105,2017-02-01,195.105,0.6828675,0.7306393657252575,Industrials,0.7306393657252575,,
2017-02-01,199603,WR1,buy,rebalance,6.0,52.289,2017-02-01,313.73400000000004,1.0980690000000002,0.7305621595923695,Utilities,0.7305621595923695,,
2017-02-01,198004,PSB,buy,rebalance,3.0,92.83,2017-02-01,278.49,0.974715,0.7239253019117956,Real Estate,0.7239253019117956,,
2017-02-01,199411,PG,buy,rebalance,4.0,67.519,2017-02-01,270.076,0.945266,0.7229525488624273,Consumer Defensive,0.7229525488624273,,
2017-02-01,199185,JNJ,buy,rebalance,3.0,87.319,2017-02-01,261.957,0.9168495,0.7208796234448962,Healthcare,0.7208796234448962,,
2017-02-01,198999,HD,buy,rebalance,2.0,109.026,2017-02-01,218.052,0.763182,0.7180999037178448,Consumer Cyclical,0.7180999037178448,,
2017-02-01,198546,JKHY,buy,rebalance,4.0,79.432,2017-02-01,317.728,1.1120480000000001,0.7175301066269073,Technology,0.7175301066269073,,
2017-03-01,199433,PEP,buy,rebalance,1.0,82.552,2017-03-01,82.552,0.288932,0.7333975298518305,Consumer Defensive,0.7333975298518305,,
2017-03-01,197304,DTE,buy,rebalance,2.0,62.405,2017-03-01,124.81,0.43683500000000003,0.733009832319637,Utilities,0.733009832319637,,
2017-03-01,196598,RSG,buy,rebalance,2.0,53.56,2017-03-01,107.12,0.37492000000000003,0.7324847016357192,Industrials,0.7324847016357192,,
2017-03-01,199603,WR1,buy,rebalance,2.0,52.145,2017-03-01,104.29,0.36501500000000003,0.7305621595923695,Utilities,0.7305621595923695,,
2017-03-01,198004,PSB,buy,rebalance,1.0,98.174,2017-03-01,98.174,0.34360900000000005,0.7239253019117957,Real Estate,0.7239253019117957,,
2017-03-01,199411,PG,buy,rebalance,2.0,70.867,2017-03-01,141.734,0.49606900000000004,0.7229525488624273,Consumer Defensive,0.7229525488624273,,
2017-03-01,199185,JNJ,buy,rebalance,1.0,96.139,2017-03-01,96.139,0.33648649999999997,0.7208796234448961,Healthcare,0.7208796234448961,,
2017-03-01,198999,HD,buy,rebalance,1.0,116.355,2017-03-01,116.355,0.4072425,0.7180999037178448,Consumer Cyclical,0.7180999037178448,,
2017-03-01,198546,JKHY,buy,rebalance,1.0,85.287,2017-03-01,85.287,0.2985045,0.7175301066269073,Technology,0.7175301066269073,,
2017-04-03,194340,SE1,sell,delisted,18.0,40.68,2017-02-24,732.24,2.56284,,,,647.0136494999999,82.66351050000003
2017-04-03,196598,RSG,buy,rebalance,4.0,54.075,2017-04-03,216.3,0.75705,0.7372479750577952,Industrials,0.7372479750577952,,
2017-04-03,199603,WR1,buy,rebalance,4.0,52.692,2017-04-03,210.768,0.737688,0.7342227715938614,Utilities,0.7342227715938614,,
2017-04-03,199928,ADP,buy,rebalance,2.0,82.714,2017-04-03,165.428,0.578998,0.730870640785944,Industrials,0.730870640785944,,
2017-04-03,199433,PEP,buy,rebalance,2.0,84.154,2017-04-03,168.308,0.589078,0.7293670834648878,Consumer Defensive,0.7293670834648878,,
2017-04-03,198615,MO,buy,rebalance,5.0,37.101,2017-04-03,185.505,0.6492675,0.7291701538999851,Consumer Defensive,0.7291701538999851,,
2017-04-03,197304,DTE,buy,rebalance,3.0,63.38,2017-04-03,190.14000000000001,0.66549,0.7283461522451844,Utilities,0.7283461522451844,,
2017-04-03,199552,MCD,buy,rebalance,2.0,104.196,2017-04-03,208.392,0.729372,0.7282417313321295,Consumer Cyclical,0.7282417313321295,,
2017-04-03,198738,T,buy,rebalance,12.0,18.168,2017-04-03,218.016,0.763056,0.7274385706750417,Communication Services,0.7274385706750417,,
2017-04-03,199185,JNJ,buy,rebalance,2.0,96.783,2017-04-03,193.566,0.677481,0.7272146595142102,Healthcare,0.7272146595142102,,
2017-04-03,195656,CMCSA,buy,rebalance,7.0,27.493,2017-04-03,192.451,0.6735785,0.7267098329869444,Communication Services,0.7267098329869444,,
2017-05-01,196598,RSG,buy,rebalance,2.0,54.785,2017-05-01,109.57,0.383495,0.7372479750577952,Industrials,0.7372479750577952,,
2017-05-01,199603,WR1,buy,rebalance,2.0,50.295,2017-05-01,100.59,0.352065,0.7342227715938614,Utilities,0.7342227715938614,,
2017-05-01,199928,ADP,buy,rebalance,1.0,84.919,2017-05-01,84.919,0.2972165,0.730870640785944,Industrials,0.730870640785944,,
2017-05-01,199433,PEP,buy,rebalance,1.0,84.47,2017-05-01,84.47,0.295645,0.7293670834648878,Consumer Defensive,0.7293670834648878,,
2017-05-01,198615,MO,buy,rebalance,3.0,36.676,2017-05-01,110.028,0.38509800000000005,0.7291701538999851,Consumer Defensive,0.7291701538999851,,
2017-05-01,197304,DTE,buy,rebalance,1.0,64.801,2017-05-01,64.801,0.22680350000000002,0.7283461522451844,Utilities,0.7283461522451844,,
2017-05-01,199552,MCD,buy,rebalance,1.0,113.473,2017-05-01,113.473,0.3971555,0.7282417313321295,Consumer Cyclical,0.7282417313321295,,
2017-05-01,198738,T,buy,rebalance,7.0,17.294,2017-05-01,121.058,0.42370300000000005,0.7274385706750418,Communication Services,0.7274385706750418,,
2017-05-01,199185,JNJ,buy,rebalance,1.0,95.735,2017-05-01,95.735,0.3350725,0.7272146595142102,Healthcare,0.7272146595142102,,
2017-05-01,195656,CMCSA,buy,rebalance,4.0,28.686,2017-05-01,114.744,0.401604,0.7267098329869444,Communication Services,0.7267098329869444,,
2017-06-01,196598,RSG,buy,rebalance,2.0,55.763,2017-06-01,111.526,0.390341,0.7372479750577952,Industrials,0.7372479750577952,,
2017-06-01,199603,WR1,buy,rebalance,2.0,51.267,2017-06-01,102.534,0.35886900000000005,0.7342227715938615,Utilities,0.7342227715938615,,
2017-06-01,199928,ADP,buy,rebalance,1.0,84.413,2017-06-01,84.413,0.29544549999999997,0.7308706407859439,Industrials,0.7308706407859439,,
2017-06-01,199433,PEP,buy,rebalance,1.0,88.802,2017-06-01,88.802,0.31080700000000006,0.7293670834648877,Consumer Defensive,0.7293670834648877,,
2017-06-01,198615,MO,buy,rebalance,3.0,39.059,2017-06-01,117.17699999999999,0.41011949999999997,0.729170153899985,Consumer Defensive,0.729170153899985,,
2017-06-01,197304,DTE,buy,rebalance,1.0,68.835,2017-06-01,68.835,0.24092249999999998,0.7283461522451844,Utilities,0.7283461522451844,,
2017-06-01,198738,T,buy,rebalance,7.0,17.193,2017-06-01,120.35100000000001,0.42122850000000006,0.7274385706750417,Communication Services,0.7274385706750417,,
2017-06-01,199185,JNJ,buy,rebalance,1.0,100.616,2017-06-01,100.616,0.352156,0.72721465951421,Healthcare,0.72721465951421,,
2017-06-01,195656,CMCSA,buy,rebalance,4.0,30.494,2017-06-01,121.976,0.426916,0.7267098329869442,Communication Services,0.7267098329869442,,
2017-07-03,198610,PNW,buy,rebalance,2.0,58.619,2017-07-03,117.238,0.410333,0.734940684952228,Utilities,0.734940684952228,,
2017-07-03,199477,XEL,buy,rebalance,3.0,34.646,2017-07-03,103.938,0.363783,0.734673849405649,Utilities,0.734673849405649,,
2017-07-03,196598,RSG,buy,rebalance,2.0,55.488,2017-07-03,110.976,0.388416,0.7340163260913262,Industrials,0.7340163260913262,,
2017-07-03,198260,WM,buy,rebalance,2.0,62.788,2017-07-03,125.576,0.43951599999999996,0.7310120769457427,Industrials,0.7310120769457427,,
2017-07-03,196676,GTY,buy,rebalance,8.0,15.634,2017-07-03,125.072,0.43775200000000003,0.7288137986319272,Real Estate,0.7288137986319272,,
2017-07-03,199433,PEP,buy,rebalance,1.0,87.446,2017-07-03,87.446,0.30606099999999997,0.7270979963980069,Consumer Defensive,0.7270979963980069,,
2017-07-03,198999,HD,buy,rebalance,1.0,123.626,2017-07-03,123.626,0.43269100000000005,0.7257360530670572,Consumer Cyclical,0.7257360530670572,,
2017-07-03,199841,CLX,buy,rebalance,1.0,100.892,2017-07-03,100.892,0.353122,0.7252678538965562,Consumer Defensive,0.7252678538965562,,
2017-07-03,198439,FISV,buy,rebalance,2.0,60.655,2017-07-03,121.31,0.424585,0.7230053274389296,Technology,0.7230053274389296,,
2017-07-03,199185,JNJ,buy,rebalance,1.0,103.835,2017-07-03,103.835,0.3634225,0.7215810535842954,Healthcare,0.7215810535842954,,
2017-08-01,197597,OKS,sell,delisted,251.0,51.07,2017-06-30,12818.57,44.864995,,,,4186.306971000001,8587.398033999998
2017-08-01,198610,PNW,buy,rebalance,22.0,60.674,2017-08-01,1334.828,4.671898,0.7349406849522279,Utilities,0.7349406849522279,,
2017-08-01,199477,XEL,buy,rebalance,38.0,36.167,2017-08-01,1374.346,4.810211,0.7346738494056488,Utilities,0.7346738494056488,,
2017-08-01,196598,RSG,buy,rebalance,24.0,56.175,2017-08-01,1348.1999999999998,4.718699999999999,0.7340163260913262,Industrials,0.7340163260913262,,
2017-08-01,198260,WM,buy,rebalance,21.0,64.345,2017-08-01,1351.245,4.7293575,0.7310120769457426,Industrials,0.7310120769457426,,
2017-08-01,196676,GTY,buy,rebalance,87.0,15.829,2017-08-01,1377.123,4.8199305,0.7288137986319272,Real Estate,0.7288137986319272,,
2017-08-01,199433,PEP,buy,rebalance,15.0,87.809,2017-08-01,1317.135,4.6099725000000005,0.727097996398007,Consumer Defensive,0.727097996398007,,
2017-08-01,198999,HD,buy,rebalance,11.0,120.286,2017-08-01,1323.146,4.631011,0.7257360530670574,Consumer Cyclical,0.7257360530670574,,
2017-08-01,199841,CLX,buy,rebalance,13.0,101.043,2017-08-01,1313.5590000000002,4.597456500000001,0.7252678538965563,Consumer Defensive,0.7252678538965563,,
2017-08-01,198439,FISV,buy,rebalance,21.0,64.635,2017-08-01,1357.335,4.7506725,0.7230053274389298,Technology,0.7230053274389298,,
2017-08-01,199185,JNJ,buy,rebalance,13.0,103.53,2017-08-01,1345.89,4.710615000000001,0.7215810535842953,Healthcare,0.7215810535842953,,
2017-09-01,195259,RAI,sell,delisted,226.0,65.4,2017-07-24,14780.400000000001,51.73140000000001,,,,2309.5482254999997,12419.120374500002
2017-09-01,198610,PNW,buy,rebalance,25.0,62.575,2017-09-01,1564.375,5.4753125,0.734940684952228,Utilities,0.734940684952228,,
2017-09-01,199477,XEL,buy,rebalance,43.0,37.528,2017-09-01,1613.704,5.647964,0.734673849405649,Utilities,0.734673849405649,,
2017-09-01,196598,RSG,buy,rebalance,28.0,56.706,2017-09-01,1587.768,5.557188,0.7340163260913262,Industrials,0.7340163260913262,,
2017-09-01,198260,WM,buy,rebalance,24.0,66.03,2017-09-01,1584.72,5.54652,0.7310120769457427,Industrials,0.7310120769457427,,
2017-09-01,196676,GTY,buy,rebalance,95.0,16.839,2017-09-01,1599.705,5.5989675,0.7288137986319272,Real Estate,0.7288137986319272,,
2017-09-01,199433,PEP,buy,rebalance,18.0,88.362,2017-09-01,1590.5159999999998,5.566806,0.7270979963980069,Consumer Defensive,0.7270979963980069,,
2017-09-01,198999,HD,buy,rebalance,13.0,121.752,2017-09-01,1582.7759999999998,5.539715999999999,0.7257360530670572,Consumer Cyclical,0.7257360530670572,,
2017-09-01,199841,CLX,buy,rebalance,15.0,104.724,2017-09-01,1570.8600000000001,5.498010000000001,0.7252678538965562,Consumer Defensive,0.7252678538965562,,
2017-09-01,198439,FISV,buy,rebalance,26.0,61.5,2017-09-01,1599.0,5.5965,0.7230053274389296,Technology,0.7230053274389296,,
2017-09-01,199185,JNJ,buy,rebalance,15.0,103.027,2017-09-01,1545.405,5.4089175,0.7215810535842954,Healthcare,0.7215810535842954,,
2017-10-02,195318,NSR1,sell,delisted,9.0,33.5,2017-08-07,301.5,1.05525,,,,315.68103,-15.236280000000022
2017-10-02,196598,RSG,buy,rebalance,2.0,58.209,2017-10-02,116.418,0.407463,0.7379611759035001,Industrials,0.7379611759035001,,
2017-10-02,198610,PNW,buy,rebalance,2.0,59.392,2017-10-02,118.784,0.415744,0.7378575846426036,Utilities,0.7378575846426036,,
2017-10-02,199527,MMM,buy,rebalance,1.0,133.023,2017-10-02,133.023,0.4655805,0.7346374341503314,Industrials,0.7346374341503314,,
2017-10-02,199478,ES,buy,rebalance,3.0,44.31,2017-10-02,132.93,0.46525500000000003,0.734628112091511,Utilities,0.734628112091511,,
2017-10-02,199185,JNJ,buy,rebalance,1.0,103.176,2017-10-02,103.176,0.361116,0.7326331310466444,Healthcare,0.7326331310466444,,
2017-10-02,199433,PEP,buy,rebalance,1.0,83.236,2017-10-02,83.236,0.29132600000000003,0.7325453412495008,Consumer Defensive,0.7325453412495008,,
2017-10-02,199841,CLX,buy,rebalance,1.0,98.273,2017-10-02,98.273,0.34395549999999997,0.7276949866368875,Consumer Defensive,0.7276949866368875,,
2017-10-02,198546,JKHY,buy,rebalance,1.0,92.566,2017-10-02,92.566,0.323981,0.7256103388326118,Technology,0.7256103388326118,,
2017-10-02,199361,SCI,buy,rebalance,5.0,29.822,2017-10-02,149.10999999999999,0.5218849999999999,0.7221976802151048,Consumer Cyclical,0.7221976802151048,,
2017-10-02,198439,FISV,buy,rebalance,2.0,64.435,2017-10-02,128.87,0.45104500000000003,0.7199001317633298,Technology,0.7199001317633298,,
2017-11-01,196598,RSG,buy,rebalance,2.0,56.443,2017-11-01,112.886,0.395101,0.7379611759035,Industrials,0.7379611759035,,
2017-11-01,198610,PNW,buy,rebalance,2.0,61.386,2017-11-01,122.772,0.42970200000000003,0.7378575846426035,Utilities,0.7378575846426035,,
2017-11-01,199527,MMM,buy,rebalance,1.0,143.914,2017-11-01,143.914,0.503699,0.7346374341503313,Industrials,0.7346374341503313,,
2017-11-01,199478,ES,buy,rebalance,3.0,45.998,2017-11-01,137.994,0.482979,0.734628112091511,Utilities,0.734628112091511,,
2017-11-01,199185,JNJ,buy,rebalance,1.0,110.064,2017-11-01,110.064,0.385224,0.7326331310466445,Healthcare,0.7326331310466445,,
2017-11-01,199433,PEP,buy,rebalance,1.0,84.006,2017-11-01,84.006,0.29402100000000003,0.7325453412495007,Consumer Defensive,0.7325453412495007,,
2017-11-01,199841,CLX,buy,rebalance,1.0,97.807,2017-11-01,97.807,0.34232450000000003,0.7276949866368875,Consumer Defensive,0.7276949866368875,,
2017-11-01,198546,JKHY,buy,rebalance,1.0,98.794,2017-11-01,98.794,0.345779,0.7256103388326118,Technology,0.7256103388326118,,
2017-11-01,199361,SCI,buy,rebalance,4.0,30.332,2017-11-01,121.328,0.424648,0.7221976802151048,Consumer Cyclical,0.7221976802151048,,
2017-11-01,198439,FISV,buy,rebalance,2.0,62.76,2017-11-01,125.52,0.43932,0.7199001317633298,Technology,0.7199001317633298,,
2017-12-01,198253,LDR,sell,delisted,9.0,67.2,2017-10-18,604.8000000000001,2.1168000000000005,,,,261.937584,340.74561600000004
2017-12-01,196598,RSG,buy,rebalance,3.0,56.154,2017-12-01,168.46200000000002,0.5896170000000001,0.7379611759035001,Industrials,0.7379611759035001,,
2017-12-01,198610,PNW,buy,rebalance,2.0,63.878,2017-12-01,127.756,0.447146,0.7378575846426036,Utilities,0.7378575846426036,,
2017-12-01,199527,MMM,buy,rebalance,1.0,151.538,2017-12-01,151.538,0.530383,0.7346374341503314,Industrials,0.7346374341503314,,
2017-12-01,199478,ES,buy,rebalance,3.0,48.016,2017-12-01,144.048,0.5041680000000001,0.734628112091511,Utilities,0.734628112091511,,
2017-12-01,199185,JNJ,buy,rebalance,1.0,110.734,2017-12-01,110.734,0.387569,0.7326331310466444,Healthcare,0.7326331310466444,,
2017-12-01,199433,PEP,buy,rebalance,2.0,89.694,2017-12-01,179.388,0.627858,0.7325453412495008,Consumer Defensive,0.7325453412495008,,
2017-12-01,199841,CLX,buy,rebalance,1.0,106.684,2017-12-01,106.684,0.373394,0.7276949866368875,Consumer Defensive,0.7276949866368875,,
2017-12-01,198546,JKHY,buy,rebalance,1.0,102.917,2017-12-01,102.917,0.3602095,0.7256103388326118,Technology,0.7256103388326118,,
2017-12-01,199361,SCI,buy,rebalance,5.0,31.993,2017-12-01,159.965,0.5598775,0.7221976802151048,Consumer Cyclical,0.7221976802151048,,
2017-12-01,198439,FISV,buy,rebalance,2.0,65.205,2017-12-01,130.41,0.456435,0.7199001317633299,Technology,0.7199001317633299,,
2018-01-02,199477,XEL,buy,rebalance,4.0,36.891,2018-01-02,147.564,0.516474,0.7406442346370928,Utilities,0.7406442346370928,,
2018-01-02,196598,RSG,buy,rebalance,2.0,58.515,2018-01-02,117.03,0.409605,0.740212793900915,Industrials,0.740212793900915,,
2018-01-02,198366,CMS,buy,rebalance,4.0,35.964,2018-01-02,143.856,0.5034959999999999,0.7395074830189627,Utilities,0.7395074830189627,,
2018-01-02,198566,HON,buy,rebalance,1.0,117.816,2018-01-02,117.816,0.412356,0.7387928845454242,Industrials,0.7387928845454242,,
2018-01-02,197694,ELS,buy,rebalance,4.0,35.657,2018-01-02,142.628,0.499198,0.7317638602592756,Real Estate,0.7317638602592756,,
2018-01-02,197675,ATR,buy,rebalance,1.0,77.736,2018-01-02,77.736,0.27207600000000004,0.7313527969884608,Healthcare,0.7313527969884608,,
2018-01-02,199433,PEP,buy,rebalance,1.0,90.678,2018-01-02,90.678,0.317373,0.7302994151665593,Consumer Defensive,0.7302994151665593,,
2018-01-02,199552,MCD,buy,rebalance,1.0,141.767,2018-01-02,141.767,0.4961845,0.7274823043045517,Consumer Cyclical,0.7274823043045517,,
2018-01-02,198439,FISV,buy,rebalance,2.0,65.175,2018-01-02,130.35,0.456225,0.7252589846648322,Technology,0.7252589846648322,,
2018-01-02,198546,JKHY,buy,rebalance,1.0,104.866,2018-01-02,104.866,0.367031,0.7240729902745863,Technology,0.7240729902745863,,
2018-02-01,199477,XEL,buy,rebalance,3.0,34.576,2018-02-01,103.72800000000001,0.36304800000000004,0.7406442346370928,Utilities,0.7406442346370928,,
2018-02-01,196598,RSG,buy,rebalance,2.0,60.457,2018-02-01,120.914,0.423199,0.7402127939009151,Industrials,0.7402127939009151,,
2018-02-01,198366,CMS,buy,rebalance,3.0,33.827,2018-02-01,101.481,0.3551835,0.7395074830189627,Utilities,0.7395074830189627,,
2018-02-01,198566,HON,buy,rebalance,1.0,122.369,2018-02-01,122.369,0.4282915,0.7387928845454242,Industrials,0.7387928845454242,,
2018-02-01,197694,ELS,buy,rebalance,3.0,34.149,2018-02-01,102.447,0.3585645,0.7317638602592756,Real Estate,0.7317638602592756,,
2018-02-01,197675,ATR,buy,rebalance,1.0,77.867,2018-02-01,77.867,0.2725345,0.7313527969884608,Healthcare,0.7313527969884608,,
2018-02-01,199433,PEP,buy,rebalance,1.0,92.398,2018-02-01,92.398,0.323393,0.7302994151665594,Consumer Defensive,0.7302994151665594,,
2018-02-01,198439,FISV,buy,rebalance,1.0,70.05,2018-02-01,70.05,0.245175,0.7252589846648323,Technology,0.7252589846648323,,
2018-02-01,198546,JKHY,buy,rebalance,1.0,112.511,2018-02-01,112.511,0.3937885,0.7240729902745863,Technology,0.7240729902745863,,
2018-03-01,199477,XEL,buy,rebalance,4.0,33.311,2018-03-01,133.244,0.466354,0.7406442346370927,Utilities,0.7406442346370927,,
2018-03-01,196598,RSG,buy,rebalance,2.0,58.62,2018-03-01,117.24,0.41034,0.740212793900915,Industrials,0.740212793900915,,
2018-03-01,198366,CMS,buy,rebalance,4.0,32.713,2018-03-01,130.852,0.457982,0.7395074830189627,Utilities,0.7395074830189627,,
2018-03-01,198566,HON,buy,rebalance,1.0,113.382,2018-03-01,113.382,0.39683700000000005,0.7387928845454242,Industrials,0.7387928845454242,,
2018-03-01,197694,ELS,buy,rebalance,4.0,34.06,2018-03-01,136.24,0.47684000000000004,0.7317638602592756,Real Estate,0.7317638602592756,,
2018-03-01,197675,ATR,buy,rebalance,1.0,79.804,2018-03-01,79.804,0.279314,0.7313527969884608,Healthcare,0.7313527969884608,,
2018-03-01,199433,PEP,buy,rebalance,1.0,83.661,2018-03-01,83.661,0.2928135,0.7302994151665594,Consumer Defensive,0.7302994151665594,,
2018-03-01,199552,MCD,buy,rebalance,1.0,128.244,2018-03-01,128.244,0.44885400000000003,0.7274823043045519,Consumer Cyclical,0.7274823043045519,,
2018-03-01,198439,FISV,buy,rebalance,1.0,70.935,2018-03-01,70.935,0.2482725,0.7252589846648322,Technology,0.7252589846648322,,
2018-03-01,198546,JKHY,buy,rebalance,1.0,106.546,2018-03-01,106.546,0.37291100000000005,0.7240729902745863,Technology,0.7240729902745863,,
2018-04-02,197694,ELS,buy,rebalance,3.0,35.484,2018-04-02,106.452,0.372582,0.7365962937458255,Real Estate,0.7365962937458255,,
2018-04-02,196121,WGL,buy,rebalance,1.0,83.074,2018-04-02,83.074,0.290759,0.7340592143231873,Utilities,0.7340592143231873,,
2018-04-02,197675,ATR,buy,rebalance,1.0,78.844,2018-04-02,78.844,0.275954,0.7312721205174566,Healthcare,0.7312721205174566,,
2018-04-02,198260,WM,buy,rebalance,1.0,72.662,2018-04-02,72.662,0.254317,0.7287576570805478,Industrials,0.7287576570805478,,
2018-04-02,196598,RSG,buy,rebalance,2.0,58.166,2018-04-02,116.332,0.40716199999999997,0.7286946675481696,Industrials,0.7286946675481696,,
2018-04-02,198366,CMS,buy,rebalance,3.0,34.759,2018-04-02,104.277,0.3649695,0.7256200585789642,Utilities,0.7256200585789642,,
2018-04-02,199760,ECL,buy,rebalance,1.0,122.685,2018-04-02,122.685,0.42939750000000004,0.7227210626400131,Basic Materials,0.7227210626400131,,
2018-04-02,199433,PEP,buy,rebalance,1.0,82.833,2018-04-02,82.833,0.2899155,0.7226522833179684,Consumer Defensive,0.7226522833179684,,
2018-04-02,195616,DCT1,buy,rebalance,2.0,54.891,2018-04-02,109.782,0.384237,0.7223271567326911,Real Estate,0.7223271567326911,,
2018-04-02,199361,SCI,buy,rebalance,3.0,32.027,2018-04-02,96.081,0.3362835,0.7212675183475104,Consumer Cyclical,0.7212675183475104,,
2018-05-01,197694,ELS,buy,rebalance,3.0,36.394,2018-05-01,109.18199999999999,0.38213699999999995,0.7365962937458255,Real Estate,0.7365962937458255,,
2018-05-01,196121,WGL,buy,rebalance,1.0,85.55,2018-05-01,85.55,0.299425,0.7340592143231873,Utilities,0.7340592143231873,,
2018-05-01,197675,ATR,buy,rebalance,1.0,83.875,2018-05-01,83.875,0.2935625,0.7312721205174566,Healthcare,0.7312721205174566,,
2018-05-01,198260,WM,buy,rebalance,1.0,70.636,2018-05-01,70.636,0.247226,0.7287576570805477,Industrials,0.7287576570805477,,
2018-05-01,196598,RSG,buy,rebalance,2.0,57.167,2018-05-01,114.334,0.400169,0.7286946675481697,Industrials,0.7286946675481697,,
2018-05-01,198366,CMS,buy,rebalance,3.0,36.335,2018-05-01,109.005,0.3815175,0.7256200585789642,Utilities,0.7256200585789642,,
2018-05-01,199433,PEP,buy,rebalance,1.0,76.705,2018-05-01,76.705,0.2684675,0.7226522833179684,Consumer Defensive,0.7226522833179684,,
2018-05-01,195616,DCT1,buy,rebalance,1.0,65.891,2018-05-01,65.891,0.23061850000000003,0.7223271567326911,Real Estate,0.7223271567326911,,
2018-05-01,199361,SCI,buy,rebalance,4.0,31.67,2018-05-01,126.68,0.44338000000000005,0.7212675183475102,Consumer Cyclical,0.7212675183475102,,
2018-06-01,197694,ELS,buy,rebalance,3.0,37.307,2018-06-01,111.921,0.39172350000000006,0.7365962937458256,Real Estate,0.7365962937458256,,
2018-06-01,196121,WGL,buy,rebalance,1.0,88.45,2018-06-01,88.45,0.309575,0.7340592143231873,Utilities,0.7340592143231873,,
2018-06-01,197675,ATR,buy,rebalance,1.0,83.474,2018-06-01,83.474,0.292159,0.7312721205174566,Healthcare,0.7312721205174566,,
2018-06-01,198260,WM,buy,rebalance,1.0,72.705,2018-06-01,72.705,0.2544675,0.7287576570805478,Industrials,0.7287576570805478,,
2018-06-01,196598,RSG,buy,rebalance,2.0,60.056,2018-06-01,120.112,0.420392,0.7286946675481696,Industrials,0.7286946675481696,,
2018-06-01,198366,CMS,buy,rebalance,4.0,35.151,2018-06-01,140.604,0.49211400000000005,0.7256200585789642,Utilities,0.7256200585789642,,
2018-06-01,199760,ECL,buy,rebalance,1.0,131.504,2018-06-01,131.504,0.46026399999999995,0.7227210626400131,Basic Materials,0.7227210626400131,,
2018-06-01,199433,PEP,buy,rebalance,1.0,78.289,2018-06-01,78.289,0.2740115,0.7226522833179684,Consumer Defensive,0.7226522833179684,,
2018-06-01,195616,DCT1,buy,rebalance,2.0,65.434,2018-06-01,130.868,0.458038,0.7223271567326911,Real Estate,0.7223271567326911,,
2018-06-01,199361,SCI,buy,rebalance,4.0,31.897,2018-06-01,127.588,0.446558,0.7212675183475104,Consumer Cyclical,0.7212675183475104,,
2018-07-02,198642,NEE,buy,rebalance,3.0,34.63,2018-07-02,103.89000000000001,0.3636150000000001,0.7363856619364698,Utilities,0.7363856619364698,,
2018-07-02,199526,ALE,buy,rebalance,2.0,58.289,2018-07-02,116.578,0.408023,0.7341855517840548,Utilities,0.7341855517840548,,
2018-07-02,197694,ELS,buy,rebalance,3.0,37.348,2018-07-02,112.044,0.392154,0.7323475485746419,Real Estate,0.7323475485746419,,
2018-07-02,196956,WPC,buy,rebalance,3.0,40.59,2018-07-02,121.77000000000001,0.42619500000000005,0.7218713962760107,Real Estate,0.7218713962760107,,
2018-07-02,197675,ATR,buy,rebalance,1.0,84.212,2018-07-02,84.212,0.294742,0.7178808419395614,Healthcare,0.7178808419395614,,
2018-07-02,193478,BFAM,buy,rebalance,1.0,103.54,2018-07-02,103.54,0.36239000000000005,0.7172115531022542,Consumer Cyclical,0.7172115531022542,,
2018-07-02,195845,COL,buy,rebalance,1.0,134.523,2018-07-02,134.523,0.4708305,0.7136757125321416,Industrials,0.7136757125321416,,
2018-07-02,199552,MCD,buy,rebalance,1.0,130.027,2018-07-02,130.027,0.45509449999999996,0.712852542870942,Consumer Cyclical,0.712852542870942,,
2018-07-02,199223,WDFC,buy,rebalance,1.0,129.744,2018-07-02,129.744,0.454104,0.7127692140678428,Basic Materials,0.7127692140678428,,
2018-07-02,196637,WCN,buy,rebalance,1.0,70.923,2018-07-02,70.923,0.24823050000000002,0.7109390430022258,Industrials,0.7109390430022258,,
2018-08-01,199603,WR1,sell,delisted,39.0,54.0,2018-06-04,2106.0,7.371,,,,1287.5015385000002,811.1274614999998
2018-08-01,198642,NEE,buy,rebalance,9.0,34.403,2018-08-01,309.627,1.0836945,0.7363856619364698,Utilities,0.7363856619364698,,
2018-08-01,199526,ALE,buy,rebalance,5.0,57.218,2018-08-01,286.09000000000003,1.0013150000000002,0.7341855517840548,Utilities,0.7341855517840548,,
2018-08-01,197694,ELS,buy,rebalance,8.0,37.237,2018-08-01,297.896,1.0426360000000001,0.7323475485746419,Real Estate,0.7323475485746419,,
2018-08-01,196956,WPC,buy,rebalance,8.0,40.627,2018-08-01,325.016,1.137556,0.7218713962760107,Real Estate,0.7218713962760107,,
2018-08-01,197675,ATR,buy,rebalance,3.0,92.472,2018-08-01,277.416,0.970956,0.7178808419395614,Healthcare,0.7178808419395614,,
2018-08-01,193478,BFAM,buy,rebalance,3.0,107.69,2018-08-01,323.07,1.130745,0.7172115531022542,Consumer Cyclical,0.7172115531022542,,
2018-08-01,195845,COL,buy,rebalance,2.0,137.449,2018-08-01,274.898,0.9621430000000001,0.7136757125321416,Industrials,0.7136757125321416,,
2018-08-01,199552,MCD,buy,rebalance,2.0,130.069,2018-08-01,260.138,0.9104829999999999,0.712852542870942,Consumer Cyclical,0.712852542870942,,
2018-08-01,199223,WDFC,buy,rebalance,2.0,141.812,2018-08-01,283.624,0.9926840000000001,0.7127692140678427,Basic Materials,0.7127692140678427,,
2018-08-01,196637,WCN,buy,rebalance,4.0,73.482,2018-08-01,293.928,1.028748,0.7109390430022259,Industrials,0.7109390430022259,,
2018-09-04,196121,WGL,sell,delisted,3.0,88.74,2018-07-06,266.21999999999997,0.9317699999999999,,,,257.973759,7.314471000000026
2018-09-04,198642,NEE,buy,rebalance,4.0,35.066,2018-09-04,140.264,0.490924,0.7363856619364698,Utilities,0.7363856619364698,,
2018-09-04,199526,ALE,buy,rebalance,2.0,56.896,2018-09-04,113.792,0.398272,0.7341855517840548,Utilities,0.7341855517840548,,
2018-09-04,197694,ELS,buy,rebalance,4.0,39.341,2018-09-04,157.364,0.550774,0.7323475485746419,Real Estate,0.7323475485746419,,
2018-09-04,196956,WPC,buy,rebalance,4.0,40.745,2018-09-04,162.98,0.57043,0.7218713962760107,Real Estate,0.7218713962760107,,
2018-09-04,197675,ATR,buy,rebalance,1.0,96.038,2018-09-04,96.038,0.336133,0.7178808419395614,Healthcare,0.7178808419395614,,
2018-09-04,193478,BFAM,buy,rebalance,1.0,119.43,2018-09-04,119.43,0.418005,0.7172115531022542,Consumer Cyclical,0.7172115531022542,,
2018-09-04,195845,COL,buy,rebalance,1.0,135.714,2018-09-04,135.714,0.474999,0.7136757125321418,Industrials,0.7136757125321418,,
2018-09-04,199552,MCD,buy,rebalance,1.0,134.882,2018-09-04,134.882,0.47208700000000003,0.7128525428709421,Consumer Cyclical,0.7128525428709421,,
2018-09-04,199223,WDFC,buy,rebalance,1.0,156.453,2018-09-04,156.453,0.5475855000000001,0.7127692140678429,Basic Materials,0.7127692140678429,,
2018-09-04,196637,WCN,buy,rebalance,2.0,75.243,2018-09-04,150.486,0.526701,0.7109390430022258,Industrials,0.7109390430022258,,
2018-10-01,195616,DCT1,sell,delisted,5.0,66.28,2018-08-21,331.4,1.1599,,,,307.6138935,22.626206499999967
2018-10-01,198366,CMS,buy,rebalance,4.0,38.299,2018-10-01,153.196,0.536186,0.7333101874818431,Utilities,0.7333101874818431,,
2018-10-01,196627,IDA,buy,rebalance,2.0,77.615,2018-10-01,155.23,0.5433049999999999,0.7322665074489891,Utilities,0.7322665074489891,,
2018-10-01,196956,WPC,buy,rebalance,4.0,39.999,2018-10-01,159.996,0.5599860000000001,0.7275113050672902,Real Estate,0.7275113050672902,,
2018-10-01,197694,ELS,buy,rebalance,4.0,39.404,2018-10-01,157.616,0.551656,0.7263215424933919,Real Estate,0.7263215424933919,,
2018-10-01,199433,PEP,buy,rebalance,1.0,87.165,2018-10-01,87.165,0.3050775,0.7140020835008415,Consumer Defensive,0.7140020835008415,,
2018-10-01,198260,WM,buy,rebalance,2.0,79.227,2018-10-01,158.454,0.554589,0.7112589861462583,Industrials,0.7112589861462583,,
2018-10-01,199839,KO,buy,rebalance,4.0,36.496,2018-10-01,145.984,0.5109440000000001,0.7112111929382082,Consumer Defensive,0.7112111929382082,,
2018-10-01,198546,JKHY,buy,rebalance,1.0,144.771,2018-10-01,144.771,0.5066984999999999,0.7088501952915057,Technology,0.7088501952915057,,
2018-10-01,195845,COL,buy,rebalance,1.0,140.921,2018-10-01,140.921,0.4932235,0.7082546529976428,Industrials,0.7082546529976428,,
2018-10-01,199196,TJX,buy,rebalance,3.0,50.407,2018-10-01,151.221,0.5292735000000001,0.7072480082265873,Consumer Cyclical,0.7072480082265873,,
2018-11-01,198366,CMS,buy,rebalance,3.0,38.391,2018-11-01,115.173,0.4031055,0.7333101874818431,Utilities,0.7333101874818431,,
2018-11-01,196627,IDA,buy,rebalance,1.0,76.033,2018-11-01,76.033,0.2661155,0.7322665074489891,Utilities,0.7322665074489891,,
2018-11-01,196956,WPC,buy,rebalance,2.0,40.772,2018-11-01,81.544,0.285404,0.7275113050672901,Real Estate,0.7275113050672901,,
2018-11-01,197694,ELS,buy,rebalance,2.0,39.063,2018-11-01,78.126,0.27344100000000005,0.7263215424933919,Real Estate,0.7263215424933919,,
2018-11-01,199433,PEP,buy,rebalance,1.0,87.794,2018-11-01,87.794,0.30727899999999997,0.7140020835008415,Consumer Defensive,0.7140020835008415,,
2018-11-01,198260,WM,buy,rebalance,1.0,77.4,2018-11-01,77.4,0.27090000000000003,0.7112589861462583,Industrials,0.7112589861462583,,
2018-11-01,199839,KO,buy,rebalance,3.0,37.688,2018-11-01,113.06400000000001,0.395724,0.7112111929382082,Consumer Defensive,0.7112111929382082,,
2018-11-01,199196,TJX,buy,rebalance,2.0,49.469,2018-11-01,98.938,0.346283,0.7072480082265873,Consumer Cyclical,0.7072480082265873,,
2018-12-03,197821,PX1,sell,delisted,6.0,164.5,2018-10-30,987.0,3.4545,,,,541.747503,441.7979969999999
2018-12-03,198366,CMS,buy,rebalance,5.0,41.345,2018-12-03,206.725,0.7235375,0.7333101874818432,Utilities,0.7333101874818432,,
2018-12-03,196627,IDA,buy,rebalance,3.0,79.508,2018-12-03,238.524,0.8348340000000001,0.7322665074489891,Utilities,0.7322665074489891,,
2018-12-03,196956,WPC,buy,rebalance,5.0,43.178,2018-12-03,215.89,0.7556149999999999,0.7275113050672902,Real Estate,0.7275113050672902,,
2018-12-03,197694,ELS,buy,rebalance,5.0,41.434,2018-12-03,207.17,0.7250949999999999,0.7263215424933918,Real Estate,0.7263215424933918,,
2018-12-03,199433,PEP,buy,rebalance,2.0,93.676,2018-12-03,187.352,0.655732,0.7140020835008415,Consumer Defensive,0.7140020835008415,,
2018-12-03,198260,WM,buy,rebalance,2.0,82.194,2018-12-03,164.388,0.575358,0.7112589861462584,Industrials,0.7112589861462584,,
2018-12-03,199839,KO,buy,rebalance,6.0,39.539,2018-12-03,237.234,0.830319,0.7112111929382082,Consumer Defensive,0.7112111929382082,,
2018-12-03,198546,JKHY,buy,rebalance,1.0,128.963,2018-12-03,128.963,0.4513705,0.7088501952915057,Technology,0.7088501952915057,,
2018-12-03,199196,TJX,buy,rebalance,5.0,43.629,2018-12-03,218.14499999999998,0.7635075,0.7072480082265873,Consumer Cyclical,0.7072480082265873,,
2018-12-03,196598,RSG,buy,rebalance,3.0,69.034,2018-12-03,207.10200000000003,0.7248570000000001,0.707056818098746,Industrials,0.707056818098746,,
2019-01-02,195845,COL,sell,delisted,8.0,141.04,2018-11-26,1128.32,3.9491199999999997,,,,936.0166320000001,188.35424799999987
2019-01-02,198366,CMS,buy,rebalance,6.0,38.154,2019-01-02,228.92400000000004,0.8012340000000001,0.7441416283789812,Utilities,0.7441416283789812,,
2019-01-02,196214,VVC,buy,rebalance,3.0,71.92,2019-01-02,215.76,0.7551599999999999,0.7406005282019705,Utilities,0.7406005282019705,,
2019-01-02,196598,RSG,buy,rebalance,3.0,64.171,2019-01-02,192.51300000000003,0.6737955000000001,0.7362685227439565,Industrials,0.7362685227439565,,
2019-01-02,197515,AVB,buy,rebalance,1.0,130.679,2019-01-02,130.679,0.4573765,0.7324096357362487,Real Estate,0.7324096357362487,,
2019-01-02,197913,NHI,buy,rebalance,5.0,47.735,2019-01-02,238.675,0.8353625,0.7305314463328975,Real Estate,0.7305314463328975,,
2019-01-02,198260,WM,buy,rebalance,3.0,78.344,2019-01-02,235.03199999999998,0.822612,0.7288377512969819,Industrials,0.7288377512969819,,
2019-01-02,199433,PEP,buy,rebalance,2.0,86.722,2019-01-02,173.444,0.607054,0.7272671237065591,Consumer Defensive,0.7272671237065591,,
2019-01-02,199361,SCI,buy,rebalance,7.0,35.449,2019-01-02,248.14299999999997,0.8685004999999999,0.7227951757310975,Consumer Cyclical,0.7227951757310975,,
2019-01-02,199760,ECL,buy,rebalance,1.0,133.848,2019-01-02,133.848,0.46846800000000005,0.7215156058847426,Basic Materials,0.7215156058847426,,
2019-01-02,199552,MCD,buy,rebalance,1.0,147.746,2019-01-02,147.746,0.5171110000000001,0.7203337298053168,Consumer Cyclical,0.7203337298053168,,
2019-02-01,198638,SCG,sell,delisted,66.0,47.78,2018-12-31,3153.48,11.037180000000001,,,,1725.2623574999998,1417.1804625000004
2019-02-01,197878,EEP,sell,delisted,52.0,10.43,2018-12-19,542.36,1.89826,,,,316.947447,223.51429299999995
2019-02-01,124686,SEP,sell,delisted,31.0,35.4,2018-12-14,1097.3999999999999,3.8408999999999995,,,,672.148314,421.4107859999999
2019-02-01,198366,CMS,buy,rebalance,15.0,41.195,2019-02-01,617.925,2.1627375,0.7441416283789812,Utilities,0.7441416283789812,,
2019-02-01,196214,VVC,buy,rebalance,8.0,72.38,2019-02-01,579.04,2.02664,0.7406005282019705,Utilities,0.7406005282019705,,
2019-02-01,196598,RSG,buy,rebalance,9.0,69.034,2019-02-01,621.306,2.1745710000000003,0.7362685227439565,Industrials,0.7362685227439565,,
2019-02-01,197515,AVB,buy,rebalance,4.0,146.898,2019-02-01,587.592,2.056572,0.7324096357362487,Real Estate,0.7324096357362487,,
2019-02-01,197913,NHI,buy,rebalance,12.0,52.679,2019-02-01,632.148,2.212518,0.7305314463328975,Real Estate,0.7305314463328975,,
2019-02-01,198260,WM,buy,rebalance,7.0,84.305,2019-02-01,590.135,2.0654725,0.7288377512969819,Industrials,0.7288377512969819,,
2019-02-01,199433,PEP,buy,rebalance,7.0,89.031,2019-02-01,623.2170000000001,2.1812595000000004,0.7272671237065591,Consumer Defensive,0.7272671237065591,,
2019-02-01,199361,SCI,buy,rebalance,16.0,38.224,2019-02-01,611.584,2.140544,0.7227951757310976,Consumer Cyclical,0.7227951757310976,,
2019-02-01,199760,ECL,buy,rebalance,4.0,146.815,2019-02-01,587.26,2.05541,0.7215156058847426,Basic Materials,0.7215156058847426,,
2019-02-01,199552,MCD,buy,rebalance,4.0,148.3,2019-02-01,593.2,2.0762,0.7203337298053168,Consumer Cyclical,0.7203337298053168,,
2019-03-01,198366,CMS,buy,rebalance,2.0,43.041,2019-03-01,86.082,0.30128699999999997,0.7441416283789812,Utilities,0.7441416283789812,,
2019-03-01,197165,AEE,buy,rebalance,2.0,57.386,2019-03-01,114.772,0.401702,0.7397745826296966,Utilities,0.7397745826296966,,
2019-03-01,196598,RSG,buy,rebalance,1.0,70.442,2019-03-01,70.442,0.246547,0.7362685227439564,Industrials,0.7362685227439564,,
2019-03-01,197913,NHI,buy,rebalance,2.0,50.333,2019-03-01,100.666,0.352331,0.7305314463328975,Real Estate,0.7305314463328975,,
2019-03-01,198260,WM,buy,rebalance,1.0,89.188,2019-03-01,89.188,0.312158,0.728837751296982,Industrials,0.728837751296982,,
2019-03-01,199433,PEP,buy,rebalance,1.0,92.937,2019-03-01,92.937,0.3252795,0.7272671237065591,Consumer Defensive,0.7272671237065591,,
2019-03-01,199361,SCI,buy,rebalance,3.0,36.722,2019-03-01,110.166,0.385581,0.7227951757310975,Consumer Cyclical,0.7227951757310975,,
2019-04-01,194892,TLP,sell,delisted,15.0,40.99,2019-02-26,614.85,2.151975,,,,318.9373875,293.76063750000003
2019-04-01,196214,VVC,sell,delisted,11.0,72.38,2019-01-31,796.18,2.7866299999999997,,,,797.5817999999999,-4.188429999999926
2019-04-01,196598,RSG,buy,rebalance,4.0,72.096,2019-04-01,288.384,1.009344,0.7401930225665595,Industrials,0.7401930225665595,,
2019-04-01,198260,WM,buy,rebalance,3.0,92.327,2019-04-01,276.981,0.9694335,0.737324012995518,Industrials,0.737324012995518,,
2019-04-01,194830,DUK,buy,rebalance,4.0,66.418,2019-04-01,265.672,0.9298520000000001,0.7372546550284113,Utilities,0.7372546550284113,,
2019-04-01,197304,DTE,buy,rebalance,3.0,82.251,2019-04-01,246.75300000000001,0.8636355000000001,0.7369189851751248,Utilities,0.7369189851751248,,
2019-04-01,197515,AVB,buy,rebalance,1.0,156.164,2019-04-01,156.164,0.546574,0.736085341325641,Real Estate,0.736085341325641,,
2019-04-01,191468,GLPI,buy,rebalance,12.0,24.722,2019-04-01,296.664,1.038324,0.7350829940969723,Real Estate,0.7350829940969723,,
2019-04-01,199433,PEP,buy,rebalance,3.0,97.592,2019-04-01,292.776,1.024716,0.7290090833911584,Consumer Defensive,0.7290090833911584,,
2019-04-01,199760,ECL,buy,rebalance,1.0,165.452,2019-04-01,165.452,0.579082,0.7282329367091014,Basic Materials,0.7282329367091014,,
2019-04-01,199343,SON,buy,rebalance,6.0,47.58,2019-04-01,285.48,0.9991800000000001,0.7256543760068942,Consumer Cyclical,0.7256543760068942,,
2019-04-01,197675,ATR,buy,rebalance,3.0,97.904,2019-04-01,293.712,1.027992,0.725069365460836,Healthcare,0.725069365460836,,
2019-05-01,196598,RSG,buy,rebalance,1.0,73.925,2019-05-01,73.925,0.2587375,0.7401930225665595,Industrials,0.7401930225665595,,
2019-05-01,198260,WM,buy,rebalance,1.0,94.129,2019-05-01,94.129,0.3294515,0.737324012995518,Industrials,0.737324012995518,,
2019-05-01,194830,DUK,buy,rebalance,2.0,67.259,2019-05-01,134.518,0.47081300000000004,0.7372546550284111,Utilities,0.7372546550284111,,
2019-05-01,197304,DTE,buy,rebalance,1.0,82.39,2019-05-01,82.39,0.288365,0.7369189851751247,Utilities,0.7369189851751247,,
2019-05-01,191468,GLPI,buy,rebalance,5.0,25.66,2019-05-01,128.3,0.44905000000000006,0.7350829940969722,Real Estate,0.7350829940969722,,
2019-05-01,199433,PEP,buy,rebalance,1.0,101.784,2019-05-01,101.784,0.356244,0.7290090833911584,Consumer Defensive,0.7290090833911584,,
2019-05-01,199343,SON,buy,rebalance,3.0,48.056,2019-05-01,144.168,0.504588,0.7256543760068942,Consumer Cyclical,0.7256543760068942,,
2019-05-01,197675,ATR,buy,rebalance,1.0,102.871,2019-05-01,102.871,0.3600485,0.725069365460836,Healthcare,0.725069365460836,,
2019-06-03,196598,RSG,buy,rebalance,2.0,77.035,2019-06-03,154.07,0.539245,0.7401930225665596,Industrials,0.7401930225665596,,
2019-06-03,198260,WM,buy,rebalance,1.0,98.851,2019-06-03,98.851,0.3459785,0.737324012995518,Industrials,0.737324012995518,,
2019-06-03,194830,DUK,buy,rebalance,2.0,64.681,2019-06-03,129.362,0.452767,0.7372546550284113,Utilities,0.7372546550284113,,
2019-06-03,197304,DTE,buy,rebalance,1.0,84.27,2019-06-03,84.27,0.294945,0.7369189851751247,Utilities,0.7369189851751247,,
2019-06-03,191468,GLPI,buy,rebalance,6.0,25.054,2019-06-03,150.32399999999998,0.526134,0.7350829940969722,Real Estate,0.7350829940969722,,
2019-06-03,199433,PEP,buy,rebalance,1.0,103.176,2019-06-03,103.176,0.361116,0.7290090833911584,Consumer Defensive,0.7290090833911584,,
2019-06-03,199343,SON,buy,rebalance,3.0,48.092,2019-06-03,144.276,0.504966,0.7256543760068942,Consumer Cyclical,0.7256543760068942,,
2019-06-03,197675,ATR,buy,rebalance,1.0,103.984,2019-06-03,103.984,0.363944,0.725069365460836,Healthcare,0.725069365460836,,
2019-07-01,197304,DTE,buy,rebalance,1.0,85.849,2019-07-01,85.849,0.3004715,0.742904166668903,Utilities,0.742904166668903,,
2019-07-01,198610,PNW,buy,rebalance,2.0,69.358,2019-07-01,138.716,0.48550600000000005,0.7407449761782807,Utilities,0.7407449761782807,,
2019-07-01,196598,RSG,buy,rebalance,2.0,78.409,2019-07-01,156.818,0.5488630000000001,0.7404499938720971,Industrials,0.7404499938720971,,
2019-07-01,197515,AVB,buy,rebalance,1.0,158.621,2019-07-01,158.621,0.5551735000000001,0.7379704448664088,Real Estate,0.7379704448664088,,
2019-07-01,191468,GLPI,buy,rebalance,6.0,25.295,2019-07-01,151.77,0.5311950000000001,0.737675092570744,Real Estate,0.737675092570744,,
2019-07-01,198260,WM,buy,rebalance,1.0,102.792,2019-07-01,102.792,0.35977200000000004,0.7367576159965747,Industrials,0.7367576159965747,,
2019-07-01,199343,SON,buy,rebalance,3.0,50.785,2019-07-01,152.355,0.5332425,0.7345103033831475,Consumer Cyclical,0.7345103033831475,,
2019-07-01,197675,ATR,buy,rebalance,1.0,113.322,2019-07-01,113.322,0.396627,0.7259947835677574,Healthcare,0.7259947835677574,,
2019-08-01,196648,LLL1,sell,delisted,7.0,245.17,2019-06-28,1716.1899999999998,6.006665,,,,459.6421365,1250.5411984999996
2019-08-01,199908,BMS,sell,delisted,8.0,57.25,2019-06-10,458.0,1.603,,,,325.32165449999997,131.07534550000003
2019-08-01,197304,DTE,buy,rebalance,4.0,86.364,2019-08-01,345.456,1.2090960000000002,0.742904166668903,Utilities,0.742904166668903,,
2019-08-01,198610,PNW,buy,rebalance,5.0,68.467,2019-08-01,342.335,1.1981724999999999,0.7407449761782807,Utilities,0.7407449761782807,,
2019-08-01,196598,RSG,buy,rebalance,4.0,79.876,2019-08-01,319.504,1.1182640000000001,0.7404499938720971,Industrials,0.7404499938720971,,
2019-08-01,197515,AVB,buy,rebalance,2.0,159.272,2019-08-01,318.544,1.114904,0.7379704448664088,Real Estate,0.7379704448664088,,
2019-08-01,191468,GLPI,buy,rebalance,15.0,24.296,2019-08-01,364.44,1.2755400000000001,0.7376750925707439,Real Estate,0.7376750925707439,,
2019-08-01,198260,WM,buy,rebalance,3.0,103.648,2019-08-01,310.94399999999996,1.088304,0.7367576159965747,Industrials,0.7367576159965747,,
2019-08-01,199760,ECL,buy,rebalance,1.0,186.515,2019-08-01,186.515,0.6528025,0.7345584227111981,Basic Materials,0.7345584227111981,,
2019-08-01,199343,SON,buy,rebalance,8.0,45.554,2019-08-01,364.432,1.275512,0.7345103033831475,Consumer Cyclical,0.7345103033831475,,
2019-08-01,197675,ATR,buy,rebalance,3.0,107.514,2019-08-01,322.542,1.128897,0.7259947835677574,Healthcare,0.7259947835677574,,
2019-08-01,199552,MCD,buy,rebalance,2.0,179.439,2019-08-01,358.878,1.256073,0.7256059673538721,Consumer Cyclical,0.7256059673538721,,
2019-09-03,197304,DTE,buy,rebalance,1.0,88.258,2019-09-03,88.258,0.308903,0.742904166668903,Utilities,0.742904166668903,,
2019-09-03,198610,PNW,buy,rebalance,2.0,71.154,2019-09-03,142.308,0.49807799999999997,0.7407449761782807,Utilities,0.7407449761782807,,
2019-09-03,196598,RSG,buy,rebalance,1.0,81.17,2019-09-03,81.17,0.284095,0.7404499938720972,Industrials,0.7404499938720972,,
2019-09-03,191468,GLPI,buy,rebalance,5.0,25.529,2019-09-03,127.645,0.4467575,0.7376750925707439,Real Estate,0.7376750925707439,,
2019-09-03,198260,WM,buy,rebalance,1.0,106.572,2019-09-03,106.572,0.373002,0.7367576159965747,Industrials,0.7367576159965747,,
2019-09-03,199343,SON,buy,rebalance,3.0,43.724,2019-09-03,131.172,0.459102,0.7345103033831475,Consumer Cyclical,0.7345103033831475,,
2019-09-03,197675,ATR,buy,rebalance,1.0,109.426,2019-09-03,109.426,0.382991,0.7259947835677574,Healthcare,0.7259947835677574,,
2019-10-01,197333,APU,sell,delisted,88.0,31.22,2019-08-21,2747.3599999999997,9.61576,,,,982.7385885,1755.0056514999997
2019-10-01,197304,DTE,buy,rebalance,4.0,89.791,2019-10-01,359.164,1.257074,0.742508212281247,Utilities,0.742508212281247,,
2019-10-01,196598,RSG,buy,rebalance,5.0,78.349,2019-10-01,391.745,1.3711075000000001,0.7417275132427273,Industrials,0.7417275132427273,,
2019-10-01,197165,AEE,buy,rebalance,6.0,65.701,2019-10-01,394.20599999999996,1.379721,0.7413655685036663,Utilities,0.7413655685036663,,
2019-10-01,199552,MCD,buy,rebalance,2.0,178.49,2019-10-01,356.98,1.24943,0.7354121145955976,Consumer Cyclical,0.7354121145955976,,
2019-10-01,198260,WM,buy,rebalance,4.0,102.858,2019-10-01,411.432,1.440012,0.7350580170874047,Industrials,0.7350580170874047,,
2019-10-01,191468,GLPI,buy,rebalance,17.0,24.974,2019-10-01,424.558,1.485953,0.7347305736487849,Real Estate,0.7347305736487849,,
2019-10-01,197913,NHI,buy,rebalance,8.0,54.911,2019-10-01,439.288,1.537508,0.7334508863558582,Real Estate,0.7334508863558582,,
2019-10-01,197675,ATR,buy,rebalance,4.0,107.615,2019-10-01,430.46,1.50661,0.7243364078350404,Healthcare,0.7243364078350404,,
2019-10-01,170416,MDT,buy,rebalance,4.0,89.102,2019-10-01,356.408,1.247428,0.7230572357470378,Healthcare,0.7230572357470378,,
2019-10-01,199433,PEP,buy,rebalance,3.0,111.46,2019-10-01,334.38,1.17033,0.7225174807546182,Consumer Defensive,0.7225174807546182,,
2019-11-01,197304,DTE,buy,rebalance,1.0,85.618,2019-11-01,85.618,0.299663,0.742508212281247,Utilities,0.742508212281247,,
2019-11-01,196598,RSG,buy,rebalance,1.0,78.831,2019-11-01,78.831,0.2759085,0.7417275132427272,Industrials,0.7417275132427272,,
2019-11-01,197165,AEE,buy,rebalance,2.0,63.804,2019-11-01,127.608,0.446628,0.7413655685036663,Utilities,0.7413655685036663,,
2019-11-01,198260,WM,buy,rebalance,1.0,99.599,2019-11-01,99.599,0.34859650000000003,0.7350580170874046,Industrials,0.7350580170874046,,
2019-11-01,191468,GLPI,buy,rebalance,5.0,27.199,2019-11-01,135.995,0.47598250000000003,0.7347305736487849,Real Estate,0.7347305736487849,,
2019-11-01,197913,NHI,buy,rebalance,2.0,57.224,2019-11-01,114.448,0.400568,0.7334508863558582,Real Estate,0.7334508863558582,,
2019-11-01,197675,ATR,buy,rebalance,1.0,101.631,2019-11-01,101.631,0.3557085,0.7243364078350404,Healthcare,0.7243364078350404,,
2019-11-01,170416,MDT,buy,rebalance,1.0,89.391,2019-11-01,89.391,0.31286850000000005,0.7230572357470378,Healthcare,0.7230572357470378,,
2019-11-01,199433,PEP,buy,rebalance,1.0,111.103,2019-11-01,111.103,0.3888605,0.7225174807546182,Consumer Defensive,0.7225174807546182,,
2019-12-02,197304,DTE,buy,rebalance,1.0,83.177,2019-12-02,83.177,0.29111950000000003,0.742508212281247,Utilities,0.742508212281247,,
2019-12-02,196598,RSG,buy,rebalance,1.0,79.749,2019-12-02,79.749,0.27912149999999997,0.7417275132427272,Industrials,0.7417275132427272,,
2019-12-02,197165,AEE,buy,rebalance,2.0,60.769,2019-12-02,121.538,0.425383,0.7413655685036663,Utilities,0.7413655685036663,,
2019-12-02,198260,WM,buy,rebalance,1.0,99.975,2019-12-02,99.975,0.34991249999999996,0.7350580170874047,Industrials,0.7350580170874047,,
2019-12-02,191468,GLPI,buy,rebalance,5.0,27.371,2019-12-02,136.855,0.4789925,0.734730573648785,Real Estate,0.734730573648785,,
2019-12-02,197913,NHI,buy,rebalance,2.0,53.865,2019-12-02,107.73,0.37705500000000003,0.7334508863558583,Real Estate,0.7334508863558583,,
2019-12-02,197675,ATR,buy,rebalance,1.0,102.75,2019-12-02,102.75,0.35962500000000003,0.7243364078350404,Healthcare,0.7243364078350404,,
2019-12-02,170416,MDT,buy,rebalance,1.0,91.317,2019-12-02,91.317,0.3196095,0.7230572357470378,Healthcare,0.7230572357470378,,
2019-12-02,199433,PEP,buy,rebalance,1.0,110.251,2019-12-02,110.251,0.3858785,0.7225174807546182,Consumer Defensive,0.7225174807546182,,
2020-01-02,199972,AEP,buy,rebalance,2.0,73.712,2020-01-02,147.424,0.515984,0.741152272014834,Utilities,0.741152272014834,,
2020-01-02,198536,WEC,buy,rebalance,2.0,72.848,2020-01-02,145.696,0.5099360000000001,0.7406308375560112,Utilities,0.7406308375560112,,
2020-01-02,196676,GTY,buy,rebalance,7.0,22.037,2020-01-02,154.259,0.5399065,0.734535832687658,Real Estate,0.734535832687658,,
2020-01-02,197443,FR,buy,rebalance,4.0,34.646,2020-01-02,138.584,0.48504400000000003,0.7333179120570251,Real Estate,0.7333179120570251,,
2020-01-02,196598,RSG,buy,rebalance,1.0,82.065,2020-01-02,82.065,0.2872275,0.73232789305143,Industrials,0.73232789305143,,
2020-01-02,199652,HSY,buy,rebalance,1.0,122.336,2020-01-02,122.336,0.428176,0.732092756739459,Consumer Defensive,0.732092756739459,,
2020-01-02,198260,WM,buy,rebalance,1.0,102.746,2020-01-02,102.746,0.359611,0.7290355611696403,Industrials,0.7290355611696403,,
2020-01-02,196115,MDLZ,buy,rebalance,3.0,46.053,2020-01-02,138.159,0.4835565,0.726108763623896,Consumer Defensive,0.726108763623896,,
2020-02-03,199972,AEP,buy,rebalance,1.0,82.198,2020-02-03,82.198,0.287693,0.741152272014834,Utilities,0.741152272014834,,
2020-02-03,198536,WEC,buy,rebalance,1.0,81.059,2020-02-03,81.059,0.2837065,0.7406308375560112,Utilities,0.7406308375560112,,
2020-02-03,196676,GTY,buy,rebalance,7.0,21.812,2020-02-03,152.684,0.534394,0.7345358326876579,Real Estate,0.7345358326876579,,
2020-02-03,197443,FR,buy,rebalance,4.0,35.999,2020-02-03,143.996,0.503986,0.7333179120570251,Real Estate,0.7333179120570251,,
2020-02-03,196598,RSG,buy,rebalance,1.0,87.555,2020-02-03,87.555,0.3064425,0.7323278930514301,Industrials,0.7323278930514301,,
2020-02-03,199652,HSY,buy,rebalance,1.0,131.42,2020-02-03,131.42,0.45997,0.7320927567394592,Consumer Defensive,0.7320927567394592,,
2020-02-03,198260,WM,buy,rebalance,1.0,110.366,2020-02-03,110.366,0.386281,0.7290355611696403,Industrials,0.7290355611696403,,
2020-02-03,196115,MDLZ,buy,rebalance,3.0,48.783,2020-02-03,146.349,0.5122215,0.726108763623896,Consumer Defensive,0.726108763623896,,
2020-03-02,199972,AEP,buy,rebalance,2.0,75.515,2020-03-02,151.03,0.528605,0.741152272014834,Utilities,0.741152272014834,,
2020-03-02,198536,WEC,buy,rebalance,2.0,78.979,2020-03-02,157.958,0.552853,0.7406308375560112,Utilities,0.7406308375560112,,
2020-03-02,196676,GTY,buy,rebalance,8.0,19.766,2020-03-02,158.128,0.5534479999999999,0.7345358326876578,Real Estate,0.7345358326876578,,
2020-03-02,197443,FR,buy,rebalance,4.0,33.722,2020-03-02,134.888,0.472108,0.733317912057025,Real Estate,0.733317912057025,,
2020-03-02,196598,RSG,buy,rebalance,1.0,85.947,2020-03-02,85.947,0.30081450000000004,0.7323278930514301,Industrials,0.7323278930514301,,
2020-03-02,199652,HSY,buy,rebalance,1.0,130.099,2020-03-02,130.099,0.4553465,0.732092756739459,Consumer Defensive,0.732092756739459,,
2020-03-02,198260,WM,buy,rebalance,1.0,105.274,2020-03-02,105.274,0.36845900000000004,0.7290355611696403,Industrials,0.7290355611696403,,
2020-03-02,196115,MDLZ,buy,rebalance,3.0,47.13,2020-03-02,141.39000000000001,0.49486500000000005,0.7261087636238961,Consumer Defensive,0.7261087636238961,,
2020-04-01,197456,LPT,sell,delisted,35.0,61.95,2020-02-03,2168.25,7.588875,,,,858.3898859999999,1302.2712390000002
2020-04-01,198366,CMS,buy,rebalance,8.0,45.464,2020-04-01,363.712,1.272992,0.7402906735567888,Utilities,0.7402906735567888,,
2020-04-01,197165,AEE,buy,rebalance,6.0,56.57,2020-04-01,339.42,1.18797,0.74005731542632,Utilities,0.74005731542632,,
2020-04-01,196598,RSG,buy,rebalance,5.0,66.783,2020-04-01,333.915,1.1687025000000002,0.7371608589032266,Industrials,0.7371608589032266,,
2020-04-01,197443,FR,buy,rebalance,14.0,25.837,2020-04-01,361.718,1.266013,0.7369257514632519,Real Estate,0.7369257514632519,,
2020-04-01,197515,AVB,buy,rebalance,3.0,110.927,2020-04-01,332.781,1.1647335,0.73679654946301,Real Estate,0.73679654946301,,
2020-04-01,198260,WM,buy,rebalance,4.0,79.915,2020-04-01,319.66,1.11881,0.7302071901791102,Industrials,0.7302071901791102,,
2020-04-01,199652,HSY,buy,rebalance,3.0,112.423,2020-04-01,337.269,1.1804415000000001,0.7276091480961222,Consumer Defensive,0.7276091480961222,,
2020-04-01,199552,MCD,buy,rebalance,2.0,136.81,2020-04-01,273.62,0.95767,0.726392740407315,Consumer Cyclical,0.726392740407315,,
2020-04-01,197675,ATR,buy,rebalance,4.0,88.53,2020-04-01,354.12,1.23942,0.723880368015512,Healthcare,0.723880368015512,,
2020-04-01,170416,MDT,buy,rebalance,5.0,69.992,2020-04-01,349.96000000000004,1.22486,0.7231434064470926,Healthcare,0.7231434064470926,,
2020-05-01,198366,CMS,buy,rebalance,2.0,45.659,2020-05-01,91.318,0.319613,0.7402906735567888,Utilities,0.7402906735567888,,
2020-05-01,197165,AEE,buy,rebalance,2.0,59.677,2020-05-01,119.354,0.417739,0.74005731542632,Utilities,0.74005731542632,,
2020-05-01,196598,RSG,buy,rebalance,1.0,70.843,2020-05-01,70.843,0.24795050000000002,0.7371608589032266,Industrials,0.7371608589032266,,
2020-05-01,197443,FR,buy,rebalance,4.0,30.696,2020-05-01,122.784,0.429744,0.7369257514632519,Real Estate,0.7369257514632519,,
2020-05-01,197515,AVB,buy,rebalance,1.0,127.339,2020-05-01,127.339,0.4456865,0.73679654946301,Real Estate,0.73679654946301,,
2020-05-01,198260,WM,buy,rebalance,1.0,88.754,2020-05-01,88.754,0.310639,0.7302071901791102,Industrials,0.7302071901791102,,
2020-05-01,199652,HSY,buy,rebalance,1.0,113.175,2020-05-01,113.175,0.3961125,0.7276091480961222,Consumer Defensive,0.7276091480961222,,
2020-05-01,197675,ATR,buy,rebalance,1.0,97.984,2020-05-01,97.984,0.34294399999999997,0.723880368015512,Healthcare,0.723880368015512,,
2020-05-01,170416,MDT,buy,rebalance,1.0,79.171,2020-05-01,79.171,0.2770985,0.7231434064470926,Healthcare,0.7231434064470926,,
2020-06-01,198366,CMS,buy,rebalance,2.0,48.518,2020-06-01,97.036,0.33962600000000004,0.7402906735567888,Utilities,0.7402906735567888,,
2020-06-01,197165,AEE,buy,rebalance,2.0,62.116,2020-06-01,124.232,0.43481200000000003,0.74005731542632,Utilities,0.74005731542632,,
2020-06-01,196598,RSG,buy,rebalance,1.0,78.117,2020-06-01,78.117,0.2734095,0.7371608589032266,Industrials,0.7371608589032266,,
2020-06-01,197443,FR,buy,rebalance,4.0,32.262,2020-06-01,129.048,0.451668,0.736925751463252,Real Estate,0.736925751463252,,
2020-06-01,197515,AVB,buy,rebalance,1.0,128.93,2020-06-01,128.93,0.451255,0.7367965494630101,Real Estate,0.7367965494630101,,
2020-06-01,198260,WM,buy,rebalance,1.0,95.803,2020-06-01,95.803,0.3353105,0.7302071901791101,Industrials,0.7302071901791101,,
2020-06-01,199652,HSY,buy,rebalance,1.0,117.2,2020-06-01,117.2,0.4102,0.7276091480961222,Consumer Defensive,0.7276091480961222,,
2020-06-01,197675,ATR,buy,rebalance,1.0,102.858,2020-06-01,102.858,0.360003,0.723880368015512,Healthcare,0.723880368015512,,
2020-06-01,170416,MDT,buy,rebalance,1.0,80.81,2020-06-01,80.81,0.282835,0.7231434064470926,Healthcare,0.7231434064470926,,
2020-07-01,199756,EE1,buy,rebalance,2.0,67.25,2020-07-01,134.5,0.47075,0.7420591462043977,Utilities,0.7420591462043977,,
2020-07-01,199645,HRL,buy,rebalance,3.0,39.009,2020-07-01,117.027,0.40959450000000003,0.7382983320727324,Consumer Defensive,0.7382983320727324,,
2020-07-01,196598,RSG,buy,rebalance,1.0,75.125,2020-07-01,75.125,0.2629375,0.7368631260729359,Industrials,0.7368631260729359,,
2020-07-01,198739,VZ,buy,rebalance,3.0,37.7,2020-07-01,113.10000000000001,0.39585000000000004,0.7348530239851145,Communication Services,0.7348530239851145,,
2020-07-01,198681,EXPD,buy,rebalance,2.0,71.167,2020-07-01,142.334,0.49816900000000003,0.7347463659651333,Industrials,0.7347463659651333,,
2020-07-01,198366,CMS,buy,rebalance,3.0,49.299,2020-07-01,147.897,0.5176395,0.734327956840544,Utilities,0.734327956840544,,
2020-07-01,197128,CSGS,buy,rebalance,4.0,36.718,2020-07-01,146.872,0.5140520000000001,0.73280619837297,Technology,0.73280619837297,,
2020-07-01,192908,COR2,buy,rebalance,1.0,118.519,2020-07-01,118.519,0.41481650000000003,0.7314647508809407,Real Estate,0.7314647508809407,,
2020-07-01,195133,EXR,buy,rebalance,1.0,77.087,2020-07-01,77.087,0.2698045,0.7293658896555403,Real Estate,0.7293658896555403,,
2020-08-03,199645,HRL,buy,rebalance,3.0,41.973,2020-08-03,125.919,0.4407165,0.7382983320727323,Consumer Defensive,0.7382983320727323,,
2020-08-03,196598,RSG,buy,rebalance,1.0,80.7,2020-08-03,80.7,0.28245000000000003,0.7368631260729359,Industrials,0.7368631260729359,,
2020-08-03,198739,VZ,buy,rebalance,3.0,39.922,2020-08-03,119.76599999999999,0.41918099999999997,0.7348530239851145,Communication Services,0.7348530239851145,,
2020-08-03,198681,EXPD,buy,rebalance,1.0,80.172,2020-08-03,80.172,0.280602,0.7347463659651333,Industrials,0.7347463659651333,,
2020-08-03,198366,CMS,buy,rebalance,2.0,51.773,2020-08-03,103.546,0.36241100000000004,0.734327956840544,Utilities,0.734327956840544,,
2020-08-03,199972,AEP,buy,rebalance,2.0,68.721,2020-08-03,137.442,0.48104700000000006,0.733631473779318,Utilities,0.733631473779318,,
2020-08-03,197128,CSGS,buy,rebalance,3.0,37.705,2020-08-03,113.115,0.3959025,0.73280619837297,Technology,0.73280619837297,,
2020-08-03,192908,COR2,buy,rebalance,1.0,120.976,2020-08-03,120.976,0.423416,0.7314647508809405,Real Estate,0.7314647508809405,,
2020-08-03,195133,EXR,buy,rebalance,1.0,81.031,2020-08-03,81.031,0.28360850000000004,0.7293658896555403,Real Estate,0.7293658896555403,,
2020-09-01,199756,EE1,sell,delisted,2.0,68.41,2020-07-28,136.82,0.47886999999999996,,,,134.97075,1.370379999999983
2020-09-01,199645,HRL,buy,rebalance,3.0,41.883,2020-09-01,125.649,0.43977150000000004,0.7382983320727323,Consumer Defensive,0.7382983320727323,,
2020-09-01,196598,RSG,buy,rebalance,1.0,86.108,2020-09-01,86.108,0.30137800000000003,0.7368631260729359,Industrials,0.7368631260729359,,
2020-09-01,198739,VZ,buy,rebalance,3.0,41.261,2020-09-01,123.78300000000002,0.4332405000000001,0.7348530239851145,Communication Services,0.7348530239851145,,
2020-09-01,198681,EXPD,buy,rebalance,1.0,83.768,2020-09-01,83.768,0.293188,0.7347463659651333,Industrials,0.7347463659651333,,
2020-09-01,198366,CMS,buy,rebalance,3.0,49.839,2020-09-01,149.517,0.5233095,0.734327956840544,Utilities,0.734327956840544,,
2020-09-01,199972,AEP,buy,rebalance,2.0,62.855,2020-09-01,125.71,0.439985,0.733631473779318,Utilities,0.733631473779318,,
2020-09-01,197128,CSGS,buy,rebalance,4.0,37.405,2020-09-01,149.62,0.5236700000000001,0.73280619837297,Technology,0.73280619837297,,
2020-09-01,192908,COR2,buy,rebalance,1.0,115.068,2020-09-01,115.068,0.402738,0.7314647508809405,Real Estate,0.7314647508809405,,
2020-09-01,195133,EXR,buy,rebalance,1.0,84.95,2020-09-01,84.95,0.297325,0.7293658896555403,Real Estate,0.7293658896555403,,
2020-10-01,199685,GIS,buy,rebalance,3.0,49.796,2020-10-01,149.388,0.522858,0.7386352305415493,Consumer Defensive,0.7386352305415493,,
2020-10-01,198366,CMS,buy,rebalance,3.0,51.048,2020-10-01,153.144,0.536004,0.7369053809888126,Utilities,0.7369053809888126,,
2020-10-01,192908,COR2,buy,rebalance,1.0,114.335,2020-10-01,114.335,0.4001725,0.735893605215233,Real Estate,0.735893605215233,,
2020-10-01,198260,WM,buy,rebalance,1.0,103.037,2020-10-01,103.037,0.36062950000000005,0.735519893585661,Industrials,0.735519893585661,,
2020-10-01,196598,RSG,buy,rebalance,1.0,86.204,2020-10-01,86.204,0.301714,0.7345407814455747,Industrials,0.7345407814455747,,
2020-10-01,198739,VZ,buy,rebalance,3.0,41.464,2020-10-01,124.392,0.435372,0.7340758200106957,Communication Services,0.7340758200106957,,
2020-10-01,195988,GRMN,buy,rebalance,1.0,83.807,2020-10-01,83.807,0.2933245,0.7337591933794512,Technology,0.7337591933794512,,
2020-10-01,198112,SLGN,buy,rebalance,4.0,33.578,2020-10-01,134.312,0.47009200000000007,0.7325383890990682,Consumer Cyclical,0.7325383890990682,,
2020-10-01,199428,PFE,buy,rebalance,6.0,25.402,2020-10-01,152.412,0.5334420000000001,0.7300190518266985,Healthcare,0.7300190518266985,,
2020-11-02,199685,GIS,buy,rebalance,2.0,47.931,2020-11-02,95.862,0.335517,0.7386352305415493,Consumer Defensive,0.7386352305415493,,
2020-11-02,198366,CMS,buy,rebalance,2.0,53.257,2020-11-02,106.514,0.372799,0.7369053809888126,Utilities,0.7369053809888126,,
2020-11-02,192908,COR2,buy,rebalance,1.0,115.711,2020-11-02,115.711,0.40498850000000003,0.735893605215233,Real Estate,0.735893605215233,,
2020-11-02,198260,WM,buy,rebalance,1.0,101.011,2020-11-02,101.011,0.3535385,0.735519893585661,Industrials,0.735519893585661,,
2020-11-02,196598,RSG,buy,rebalance,1.0,83.32,2020-11-02,83.32,0.29162,0.7345407814455747,Industrials,0.7345407814455747,,
2020-11-02,198739,VZ,buy,rebalance,3.0,40.67,2020-11-02,122.01,0.42703500000000005,0.7340758200106957,Communication Services,0.7340758200106957,,
2020-11-02,195988,GRMN,buy,rebalance,1.0,97.27,2020-11-02,97.27,0.340445,0.7337591933794512,Technology,0.7337591933794512,,
2020-11-02,198112,SLGN,buy,rebalance,4.0,31.795,2020-11-02,127.18,0.44513,0.7325383890990681,Consumer Cyclical,0.7325383890990681,,
2020-11-02,199428,PFE,buy,rebalance,5.0,25.304,2020-11-02,126.52,0.44282,0.7300190518266985,Healthcare,0.7300190518266985,,
2020-12-01,199685,GIS,buy,rebalance,2.0,49.199,2020-12-01,98.398,0.344393,0.7386352305415494,Consumer Defensive,0.7386352305415494,,
2020-12-01,198366,CMS,buy,rebalance,2.0,51.229,2020-12-01,102.458,0.358603,0.7369053809888126,Utilities,0.7369053809888126,,
2020-12-01,192908,COR2,buy,rebalance,1.0,119.463,2020-12-01,119.463,0.4181205,0.735893605215233,Real Estate,0.735893605215233,,
2020-12-01,198260,WM,buy,rebalance,1.0,109.198,2020-12-01,109.198,0.382193,0.7355198935856612,Industrials,0.7355198935856612,,
2020-12-01,196598,RSG,buy,rebalance,1.0,90.08,2020-12-01,90.08,0.31528,0.7345407814455747,Industrials,0.7345407814455747,,
2020-12-01,198739,VZ,buy,rebalance,3.0,42.7,2020-12-01,128.10000000000002,0.4483500000000001,0.7340758200106958,Communication Services,0.7340758200106958,,
2020-12-01,195988,GRMN,buy,rebalance,1.0,106.042,2020-12-01,106.042,0.371147,0.7337591933794512,Technology,0.7337591933794512,,
2020-12-01,198112,SLGN,buy,rebalance,4.0,31.578,2020-12-01,126.312,0.442092,0.7325383890990681,Consumer Cyclical,0.7325383890990681,,
2020-12-01,199428,PFE,buy,rebalance,4.0,29.333,2020-12-01,117.332,0.41066199999999997,0.7300190518266984,Healthcare,0.7300190518266984,,
2021-05-03,124603,TCP,sell,delisted,151.0,30.21,2021-03-02,4561.71,15.965985,,,,2291.73309,2254.010925
2021-06-01,199845,FTRCQ,sell,delisted,9.0,0.059,2021-04-30,0.5309999999999999,0.0018584999999999997,,,,680.5054620000001,-679.9763205
2021-08-02,199728,CLGX,sell,delisted,45.0,80.0,2021-06-03,3600.0,12.6,,,,886.5460889999999,2700.853911
2021-10-01,198233,WRI,sell,delisted,46.0,31.44,2021-08-03,1446.24,5.06184,,,,845.6745375,595.5036224999999
2022-01-03,199544,MDP,sell,delisted,9.0,59.07,2021-12-01,531.63,1.860705,,,,270.52353,259.24576499999995
2022-02-01,192908,COR2,sell,delisted,6.0,169.41,2021-12-27,1016.46,3.5576100000000004,,,,706.5362519999999,306.3661380000002
2022-04-01,199518,MNR2,sell,delisted,306.0,20.98,2022-02-24,6419.88,22.46958,,,,1032.972795,5364.4376250000005
2022-09-01,198004,PSB,sell,delisted,17.0,187.44,2022-07-19,3186.48,11.15268,,,,1245.3605595,1929.9667605
2023-09-01,197266,LSI,sell,delisted,56.0,133.1,2023-07-19,7453.599999999999,26.0876,,,,634.1367375,6793.3756625
2023-10-02,196927,UBA,sell,delisted,171.0,21.14,2023-08-17,3614.94,12.65229,,,,2481.0905295,1121.1971805000003
2023-11-01,195934,MMP,sell,delisted,413.0,69.0,2023-09-22,28497.0,99.7395,,,,3442.217742000001,24955.042758
