date,asset,ticker,side,reason,shares,price,price_date,gross,cost,combined_score,group,score_forest_nonloser_dd30_3y,score_factor_roc_greenblatt_3y,cost_basis,profit
2005-01-03,124603,TCP,buy,rebalance,8.0,11.685,2005-01-03,93.48,0.32718,-47.5,Energy,0.6802168186094425,0.9994879672299027,,
2005-01-03,198253,LDR,buy,rebalance,3.0,28.041,2005-01-03,84.123,0.29443050000000004,-61.0,Technology,0.6807166884075293,0.9900153609831029,,
2005-01-03,199551,SPGI,buy,rebalance,3.0,29.57,2005-01-03,88.71000000000001,0.310485,-69.0,Financial Services,0.6744447335967754,0.989247311827957,,
2005-01-03,199544,MDP,buy,rebalance,3.0,31.914,2005-01-03,95.742,0.33509700000000003,-73.0,Consumer Cyclical,0.661357602950181,0.9948796722990272,,
2005-01-03,199421,PBI,buy,rebalance,6.0,16.035,2005-01-03,96.21000000000001,0.33673500000000006,-83.5,Industrials,0.6603715313969956,0.9897593445980543,,
2005-01-03,199841,CLX,buy,rebalance,3.0,30.892,2005-01-03,92.676,0.324366,-93.5,Consumer Defensive,0.6745958674545931,0.974910394265233,,
2005-01-03,199670,GNI,buy,rebalance,4.0,23.547,2005-01-03,94.188,0.329658,-97.5,Basic Materials,0.6566866655201636,0.985663082437276,,
2005-01-03,199209,WLY,buy,rebalance,4.0,21.109,2005-01-03,84.436,0.295526,-102.5,Consumer Cyclical,0.6633216262654086,0.9759344598054276,,
2005-01-03,199877,CPB,buy,rebalance,6.0,15.067,2005-01-03,90.402,0.316407,-107.5,Consumer Defensive,0.6552058954040839,0.9825908858166923,,
2005-02-01,124603,TCP,buy,rebalance,9.0,12.065,2005-02-01,108.585,0.3800475,-47.5,Energy,0.6802168186094425,0.9994879672299027,,
2005-02-01,198253,LDR,buy,rebalance,4.0,29.059,2005-02-01,116.236,0.406826,-61.0,Technology,0.6807166884075293,0.9900153609831029,,
2005-02-01,199551,SPGI,buy,rebalance,3.0,30.253,2005-02-01,90.759,0.3176565,-69.0,Financial Services,0.6744447335967754,0.989247311827957,,
2005-02-01,199544,MDP,buy,rebalance,4.0,28.041,2005-02-01,112.164,0.39257400000000003,-73.0,Consumer Cyclical,0.661357602950181,0.9948796722990272,,
2005-02-01,199421,PBI,buy,rebalance,7.0,15.839,2005-02-01,110.873,0.3880555,-83.5,Industrials,0.6603715313969954,0.9897593445980543,,
2005-02-01,199841,CLX,buy,rebalance,3.0,31.223,2005-02-01,93.669,0.3278415,-93.5,Consumer Defensive,0.6745958674545931,0.974910394265233,,
2005-02-01,199670,GNI,buy,rebalance,4.0,23.747,2005-02-01,94.988,0.33245800000000003,-97.0,Basic Materials,0.6566866655201637,0.985663082437276,,
2005-02-01,199209,WLY,buy,rebalance,5.0,20.87,2005-02-01,104.35000000000001,0.365225,-102.5,Consumer Cyclical,0.6633216262654086,0.9759344598054276,,
2005-02-01,199877,CPB,buy,rebalance,7.0,14.87,2005-02-01,104.08999999999999,0.36431499999999994,-107.0,Consumer Defensive,0.6552058954040839,0.9825908858166923,,
2005-03-01,124603,TCP,buy,rebalance,9.0,12.548,2005-03-01,112.932,0.395262,-47.5,Energy,0.6802168186094425,0.9994879672299027,,
2005-03-01,198253,LDR,buy,rebalance,4.0,29.908,2005-03-01,119.632,0.41871200000000003,-61.0,Technology,0.6807166884075293,0.9900153609831029,,
2005-03-01,199551,SPGI,buy,rebalance,4.0,30.431,2005-03-01,121.724,0.426034,-69.0,Financial Services,0.6744447335967754,0.989247311827957,,
2005-03-01,199544,MDP,buy,rebalance,4.0,27.472,2005-03-01,109.888,0.384608,-73.0,Consumer Cyclical,0.661357602950181,0.9948796722990272,,
2005-03-01,199421,PBI,buy,rebalance,7.0,16.427,2005-03-01,114.989,0.4024615,-83.5,Industrials,0.6603715313969954,0.9897593445980543,,
2005-03-01,199841,CLX,buy,rebalance,3.0,32.154,2005-03-01,96.46200000000002,0.33761700000000006,-93.0,Consumer Defensive,0.6745958674545931,0.974910394265233,,
2005-03-01,199670,GNI,buy,rebalance,4.0,26.832,2005-03-01,107.328,0.37564800000000004,-97.0,Basic Materials,0.6566866655201636,0.985663082437276,,
2005-03-01,199209,WLY,buy,rebalance,5.0,21.237,2005-03-01,106.18499999999999,0.37164749999999996,-102.0,Consumer Cyclical,0.6633216262654086,0.9759344598054276,,
2005-03-01,199877,CPB,buy,rebalance,8.0,14.307,2005-03-01,114.456,0.400596,-106.5,Consumer Defensive,0.6552058954040839,0.9825908858166923,,
2005-04-01,124603,TCP,buy,rebalance,10.0,11.344,2005-04-01,113.44,0.39704,-46.0,Energy,0.670948819724632,0.9987090111025045,,
2005-04-01,199841,CLX,buy,rebalance,3.0,33.436,2005-04-01,100.30799999999999,0.351078,-46.0,Consumer Defensive,0.6832490314994341,0.9925122643945262,,
2005-04-01,199551,SPGI,buy,rebalance,4.0,28.351,2005-04-01,113.404,0.396914,-57.5,Financial Services,0.678093719076999,0.9868319132455461,,
2005-04-01,198253,LDR,buy,rebalance,4.0,29.992,2005-04-01,119.968,0.41988800000000004,-71.5,Technology,0.6715990190122473,0.9816679576555641,,
2005-04-01,120784,SVM1,buy,rebalance,9.0,12.628,2005-04-01,113.652,0.397782,-83.5,Healthcare,0.6571307555302834,0.983733539891557,,
2005-04-01,199209,WLY,buy,rebalance,5.0,22.03,2005-04-01,110.15,0.385525,-84.0,Consumer Cyclical,0.672659378108807,0.9723728375935967,,
2005-04-01,199421,PBI,buy,rebalance,7.0,15.888,2005-04-01,111.216,0.389256,-85.0,Industrials,0.6537306277033594,0.9845081332300543,,
2005-04-01,199877,CPB,buy,rebalance,8.0,14.439,2005-04-01,115.512,0.404292,-103.5,Consumer Defensive,0.6508825754201994,0.9767621998450813,,
2005-05-02,124603,TCP,buy,rebalance,13.0,10.091,2005-05-02,131.183,0.4591405,-46.0,Energy,0.6709488197246322,0.9987090111025045,,
2005-05-02,199841,CLX,buy,rebalance,3.0,33.854,2005-05-02,101.562,0.355467,-46.0,Consumer Defensive,0.6832490314994341,0.9925122643945262,,
2005-05-02,199551,SPGI,buy,rebalance,4.0,29.014,2005-05-02,116.056,0.406196,-57.5,Financial Services,0.678093719076999,0.9868319132455461,,
2005-05-02,198253,LDR,buy,rebalance,4.0,28.712,2005-05-02,114.848,0.401968,-71.5,Technology,0.6715990190122474,0.9816679576555641,,
2005-05-02,120784,SVM1,buy,rebalance,10.0,12.116,2005-05-02,121.16,0.42406,-83.5,Healthcare,0.6571307555302834,0.983733539891557,,
2005-05-02,199209,WLY,buy,rebalance,6.0,21.895,2005-05-02,131.37,0.459795,-84.0,Consumer Cyclical,0.672659378108807,0.9723728375935967,,
2005-05-02,199421,PBI,buy,rebalance,8.0,15.913,2005-05-02,127.304,0.445564,-85.0,Industrials,0.6537306277033594,0.9845081332300543,,
2005-05-02,199877,CPB,buy,rebalance,8.0,15.137,2005-05-02,121.096,0.42383600000000005,-103.5,Consumer Defensive,0.6508825754201994,0.9767621998450813,,
2005-06-01,124603,TCP,buy,rebalance,12.0,10.867,2005-06-01,130.404,0.456414,-46.0,Energy,0.6709488197246322,0.9987090111025045,,
2005-06-01,199841,CLX,buy,rebalance,4.0,31.306,2005-06-01,125.224,0.438284,-46.0,Consumer Defensive,0.6832490314994341,0.9925122643945262,,
2005-06-01,199551,SPGI,buy,rebalance,4.0,28.878,2005-06-01,115.512,0.404292,-57.5,Financial Services,0.6780937190769988,0.9868319132455461,,
2005-06-01,198253,LDR,buy,rebalance,4.0,31.316,2005-06-01,125.264,0.438424,-71.0,Technology,0.6715990190122474,0.9816679576555641,,
2005-06-01,120784,SVM1,buy,rebalance,11.0,12.051,2005-06-01,132.561,0.46396350000000003,-83.5,Healthcare,0.6571307555302836,0.983733539891557,,
2005-06-01,199209,WLY,buy,rebalance,5.0,23.219,2005-06-01,116.095,0.4063325,-83.5,Consumer Cyclical,0.672659378108807,0.9723728375935967,,
2005-06-01,199421,PBI,buy,rebalance,8.0,15.949,2005-06-01,127.592,0.446572,-85.0,Industrials,0.6537306277033594,0.9845081332300543,,
2005-06-01,199877,CPB,buy,rebalance,8.0,15.958,2005-06-01,127.664,0.446824,-103.0,Consumer Defensive,0.6508825754201994,0.9767621998450813,,
2005-07-01,124603,TCP,sell,criteria:rank:below_top_share,61.0,11.039,2005-07-01,673.379,2.3568265,,,,,692.439084,-21.41691049999997
2005-07-01,199841,CLX,buy,rebalance,6.0,29.778,2005-07-01,178.668,0.6253380000000001,-56.5,Consumer Defensive,0.6778653413697674,0.9941948510853105,,
2005-07-01,120784,SVM1,buy,rebalance,15.0,12.656,2005-07-01,189.84,0.66444,-62.0,Healthcare,0.6692242338433545,0.993942453306411,,
2005-07-01,199551,SPGI,buy,rebalance,6.0,29.235,2005-07-01,175.41,0.613935,-64.5,Financial Services,0.6708238308456873,0.9909136799596163,,
2005-07-01,199544,MDP,buy,rebalance,7.0,28.81,2005-07-01,201.67,0.705845,-83.0,Consumer Cyclical,0.6505133485444962,0.9969712266532055,,
2005-07-01,199411,PG,buy,rebalance,6.0,29.215,2005-07-01,175.29,0.613515,-100.5,Consumer Defensive,0.6598369584754112,0.9775365976779404,,
2005-07-01,195607,NRP,buy,rebalance,3.0,58.215,2005-07-01,174.645,0.6112575,-104.5,Basic Materials,0.6472361289003494,0.9848561332660273,,
2005-07-01,199209,WLY,buy,rebalance,8.0,24.567,2005-07-01,196.536,0.687876,-104.5,Consumer Cyclical,0.6671859399516775,0.9702170620898536,,
2005-07-01,199421,PBI,buy,rebalance,13.0,15.453,2005-07-01,200.88899999999998,0.7031115,-118.5,Industrials,0.645418911860363,0.9785461887935386,,
2005-07-01,196997,DGX,buy,rebalance,5.0,37.924,2005-07-01,189.62,0.66367,-120.0,Healthcare,0.6378612568124464,0.9843513377082281,,
2005-08-01,199841,CLX,buy,rebalance,4.0,29.898,2005-08-01,119.592,0.418572,-56.5,Consumer Defensive,0.6778653413697673,0.9941948510853105,,
2005-08-01,120784,SVM1,buy,rebalance,10.0,12.722,2005-08-01,127.22,0.44527,-62.0,Healthcare,0.6692242338433545,0.993942453306411,,
2005-08-01,199551,SPGI,buy,rebalance,4.0,30.71,2005-08-01,122.84,0.42994000000000004,-64.5,Financial Services,0.6708238308456873,0.9909136799596163,,
2005-08-01,199544,MDP,buy,rebalance,4.0,29.292,2005-08-01,117.168,0.410088,-83.0,Consumer Cyclical,0.6505133485444962,0.9969712266532055,,
2005-08-01,199411,PG,buy,rebalance,4.0,30.707,2005-08-01,122.828,0.429898,-100.5,Consumer Defensive,0.6598369584754112,0.9775365976779404,,
2005-08-01,195607,NRP,buy,rebalance,2.0,66.567,2005-08-01,133.134,0.46596899999999997,-104.5,Basic Materials,0.6472361289003494,0.9848561332660273,,
2005-08-01,199209,WLY,buy,rebalance,5.0,26.103,2005-08-01,130.51500000000001,0.45680250000000006,-104.5,Consumer Cyclical,0.6671859399516775,0.9702170620898536,,
2005-08-01,199421,PBI,buy,rebalance,8.0,15.822,2005-08-01,126.576,0.44301599999999997,-118.5,Industrials,0.645418911860363,0.9785461887935386,,
2005-08-01,196997,DGX,buy,rebalance,3.0,36.993,2005-08-01,110.97900000000001,0.38842650000000006,-120.0,Healthcare,0.6378612568124464,0.9843513377082281,,
2005-09-01,199841,CLX,buy,rebalance,3.0,30.741,2005-09-01,92.223,0.3227805,-56.0,Consumer Defensive,0.6778653413697673,0.9941948510853105,,
2005-09-01,120784,SVM1,buy,rebalance,9.0,12.76,2005-09-01,114.84,0.40194,-61.5,Healthcare,0.6692242338433545,0.993942453306411,,
2005-09-01,199551,SPGI,buy,rebalance,3.0,31.991,2005-09-01,95.973,0.3359055,-64.0,Financial Services,0.6708238308456873,0.9909136799596163,,
2005-09-01,199544,MDP,buy,rebalance,4.0,29.446,2005-09-01,117.784,0.41224400000000005,-82.5,Consumer Cyclical,0.6505133485444962,0.9969712266532055,,
2005-09-01,199411,PG,buy,rebalance,3.0,30.951,2005-09-01,92.85300000000001,0.32498550000000004,-99.5,Consumer Defensive,0.6598369584754114,0.9775365976779404,,
2005-09-01,199209,WLY,buy,rebalance,4.0,27.442,2005-09-01,109.768,0.38418800000000003,-103.5,Consumer Cyclical,0.6671859399516774,0.9702170620898536,,
2005-09-01,195607,NRP,buy,rebalance,1.0,63.381,2005-09-01,63.381,0.22183350000000002,-104.0,Basic Materials,0.6472361289003494,0.9848561332660273,,
2005-09-01,199421,PBI,buy,rebalance,7.0,15.454,2005-09-01,108.178,0.378623,-117.5,Industrials,0.645418911860363,0.9785461887935386,,
2005-09-01,196997,DGX,buy,rebalance,3.0,35.913,2005-09-01,107.73899999999999,0.3770865,-119.5,Healthcare,0.6378612568124464,0.9843513377082281,,
2005-10-03,199544,MDP,buy,rebalance,4.0,29.709,2005-10-03,118.836,0.415926,-43.0,Consumer Cyclical,0.6781338966757643,0.9984583761562179,,
2005-10-03,199209,WLY,buy,rebalance,5.0,25.698,2005-10-03,128.49,0.44971500000000003,-69.0,Consumer Cyclical,0.6671738928556263,0.9853545734840699,,
2005-10-03,199551,SPGI,buy,rebalance,4.0,31.566,2005-10-03,126.264,0.441924,-71.5,Financial Services,0.6509143864151689,0.9976875642343268,,
2005-10-03,199841,CLX,buy,rebalance,4.0,29.307,2005-10-03,117.228,0.410298,-75.5,Consumer Defensive,0.6546174688563247,0.9910071942446043,,
2005-10-03,120784,SVM1,buy,rebalance,10.0,12.948,2005-10-03,129.48000000000002,0.4531800000000001,-77.5,Healthcare,0.6520044560338679,0.9922918807810894,,
2005-10-03,199601,K,buy,rebalance,5.0,23.188,2005-10-03,115.94,0.40579,-87.5,Consumer Defensive,0.6548038089322649,0.9832990750256937,,
2005-10-03,199421,PBI,buy,rebalance,8.0,15.008,2005-10-03,120.064,0.420224,-106.0,Industrials,0.6283550371942253,0.9966598150051388,,
2005-10-03,196997,DGX,buy,rebalance,3.0,35.999,2005-10-03,107.99700000000001,0.37798950000000003,-106.5,Healthcare,0.6449105970332498,0.9802158273381295,,
2005-10-03,122580,JH,buy,rebalance,2.0,44.95,2005-10-03,89.9,0.31465000000000004,-124.0,Communication Services,0.6269091191455166,0.9848406988694759,,
2005-11-01,199544,MDP,buy,rebalance,4.0,29.643,2005-11-01,118.572,0.41500200000000004,-42.5,Consumer Cyclical,0.6781338966757643,0.9984583761562179,,
2005-11-01,199209,WLY,buy,rebalance,5.0,23.759,2005-11-01,118.795,0.4157825,-68.5,Consumer Cyclical,0.6671738928556263,0.9853545734840699,,
2005-11-01,199551,SPGI,buy,rebalance,3.0,32.529,2005-11-01,97.58700000000002,0.3415545000000001,-71.0,Financial Services,0.6509143864151689,0.9976875642343268,,
2005-11-01,199841,CLX,buy,rebalance,4.0,29.045,2005-11-01,116.18,0.40663000000000005,-75.0,Consumer Defensive,0.6546174688563247,0.9910071942446043,,
2005-11-01,120784,SVM1,buy,rebalance,10.0,11.879,2005-11-01,118.78999999999999,0.415765,-77.0,Healthcare,0.652004456033868,0.9922918807810894,,
2005-11-01,199601,K,buy,rebalance,5.0,22.435,2005-11-01,112.175,0.3926125,-87.0,Consumer Defensive,0.6548038089322649,0.9832990750256937,,
2005-11-01,199421,PBI,buy,rebalance,8.0,14.961,2005-11-01,119.688,0.418908,-105.5,Industrials,0.6283550371942254,0.9966598150051388,,
2005-11-01,196997,DGX,buy,rebalance,3.0,33.878,2005-11-01,101.634,0.355719,-106.0,Healthcare,0.6449105970332498,0.9802158273381295,,
2005-11-01,122580,JH,buy,rebalance,2.0,42.32,2005-11-01,84.64,0.29624,-123.5,Communication Services,0.6269091191455166,0.9848406988694759,,
2005-12-01,199544,MDP,buy,rebalance,4.0,30.508,2005-12-01,122.032,0.427112,-42.5,Consumer Cyclical,0.6781338966757643,0.9984583761562179,,
2005-12-01,199209,WLY,buy,rebalance,5.0,25.15,2005-12-01,125.75,0.440125,-68.5,Consumer Cyclical,0.6671738928556263,0.9853545734840699,,
2005-12-01,199551,SPGI,buy,rebalance,3.0,35.64,2005-12-01,106.92,0.37422,-71.0,Financial Services,0.650914386415169,0.9976875642343268,,
2005-12-01,199841,CLX,buy,rebalance,4.0,29.472,2005-12-01,117.888,0.41260800000000003,-75.0,Consumer Defensive,0.6546174688563247,0.9910071942446043,,
2005-12-01,120784,SVM1,buy,rebalance,11.0,11.453,2005-12-01,125.98299999999999,0.44094049999999996,-77.0,Healthcare,0.652004456033868,0.9922918807810894,,
2005-12-01,199601,K,buy,rebalance,5.0,22.447,2005-12-01,112.235,0.3928225,-87.0,Consumer Defensive,0.6548038089322649,0.9832990750256937,,
2005-12-01,196997,DGX,buy,rebalance,3.0,36.58,2005-12-01,109.74,0.38409,-105.0,Healthcare,0.6449105970332498,0.9802158273381295,,
2005-12-01,199421,PBI,buy,rebalance,8.0,15.18,2005-12-01,121.44,0.42504,-105.5,Industrials,0.6283550371942253,0.9966598150051388,,
2005-12-01,122580,JH,buy,rebalance,3.0,38.55,2005-12-01,115.64999999999999,0.404775,-123.5,Communication Services,0.6269091191455166,0.9848406988694759,,
2006-01-03,199551,SPGI,buy,rebalance,3.0,34.508,2006-01-03,103.524,0.362334,-68.5,Financial Services,0.6847265753133746,0.988828267082359,,
2006-01-03,199209,WLY,buy,rebalance,5.0,23.585,2006-01-03,117.92500000000001,0.41273750000000003,-69.0,Consumer Cyclical,0.6899738457291921,0.9859703819173812,,
2006-01-03,199544,MDP,buy,rebalance,3.0,31.387,2006-01-03,94.161,0.3295635,-71.0,Consumer Cyclical,0.6790949811999896,0.9896076903091712,,
2006-01-03,199685,GIS,buy,rebalance,9.0,12.362,2006-01-03,111.258,0.389403,-74.0,Consumer Defensive,0.6688581007948442,0.9924655754741492,,
2006-01-03,197469,LH,buy,rebalance,2.0,43.857,2006-01-03,87.714,0.306999,-77.5,Healthcare,0.6606192454955244,0.9968823070927514,,
2006-01-03,120784,SVM1,buy,rebalance,10.0,11.559,2006-01-03,115.58999999999999,0.40456499999999995,-84.5,Healthcare,0.6586580035883519,0.9937646141855028,,
2006-01-03,199841,CLX,buy,rebalance,3.0,30.848,2006-01-03,92.544,0.32390399999999997,-95.0,Consumer Defensive,0.6512434723691465,0.9922057677318784,,
2006-01-03,198877,DST,buy,rebalance,4.0,26.866,2006-01-03,107.464,0.376124,-95.5,Technology,0.654120061782305,0.9890880748246298,,
2006-01-03,199421,PBI,buy,rebalance,7.0,15.551,2006-01-03,108.857,0.3809995,-110.0,Industrials,0.6417492909354535,0.9963626916082099,,
2006-01-03,199527,MMM,buy,rebalance,3.0,36.536,2006-01-03,109.608,0.383628,-120.5,Industrials,0.6795224352577123,0.9586905689789555,,
2006-02-01,199551,SPGI,buy,rebalance,3.0,34.202,2006-02-01,102.606,0.35912099999999997,-68.5,Financial Services,0.6847265753133746,0.988828267082359,,
2006-02-01,199209,WLY,buy,rebalance,4.0,23.721,2006-02-01,94.884,0.332094,-69.0,Consumer Cyclical,0.6899738457291921,0.9859703819173812,,
2006-02-01,199544,MDP,buy,rebalance,3.0,32.655,2006-02-01,97.965,0.3428775,-71.0,Consumer Cyclical,0.6790949811999896,0.9896076903091712,,
2006-02-01,199685,GIS,buy,rebalance,9.0,12.233,2006-02-01,110.09700000000001,0.38533950000000006,-74.0,Consumer Defensive,0.6688581007948442,0.9924655754741492,,
2006-02-01,197469,LH,buy,rebalance,2.0,47.174,2006-02-01,94.348,0.330218,-77.5,Healthcare,0.6606192454955244,0.9968823070927514,,
2006-02-01,120784,SVM1,buy,rebalance,9.0,12.418,2006-02-01,111.762,0.391167,-84.5,Healthcare,0.658658003588352,0.9937646141855028,,
2006-02-01,199841,CLX,buy,rebalance,3.0,32.526,2006-02-01,97.578,0.341523,-95.0,Consumer Defensive,0.6512434723691464,0.9922057677318784,,
2006-02-01,198877,DST,buy,rebalance,4.0,25.374,2006-02-01,101.496,0.355236,-95.5,Technology,0.654120061782305,0.9890880748246298,,
2006-02-01,199421,PBI,buy,rebalance,7.0,15.482,2006-02-01,108.374,0.379309,-110.0,Industrials,0.6417492909354535,0.9963626916082099,,
2006-02-01,199527,MMM,buy,rebalance,3.0,33.802,2006-02-01,101.406,0.35492100000000004,-120.5,Industrials,0.6795224352577123,0.9586905689789555,,
2006-03-01,199551,SPGI,buy,rebalance,3.0,36.266,2006-03-01,108.798,0.380793,-68.5,Financial Services,0.6847265753133747,0.988828267082359,,
2006-03-01,199209,WLY,buy,rebalance,4.0,23.24,2006-03-01,92.96,0.32536,-69.0,Consumer Cyclical,0.6899738457291921,0.9859703819173812,,
2006-03-01,199544,MDP,buy,rebalance,3.0,32.954,2006-03-01,98.862,0.34601699999999996,-71.0,Consumer Cyclical,0.6790949811999896,0.9896076903091712,,
2006-03-01,199685,GIS,buy,rebalance,9.0,12.306,2006-03-01,110.75399999999999,0.38763899999999996,-74.0,Consumer Defensive,0.6688581007948442,0.9924655754741492,,
2006-03-01,197469,LH,buy,rebalance,2.0,47.386,2006-03-01,94.772,0.33170200000000005,-77.5,Healthcare,0.6606192454955243,0.9968823070927514,,
2006-03-01,120784,SVM1,buy,rebalance,9.0,12.103,2006-03-01,108.92699999999999,0.3812445,-84.5,Healthcare,0.658658003588352,0.9937646141855028,,
2006-03-01,199841,CLX,buy,rebalance,3.0,33.356,2006-03-01,100.06800000000001,0.35023800000000005,-95.0,Consumer Defensive,0.6512434723691464,0.9922057677318784,,
2006-03-01,198877,DST,buy,rebalance,4.0,25.837,2006-03-01,103.348,0.361718,-95.5,Technology,0.654120061782305,0.9890880748246298,,
2006-03-01,199421,PBI,buy,rebalance,7.0,15.456,2006-03-01,108.192,0.378672,-110.0,Industrials,0.6417492909354535,0.9963626916082099,,
2006-03-01,199527,MMM,buy,rebalance,3.0,34.238,2006-03-01,102.714,0.359499,-120.0,Industrials,0.6795224352577123,0.9586905689789555,,
2006-04-03,199544,MDP,buy,rebalance,3.0,33.524,2006-04-03,100.572,0.35200200000000004,-62.5,Consumer Cyclical,0.6858293249962576,0.9881858755578892,,
2006-04-03,199685,GIS,buy,rebalance,8.0,12.778,2006-04-03,102.224,0.35778400000000005,-62.5,Consumer Defensive,0.6800819887718158,0.9918613809398792,,
2006-04-03,197469,LH,buy,rebalance,2.0,47.435,2006-04-03,94.87,0.33204500000000003,-65.0,Healthcare,0.673660567539263,0.9960619585192964,,
2006-04-03,196997,DGX,buy,rebalance,2.0,36.83,2006-04-03,73.66,0.25781,-77.0,Healthcare,0.6791997700887975,0.9847729062746128,,
2006-04-03,199747,EFX,buy,rebalance,3.0,30.6,2006-04-03,91.80000000000001,0.32130000000000003,-80.0,Industrials,0.6627822749603284,0.9968495668154371,,
2006-04-03,199601,K,buy,rebalance,4.0,22.374,2006-04-03,89.496,0.313236,-89.0,Consumer Defensive,0.6794584087207116,0.9771593594119191,,
2006-04-03,199551,SPGI,buy,rebalance,2.0,38.424,2006-04-03,76.848,0.268968,-98.0,Financial Services,0.6592346697889295,0.9873982672617485,,
2006-04-03,185403,KRI,buy,rebalance,1.0,63.194,2006-04-03,63.194,0.22117900000000001,-124.0,Consumer Cyclical,0.6695135107940355,0.9619322656865319,,
2006-04-03,198877,DST,buy,rebalance,4.0,25.828,2006-04-03,103.312,0.361592,-130.5,Technology,0.6338251294009544,0.9879233394591757,,
2006-05-01,199544,MDP,buy,rebalance,4.0,29.451,2006-05-01,117.804,0.412314,-62.0,Consumer Cyclical,0.6858293249962576,0.9881858755578892,,
2006-05-01,199685,GIS,buy,rebalance,10.0,12.637,2006-05-01,126.37,0.44229500000000005,-62.0,Consumer Defensive,0.6800819887718158,0.9918613809398792,,
2006-05-01,197469,LH,buy,rebalance,2.0,46.267,2006-05-01,92.534,0.323869,-64.5,Healthcare,0.673660567539263,0.9960619585192964,,
2006-05-01,196997,DGX,buy,rebalance,3.0,39.412,2006-05-01,118.23599999999999,0.41382599999999997,-76.5,Healthcare,0.6791997700887975,0.9847729062746128,,
2006-05-01,199747,EFX,buy,rebalance,4.0,31.098,2006-05-01,124.392,0.435372,-79.5,Industrials,0.6627822749603284,0.9968495668154371,,
2006-05-01,199601,K,buy,rebalance,5.0,23.512,2006-05-01,117.56,0.41146,-88.0,Consumer Defensive,0.6794584087207116,0.9771593594119191,,
2006-05-01,199551,SPGI,buy,rebalance,3.0,36.674,2006-05-01,110.02199999999999,0.385077,-97.5,Financial Services,0.6592346697889294,0.9873982672617485,,
2006-05-01,185403,KRI,buy,rebalance,2.0,62.14,2006-05-01,124.28,0.43498000000000003,-123.0,Consumer Cyclical,0.6695135107940355,0.9619322656865319,,
2006-05-01,198877,DST,buy,rebalance,4.0,27.405,2006-05-01,109.62,0.38367,-130.0,Technology,0.6338251294009545,0.9879233394591757,,
2006-06-01,199544,MDP,buy,rebalance,4.0,30.574,2006-06-01,122.296,0.428036,-61.5,Consumer Cyclical,0.6858293249962576,0.9881858755578892,,
2006-06-01,199685,GIS,buy,rebalance,9.0,13.094,2006-06-01,117.84599999999999,0.41246099999999997,-61.5,Consumer Defensive,0.6800819887718158,0.9918613809398792,,
2006-06-01,197469,LH,buy,rebalance,2.0,48.93,2006-06-01,97.86,0.34251,-64.0,Healthcare,0.673660567539263,0.9960619585192964,,
2006-06-01,196997,DGX,buy,rebalance,3.0,40.865,2006-06-01,122.595,0.4290825,-76.0,Healthcare,0.6791997700887975,0.9847729062746128,,
2006-06-01,199747,EFX,buy,rebalance,4.0,29.497,2006-06-01,117.988,0.412958,-79.0,Industrials,0.6627822749603285,0.9968495668154371,,
2006-06-01,199601,K,buy,rebalance,5.0,24.234,2006-06-01,121.17000000000002,0.42409500000000006,-87.5,Consumer Defensive,0.6794584087207116,0.9771593594119191,,
2006-06-01,199551,SPGI,buy,rebalance,3.0,34.675,2006-06-01,104.02499999999999,0.36408749999999995,-97.0,Financial Services,0.6592346697889295,0.9873982672617485,,
2006-06-01,185403,KRI,buy,rebalance,2.0,62.36,2006-06-01,124.72,0.43652,-122.5,Consumer Cyclical,0.6695135107940355,0.9619322656865319,,
2006-06-01,198877,DST,buy,rebalance,4.0,26.794,2006-06-01,107.176,0.375116,-129.5,Technology,0.6338251294009545,0.9879233394591757,,
2006-07-03,199685,GIS,sell,criteria:rank:below_top_share,54.0,13.109,2006-07-03,707.886,2.477601,,,,,680.9239215000001,24.484477499999798
2006-07-03,198877,DST,sell,criteria:rank:below_top_share,24.0,26.969,2006-07-03,647.2560000000001,2.2653960000000004,,,,,634.629456,10.361148000000071
2006-07-03,185403,KRI,sell,criteria:rank:not_a_candidate,5.0,60.0,2006-07-03,300.0,1.05,,,,,313.286679,-14.336679000000004
2006-07-03,196028,DNB3,buy,rebalance,4.0,57.244,2006-07-03,228.976,0.801416,-48.0,Technology,0.6817211146694371,0.999741468459152,,
2006-07-03,199551,SPGI,buy,rebalance,8.0,33.737,2006-07-03,269.896,0.944636,-53.0,Financial Services,0.6776528480633103,0.999482936918304,,
2006-07-03,197469,LH,buy,rebalance,5.0,50.809,2006-07-03,254.045,0.8891574999999999,-53.5,Healthcare,0.6815199215064472,0.9963805584281282,,
2006-07-03,199747,EFX,buy,rebalance,10.0,27.934,2006-07-03,279.34000000000003,0.9776900000000002,-72.5,Industrials,0.6672025169411148,0.9958634953464323,,
2006-07-03,196997,DGX,buy,rebalance,6.0,43.124,2006-07-03,258.744,0.9056040000000001,-81.5,Healthcare,0.674942789194184,0.983971044467425,,
2006-07-03,199839,KO,buy,rebalance,24.0,11.828,2006-07-03,283.87199999999996,0.9935519999999999,-89.5,Consumer Defensive,0.6720220201620614,0.9821613236814891,,
2006-07-03,185568,RX,buy,rebalance,10.0,26.432,2006-07-03,264.32,0.9251199999999999,-92.0,Technology,0.6598096562714546,0.9896587383660806,,
2006-07-03,185395,UST1,buy,rebalance,7.0,40.249,2006-07-03,281.743,0.9861005,-94.0,Consumer Defensive,0.6837911233544344,0.9697518097207859,,
2006-07-03,199670,GNI,buy,rebalance,11.0,24.719,2006-07-03,271.909,0.9516815,-110.0,Basic Materials,0.6524848342220355,0.9862978283350569,,
2006-07-03,199544,MDP,buy,rebalance,9.0,29.804,2006-07-03,268.236,0.9388259999999999,-119.0,Consumer Cyclical,0.6518273129184182,0.9824198552223371,,
2006-08-01,196028,DNB3,buy,rebalance,2.0,54.271,2006-08-01,108.542,0.37989700000000004,-47.5,Technology,0.6817211146694371,0.999741468459152,,
2006-08-01,199551,SPGI,buy,rebalance,3.0,37.826,2006-08-01,113.47800000000001,0.39717300000000005,-52.5,Financial Services,0.6776528480633103,0.999482936918304,,
2006-08-01,197469,LH,buy,rebalance,2.0,52.313,2006-08-01,104.626,0.36619100000000004,-53.0,Healthcare,0.6815199215064471,0.9963805584281282,,
2006-08-01,199747,EFX,buy,rebalance,4.0,25.906,2006-08-01,103.624,0.362684,-72.0,Industrials,0.6672025169411149,0.9958634953464323,,
2006-08-01,196997,DGX,buy,rebalance,2.0,43.383,2006-08-01,86.766,0.30368100000000003,-81.0,Healthcare,0.6749427891941842,0.983971044467425,,
2006-08-01,199839,KO,buy,rebalance,9.0,12.084,2006-08-01,108.756,0.380646,-89.0,Consumer Defensive,0.6720220201620615,0.9821613236814891,,
2006-08-01,185568,RX,buy,rebalance,4.0,26.47,2006-08-01,105.88,0.37057999999999996,-91.5,Technology,0.6598096562714546,0.9896587383660806,,
2006-08-01,185395,UST1,buy,rebalance,2.0,45.443,2006-08-01,90.886,0.31810099999999997,-93.0,Consumer Defensive,0.6837911233544344,0.9697518097207859,,
2006-08-01,199670,GNI,buy,rebalance,4.0,25.633,2006-08-01,102.532,0.358862,-109.5,Basic Materials,0.6524848342220355,0.9862978283350569,,
2006-08-01,199544,MDP,buy,rebalance,4.0,28.354,2006-08-01,113.416,0.396956,-118.5,Consumer Cyclical,0.6518273129184182,0.9824198552223371,,
2006-09-01,196028,DNB3,buy,rebalance,1.0,58.132,2006-09-01,58.132,0.203462,-47.0,Technology,0.6817211146694371,0.999741468459152,,
2006-09-01,199551,SPGI,buy,rebalance,3.0,38.15,2006-09-01,114.44999999999999,0.40057499999999996,-52.0,Financial Services,0.6776528480633103,0.999482936918304,,
2006-09-01,197469,LH,buy,rebalance,2.0,55.679,2006-09-01,111.358,0.389753,-52.5,Healthcare,0.6815199215064472,0.9963805584281282,,
2006-09-01,199747,EFX,buy,rebalance,4.0,26.569,2006-09-01,106.276,0.371966,-71.5,Industrials,0.6672025169411149,0.9958634953464323,,
2006-09-01,196997,DGX,buy,rebalance,2.0,45.263,2006-09-01,90.526,0.316841,-80.5,Healthcare,0.6749427891941842,0.983971044467425,,
2006-09-01,199839,KO,buy,rebalance,9.0,12.292,2006-09-01,110.628,0.387198,-88.5,Consumer Defensive,0.6720220201620614,0.9821613236814891,,
2006-09-01,185568,RX,buy,rebalance,4.0,27.087,2006-09-01,108.348,0.379218,-91.0,Technology,0.6598096562714546,0.9896587383660806,,
2006-09-01,185395,UST1,buy,rebalance,2.0,47.833,2006-09-01,95.666,0.334831,-92.0,Consumer Defensive,0.6837911233544344,0.9697518097207859,,
2006-09-01,199670,GNI,buy,rebalance,4.0,24.63,2006-09-01,98.52,0.34482,-109.0,Basic Materials,0.6524848342220355,0.9862978283350569,,
2006-09-01,199544,MDP,buy,rebalance,3.0,28.958,2006-09-01,86.874,0.30405899999999997,-118.0,Consumer Cyclical,0.6518273129184182,0.9824198552223371,,
2006-10-02,199551,SPGI,sell,criteria:rank:below_top_share,76.0,38.998,2006-10-02,2963.848,10.373468,,,,,2483.467821,470.006711
2006-10-02,196028,DNB3,sell,criteria:rank:below_top_share,7.0,61.121,2006-10-02,427.84700000000004,1.4974645000000002,,,,,397.03477499999997,29.31476050000009
2006-10-02,199685,GIS,buy,rebalance,31.0,14.357,2006-10-02,445.067,1.5577345,-40.5,Consumer Defensive,0.6996915549856675,0.9997372569626904,,
2006-10-02,199601,K,buy,rebalance,17.0,25.325,2006-10-02,430.525,1.5068375,-69.5,Consumer Defensive,0.6861013818799925,0.988176563321072,,
2006-10-02,197469,LH,buy,rebalance,8.0,53.277,2006-10-02,426.216,1.491756,-72.0,Healthcare,0.6826601801742375,0.9897530215449291,,
2006-10-02,196997,DGX,buy,rebalance,10.0,43.952,2006-10-02,439.52,1.53832,-74.5,Healthcare,0.6944860603224521,0.9808197582764057,,
2006-10-02,199774,OMC,buy,rebalance,16.0,26.759,2006-10-02,428.144,1.498504,-80.0,Communication Services,0.6726810270900558,0.9973725696269049,,
2006-10-02,195607,NRP,buy,rebalance,8.0,54.145,2006-10-02,433.16,1.5160600000000002,-99.0,Basic Materials,0.6741427989807546,0.9831844456121913,,
2006-10-02,185568,RX,buy,rebalance,17.0,25.833,2006-10-02,439.16099999999994,1.5370635,-110.5,Technology,0.6638875620600995,0.9868628481345244,,
2006-10-02,199544,MDP,buy,rebalance,15.0,29.888,2006-10-02,448.32000000000005,1.5691200000000003,-119.5,Consumer Cyclical,0.6637134294033852,0.9818707304256438,,
2006-10-02,199689,GD,buy,rebalance,9.0,47.083,2006-10-02,423.74699999999996,1.4831145,-119.5,Industrials,0.6747048360354251,0.9682080924855492,,
2006-10-02,197300,LMT,buy,rebalance,9.0,48.882,2006-10-02,439.938,1.539783,-133.5,Industrials,0.676382280433367,0.9582238570677877,,
2006-11-01,199685,GIS,buy,rebalance,8.0,14.506,2006-11-01,116.048,0.40616800000000003,-40.5,Consumer Defensive,0.6996915549856675,0.9997372569626904,,
2006-11-01,199601,K,buy,rebalance,4.0,25.597,2006-11-01,102.388,0.358358,-69.5,Consumer Defensive,0.6861013818799925,0.988176563321072,,
2006-11-01,197469,LH,buy,rebalance,2.0,54.984,2006-11-01,109.968,0.384888,-72.0,Healthcare,0.6826601801742375,0.9897530215449291,,
2006-11-01,196997,DGX,buy,rebalance,3.0,35.76,2006-11-01,107.28,0.37548000000000004,-74.5,Healthcare,0.6944860603224521,0.9808197582764057,,
2006-11-01,199774,OMC,buy,rebalance,4.0,28.892,2006-11-01,115.568,0.404488,-80.0,Communication Services,0.6726810270900557,0.9973725696269049,,
2006-11-01,195607,NRP,buy,rebalance,2.0,55.745,2006-11-01,111.49,0.390215,-99.0,Basic Materials,0.6741427989807546,0.9831844456121913,,
2006-11-01,185568,RX,buy,rebalance,4.0,27.215,2006-11-01,108.86,0.38101,-110.5,Technology,0.6638875620600995,0.9868628481345244,,
2006-11-01,199544,MDP,buy,rebalance,3.0,31.494,2006-11-01,94.482,0.330687,-119.5,Consumer Cyclical,0.6637134294033851,0.9818707304256438,,
2006-11-01,199689,GD,buy,rebalance,2.0,46.006,2006-11-01,92.012,0.322042,-119.5,Industrials,0.6747048360354251,0.9682080924855492,,
2006-11-01,197300,LMT,buy,rebalance,2.0,49.084,2006-11-01,98.168,0.343588,-133.5,Industrials,0.6763822804333669,0.9582238570677877,,
2006-12-01,199685,GIS,buy,rebalance,7.0,14.339,2006-12-01,100.373,0.35130550000000005,-39.5,Consumer Defensive,0.6996915549856675,0.9997372569626904,,
2006-12-01,199601,K,buy,rebalance,4.0,25.655,2006-12-01,102.62,0.35917000000000004,-68.5,Consumer Defensive,0.6861013818799925,0.988176563321072,,
2006-12-01,197469,LH,buy,rebalance,1.0,57.876,2006-12-01,57.876,0.202566,-71.0,Healthcare,0.6826601801742375,0.9897530215449291,,
2006-12-01,196997,DGX,buy,rebalance,2.0,38.099,2006-12-01,76.198,0.26669299999999996,-73.5,Healthcare,0.6944860603224521,0.9808197582764057,,
2006-12-01,199774,OMC,buy,rebalance,3.0,29.583,2006-12-01,88.749,0.3106215,-79.0,Communication Services,0.6726810270900557,0.9973725696269049,,
2006-12-01,195607,NRP,buy,rebalance,1.0,56.978,2006-12-01,56.978,0.19942300000000002,-98.0,Basic Materials,0.6741427989807546,0.9831844456121913,,
2006-12-01,185568,RX,buy,rebalance,4.0,26.842,2006-12-01,107.368,0.375788,-109.5,Technology,0.6638875620600995,0.9868628481345244,,
2006-12-01,199544,MDP,buy,rebalance,3.0,32.738,2006-12-01,98.214,0.343749,-118.5,Consumer Cyclical,0.6637134294033852,0.9818707304256438,,
2006-12-01,199689,GD,buy,rebalance,2.0,48.102,2006-12-01,96.204,0.33671399999999996,-118.5,Industrials,0.6747048360354251,0.9682080924855492,,
2006-12-01,197300,LMT,buy,rebalance,2.0,50.989,2006-12-01,101.978,0.356923,-132.5,Industrials,0.6763822804333669,0.9582238570677877,,
2007-01-03,199685,GIS,sell,criteria:rank:below_top_share,46.0,14.705,2007-01-03,676.43,2.367505,,,,,663.803208,10.259286999999858
2007-01-03,197469,LH,buy,rebalance,3.0,59.723,2007-01-03,179.16899999999998,0.6270914999999999,-64.5,Healthcare,0.7751585676430114,0.9884575026232949,,
2007-01-03,199601,K,buy,rebalance,7.0,26.094,2007-01-03,182.65800000000002,0.6393030000000001,-84.5,Consumer Defensive,0.7664671735239551,0.9839979013641134,,
2007-01-03,199877,CPB,buy,rebalance,9.0,20.574,2007-01-03,185.16600000000003,0.6480810000000001,-89.0,Consumer Defensive,0.7714504214219141,0.9758656873032528,,
2007-01-03,124603,TCP,buy,rebalance,14.0,12.882,2007-01-03,180.34799999999998,0.631218,-93.5,Energy,0.7512107689328927,0.9989506820566632,,
2007-01-03,199774,OMC,buy,rebalance,6.0,29.17,2007-01-03,175.02,0.6125700000000001,-95.0,Communication Services,0.7495388880619248,0.9994753410283316,,
2007-01-03,199209,WLY,buy,rebalance,7.0,23.946,2007-01-03,167.622,0.5866770000000001,-112.5,Consumer Cyclical,0.7541781443536353,0.979800629590766,,
2007-01-03,199551,SPGI,buy,rebalance,4.0,45.25,2007-01-03,181.0,0.6335000000000001,-118.5,Financial Services,0.7428665165427719,0.9942287513116475,,
2007-01-03,199544,MDP,buy,rebalance,5.0,34.083,2007-01-03,170.415,0.5964524999999999,-119.5,Consumer Cyclical,0.7454301959757149,0.9892444910807975,,
2007-01-03,197300,LMT,buy,rebalance,3.0,51.881,2007-01-03,155.643,0.5447505,-127.0,Industrials,0.7678748241576925,0.9556663168940189,,
2007-01-03,199747,EFX,buy,rebalance,5.0,32.803,2007-01-03,164.015,0.5740525,-132.0,Industrials,0.7375681533151794,0.9908184679958028,,
2007-02-01,197469,LH,buy,rebalance,1.0,59.976,2007-02-01,59.976,0.209916,-64.0,Healthcare,0.7751585676430114,0.9884575026232949,,
2007-02-01,199601,K,buy,rebalance,4.0,25.546,2007-02-01,102.184,0.357644,-84.0,Consumer Defensive,0.7664671735239551,0.9839979013641134,,
2007-02-01,199877,CPB,buy,rebalance,5.0,20.547,2007-02-01,102.735,0.3595725,-88.5,Consumer Defensive,0.7714504214219141,0.9758656873032528,,
2007-02-01,124603,TCP,buy,rebalance,8.0,13.423,2007-02-01,107.384,0.375844,-93.0,Energy,0.7512107689328927,0.9989506820566632,,
2007-02-01,199774,OMC,buy,rebalance,3.0,30.138,2007-02-01,90.414,0.31644900000000004,-94.5,Communication Services,0.7495388880619248,0.9994753410283316,,
2007-02-01,199209,WLY,buy,rebalance,5.0,23.079,2007-02-01,115.39500000000001,0.40388250000000003,-112.0,Consumer Cyclical,0.7541781443536353,0.979800629590766,,
2007-02-01,199551,SPGI,buy,rebalance,2.0,45.79,2007-02-01,91.58,0.32053,-118.0,Financial Services,0.7428665165427718,0.9942287513116475,,
2007-02-01,199544,MDP,buy,rebalance,3.0,36.057,2007-02-01,108.171,0.3785985,-119.0,Consumer Cyclical,0.745430195975715,0.9892444910807975,,
2007-02-01,197300,LMT,buy,rebalance,2.0,55.566,2007-02-01,111.132,0.38896200000000003,-126.5,Industrials,0.7678748241576925,0.9556663168940189,,
2007-02-01,199747,EFX,buy,rebalance,3.0,33.164,2007-02-01,99.492,0.34822200000000003,-131.5,Industrials,0.7375681533151794,0.9908184679958028,,
2007-03-01,197469,LH,buy,rebalance,2.0,57.329,2007-03-01,114.658,0.401303,-64.0,Healthcare,0.7751585676430114,0.9884575026232949,,
2007-03-01,199601,K,buy,rebalance,4.0,25.854,2007-03-01,103.416,0.361956,-84.0,Consumer Defensive,0.7664671735239551,0.9839979013641134,,
2007-03-01,199877,CPB,buy,rebalance,5.0,21.449,2007-03-01,107.245,0.3753575,-88.0,Consumer Defensive,0.7714504214219141,0.9758656873032528,,
2007-03-01,124603,TCP,buy,rebalance,8.0,13.379,2007-03-01,107.032,0.374612,-93.0,Energy,0.7512107689328927,0.9989506820566632,,
2007-03-01,199774,OMC,buy,rebalance,3.0,29.696,2007-03-01,89.08800000000001,0.31180800000000003,-94.5,Communication Services,0.7495388880619248,0.9994753410283316,,
2007-03-01,199209,WLY,buy,rebalance,4.0,23.747,2007-03-01,94.988,0.33245800000000003,-112.0,Consumer Cyclical,0.7541781443536353,0.979800629590766,,
2007-03-01,199551,SPGI,buy,rebalance,2.0,43.797,2007-03-01,87.594,0.306579,-118.0,Financial Services,0.7428665165427719,0.9942287513116475,,
2007-03-01,199544,MDP,buy,rebalance,3.0,35.34,2007-03-01,106.02000000000001,0.37107000000000007,-119.0,Consumer Cyclical,0.7454301959757149,0.9892444910807975,,
2007-03-01,197300,LMT,buy,rebalance,2.0,55.403,2007-03-01,110.806,0.38782099999999997,-125.5,Industrials,0.7678748241576925,0.9556663168940189,,
2007-03-01,199747,EFX,buy,rebalance,3.0,31.695,2007-03-01,95.08500000000001,0.3327975,-131.5,Industrials,0.7375681533151794,0.9908184679958028,,
2007-04-02,197469,LH,buy,rebalance,1.0,59.094,2007-04-02,59.094,0.206829,-64.0,Healthcare,0.7803631666187388,0.9843667196608373,,
2007-04-02,124603,TCP,buy,rebalance,8.0,13.332,2007-04-02,106.656,0.373296,-88.0,Energy,0.7556969569665128,0.9984101748807631,,
2007-04-02,199774,OMC,buy,rebalance,3.0,29.447,2007-04-02,88.341,0.3091935,-94.5,Communication Services,0.751631949488892,0.9994700582935877,,
2007-04-02,198615,MO,buy,rebalance,17.0,6.381,2007-04-02,108.477,0.37966950000000005,-96.0,Consumer Defensive,0.7678648000101828,0.976682564917859,,
2007-04-02,199544,MDP,buy,rebalance,3.0,35.188,2007-04-02,105.56400000000001,0.369474,-97.5,Consumer Cyclical,0.7569737687434069,0.9899311075781664,,
2007-04-02,199877,CPB,buy,rebalance,5.0,20.425,2007-04-02,102.125,0.3574375,-97.5,Consumer Defensive,0.7728137978250448,0.9703232644409115,,
2007-04-02,195607,NRP,buy,rebalance,1.0,75.755,2007-04-02,75.755,0.2651425,-106.0,Basic Materials,0.76371923161679,0.9764175940646529,,
2007-04-02,199551,SPGI,buy,rebalance,2.0,42.173,2007-04-02,84.346,0.295211,-114.0,Financial Services,0.7449659903229969,0.994435612082671,,
2007-04-02,197300,LMT,buy,rebalance,2.0,54.899,2007-04-02,109.798,0.384293,-126.0,Industrials,0.761564566961283,0.9666136724960255,,
2007-04-02,199209,WLY,buy,rebalance,4.0,23.81,2007-04-02,95.24,0.33333999999999997,-132.5,Consumer Cyclical,0.7530622909346041,0.9735029146793853,,
2007-05-01,197469,LH,buy,rebalance,1.0,64.208,2007-05-01,64.208,0.224728,-63.0,Healthcare,0.7803631666187388,0.9843667196608373,,
2007-05-01,124603,TCP,buy,rebalance,7.0,15.502,2007-05-01,108.51400000000001,0.37979900000000005,-87.0,Energy,0.7556969569665128,0.9984101748807631,,
2007-05-01,199774,OMC,buy,rebalance,4.0,29.98,2007-05-01,119.92,0.41972000000000004,-93.5,Communication Services,0.751631949488892,0.9994700582935877,,
2007-05-01,198615,MO,buy,rebalance,18.0,6.436,2007-05-01,115.848,0.405468,-95.0,Consumer Defensive,0.7678648000101828,0.976682564917859,,
2007-05-01,199877,CPB,buy,rebalance,5.0,21.022,2007-05-01,105.10999999999999,0.36788499999999996,-96.0,Consumer Defensive,0.7728137978250448,0.9703232644409115,,
2007-05-01,199544,MDP,buy,rebalance,3.0,35.601,2007-05-01,106.803,0.3738105,-96.5,Consumer Cyclical,0.7569737687434069,0.9899311075781664,,
2007-05-01,195607,NRP,buy,rebalance,1.0,80.542,2007-05-01,80.542,0.281897,-105.0,Basic Materials,0.76371923161679,0.9764175940646529,,
2007-05-01,199551,SPGI,buy,rebalance,2.0,44.582,2007-05-01,89.164,0.312074,-113.0,Financial Services,0.7449659903229969,0.994435612082671,,
2007-05-01,197300,LMT,buy,rebalance,2.0,54.503,2007-05-01,109.006,0.381521,-124.5,Industrials,0.761564566961283,0.9666136724960255,,
2007-05-01,199209,WLY,buy,rebalance,5.0,24.01,2007-05-01,120.05000000000001,0.4201750000000001,-131.5,Consumer Cyclical,0.7530622909346041,0.9735029146793853,,
2007-06-01,122580,JH,sell,delisted,7.0,52.74,2007-05-01,369.18,1.29213,,,,,291.205665,76.68220500000001
2007-06-01,197469,LH,buy,rebalance,2.0,65.148,2007-06-01,130.296,0.456036,-62.0,Healthcare,0.780363166618739,0.9843667196608373,,
2007-06-01,124603,TCP,buy,rebalance,10.0,15.18,2007-06-01,151.8,0.5313000000000001,-85.5,Energy,0.7556969569665128,0.9984101748807631,,
2007-06-01,199774,OMC,buy,rebalance,5.0,30.484,2007-06-01,152.42000000000002,0.5334700000000001,-92.0,Communication Services,0.751631949488892,0.9994700582935877,,
2007-06-01,198615,MO,buy,rebalance,23.0,6.717,2007-06-01,154.49099999999999,0.5407185,-93.5,Consumer Defensive,0.7678648000101828,0.976682564917859,,
2007-06-01,199544,MDP,buy,rebalance,4.0,38.137,2007-06-01,152.548,0.533918,-95.0,Consumer Cyclical,0.7569737687434069,0.9899311075781664,,
2007-06-01,199877,CPB,buy,rebalance,7.0,21.209,2007-06-01,148.463,0.5196205,-95.0,Consumer Defensive,0.7728137978250447,0.9703232644409115,,
2007-06-01,195607,NRP,buy,rebalance,1.0,83.097,2007-06-01,83.097,0.2908395,-103.5,Basic Materials,0.76371923161679,0.9764175940646529,,
2007-06-01,199551,SPGI,buy,rebalance,3.0,47.759,2007-06-01,143.277,0.5014695,-111.0,Financial Services,0.7449659903229969,0.994435612082671,,
2007-06-01,197300,LMT,buy,rebalance,2.0,55.379,2007-06-01,110.758,0.38765299999999997,-123.0,Industrials,0.761564566961283,0.9666136724960255,,
2007-06-01,199209,WLY,buy,rebalance,5.0,28.949,2007-06-01,144.745,0.5066075,-130.0,Consumer Cyclical,0.7530622909346041,0.9735029146793853,,
2007-07-02,199747,EFX,sell,criteria:rank:below_top_share,40.0,36.967,2007-07-02,1478.6799999999998,5.17538,,,,,1186.149042,287.3555779999999
2007-07-02,199774,OMC,sell,criteria:rank:below_top_share,47.0,30.337,2007-07-02,1425.839,4.9904364999999995,,,,,1352.3808239999998,68.4677395000001
2007-07-02,199551,SPGI,sell,criteria:rank:below_top_share,15.0,46.13,2007-07-02,691.95,2.421825,,,,,679.3303635000001,10.197811499999943
2007-07-02,199685,GIS,buy,rebalance,31.0,15.275,2007-07-02,473.52500000000003,1.6573375000000001,-60.5,Consumer Defensive,0.7662400042817935,0.9979193758127438,,
2007-07-02,199544,MDP,buy,rebalance,12.0,37.746,2007-07-02,452.952,1.585332,-82.5,Consumer Cyclical,0.7612038422014958,0.9903771131339402,,
2007-07-02,197469,LH,buy,rebalance,7.0,64.6,2007-07-02,452.19999999999993,1.5826999999999998,-85.0,Healthcare,0.7555074901296166,0.9981794538361508,,
2007-07-02,199601,K,buy,rebalance,17.0,27.076,2007-07-02,460.29200000000003,1.6110220000000002,-90.0,Consumer Defensive,0.7600849825939248,0.9864759427828349,,
2007-07-02,197300,LMT,buy,rebalance,8.0,53.805,2007-07-02,430.44,1.50654,-107.0,Industrials,0.7645138729721119,0.9690507152145643,,
2007-07-02,195607,NRP,buy,rebalance,5.0,87.379,2007-07-02,436.89500000000004,1.5291325000000002,-122.0,Basic Materials,0.7584045452976031,0.9674902470741222,,
2007-07-02,199209,WLY,buy,rebalance,15.0,30.725,2007-07-02,460.875,1.6130625,-126.5,Consumer Cyclical,0.7405519835404211,0.9911573472041613,,
2007-07-02,199689,GD,buy,rebalance,9.0,50.61,2007-07-02,455.49,1.5942150000000002,-140.5,Industrials,0.7680588955449268,0.9464239271781535,,
2007-07-02,185568,RX,buy,rebalance,14.0,31.762,2007-07-02,444.668,1.556338,-157.5,Technology,0.7272173544367185,0.988296488946684,,
2007-07-02,199185,JNJ,buy,rebalance,13.0,35.52,2007-07-02,461.76000000000005,1.6161600000000003,-159.0,Healthcare,0.7492249234849606,0.9599479843953186,,
2007-08-01,120784,SVM1,sell,criteria:rank:not_a_candidate,123.0,15.58,2007-08-01,1916.34,6.70719,,,,,1515.0893174999999,394.54349249999996
2007-08-01,199685,GIS,buy,rebalance,21.0,14.647,2007-08-01,307.587,1.0765545,-60.0,Consumer Defensive,0.7662400042817935,0.9979193758127438,,
2007-08-01,199544,MDP,buy,rebalance,9.0,34.602,2007-08-01,311.41799999999995,1.0899629999999998,-82.0,Consumer Cyclical,0.7612038422014958,0.9903771131339402,,
2007-08-01,197469,LH,buy,rebalance,5.0,59.862,2007-08-01,299.31,1.047585,-84.5,Healthcare,0.7555074901296165,0.9981794538361508,,
2007-08-01,199601,K,buy,rebalance,11.0,27.306,2007-08-01,300.366,1.051281,-89.5,Consumer Defensive,0.7600849825939248,0.9864759427828349,,
2007-08-01,197300,LMT,buy,rebalance,5.0,57.806,2007-08-01,289.03,1.0116049999999999,-106.5,Industrials,0.7645138729721119,0.9690507152145643,,
2007-08-01,195607,NRP,buy,rebalance,3.0,80.11,2007-08-01,240.32999999999998,0.841155,-121.5,Basic Materials,0.7584045452976031,0.9674902470741222,,
2007-08-01,199209,WLY,buy,rebalance,11.0,26.883,2007-08-01,295.71299999999997,1.0349955,-125.5,Consumer Cyclical,0.7405519835404211,0.9911573472041613,,
2007-08-01,199689,GD,buy,rebalance,6.0,50.973,2007-08-01,305.83799999999997,1.070433,-140.0,Industrials,0.7680588955449268,0.9464239271781535,,
2007-08-01,185568,RX,buy,rebalance,11.0,28.136,2007-08-01,309.496,1.0832359999999999,-156.5,Technology,0.7272173544367185,0.988296488946684,,
2007-08-01,199185,JNJ,buy,rebalance,8.0,35.009,2007-08-01,280.072,0.980252,-158.0,Healthcare,0.7492249234849606,0.9599479843953186,,
2007-09-04,199685,GIS,buy,rebalance,7.0,14.806,2007-09-04,103.642,0.362747,-59.0,Consumer Defensive,0.7662400042817935,0.9979193758127438,,
2007-09-04,199544,MDP,buy,rebalance,3.0,33.993,2007-09-04,101.97900000000001,0.35692650000000004,-80.5,Consumer Cyclical,0.7612038422014958,0.9903771131339402,,
2007-09-04,197469,LH,buy,rebalance,1.0,63.767,2007-09-04,63.767,0.2231845,-83.0,Healthcare,0.7555074901296166,0.9981794538361508,,
2007-09-04,199601,K,buy,rebalance,4.0,29.124,2007-09-04,116.496,0.407736,-88.0,Consumer Defensive,0.760084982593925,0.9864759427828349,,
2007-09-04,197300,LMT,buy,rebalance,2.0,56.368,2007-09-04,112.736,0.39457600000000004,-105.5,Industrials,0.7645138729721119,0.9690507152145643,,
2007-09-04,195607,NRP,buy,rebalance,1.0,75.729,2007-09-04,75.729,0.2650515,-120.0,Basic Materials,0.7584045452976031,0.9674902470741222,,
2007-09-04,199209,WLY,buy,rebalance,4.0,25.937,2007-09-04,103.748,0.363118,-124.0,Consumer Cyclical,0.7405519835404211,0.9911573472041613,,
2007-09-04,199689,GD,buy,rebalance,2.0,51.525,2007-09-04,103.05,0.360675,-138.0,Industrials,0.7680588955449268,0.9464239271781535,,
2007-09-04,185568,RX,buy,rebalance,3.0,29.701,2007-09-04,89.10300000000001,0.31186050000000004,-155.0,Technology,0.7272173544367185,0.988296488946684,,
2007-09-04,199185,JNJ,buy,rebalance,3.0,35.833,2007-09-04,107.499,0.3762465,-156.0,Healthcare,0.7492249234849606,0.9599479843953186,,
2007-10-01,199209,WLY,sell,criteria:rank:below_top_share,135.0,28.174,2007-10-01,3803.49,13.312215,,,,,3378.3680475,411.80973749999976
2007-10-01,199685,GIS,buy,rebalance,32.0,15.203,2007-10-01,486.496,1.702736,-44.0,Consumer Defensive,0.763758049350991,0.9981263383297645,,
2007-10-01,198615,MO,buy,rebalance,74.0,6.663,2007-10-01,493.062,1.7257170000000002,-48.5,Consumer Defensive,0.7668917179973948,0.9898286937901499,,
2007-10-01,199623,IBM,buy,rebalance,8.0,61.505,2007-10-01,492.04,1.72214,-70.5,Technology,0.7603094104232605,0.9879550321199143,,
2007-10-01,199544,MDP,buy,rebalance,14.0,35.387,2007-10-01,495.418,1.7339630000000001,-79.5,Consumer Cyclical,0.7556067418219501,0.9884903640256959,,
2007-10-01,197469,LH,buy,rebalance,7.0,63.89,2007-10-01,447.23,1.5653050000000002,-85.0,Healthcare,0.7492169443520291,0.9943790149892934,,
2007-10-01,198207,IEX,buy,rebalance,17.0,29.093,2007-10-01,494.581,1.7310335000000001,-91.5,Industrials,0.764606190527925,0.9646680942184154,,
2007-10-01,199122,DHR,buy,rebalance,19.0,25.687,2007-10-01,488.053,1.7081855000000001,-95.5,Healthcare,0.7648396606990719,0.9619914346895075,,
2007-10-01,197300,LMT,buy,rebalance,8.0,62.027,2007-10-01,496.216,1.736756,-101.0,Industrials,0.7621373186426582,0.9630620985010707,,
2007-10-01,198508,MSFT,buy,rebalance,23.0,21.14,2007-10-01,486.22,1.7017700000000002,-125.5,Technology,0.7450198833001087,0.9718950749464668,,
2007-10-01,199670,GNI,buy,rebalance,16.0,29.745,2007-10-01,475.92,1.66572,-149.5,Basic Materials,0.7287372870852652,0.9831370449678801,,
2007-11-01,199685,GIS,buy,rebalance,7.0,14.872,2007-11-01,104.104,0.364364,-43.5,Consumer Defensive,0.763758049350991,0.9981263383297645,,
2007-11-01,198615,MO,buy,rebalance,16.0,6.864,2007-11-01,109.824,0.384384,-47.5,Consumer Defensive,0.7668917179973948,0.9898286937901499,,
2007-11-01,199623,IBM,buy,rebalance,1.0,58.725,2007-11-01,58.725,0.2055375,-69.5,Technology,0.7603094104232606,0.9879550321199143,,
2007-11-01,199544,MDP,buy,rebalance,3.0,36.848,2007-11-01,110.544,0.38690399999999997,-78.5,Consumer Cyclical,0.7556067418219502,0.9884903640256959,,
2007-11-01,197469,LH,buy,rebalance,1.0,55.507,2007-11-01,55.507,0.1942745,-84.0,Healthcare,0.749216944352029,0.9943790149892934,,
2007-11-01,198207,IEX,buy,rebalance,4.0,26.594,2007-11-01,106.376,0.37231600000000004,-90.0,Industrials,0.7646061905279249,0.9646680942184154,,
2007-11-01,199122,DHR,buy,rebalance,4.0,25.538,2007-11-01,102.152,0.357532,-94.0,Healthcare,0.7648396606990719,0.9619914346895075,,
2007-11-01,197300,LMT,buy,rebalance,1.0,62.078,2007-11-01,62.078,0.21727300000000002,-99.5,Industrials,0.7621373186426582,0.9630620985010707,,
2007-11-01,198508,MSFT,buy,rebalance,4.0,26.317,2007-11-01,105.268,0.368438,-124.5,Technology,0.7450198833001087,0.9718950749464668,,
2007-11-01,199670,GNI,buy,rebalance,3.0,31.232,2007-11-01,93.696,0.327936,-148.5,Basic Materials,0.7287372870852652,0.9831370449678801,,
2007-12-03,199685,GIS,buy,rebalance,7.0,15.763,2007-12-03,110.341,0.38619349999999997,-43.0,Consumer Defensive,0.763758049350991,0.9981263383297645,,
2007-12-03,198615,MO,buy,rebalance,16.0,7.408,2007-12-03,118.528,0.41484800000000005,-47.0,Consumer Defensive,0.7668917179973948,0.9898286937901499,,
2007-12-03,199623,IBM,buy,rebalance,2.0,54.882,2007-12-03,109.764,0.384174,-69.0,Technology,0.7603094104232606,0.9879550321199143,,
2007-12-03,199544,MDP,buy,rebalance,3.0,33.42,2007-12-03,100.26,0.35091,-78.0,Consumer Cyclical,0.7556067418219501,0.9884903640256959,,
2007-12-03,197469,LH,buy,rebalance,2.0,58.685,2007-12-03,117.37,0.410795,-83.5,Healthcare,0.7492169443520291,0.9943790149892934,,
2007-12-03,198207,IEX,buy,rebalance,4.0,26.624,2007-12-03,106.496,0.372736,-89.0,Industrials,0.7646061905279249,0.9646680942184154,,
2007-12-03,199122,DHR,buy,rebalance,4.0,26.684,2007-12-03,106.736,0.373576,-93.0,Healthcare,0.7648396606990719,0.9619914346895075,,
2007-12-03,197300,LMT,buy,rebalance,1.0,62.855,2007-12-03,62.855,0.2199925,-98.5,Industrials,0.7621373186426582,0.9630620985010707,,
2007-12-03,198508,MSFT,buy,rebalance,5.0,23.451,2007-12-03,117.255,0.4103925,-123.5,Technology,0.7450198833001087,0.9718950749464668,,
2007-12-03,199670,GNI,buy,rebalance,3.0,30.859,2007-12-03,92.577,0.3240195,-146.5,Basic Materials,0.7287372870852652,0.9831370449678801,,
2008-01-02,199841,CLX,sell,criteria:rank:below_top_share,53.0,35.924,2008-01-02,1903.972,6.663902,,,,,1647.616545,249.69155299999989
2008-01-02,199685,GIS,buy,rebalance,20.0,14.862,2008-01-02,297.24,1.04034,-32.5,Consumer Defensive,0.8084927494964165,0.994345718901454,,
2008-01-02,199601,K,buy,rebalance,11.0,27.285,2008-01-02,300.135,1.0504725,-36.0,Consumer Defensive,0.8119321916136519,0.9870759289176091,,
2008-01-02,199544,MDP,buy,rebalance,9.0,32.997,2008-01-02,296.973,1.0394055,-58.5,Consumer Cyclical,0.801143149021316,0.9876144318793754,,
2008-01-02,199209,WLY,buy,rebalance,11.0,25.87,2008-01-02,284.57,0.995995,-81.5,Consumer Cyclical,0.7887170521486726,0.9894991922455574,,
2008-01-02,199928,ADP,buy,rebalance,12.0,24.009,2008-01-02,288.108,1.008378,-86.0,Industrials,0.7984872631338532,0.9722670974690361,,
2008-01-02,197469,LH,buy,rebalance,4.0,61.283,2008-01-02,245.132,0.857962,-96.0,Healthcare,0.7803222191669913,0.9940764674205708,,
2008-01-02,199900,BA,buy,rebalance,4.0,63.381,2008-01-02,253.524,0.8873340000000001,-96.0,Industrials,0.785319064968464,0.9851911685514271,,
2008-01-02,198439,FISV,buy,rebalance,22.0,13.815,2008-01-02,303.93,1.063755,-103.0,Technology,0.7820514792943053,0.9862681744749596,,
2008-01-02,196997,DGX,buy,rebalance,8.0,37.786,2008-01-02,302.288,1.058008,-121.5,Healthcare,0.7865852599715193,0.9674205708131395,,
2008-01-02,199623,IBM,buy,rebalance,5.0,54.29,2008-01-02,271.45,0.950075,-129.5,Technology,0.7837374735555147,0.9668820678513732,,
2008-02-01,199685,GIS,buy,rebalance,8.0,14.765,2008-02-01,118.12,0.41342,-32.5,Consumer Defensive,0.8084927494964165,0.994345718901454,,
2008-02-01,199601,K,buy,rebalance,4.0,25.936,2008-02-01,103.744,0.363104,-35.5,Consumer Defensive,0.8119321916136519,0.9870759289176091,,
2008-02-01,199544,MDP,buy,rebalance,4.0,28.923,2008-02-01,115.692,0.404922,-57.0,Consumer Cyclical,0.801143149021316,0.9876144318793754,,
2008-02-01,199209,WLY,buy,rebalance,4.0,25.051,2008-02-01,100.204,0.35071399999999997,-80.0,Consumer Cyclical,0.7887170521486724,0.9894991922455574,,
2008-02-01,199928,ADP,buy,rebalance,5.0,22.203,2008-02-01,111.015,0.3885525,-84.5,Industrials,0.7984872631338529,0.9722670974690361,,
2008-02-01,199900,BA,buy,rebalance,1.0,60.557,2008-02-01,60.557,0.2119495,-94.5,Industrials,0.785319064968464,0.9851911685514271,,
2008-02-01,197469,LH,buy,rebalance,1.0,60.63,2008-02-01,60.63,0.212205,-95.0,Healthcare,0.7803222191669913,0.9940764674205708,,
2008-02-01,198439,FISV,buy,rebalance,9.0,13.023,2008-02-01,117.207,0.4102245,-101.5,Technology,0.7820514792943053,0.9862681744749596,,
2008-02-01,196997,DGX,buy,rebalance,3.0,36.875,2008-02-01,110.625,0.3871875,-120.0,Healthcare,0.7865852599715193,0.9674205708131395,,
2008-02-01,199623,IBM,buy,rebalance,2.0,56.567,2008-02-01,113.134,0.395969,-128.0,Technology,0.7837374735555147,0.9668820678513732,,
2008-03-03,199685,GIS,buy,rebalance,7.0,14.963,2008-03-03,104.741,0.3665935,-32.5,Consumer Defensive,0.8084927494964167,0.994345718901454,,
2008-03-03,199601,K,buy,rebalance,4.0,26.994,2008-03-03,107.976,0.37791600000000003,-35.5,Consumer Defensive,0.8119321916136519,0.9870759289176091,,
2008-03-03,199544,MDP,buy,rebalance,4.0,26.757,2008-03-03,107.028,0.37459800000000004,-57.0,Consumer Cyclical,0.801143149021316,0.9876144318793754,,
2008-03-03,199209,WLY,buy,rebalance,5.0,22.677,2008-03-03,113.38499999999999,0.39684749999999996,-79.5,Consumer Cyclical,0.7887170521486726,0.9894991922455574,,
2008-03-03,199928,ADP,buy,rebalance,5.0,22.342,2008-03-03,111.71,0.39098499999999997,-84.5,Industrials,0.7984872631338529,0.9722670974690361,,
2008-03-03,199900,BA,buy,rebalance,1.0,59.323,2008-03-03,59.323,0.2076305,-94.0,Industrials,0.785319064968464,0.9851911685514271,,
2008-03-03,197469,LH,buy,rebalance,1.0,62.827,2008-03-03,62.827,0.2198945,-94.5,Healthcare,0.7803222191669913,0.9940764674205708,,
2008-03-03,198439,FISV,buy,rebalance,9.0,13.113,2008-03-03,118.017,0.41305949999999997,-101.0,Technology,0.7820514792943053,0.9862681744749596,,
2008-03-03,196997,DGX,buy,rebalance,3.0,34.617,2008-03-03,103.851,0.3634785,-119.0,Healthcare,0.7865852599715193,0.9674205708131395,,
2008-03-03,199623,IBM,buy,rebalance,1.0,59.466,2008-03-03,59.466,0.208131,-127.0,Technology,0.7837374735555147,0.9668820678513732,,
2008-04-01,199685,GIS,buy,rebalance,7.0,16.133,2008-04-01,112.931,0.3952585,-29.5,Consumer Defensive,0.8110792708434756,0.9945280437756497,,
2008-04-01,199601,K,buy,rebalance,4.0,28.799,2008-04-01,115.196,0.403186,-41.5,Consumer Defensive,0.8114561541563377,0.9852257181942544,,
2008-04-01,199544,MDP,buy,rebalance,5.0,23.848,2008-04-01,119.24,0.41734,-58.5,Consumer Cyclical,0.79725222251994,0.9939808481532147,,
2008-04-01,199928,ADP,buy,rebalance,5.0,24.283,2008-04-01,121.415,0.4249525,-83.0,Industrials,0.8026420982633563,0.9699042407660738,,
2008-04-01,197469,LH,buy,rebalance,2.0,60.94,2008-04-01,121.88,0.42658,-86.0,Healthcare,0.7874344914756897,0.9937072503419973,,
2008-04-01,199209,WLY,buy,rebalance,4.0,25.508,2008-04-01,102.032,0.357112,-105.0,Consumer Cyclical,0.7775302223510843,0.9964432284541723,,
2008-04-01,199900,BA,buy,rebalance,2.0,55.801,2008-04-01,111.602,0.39060700000000004,-108.5,Industrials,0.7828992438763465,0.9863201094391245,,
2008-04-01,188136,LNCR,buy,rebalance,6.0,17.885,2008-04-01,107.31,0.375585,-111.0,Healthcare,0.7734341390203363,0.9986320109439124,,
2008-04-01,198439,FISV,buy,rebalance,9.0,12.717,2008-04-01,114.453,0.40058550000000004,-115.5,Technology,0.7896154486875682,0.9709986320109439,,
2008-04-01,199623,IBM,buy,rebalance,2.0,60.643,2008-04-01,121.286,0.424501,-137.5,Technology,0.783166282962552,0.9671682626538988,,
2008-05-01,199685,GIS,buy,rebalance,6.0,16.331,2008-05-01,97.98599999999999,0.34295099999999995,-29.0,Consumer Defensive,0.8110792708434759,0.9945280437756497,,
2008-05-01,199601,K,buy,rebalance,3.0,27.91,2008-05-01,83.73,0.293055,-41.0,Consumer Defensive,0.8114561541563377,0.9852257181942544,,
2008-05-01,199544,MDP,buy,rebalance,5.0,20.957,2008-05-01,104.785,0.3667475,-58.0,Consumer Cyclical,0.79725222251994,0.9939808481532147,,
2008-05-01,199928,ADP,buy,rebalance,4.0,25.296,2008-05-01,101.184,0.354144,-82.5,Industrials,0.8026420982633563,0.9699042407660738,,
2008-05-01,197469,LH,buy,rebalance,1.0,62.231,2008-05-01,62.231,0.21780850000000002,-85.5,Healthcare,0.7874344914756897,0.9937072503419973,,
2008-05-01,199209,WLY,buy,rebalance,3.0,29.38,2008-05-01,88.14,0.30849,-104.5,Consumer Cyclical,0.7775302223510844,0.9964432284541723,,
2008-05-01,199900,BA,buy,rebalance,1.0,62.809,2008-05-01,62.809,0.21983149999999999,-108.0,Industrials,0.7828992438763465,0.9863201094391245,,
2008-05-01,188136,LNCR,buy,rebalance,7.0,15.248,2008-05-01,106.73599999999999,0.37357599999999996,-110.5,Healthcare,0.7734341390203363,0.9986320109439124,,
2008-05-01,198439,FISV,buy,rebalance,8.0,13.08,2008-05-01,104.64,0.36624,-115.0,Technology,0.7896154486875682,0.9709986320109439,,
2008-05-01,199623,IBM,buy,rebalance,1.0,64.35,2008-05-01,64.35,0.22522499999999998,-137.0,Technology,0.783166282962552,0.9671682626538988,,
2008-06-02,199685,GIS,buy,rebalance,7.0,16.744,2008-06-02,117.208,0.410228,-29.0,Consumer Defensive,0.8110792708434759,0.9945280437756497,,
2008-06-02,199601,K,buy,rebalance,4.0,27.516,2008-06-02,110.064,0.385224,-41.0,Consumer Defensive,0.8114561541563377,0.9852257181942544,,
2008-06-02,199544,MDP,buy,rebalance,5.0,20.554,2008-06-02,102.77,0.359695,-57.5,Consumer Cyclical,0.79725222251994,0.9939808481532147,,
2008-06-02,199928,ADP,buy,rebalance,5.0,23.919,2008-06-02,119.595,0.4185825,-81.5,Industrials,0.8026420982633563,0.9699042407660738,,
2008-06-02,197469,LH,buy,rebalance,1.0,61.079,2008-06-02,61.079,0.2137765,-84.5,Healthcare,0.7874344914756897,0.9937072503419973,,
2008-06-02,199209,WLY,buy,rebalance,4.0,29.588,2008-06-02,118.352,0.41423200000000004,-103.0,Consumer Cyclical,0.7775302223510844,0.9964432284541723,,
2008-06-02,199900,BA,buy,rebalance,1.0,59.958,2008-06-02,59.958,0.209853,-107.0,Industrials,0.7828992438763465,0.9863201094391245,,
2008-06-02,188136,LNCR,buy,rebalance,7.0,16.335,2008-06-02,114.345,0.4002075,-109.0,Healthcare,0.7734341390203363,0.9986320109439124,,
2008-06-02,198439,FISV,buy,rebalance,9.0,12.78,2008-06-02,115.02,0.40257,-114.0,Technology,0.7896154486875684,0.9709986320109439,,
2008-06-02,199623,IBM,buy,rebalance,1.0,66.569,2008-06-02,66.569,0.23299150000000002,-135.5,Technology,0.783166282962552,0.9671682626538988,,
2008-07-01,198615,MO,sell,criteria:rank:below_top_share,164.0,6.509,2008-07-01,1067.476,3.7361660000000003,,,,,1104.0808049999998,-40.34097099999963
2008-07-01,199685,GIS,buy,rebalance,13.0,16.235,2008-07-01,211.055,0.7386925000000001,-31.5,Consumer Defensive,0.8109874165579672,0.9944208289054197,,
2008-07-01,197469,LH,buy,rebalance,4.0,56.21,2008-07-01,224.84,0.78694,-51.0,Healthcare,0.8043473132393328,0.9904357066950054,,
2008-07-01,195259,RAI,buy,rebalance,31.0,7.115,2008-07-01,220.565,0.7719775,-57.5,Consumer Defensive,0.8115098286198059,0.9776833156216791,,
2008-07-01,124603,TCP,buy,rebalance,16.0,13.83,2008-07-01,221.28,0.7744800000000001,-63.5,Energy,0.8122318690911169,0.973432518597237,,
2008-07-01,198439,FISV,buy,rebalance,20.0,11.325,2008-07-01,226.5,0.7927500000000001,-75.5,Technology,0.7945614560105998,0.9888416578108395,,
2008-07-01,199209,WLY,buy,rebalance,8.0,27.845,2008-07-01,222.76,0.77966,-90.0,Consumer Cyclical,0.783565504273697,0.9973432518597237,,
2008-07-01,197712,MD,buy,rebalance,9.0,24.49,2008-07-01,220.41,0.771435,-99.0,Healthcare,0.7824361746395906,0.9941551540913921,,
2008-07-01,198804,PAYX,buy,rebalance,13.0,16.89,2008-07-01,219.57,0.768495,-103.5,Industrials,0.7891928508834909,0.9803400637619554,,
2008-07-01,199928,ADP,buy,rebalance,9.0,24.016,2008-07-01,216.14399999999998,0.756504,-105.0,Industrials,0.8095152215490599,0.9535069075451648,,
2008-07-01,198508,MSFT,buy,rebalance,11.0,19.287,2008-07-01,212.15699999999998,0.7425495,-148.0,Technology,0.7728665457451755,0.9784803400637619,,
2008-08-01,199685,GIS,buy,rebalance,6.0,17.263,2008-08-01,103.578,0.36252300000000004,-31.0,Consumer Defensive,0.8109874165579672,0.9944208289054197,,
2008-08-01,197469,LH,buy,rebalance,1.0,55.417,2008-08-01,55.417,0.1939595,-50.5,Healthcare,0.8043473132393328,0.9904357066950054,,
2008-08-01,195259,RAI,buy,rebalance,12.0,8.529,2008-08-01,102.348,0.358218,-57.0,Consumer Defensive,0.8115098286198059,0.9776833156216791,,
2008-08-01,124603,TCP,buy,rebalance,7.0,13.98,2008-08-01,97.86,0.34251,-63.0,Energy,0.8122318690911169,0.973432518597237,,
2008-08-01,198439,FISV,buy,rebalance,8.0,12.14,2008-08-01,97.12,0.33992,-75.0,Technology,0.7945614560105998,0.9888416578108395,,
2008-08-01,199209,WLY,buy,rebalance,3.0,28.872,2008-08-01,86.616,0.303156,-89.5,Consumer Cyclical,0.7835655042736971,0.9973432518597237,,
2008-08-01,197712,MD,buy,rebalance,4.0,24.205,2008-08-01,96.82,0.33887,-98.5,Healthcare,0.7824361746395908,0.9941551540913921,,
2008-08-01,198804,PAYX,buy,rebalance,6.0,17.598,2008-08-01,105.588,0.369558,-103.0,Industrials,0.7891928508834909,0.9803400637619554,,
2008-08-01,199928,ADP,buy,rebalance,4.0,24.196,2008-08-01,96.784,0.33874400000000005,-104.5,Industrials,0.8095152215490599,0.9535069075451648,,
2008-08-01,198508,MSFT,buy,rebalance,5.0,18.261,2008-08-01,91.30499999999999,0.3195675,-147.5,Technology,0.7728665457451755,0.9784803400637619,,
2008-09-02,199685,GIS,buy,rebalance,6.0,18.087,2008-09-02,108.52199999999999,0.37982699999999997,-31.0,Consumer Defensive,0.8109874165579671,0.9944208289054197,,
2008-09-02,197469,LH,buy,rebalance,1.0,60.303,2008-09-02,60.303,0.21106049999999998,-50.5,Healthcare,0.8043473132393331,0.9904357066950054,,
2008-09-02,195259,RAI,buy,rebalance,13.0,8.221,2008-09-02,106.873,0.37405550000000004,-56.5,Consumer Defensive,0.811509828619806,0.9776833156216791,,
2008-09-02,124603,TCP,buy,rebalance,8.0,13.85,2008-09-02,110.8,0.3878,-62.5,Energy,0.8122318690911169,0.973432518597237,,
2008-09-02,198439,FISV,buy,rebalance,8.0,12.908,2008-09-02,103.264,0.36142399999999997,-75.0,Technology,0.7945614560105998,0.9888416578108395,,
2008-09-02,199209,WLY,buy,rebalance,3.0,30.817,2008-09-02,92.451,0.3235785,-89.5,Consumer Cyclical,0.783565504273697,0.9973432518597237,,
2008-09-02,197712,MD,buy,rebalance,3.0,28.685,2008-09-02,86.05499999999999,0.3011925,-98.5,Healthcare,0.7824361746395907,0.9941551540913921,,
2008-09-02,198804,PAYX,buy,rebalance,6.0,18.887,2008-09-02,113.322,0.396627,-103.0,Industrials,0.789192850883491,0.9803400637619554,,
2008-09-02,199928,ADP,buy,rebalance,4.0,25.424,2008-09-02,101.696,0.355936,-104.0,Industrials,0.80951522154906,0.9535069075451648,,
2008-09-02,198508,MSFT,buy,rebalance,5.0,19.531,2008-09-02,97.655,0.3417925,-147.5,Technology,0.7728665457451755,0.9784803400637619,,
2008-10-01,199209,WLY,sell,criteria:rank:below_top_share,45.0,25.813,2008-10-01,1161.585,4.0655475,,,,,1212.7397849999998,-55.22033249999981
2008-10-01,197469,LH,buy,rebalance,4.0,56.545,2008-10-01,226.18,0.7916300000000001,-57.0,Healthcare,0.8007315022487971,0.9910155186496052,,
2008-10-01,199685,GIS,buy,rebalance,12.0,18.822,2008-10-01,225.86399999999998,0.7905239999999999,-57.0,Consumer Defensive,0.8080412743927897,0.9801252382248843,,
2008-10-01,124603,TCP,buy,rebalance,17.0,12.887,2008-10-01,219.079,0.7667765000000001,-58.0,Energy,0.8172591028349686,0.9725020419275796,,
2008-10-01,199411,PG,buy,rebalance,5.0,42.154,2008-10-01,210.77,0.7376950000000001,-71.0,Consumer Defensive,0.8036477547975255,0.9790362101824122,,
2008-10-01,198439,FISV,buy,rebalance,20.0,11.508,2008-10-01,230.15999999999997,0.8055599999999999,-81.0,Technology,0.7889918399024273,0.9899264906071331,,
2008-10-01,198804,PAYX,buy,rebalance,13.0,17.528,2008-10-01,227.86399999999998,0.7975239999999999,-95.0,Industrials,0.7923493623438467,0.9787639531717942,,
2008-10-01,199928,ADP,buy,rebalance,9.0,23.889,2008-10-01,215.001,0.7525035,-100.5,Industrials,0.809243231964889,0.9531717941737,,
2008-10-01,199623,IBM,buy,rebalance,3.0,57.786,2008-10-01,173.358,0.606753,-102.0,Technology,0.7953429530004545,0.9697794718213995,,
2008-10-01,199499,NRC,buy,rebalance,34.0,6.707,2008-10-01,228.03799999999998,0.798133,-112.5,Healthcare,0.7738600306425698,0.9942826027770215,,
2008-10-01,195607,NRP,buy,rebalance,3.0,58.259,2008-10-01,174.777,0.6117195,-169.0,Basic Materials,0.7662464201383887,0.9716852708957255,,
2008-11-03,197469,LH,buy,rebalance,2.0,50.188,2008-11-03,100.376,0.351316,-57.0,Healthcare,0.8007315022487971,0.9910155186496052,,
2008-11-03,199685,GIS,buy,rebalance,6.0,18.335,2008-11-03,110.01,0.385035,-57.0,Consumer Defensive,0.8080412743927897,0.9801252382248843,,
2008-11-03,124603,TCP,buy,rebalance,10.0,11.421,2008-11-03,114.21,0.399735,-58.0,Energy,0.8172591028349686,0.9725020419275796,,
2008-11-03,199411,PG,buy,rebalance,3.0,38.35,2008-11-03,115.05000000000001,0.40267500000000006,-71.0,Consumer Defensive,0.8036477547975255,0.9790362101824122,,
2008-11-03,198439,FISV,buy,rebalance,13.0,8.477,2008-11-03,110.20100000000001,0.38570350000000003,-81.0,Technology,0.7889918399024273,0.9899264906071331,,
2008-11-03,198804,PAYX,buy,rebalance,7.0,15.701,2008-11-03,109.90700000000001,0.38467450000000003,-95.0,Industrials,0.7923493623438467,0.9787639531717942,,
2008-11-03,199928,ADP,buy,rebalance,6.0,18.865,2008-11-03,113.19,0.396165,-100.5,Industrials,0.8092432319648892,0.9531717941737,,
2008-11-03,199623,IBM,buy,rebalance,2.0,48.63,2008-11-03,97.26,0.34041000000000005,-102.0,Technology,0.7953429530004545,0.9697794718213995,,
2008-11-03,199499,NRC,buy,rebalance,18.0,6.361,2008-11-03,114.49799999999999,0.40074299999999996,-112.5,Healthcare,0.7738600306425698,0.9942826027770215,,
2008-11-03,195607,NRP,buy,rebalance,2.0,57.469,2008-11-03,114.938,0.402283,-169.0,Basic Materials,0.7662464201383887,0.9716852708957255,,
2008-12-01,197469,LH,buy,rebalance,2.0,48.661,2008-12-01,97.322,0.340627,-57.0,Healthcare,0.8007315022487973,0.9910155186496052,,
2008-12-01,199685,GIS,buy,rebalance,6.0,16.502,2008-12-01,99.012,0.346542,-57.0,Consumer Defensive,0.8080412743927896,0.9801252382248843,,
2008-12-01,124603,TCP,buy,rebalance,12.0,8.849,2008-12-01,106.188,0.371658,-57.5,Energy,0.8172591028349686,0.9725020419275796,,
2008-12-01,199411,PG,buy,rebalance,2.0,36.022,2008-12-01,72.044,0.252154,-70.5,Consumer Defensive,0.8036477547975256,0.9790362101824122,,
2008-12-01,198439,FISV,buy,rebalance,13.0,8.002,2008-12-01,104.02600000000001,0.36409100000000005,-81.0,Technology,0.7889918399024273,0.9899264906071331,,
2008-12-01,198804,PAYX,buy,rebalance,7.0,14.137,2008-12-01,98.959,0.3463565,-94.5,Industrials,0.7923493623438468,0.9787639531717942,,
2008-12-01,199928,ADP,buy,rebalance,4.0,21.382,2008-12-01,85.528,0.299348,-100.0,Industrials,0.8092432319648891,0.9531717941737,,
2008-12-01,199623,IBM,buy,rebalance,2.0,40.587,2008-12-01,81.174,0.28410900000000006,-101.5,Technology,0.7953429530004547,0.9697794718213995,,
2008-12-01,199499,NRC,buy,rebalance,20.0,5.215,2008-12-01,104.3,0.36505,-112.5,Healthcare,0.7738600306425699,0.9942826027770215,,
2008-12-01,195607,NRP,buy,rebalance,2.0,35.894,2008-12-01,71.788,0.251258,-168.5,Basic Materials,0.7662464201383887,0.9716852708957255,,
2009-01-02,197469,LH,buy,rebalance,2.0,53.048,2009-01-02,106.096,0.371336,-33.0,Healthcare,0.783858976408858,0.9931488078925733,,
2009-01-02,199411,PG,buy,rebalance,3.0,37.397,2009-01-02,112.191,0.39266850000000003,-47.5,Consumer Defensive,0.7771661345668974,0.991778569471088,,
2009-01-02,195259,RAI,buy,rebalance,17.0,6.485,2009-01-02,110.245,0.3858575,-50.5,Consumer Defensive,0.7883165863352466,0.9761578514661551,,
2009-01-02,124603,TCP,buy,rebalance,11.0,10.169,2009-01-02,111.85900000000001,0.39150650000000004,-67.0,Energy,0.7868552431519813,0.9679364209372431,,
2009-01-02,199623,IBM,buy,rebalance,2.0,46.113,2009-01-02,92.226,0.322791,-68.0,Technology,0.7777136268550264,0.9764318991504521,,
2009-01-02,197300,LMT,buy,rebalance,2.0,49.925,2009-01-02,99.85,0.349475,-71.0,Industrials,0.7776053813530802,0.9747876130446698,,
2009-01-02,198804,PAYX,buy,rebalance,7.0,14.636,2009-01-02,102.452,0.358582,-76.0,Industrials,0.7767193087981461,0.9731433269388874,,
2009-01-02,188136,LNCR,buy,rebalance,6.0,16.804,2009-01-02,100.82399999999998,0.352884,-82.0,Healthcare,0.7751960113094607,0.9720471362016991,,
2009-01-02,198439,FISV,buy,rebalance,11.0,9.547,2009-01-02,105.01700000000001,0.36755950000000004,-120.0,Technology,0.7528557964848089,0.9857495204165525,,
2009-01-02,195607,NRP,buy,rebalance,2.0,48.047,2009-01-02,96.094,0.336329,-125.0,Basic Materials,0.7616173771229635,0.9684845163058372,,
2009-02-02,185395,UST1,sell,criteria:rank:not_a_candidate,11.0,69.46,2009-02-02,764.06,2.67421,,,,,469.9340325,291.4517574999999
2009-02-02,197469,LH,buy,rebalance,3.0,48.775,2009-02-02,146.325,0.5121375,-33.0,Healthcare,0.783858976408858,0.9931488078925733,,
2009-02-02,199411,PG,buy,rebalance,5.0,31.811,2009-02-02,159.055,0.5566925,-47.5,Consumer Defensive,0.7771661345668973,0.991778569471088,,
2009-02-02,195259,RAI,buy,rebalance,30.0,6.157,2009-02-02,184.71,0.6464850000000001,-50.5,Consumer Defensive,0.7883165863352467,0.9761578514661551,,
2009-02-02,124603,TCP,buy,rebalance,17.0,10.613,2009-02-02,180.421,0.6314735,-66.5,Energy,0.7868552431519813,0.9679364209372431,,
2009-02-02,199623,IBM,buy,rebalance,3.0,47.992,2009-02-02,143.976,0.503916,-68.0,Technology,0.7777136268550264,0.9764318991504521,,
2009-02-02,197300,LMT,buy,rebalance,4.0,46.208,2009-02-02,184.832,0.646912,-71.0,Industrials,0.7776053813530801,0.9747876130446698,,
2009-02-02,198804,PAYX,buy,rebalance,13.0,13.452,2009-02-02,174.876,0.612066,-76.0,Industrials,0.7767193087981462,0.9731433269388874,,
2009-02-02,188136,LNCR,buy,rebalance,12.0,15.405,2009-02-02,184.85999999999999,0.64701,-82.0,Healthcare,0.7751960113094607,0.9720471362016991,,
2009-02-02,198439,FISV,buy,rebalance,23.0,7.955,2009-02-02,182.965,0.6403775,-120.0,Technology,0.7528557964848089,0.9857495204165525,,
2009-02-02,195607,NRP,buy,rebalance,3.0,57.764,2009-02-02,173.292,0.606522,-124.5,Basic Materials,0.7616173771229635,0.9684845163058372,,
2009-03-02,197469,LH,buy,rebalance,2.0,44.478,2009-03-02,88.956,0.311346,-32.0,Healthcare,0.7838589764088582,0.9931488078925733,,
2009-03-02,199411,PG,buy,rebalance,4.0,28.105,2009-03-02,112.42,0.39347,-46.5,Consumer Defensive,0.7771661345668974,0.991778569471088,,
2009-03-02,195259,RAI,buy,rebalance,21.0,5.315,2009-03-02,111.61500000000001,0.3906525,-50.0,Consumer Defensive,0.7883165863352468,0.9761578514661551,,
2009-03-02,124603,TCP,buy,rebalance,10.0,10.428,2009-03-02,104.28,0.36498,-65.5,Energy,0.7868552431519811,0.9679364209372431,,
2009-03-02,199623,IBM,buy,rebalance,2.0,47.244,2009-03-02,94.488,0.330708,-67.0,Technology,0.7777136268550264,0.9764318991504521,,
2009-03-02,197300,LMT,buy,rebalance,3.0,35.281,2009-03-02,105.84299999999999,0.37045049999999996,-70.0,Industrials,0.7776053813530802,0.9747876130446698,,
2009-03-02,198804,PAYX,buy,rebalance,10.0,11.39,2009-03-02,113.9,0.39865,-75.0,Industrials,0.7767193087981462,0.9731433269388874,,
2009-03-02,188136,LNCR,buy,rebalance,9.0,12.525,2009-03-02,112.72500000000001,0.39453750000000004,-81.0,Healthcare,0.7751960113094607,0.9720471362016991,,
2009-03-02,198439,FISV,buy,rebalance,14.0,8.005,2009-03-02,112.07000000000001,0.392245,-119.0,Technology,0.7528557964848089,0.9857495204165525,,
2009-03-02,195607,NRP,buy,rebalance,2.0,47.27,2009-03-02,94.54,0.33089,-123.0,Basic Materials,0.7616173771229635,0.9684845163058372,,
2009-04-01,199499,NRC,sell,criteria:rank:not_a_candidate,72.0,5.591,2009-04-01,402.552,1.408932,,,,,448.399926,-47.256857999999966
2009-04-01,199411,PG,buy,rebalance,5.0,28.909,2009-04-01,144.545,0.5059075,-33.5,Consumer Defensive,0.7841440117405155,0.9932904668716802,,
2009-04-01,199576,VGR,buy,rebalance,79.0,1.861,2009-04-01,147.019,0.5145665,-38.5,Consumer Defensive,0.7917283067244131,0.9829466032988537,,
2009-04-01,124603,TCP,buy,rebalance,11.0,12.78,2009-04-01,140.57999999999998,0.49202999999999997,-51.0,Energy,0.7951365477458375,0.9706457925636007,,
2009-04-01,188136,LNCR,buy,rebalance,10.0,13.668,2009-04-01,136.68,0.47838,-65.0,Healthcare,0.7832287139245164,0.9712049203242941,,
2009-04-01,198804,PAYX,buy,rebalance,10.0,14.123,2009-04-01,141.23,0.494305,-70.5,Industrials,0.7787100505036686,0.9731618674867207,,
2009-04-01,199623,IBM,buy,rebalance,2.0,51.785,2009-04-01,103.57,0.36249499999999996,-76.5,Technology,0.7744027021897321,0.9773553256919206,,
2009-04-01,199928,ADP,buy,rebalance,7.0,20.266,2009-04-01,141.862,0.496517,-77.5,Industrials,0.7836584503716519,0.9633771316745876,,
2009-04-01,197469,LH,buy,rebalance,3.0,47.884,2009-04-01,143.652,0.502782,-88.0,Healthcare,0.779717634318204,0.960581492871121,,
2009-04-01,193203,ACN,buy,rebalance,7.0,19.667,2009-04-01,137.669,0.48184150000000003,-120.0,Technology,0.7635770517481524,0.9678501537601342,,
2009-04-01,199357,SHW,buy,rebalance,10.0,14.236,2009-04-01,142.36,0.49826000000000004,-136.0,Basic Materials,0.7537879864029787,0.9737209952474141,,
2009-05-01,199411,PG,buy,rebalance,3.0,29.945,2009-05-01,89.83500000000001,0.31442250000000005,-33.5,Consumer Defensive,0.7841440117405155,0.9932904668716802,,
2009-05-01,199576,VGR,buy,rebalance,58.0,1.893,2009-05-01,109.794,0.384279,-38.5,Consumer Defensive,0.7917283067244131,0.9829466032988537,,
2009-05-01,124603,TCP,buy,rebalance,8.0,13.38,2009-05-01,107.04,0.37464000000000003,-50.5,Energy,0.7951365477458376,0.9706457925636007,,
2009-05-01,188136,LNCR,buy,rebalance,7.0,14.817,2009-05-01,103.719,0.36301649999999996,-64.5,Healthcare,0.7832287139245164,0.9712049203242941,,
2009-05-01,198804,PAYX,buy,rebalance,7.0,14.978,2009-05-01,104.846,0.36696100000000004,-70.0,Industrials,0.7787100505036685,0.9731618674867207,,
2009-05-01,199623,IBM,buy,rebalance,1.0,55.499,2009-05-01,55.499,0.19424650000000002,-76.0,Technology,0.774402702189732,0.9773553256919206,,
2009-05-01,199928,ADP,buy,rebalance,5.0,20.509,2009-05-01,102.545,0.3589075,-77.0,Industrials,0.783658450371652,0.9633771316745876,,
2009-05-01,197469,LH,buy,rebalance,2.0,51.43,2009-05-01,102.86,0.36001,-87.5,Healthcare,0.779717634318204,0.960581492871121,,
2009-05-01,193203,ACN,buy,rebalance,5.0,21.239,2009-05-01,106.19500000000001,0.3716825,-119.0,Technology,0.7635770517481524,0.9678501537601342,,
2009-05-01,199357,SHW,buy,rebalance,7.0,15.133,2009-05-01,105.931,0.3707585,-133.5,Basic Materials,0.7537879864029787,0.9737209952474141,,
2009-06-01,199411,PG,buy,rebalance,3.0,32.28,2009-06-01,96.84,0.33894,-33.5,Consumer Defensive,0.7841440117405155,0.9932904668716802,,
2009-06-01,199576,VGR,buy,rebalance,53.0,2.073,2009-06-01,109.869,0.3845415,-38.5,Consumer Defensive,0.7917283067244131,0.9829466032988537,,
2009-06-01,124603,TCP,buy,rebalance,6.0,15.992,2009-06-01,95.952,0.335832,-50.5,Energy,0.7951365477458375,0.9706457925636007,,
2009-06-01,188136,LNCR,buy,rebalance,8.0,13.849,2009-06-01,110.792,0.387772,-64.5,Healthcare,0.7832287139245164,0.9712049203242941,,
2009-06-01,198804,PAYX,buy,rebalance,7.0,15.829,2009-06-01,110.803,0.3878105,-70.0,Industrials,0.7787100505036686,0.9731618674867207,,
2009-06-01,199623,IBM,buy,rebalance,1.0,57.796,2009-06-01,57.796,0.202286,-76.0,Technology,0.7744027021897321,0.9773553256919206,,
2009-06-01,199928,ADP,buy,rebalance,4.0,22.414,2009-06-01,89.656,0.313796,-77.0,Industrials,0.7836584503716519,0.9633771316745876,,
2009-06-01,197469,LH,buy,rebalance,2.0,50.572,2009-06-01,101.144,0.35400400000000004,-87.5,Healthcare,0.779717634318204,0.960581492871121,,
2009-06-01,193203,ACN,buy,rebalance,4.0,22.263,2009-06-01,89.052,0.311682,-119.0,Technology,0.7635770517481522,0.9678501537601342,,
2009-06-01,199357,SHW,buy,rebalance,7.0,14.794,2009-06-01,103.558,0.362453,-132.5,Basic Materials,0.7537879864029787,0.9737209952474141,,
2009-07-01,199576,VGR,buy,rebalance,54.0,2.113,2009-07-01,114.102,0.399357,-34.0,Consumer Defensive,0.7952851716081075,0.9840157038698822,,
2009-07-01,199411,PG,buy,rebalance,3.0,31.458,2009-07-01,94.374,0.33030899999999996,-35.5,Consumer Defensive,0.7863022095505293,0.9932697700504767,,
2009-07-01,124603,TCP,buy,rebalance,7.0,15.382,2009-07-01,107.67399999999999,0.376859,-37.0,Energy,0.8032379749026685,0.9767246214245653,,
2009-07-01,199928,ADP,buy,rebalance,5.0,20.591,2009-07-01,102.95500000000001,0.36034250000000007,-63.5,Industrials,0.7902658490316118,0.9683118339876613,,
2009-07-01,196997,DGX,buy,rebalance,2.0,41.834,2009-07-01,83.668,0.29283800000000004,-65.5,Healthcare,0.7804582522797479,0.9764441951766686,,
2009-07-01,197300,LMT,buy,rebalance,2.0,47.775,2009-07-01,95.55,0.334425,-75.5,Industrials,0.7793757435169126,0.9727986539540101,,
2009-07-01,185526,SY2,buy,rebalance,3.0,31.2,2009-07-01,93.6,0.3276,-81.5,Technology,0.7723182721145383,0.982893998878295,,
2009-07-01,199623,IBM,buy,rebalance,2.0,55.913,2009-07-01,111.826,0.391391,-86.5,Technology,0.780343352708751,0.964385866517106,,
2009-07-01,197469,LH,buy,rebalance,2.0,55.27,2009-07-01,110.54,0.38689,-99.0,Healthcare,0.779648055105449,0.957375210319686,,
2009-07-01,199357,SHW,buy,rebalance,7.0,14.791,2009-07-01,103.537,0.3623795,-144.0,Basic Materials,0.7580151432135142,0.9669097027481772,,
2009-08-03,199576,VGR,buy,rebalance,52.0,2.147,2009-08-03,111.64399999999999,0.390754,-34.0,Consumer Defensive,0.7952851716081075,0.9840157038698822,,
2009-08-03,199411,PG,buy,rebalance,3.0,33.911,2009-08-03,101.733,0.35606550000000003,-35.5,Consumer Defensive,0.7863022095505293,0.9932697700504767,,
2009-08-03,124603,TCP,buy,rebalance,6.0,16.295,2009-08-03,97.77000000000001,0.342195,-36.5,Energy,0.8032379749026685,0.9767246214245653,,
2009-08-03,199928,ADP,buy,rebalance,5.0,22.17,2009-08-03,110.85000000000001,0.387975,-63.0,Industrials,0.7902658490316118,0.9683118339876613,,
2009-08-03,196997,DGX,buy,rebalance,2.0,39.681,2009-08-03,79.362,0.277767,-65.0,Healthcare,0.7804582522797477,0.9764441951766686,,
2009-08-03,197300,LMT,buy,rebalance,2.0,44.878,2009-08-03,89.756,0.314146,-75.0,Industrials,0.7793757435169126,0.9727986539540101,,
2009-08-03,185526,SY2,buy,rebalance,3.0,35.65,2009-08-03,106.94999999999999,0.37432499999999996,-81.5,Technology,0.7723182721145383,0.982893998878295,,
2009-08-03,199623,IBM,buy,rebalance,1.0,63.956,2009-08-03,63.956,0.22384600000000002,-86.0,Technology,0.7803433527087511,0.964385866517106,,
2009-08-03,197469,LH,buy,rebalance,2.0,55.229,2009-08-03,110.458,0.38660300000000003,-98.5,Healthcare,0.779648055105449,0.957375210319686,,
2009-08-03,199357,SHW,buy,rebalance,6.0,16.32,2009-08-03,97.92,0.34272,-143.5,Basic Materials,0.758015143213514,0.9669097027481772,,
2009-09-01,199576,VGR,buy,rebalance,50.0,2.265,2009-09-01,113.25,0.39637500000000003,-34.0,Consumer Defensive,0.7952851716081075,0.9840157038698822,,
2009-09-01,199411,PG,buy,rebalance,3.0,32.332,2009-09-01,96.99600000000001,0.33948600000000007,-35.5,Consumer Defensive,0.7863022095505293,0.9932697700504767,,
2009-09-01,124603,TCP,buy,rebalance,6.0,16.469,2009-09-01,98.81400000000001,0.345849,-36.5,Energy,0.8032379749026684,0.9767246214245653,,
2009-09-01,199928,ADP,buy,rebalance,5.0,22.006,2009-09-01,110.03,0.38510500000000003,-63.0,Industrials,0.7902658490316118,0.9683118339876613,,
2009-09-01,196997,DGX,buy,rebalance,2.0,39.032,2009-09-01,78.064,0.27322399999999997,-65.0,Healthcare,0.7804582522797477,0.9764441951766686,,
2009-09-01,197300,LMT,buy,rebalance,2.0,45.13,2009-09-01,90.26,0.31591,-75.0,Industrials,0.7793757435169126,0.9727986539540101,,
2009-09-01,185526,SY2,buy,rebalance,3.0,34.66,2009-09-01,103.97999999999999,0.36393,-81.5,Technology,0.7723182721145383,0.982893998878295,,
2009-09-01,199623,IBM,buy,rebalance,1.0,62.525,2009-09-01,62.525,0.2188375,-86.0,Technology,0.7803433527087511,0.964385866517106,,
2009-09-01,197469,LH,buy,rebalance,2.0,56.161,2009-09-01,112.322,0.393127,-98.5,Healthcare,0.779648055105449,0.957375210319686,,
2009-09-01,199357,SHW,buy,rebalance,6.0,16.457,2009-09-01,98.742,0.34559700000000004,-143.0,Basic Materials,0.758015143213514,0.9669097027481772,,
2009-10-01,124603,TCP,buy,rebalance,6.0,17.087,2009-10-01,102.52199999999999,0.35882699999999995,-49.5,Energy,0.7999034712417891,0.9732498577120091,,
2009-10-01,199411,PG,buy,rebalance,3.0,34.527,2009-10-01,103.581,0.3625335,-51.0,Consumer Defensive,0.7806034983231643,0.9928856004553216,,
2009-10-01,199841,CLX,buy,rebalance,3.0,34.303,2009-10-01,102.90899999999999,0.3601815,-51.5,Consumer Defensive,0.7781737050538202,0.9960159362549801,,
2009-10-01,199928,ADP,buy,rebalance,5.0,22.883,2009-10-01,114.41499999999999,0.4004525,-70.5,Industrials,0.7876711937480698,0.9686966420034149,,
2009-10-01,196997,DGX,buy,rebalance,3.0,38.191,2009-10-01,114.57300000000001,0.4010055,-75.0,Healthcare,0.7777790497358122,0.9789413773477519,,
2009-10-01,185526,SY2,buy,rebalance,3.0,37.98,2009-10-01,113.94,0.39879,-86.0,Technology,0.7699506466525821,0.9852020489470689,,
2009-10-01,198804,PAYX,buy,rebalance,7.0,15.97,2009-10-01,111.79,0.39126500000000003,-86.5,Industrials,0.7745130422945206,0.9760956175298805,,
2009-10-01,199623,IBM,buy,rebalance,1.0,63.173,2009-10-01,63.173,0.2211055,-92.0,Technology,0.7790099076465973,0.9667046101309049,,
2009-10-01,197469,LH,buy,rebalance,2.0,52.917,2009-10-01,105.834,0.370419,-100.0,Healthcare,0.7770172474231217,0.9644280022766079,,
2009-11-02,124603,TCP,buy,rebalance,7.0,17.382,2009-11-02,121.674,0.42585900000000004,-49.0,Energy,0.7999034712417891,0.9732498577120091,,
2009-11-02,199411,PG,buy,rebalance,3.0,36.223,2009-11-02,108.669,0.3803415,-50.5,Consumer Defensive,0.7806034983231643,0.9928856004553216,,
2009-11-02,199841,CLX,buy,rebalance,3.0,35.654,2009-11-02,106.96200000000002,0.37436700000000006,-51.5,Consumer Defensive,0.7781737050538202,0.9960159362549801,,
2009-11-02,199928,ADP,buy,rebalance,5.0,23.758,2009-11-02,118.78999999999999,0.415765,-70.0,Industrials,0.7876711937480697,0.9686966420034149,,
2009-11-02,196997,DGX,buy,rebalance,2.0,41.471,2009-11-02,82.942,0.29029699999999997,-74.5,Healthcare,0.7777790497358121,0.9789413773477519,,
2009-11-02,185526,SY2,buy,rebalance,3.0,39.29,2009-11-02,117.87,0.41254500000000005,-85.5,Technology,0.769950646652582,0.9852020489470689,,
2009-11-02,198804,PAYX,buy,rebalance,7.0,16.16,2009-11-02,113.12,0.39592000000000005,-86.0,Industrials,0.7745130422945206,0.9760956175298805,,
2009-11-02,199623,IBM,buy,rebalance,1.0,64.598,2009-11-02,64.598,0.226093,-91.5,Technology,0.7790099076465974,0.9667046101309049,,
2009-11-02,197469,LH,buy,rebalance,2.0,57.19,2009-11-02,114.38,0.40033,-99.5,Healthcare,0.7770172474231217,0.9644280022766079,,
2009-12-01,124603,TCP,buy,rebalance,7.0,16.324,2009-12-01,114.26800000000001,0.39993800000000007,-49.0,Energy,0.7999034712417891,0.9732498577120091,,
2009-12-01,199411,PG,buy,rebalance,3.0,38.657,2009-12-01,115.97099999999999,0.4058985,-50.5,Consumer Defensive,0.7806034983231643,0.9928856004553216,,
2009-12-01,199841,CLX,buy,rebalance,3.0,36.452,2009-12-01,109.356,0.382746,-51.5,Consumer Defensive,0.7781737050538202,0.9960159362549801,,
2009-12-01,199928,ADP,buy,rebalance,5.0,25.756,2009-12-01,128.78,0.45073,-70.0,Industrials,0.7876711937480698,0.9686966420034149,,
2009-12-01,196997,DGX,buy,rebalance,2.0,43.267,2009-12-01,86.534,0.30286900000000005,-74.5,Healthcare,0.7777790497358122,0.9789413773477519,,
2009-12-01,185526,SY2,buy,rebalance,3.0,40.99,2009-12-01,122.97,0.430395,-85.5,Technology,0.7699506466525821,0.9852020489470689,,
2009-12-01,198804,PAYX,buy,rebalance,7.0,18.048,2009-12-01,126.33599999999998,0.44217599999999996,-86.0,Industrials,0.7745130422945206,0.9760956175298805,,
2009-12-01,199623,IBM,buy,rebalance,1.0,68.858,2009-12-01,68.858,0.24100300000000002,-91.5,Technology,0.7790099076465973,0.9667046101309049,,
2009-12-01,197469,LH,buy,rebalance,2.0,60.295,2009-12-01,120.59,0.422065,-99.5,Healthcare,0.7770172474231217,0.9644280022766079,,
2010-01-04,199544,MDP,sell,criteria:rank:below_top_share,192.0,20.693,2010-01-04,3973.0560000000005,13.905696000000002,,,,,6044.720732999998,-2085.5704289999976
2010-01-04,199900,BA,sell,criteria:rank:below_top_share,10.0,43.712,2010-01-04,437.12,1.52992,,,,,609.9002055000001,-174.31012550000008
2010-01-04,197712,MD,sell,criteria:rank:below_top_share,16.0,30.0,2010-01-04,480.0,1.68,,,,,404.69649749999996,73.62350250000003
2010-01-04,198615,MO,buy,rebalance,86.0,7.15,2010-01-04,614.9,2.15215,-36.5,Consumer Defensive,0.7201567270275452,0.9977077363896848,,
2010-01-04,195259,RAI,buy,rebalance,66.0,9.292,2010-01-04,613.2719999999999,2.146452,-46.5,Consumer Defensive,0.7422316231835129,0.971919770773639,,
2010-01-04,198804,PAYX,buy,rebalance,35.0,17.53,2010-01-04,613.5500000000001,2.147425,-65.5,Industrials,0.7166379451977831,0.9810888252148997,,
2010-01-04,196997,DGX,buy,rebalance,13.0,45.188,2010-01-04,587.4440000000001,2.0560540000000005,-66.0,Healthcare,0.7207856957309909,0.9750716332378223,,
2010-01-04,197469,LH,buy,rebalance,9.0,62.394,2010-01-04,561.5459999999999,1.9654109999999998,-74.0,Healthcare,0.714857777790615,0.9782234957020057,,
2010-01-04,199623,IBM,buy,rebalance,8.0,71.285,2010-01-04,570.28,1.9959799999999999,-90.5,Technology,0.7175136851948061,0.9636103151862464,,
2010-01-04,198439,FISV,buy,rebalance,49.0,12.357,2010-01-04,605.4929999999999,2.1192254999999998,-92.0,Technology,0.703105868318241,0.9842406876790831,,
2010-01-04,197300,LMT,buy,rebalance,13.0,46.251,2010-01-04,601.2629999999999,2.1044205,-100.5,Industrials,0.709296332133876,0.970487106017192,,
2010-01-04,199209,WLY,buy,rebalance,22.0,27.109,2010-01-04,596.398,2.087393,-126.0,Consumer Cyclical,0.6821276210693425,0.9968481375358166,,
2010-01-04,197333,APU,buy,rebalance,34.0,18.071,2010-01-04,614.4140000000001,2.1504490000000005,-127.0,Utilities,0.7361827196215546,0.9232091690544413,,
2010-02-01,198615,MO,buy,rebalance,16.0,7.182,2010-02-01,114.912,0.40219200000000005,-36.5,Consumer Defensive,0.7201567270275452,0.9977077363896848,,
2010-02-01,195259,RAI,buy,rebalance,12.0,9.36,2010-02-01,112.32,0.39311999999999997,-46.5,Consumer Defensive,0.7422316231835129,0.971919770773639,,
2010-02-01,198804,PAYX,buy,rebalance,6.0,16.856,2010-02-01,101.13600000000001,0.35397600000000007,-65.5,Industrials,0.7166379451977831,0.9810888252148997,,
2010-02-01,196997,DGX,buy,rebalance,2.0,41.77,2010-02-01,83.54,0.29239000000000004,-66.0,Healthcare,0.7207856957309909,0.9750716332378223,,
2010-02-01,197469,LH,buy,rebalance,1.0,58.497,2010-02-01,58.497,0.2047395,-74.0,Healthcare,0.714857777790615,0.9782234957020057,,
2010-02-01,199623,IBM,buy,rebalance,1.0,67.098,2010-02-01,67.098,0.234843,-90.5,Technology,0.717513685194806,0.9636103151862464,,
2010-02-01,198439,FISV,buy,rebalance,10.0,11.45,2010-02-01,114.5,0.40075,-92.0,Technology,0.703105868318241,0.9842406876790831,,
2010-02-01,197300,LMT,buy,rebalance,2.0,45.071,2010-02-01,90.142,0.31549699999999997,-100.5,Industrials,0.709296332133876,0.970487106017192,,
2010-02-01,199209,WLY,buy,rebalance,4.0,27.284,2010-02-01,109.136,0.381976,-126.0,Consumer Cyclical,0.6821276210693424,0.9968481375358166,,
2010-02-01,197333,APU,buy,rebalance,6.0,18.244,2010-02-01,109.464,0.383124,-127.0,Utilities,0.7361827196215547,0.9232091690544413,,
2010-03-01,185568,RX,sell,criteria:rank:not_a_candidate,71.0,21.97,2010-03-01,1559.87,5.459544999999999,,,,,1984.124214,-429.713759
2010-03-01,198615,MO,buy,rebalance,37.0,7.323,2010-03-01,270.951,0.9483285000000001,-36.5,Consumer Defensive,0.7201567270275452,0.9977077363896848,,
2010-03-01,195259,RAI,buy,rebalance,29.0,9.292,2010-03-01,269.468,0.943138,-46.5,Consumer Defensive,0.7422316231835129,0.971919770773639,,
2010-03-01,198804,PAYX,buy,rebalance,15.0,17.414,2010-03-01,261.21000000000004,0.9142350000000001,-65.5,Industrials,0.7166379451977831,0.9810888252148997,,
2010-03-01,196997,DGX,buy,rebalance,6.0,42.066,2010-03-01,252.39600000000002,0.8833860000000001,-66.0,Healthcare,0.7207856957309909,0.9750716332378223,,
2010-03-01,197469,LH,buy,rebalance,4.0,60.613,2010-03-01,242.452,0.8485820000000001,-74.0,Healthcare,0.714857777790615,0.9782234957020057,,
2010-03-01,199623,IBM,buy,rebalance,3.0,69.509,2010-03-01,208.527,0.7298445,-90.5,Technology,0.7175136851948061,0.9636103151862464,,
2010-03-01,198439,FISV,buy,rebalance,22.0,12.227,2010-03-01,268.994,0.9414790000000001,-92.0,Technology,0.703105868318241,0.9842406876790831,,
2010-03-01,197300,LMT,buy,rebalance,5.0,47.849,2010-03-01,239.24499999999998,0.8373575,-100.5,Industrials,0.709296332133876,0.970487106017192,,
2010-03-01,199209,WLY,buy,rebalance,9.0,27.673,2010-03-01,249.057,0.8716995,-126.0,Consumer Cyclical,0.6821276210693425,0.9968481375358166,,
2010-03-01,197333,APU,buy,rebalance,14.0,18.641,2010-03-01,260.974,0.913409,-127.0,Utilities,0.7361827196215547,0.9232091690544413,,
2010-04-01,198615,MO,buy,rebalance,16.0,7.655,2010-04-01,122.48,0.42868,-39.0,Consumer Defensive,0.719747831514327,0.9985380116959064,,
2010-04-01,199841,CLX,buy,rebalance,3.0,38.909,2010-04-01,116.727,0.40854450000000003,-44.0,Consumer Defensive,0.7243149649504311,0.9894736842105263,,
2010-04-01,197469,LH,buy,rebalance,1.0,63.048,2010-04-01,63.048,0.220668,-49.0,Healthcare,0.7189309936432658,0.9935672514619883,,
2010-04-01,198804,PAYX,buy,rebalance,6.0,17.661,2010-04-01,105.96600000000001,0.370881,-65.5,Industrials,0.7166682622985889,0.9845029239766082,,
2010-04-01,196997,DGX,buy,rebalance,2.0,43.79,2010-04-01,87.58,0.30653,-74.0,Healthcare,0.7194970446901117,0.9754385964912281,,
2010-04-01,198439,FISV,buy,rebalance,9.0,12.783,2010-04-01,115.047,0.4026645,-86.0,Technology,0.703927960214683,0.9865497076023392,,
2010-04-01,199623,IBM,buy,rebalance,1.0,69.336,2010-04-01,69.336,0.242676,-86.0,Technology,0.7266441466687777,0.9614035087719298,,
2010-04-01,199209,WLY,buy,rebalance,4.0,28.172,2010-04-01,112.688,0.39440800000000004,-86.5,Consumer Cyclical,0.6998691587997783,0.9947368421052631,,
2010-04-01,199928,ADP,buy,rebalance,4.0,26.363,2010-04-01,105.452,0.369082,-109.0,Industrials,0.7168979632003785,0.9573099415204679,,
2010-04-01,195430,NSH1,buy,rebalance,7.0,15.95,2010-04-01,111.64999999999999,0.390775,-112.0,Energy,0.6865046912907525,1.0,,
2010-05-03,198615,MO,buy,rebalance,15.0,7.864,2010-05-03,117.96,0.41286,-38.0,Consumer Defensive,0.7197478315143269,0.9985380116959064,,
2010-05-03,199841,CLX,buy,rebalance,3.0,39.07,2010-05-03,117.21000000000001,0.410235,-43.5,Consumer Defensive,0.7243149649504311,0.9894736842105263,,
2010-05-03,197469,LH,buy,rebalance,1.0,64.184,2010-05-03,64.184,0.22464399999999998,-48.0,Healthcare,0.7189309936432658,0.9935672514619883,,
2010-05-03,198804,PAYX,buy,rebalance,6.0,17.972,2010-05-03,107.83200000000001,0.377412,-64.5,Industrials,0.716668262298589,0.9845029239766082,,
2010-05-03,196997,DGX,buy,rebalance,2.0,42.063,2010-05-03,84.126,0.294441,-73.0,Healthcare,0.7194970446901117,0.9754385964912281,,
2010-05-03,199623,IBM,buy,rebalance,1.0,70.066,2010-05-03,70.066,0.245231,-84.5,Technology,0.7266441466687777,0.9614035087719298,,
2010-05-03,198439,FISV,buy,rebalance,9.0,13.03,2010-05-03,117.27,0.410445,-85.0,Technology,0.7039279602146831,0.9865497076023392,,
2010-05-03,199209,WLY,buy,rebalance,4.0,27.86,2010-05-03,111.44,0.39004,-85.0,Consumer Cyclical,0.6998691587997783,0.9947368421052631,,
2010-05-03,199928,ADP,buy,rebalance,4.0,26.058,2010-05-03,104.232,0.364812,-107.0,Industrials,0.7168979632003786,0.9573099415204679,,
2010-05-03,195430,NSH1,buy,rebalance,7.0,16.105,2010-05-03,112.735,0.3945725,-111.0,Energy,0.6865046912907525,1.0,,
2010-06-01,198615,MO,buy,rebalance,16.0,7.394,2010-06-01,118.304,0.41406400000000004,-38.0,Consumer Defensive,0.719747831514327,0.9985380116959064,,
2010-06-01,199841,CLX,buy,rebalance,3.0,38.259,2010-06-01,114.777,0.4017195,-43.5,Consumer Defensive,0.7243149649504312,0.9894736842105263,,
2010-06-01,197469,LH,buy,rebalance,1.0,61.275,2010-06-01,61.275,0.2144625,-48.0,Healthcare,0.7189309936432658,0.9935672514619883,,
2010-06-01,198804,PAYX,buy,rebalance,7.0,16.387,2010-06-01,114.709,0.40148150000000005,-64.5,Industrials,0.716668262298589,0.9845029239766082,,
2010-06-01,196997,DGX,buy,rebalance,3.0,38.208,2010-06-01,114.624,0.401184,-73.0,Healthcare,0.7194970446901117,0.9754385964912281,,
2010-06-01,199623,IBM,buy,rebalance,1.0,67.575,2010-06-01,67.575,0.23651250000000001,-84.0,Technology,0.7266441466687776,0.9614035087719298,,
2010-06-01,198439,FISV,buy,rebalance,10.0,11.63,2010-06-01,116.30000000000001,0.40705,-85.0,Technology,0.7039279602146831,0.9865497076023392,,
2010-06-01,199209,WLY,buy,rebalance,4.0,25.083,2010-06-01,100.332,0.351162,-85.0,Consumer Cyclical,0.6998691587997783,0.9947368421052631,,
2010-06-01,199928,ADP,buy,rebalance,4.0,24.161,2010-06-01,96.644,0.338254,-106.5,Industrials,0.7168979632003785,0.9573099415204679,,
2010-06-01,195430,NSH1,buy,rebalance,8.0,14.491,2010-06-01,115.928,0.405748,-110.5,Energy,0.6865046912907525,1.0,,
2010-07-01,199209,WLY,sell,criteria:rank:below_top_share,47.0,24.986,2010-07-01,1174.342,4.110197,,,,,1283.5276785,-113.29587549999997
2010-07-01,195430,NSH1,sell,criteria:rank:below_top_share,22.0,16.452,2010-07-01,361.944,1.266804,,,,,341.5040955,19.173100500000032
2010-07-01,198615,MO,buy,rebalance,35.0,7.568,2010-07-01,264.88,0.92708,-29.5,Consumer Defensive,0.7267948362128887,0.9985435479172735,,
2010-07-01,199841,CLX,buy,rebalance,7.0,37.948,2010-07-01,265.636,0.929726,-45.5,Consumer Defensive,0.7267559100990565,0.987183221672007,,
2010-07-01,197469,LH,buy,rebalance,4.0,61.618,2010-07-01,246.472,0.8626520000000001,-49.0,Healthcare,0.7183740992784544,0.9924264491698224,,
2010-07-01,199891,BMY,buy,rebalance,18.0,14.23,2010-07-01,256.14,0.89649,-87.5,Healthcare,0.7066009373396398,0.977279347509467,,
2010-07-01,198439,FISV,buy,rebalance,23.0,11.455,2010-07-01,263.465,0.9221274999999999,-93.0,Technology,0.6957606004449147,0.9903874162540053,,
2010-07-01,199623,IBM,buy,rebalance,4.0,66.613,2010-07-01,266.452,0.932582,-94.0,Technology,0.7294501596844678,0.9542674046023886,,
2010-07-01,196736,RTN,buy,rebalance,7.0,37.27,2010-07-01,260.89000000000004,0.9131150000000001,-108.0,Industrials,0.7245820353865465,0.9481503058549374,,
2010-07-01,198804,PAYX,buy,rebalance,17.0,15.092,2010-07-01,256.564,0.897974,-115.5,Industrials,0.6933319006615478,0.979318380425284,,
2010-07-01,197079,FDS,buy,rebalance,4.0,55.863,2010-07-01,223.452,0.782082,-154.0,Financial Services,0.6921434413709892,0.9580541800174774,,
2010-07-01,124603,TCP,buy,rebalance,14.0,19.301,2010-07-01,270.214,0.9457490000000001,-155.0,Energy,0.7193670079928279,0.9228080396154966,,
2010-08-02,185526,SY2,sell,criteria:rank:not_a_candidate,18.0,64.98,2010-08-02,1169.64,4.09374,,,,,661.617585,503.9286750000001
2010-08-02,198615,MO,buy,rebalance,27.0,8.319,2010-08-02,224.61300000000003,0.7861455000000002,-29.5,Consumer Defensive,0.7267948362128888,0.9985435479172735,,
2010-08-02,199841,CLX,buy,rebalance,5.0,39.797,2010-08-02,198.98499999999999,0.6964475,-45.5,Consumer Defensive,0.7267559100990565,0.987183221672007,,
2010-08-02,197469,LH,buy,rebalance,3.0,61.169,2010-08-02,183.507,0.6422745000000001,-49.0,Healthcare,0.7183740992784544,0.9924264491698224,,
2010-08-02,199891,BMY,buy,rebalance,15.0,14.673,2010-08-02,220.095,0.7703325,-87.5,Healthcare,0.7066009373396398,0.977279347509467,,
2010-08-02,198439,FISV,buy,rebalance,17.0,12.707,2010-08-02,216.019,0.7560665000000001,-92.0,Technology,0.6957606004449147,0.9903874162540053,,
2010-08-02,199623,IBM,buy,rebalance,3.0,71.064,2010-08-02,213.19199999999998,0.746172,-94.0,Technology,0.7294501596844677,0.9542674046023886,,
2010-08-02,196736,RTN,buy,rebalance,6.0,36.614,2010-08-02,219.68399999999997,0.7688939999999999,-108.0,Industrials,0.7245820353865465,0.9481503058549374,,
2010-08-02,198804,PAYX,buy,rebalance,14.0,15.347,2010-08-02,214.858,0.752003,-114.5,Industrials,0.6933319006615479,0.979318380425284,,
2010-08-02,197079,FDS,buy,rebalance,3.0,63.924,2010-08-02,191.772,0.671202,-153.0,Financial Services,0.6921434413709892,0.9580541800174774,,
2010-08-02,124603,TCP,buy,rebalance,11.0,20.546,2010-08-02,226.006,0.791021,-154.5,Energy,0.7193670079928279,0.9228080396154966,,
2010-09-01,198615,MO,buy,rebalance,13.0,8.472,2010-09-01,110.136,0.385476,-29.5,Consumer Defensive,0.7267948362128887,0.9985435479172735,,
2010-09-01,199411,PG,buy,rebalance,3.0,37.589,2010-09-01,112.767,0.3946845,-45.0,Consumer Defensive,0.7389331813398025,0.9769880570929217,,
2010-09-01,197469,LH,buy,rebalance,1.0,60.458,2010-09-01,60.458,0.21160299999999999,-49.0,Healthcare,0.7183740992784544,0.9924264491698224,,
2010-09-01,199891,BMY,buy,rebalance,7.0,15.179,2010-09-01,106.253,0.37188550000000004,-87.0,Healthcare,0.7066009373396397,0.977279347509467,,
2010-09-01,198439,FISV,buy,rebalance,9.0,12.912,2010-09-01,116.20800000000001,0.40672800000000003,-91.5,Technology,0.6957606004449147,0.9903874162540053,,
2010-09-01,199623,IBM,buy,rebalance,1.0,68.694,2010-09-01,68.694,0.240429,-92.5,Technology,0.7294501596844677,0.9542674046023886,,
2010-09-01,196736,RTN,buy,rebalance,3.0,35.185,2010-09-01,105.555,0.3694425,-106.5,Industrials,0.7245820353865465,0.9481503058549374,,
2010-09-01,198804,PAYX,buy,rebalance,7.0,14.983,2010-09-01,104.881,0.3670835,-113.5,Industrials,0.6933319006615479,0.979318380425284,,
2010-09-01,197079,FDS,buy,rebalance,1.0,64.046,2010-09-01,64.046,0.22416100000000003,-151.0,Financial Services,0.6921434413709893,0.9580541800174774,,
2010-09-01,124603,TCP,buy,rebalance,5.0,21.115,2010-09-01,105.57499999999999,0.36951249999999997,-152.5,Energy,0.7193670079928279,0.9228080396154966,,
2010-10-01,198615,MO,buy,rebalance,13.0,9.035,2010-10-01,117.455,0.4110925,-46.5,Consumer Defensive,0.724917121747406,0.9958702064896755,,
2010-10-01,195259,RAI,buy,rebalance,11.0,10.797,2010-10-01,118.76700000000001,0.41568450000000007,-48.0,Consumer Defensive,0.7307988905043848,0.984660766961652,,
2010-10-01,199891,BMY,buy,rebalance,7.0,15.862,2010-10-01,111.034,0.38861900000000005,-60.0,Healthcare,0.7364674676777757,0.9731563421828908,,
2010-10-01,197469,LH,buy,rebalance,1.0,63.751,2010-10-01,63.751,0.2231285,-66.0,Healthcare,0.718343584462579,0.987905604719764,,
2010-10-01,199623,IBM,buy,rebalance,1.0,74.084,2010-10-01,74.084,0.259294,-92.5,Technology,0.7256276570367006,0.963716814159292,,
2010-10-01,198439,FISV,buy,rebalance,9.0,13.375,2010-10-01,120.375,0.42131250000000003,-102.5,Technology,0.6969278798777815,0.9882005899705014,,
2010-10-01,199928,ADP,buy,rebalance,4.0,25.378,2010-10-01,101.512,0.355292,-104.5,Industrials,0.734420668087704,0.9454277286135693,,
2010-10-01,198804,PAYX,buy,rebalance,7.0,16.017,2010-10-01,112.119,0.3924165,-124.0,Industrials,0.6955567578761996,0.9766961651917404,,
2010-10-01,124603,TCP,buy,rebalance,5.0,22.609,2010-10-01,113.04500000000002,0.39565750000000005,-134.0,Energy,0.7350862738647574,0.9265486725663716,,
2010-10-01,199357,SHW,buy,rebalance,5.0,20.881,2010-10-01,104.405,0.3654175,-142.5,Basic Materials,0.7120961420292063,0.943952802359882,,
2010-11-01,198615,MO,buy,rebalance,12.0,9.639,2010-11-01,115.66799999999999,0.404838,-46.5,Consumer Defensive,0.724917121747406,0.9958702064896755,,
2010-11-01,195259,RAI,buy,rebalance,9.0,11.874,2010-11-01,106.866,0.374031,-48.0,Consumer Defensive,0.7307988905043848,0.984660766961652,,
2010-11-01,199891,BMY,buy,rebalance,7.0,15.74,2010-11-01,110.18,0.38563000000000003,-60.0,Healthcare,0.7364674676777757,0.9731563421828908,,
2010-11-01,197469,LH,buy,rebalance,1.0,66.929,2010-11-01,66.929,0.2342515,-66.0,Healthcare,0.7183435844625791,0.987905604719764,,
2010-11-01,199623,IBM,buy,rebalance,1.0,78.279,2010-11-01,78.279,0.2739765,-92.5,Technology,0.7256276570367006,0.963716814159292,,
2010-11-01,198439,FISV,buy,rebalance,8.0,13.515,2010-11-01,108.12,0.37842000000000003,-102.5,Technology,0.6969278798777815,0.9882005899705014,,
2010-11-01,199928,ADP,buy,rebalance,4.0,27.138,2010-11-01,108.552,0.37993200000000005,-104.5,Industrials,0.734420668087704,0.9454277286135693,,
2010-11-01,198804,PAYX,buy,rebalance,7.0,16.452,2010-11-01,115.16400000000002,0.40307400000000004,-123.5,Industrials,0.6955567578761996,0.9766961651917404,,
2010-11-01,124603,TCP,buy,rebalance,4.0,23.963,2010-11-01,95.852,0.335482,-134.0,Energy,0.7350862738647574,0.9265486725663716,,
2010-11-01,199357,SHW,buy,rebalance,5.0,20.396,2010-11-01,101.98,0.35693,-142.5,Basic Materials,0.7120961420292063,0.943952802359882,,
2010-12-01,198615,MO,buy,rebalance,12.0,9.183,2010-12-01,110.196,0.385686,-46.0,Consumer Defensive,0.724917121747406,0.9958702064896755,,
2010-12-01,195259,RAI,buy,rebalance,9.0,11.694,2010-12-01,105.24600000000001,0.36836100000000005,-47.0,Consumer Defensive,0.7307988905043848,0.984660766961652,,
2010-12-01,199891,BMY,buy,rebalance,7.0,14.862,2010-12-01,104.034,0.364119,-59.0,Healthcare,0.7364674676777757,0.9731563421828908,,
2010-12-01,197469,LH,buy,rebalance,1.0,69.837,2010-12-01,69.837,0.24442950000000002,-65.0,Healthcare,0.7183435844625791,0.987905604719764,,
2010-12-01,199623,IBM,buy,rebalance,1.0,79.225,2010-12-01,79.225,0.27728749999999996,-91.5,Technology,0.7256276570367006,0.963716814159292,,
2010-12-01,198439,FISV,buy,rebalance,8.0,14.215,2010-12-01,113.72,0.39802,-101.5,Technology,0.6969278798777815,0.9882005899705014,,
2010-12-01,199928,ADP,buy,rebalance,4.0,27.981,2010-12-01,111.924,0.391734,-103.5,Industrials,0.734420668087704,0.9454277286135693,,
2010-12-01,198804,PAYX,buy,rebalance,6.0,17.414,2010-12-01,104.48400000000001,0.365694,-122.5,Industrials,0.6955567578761996,0.9766961651917404,,
2010-12-01,124603,TCP,buy,rebalance,5.0,22.896,2010-12-01,114.48,0.40068000000000004,-132.5,Energy,0.7350862738647574,0.9265486725663716,,
2010-12-01,199357,SHW,buy,rebalance,5.0,21.537,2010-12-01,107.685,0.3768975,-141.5,Basic Materials,0.7120961420292063,0.943952802359882,,
2011-01-03,198615,MO,buy,rebalance,12.0,9.451,2011-01-03,113.412,0.396942,-34.5,Consumer Defensive,0.6685924392407893,0.9943164822016153,,
2011-01-03,197469,LH,buy,rebalance,1.0,73.195,2011-01-03,73.195,0.2561825,-50.0,Healthcare,0.6652287941396217,0.9868381693090039,,
2011-01-03,199891,BMY,buy,rebalance,7.0,15.455,2011-01-03,108.185,0.3786475,-56.5,Healthcare,0.6822957924310472,0.9670954232725097,,
2011-01-03,199841,CLX,buy,rebalance,2.0,38.18,2011-01-03,76.36,0.26726,-63.0,Consumer Defensive,0.6676863755679519,0.9754711337122345,,
2011-01-03,198439,FISV,buy,rebalance,7.0,14.875,2011-01-03,104.125,0.3644375,-98.0,Technology,0.6373779661065994,0.9850433742147772,,
2011-01-03,199209,WLY,buy,rebalance,3.0,30.113,2011-01-03,90.339,0.3161865,-98.0,Consumer Cyclical,0.6313671407274015,0.9946156147173197,,
2011-01-03,199623,IBM,buy,rebalance,1.0,80.909,2011-01-03,80.909,0.28318150000000003,-98.0,Technology,0.6563426344195686,0.9626084355369429,,
2011-01-03,199747,EFX,buy,rebalance,3.0,30.435,2011-01-03,91.30499999999999,0.3195675,-106.0,Industrials,0.6408968970254432,0.9730780735865988,,
2011-01-03,199928,ADP,buy,rebalance,3.0,28.773,2011-01-03,86.319,0.3021165,-107.0,Industrials,0.66274156047179,0.951540532455878,,
2011-01-03,124603,TCP,buy,rebalance,4.0,25.794,2011-01-03,103.176,0.361116,-110.5,Energy,0.6758718774946024,0.9353873766078372,,
2011-02-01,198615,MO,buy,rebalance,13.0,9.096,2011-02-01,118.248,0.413868,-34.0,Consumer Defensive,0.6685924392407893,0.9943164822016153,,
2011-02-01,197469,LH,buy,rebalance,1.0,72.574,2011-02-01,72.574,0.254009,-49.5,Healthcare,0.6652287941396217,0.9868381693090039,,
2011-02-01,199891,BMY,buy,rebalance,8.0,14.879,2011-02-01,119.032,0.416612,-56.0,Healthcare,0.6822957924310472,0.9670954232725097,,
2011-02-01,199841,CLX,buy,rebalance,3.0,39.725,2011-02-01,119.17500000000001,0.41711250000000005,-62.5,Consumer Defensive,0.6676863755679519,0.9754711337122345,,
2011-02-01,198439,FISV,buy,rebalance,7.0,15.758,2011-02-01,110.306,0.386071,-97.0,Technology,0.6373779661065994,0.9850433742147772,,
2011-02-01,199209,WLY,buy,rebalance,3.0,30.843,2011-02-01,92.529,0.3238515,-97.0,Consumer Cyclical,0.6313671407274015,0.9946156147173197,,
2011-02-01,199623,IBM,buy,rebalance,1.0,89.73,2011-02-01,89.73,0.31405500000000003,-97.5,Technology,0.6563426344195686,0.9626084355369429,,
2011-02-01,199747,EFX,buy,rebalance,3.0,30.326,2011-02-01,90.97800000000001,0.318423,-105.5,Industrials,0.6408968970254435,0.9730780735865988,,
2011-02-01,199928,ADP,buy,rebalance,4.0,29.91,2011-02-01,119.64,0.41874,-106.0,Industrials,0.66274156047179,0.951540532455878,,
2011-02-01,124603,TCP,buy,rebalance,4.0,25.725,2011-02-01,102.9,0.36015,-108.5,Energy,0.6758718774946024,0.9353873766078372,,
2011-03-01,198615,MO,buy,rebalance,12.0,9.69,2011-03-01,116.28,0.40698,-34.0,Consumer Defensive,0.6685924392407891,0.9943164822016153,,
2011-03-01,197469,LH,buy,rebalance,1.0,72.705,2011-03-01,72.705,0.2544675,-49.5,Healthcare,0.6652287941396218,0.9868381693090039,,
2011-03-01,199891,BMY,buy,rebalance,7.0,15.062,2011-03-01,105.434,0.369019,-56.0,Healthcare,0.6822957924310472,0.9670954232725097,,
2011-03-01,199841,CLX,buy,rebalance,2.0,42.446,2011-03-01,84.892,0.297122,-62.5,Consumer Defensive,0.6676863755679519,0.9754711337122345,,
2011-03-01,199209,WLY,buy,rebalance,3.0,30.751,2011-03-01,92.253,0.3228855,-96.5,Consumer Cyclical,0.6313671407274013,0.9946156147173197,,
2011-03-01,198439,FISV,buy,rebalance,7.0,15.508,2011-03-01,108.556,0.379946,-97.0,Technology,0.6373779661065994,0.9850433742147772,,
2011-03-01,199623,IBM,buy,rebalance,1.0,88.104,2011-03-01,88.104,0.308364,-97.0,Technology,0.6563426344195686,0.9626084355369429,,
2011-03-01,199747,EFX,buy,rebalance,3.0,30.005,2011-03-01,90.015,0.3150525,-105.5,Industrials,0.6408968970254435,0.9730780735865988,,
2011-03-01,199928,ADP,buy,rebalance,3.0,30.204,2011-03-01,90.612,0.317142,-105.5,Industrials,0.66274156047179,0.951540532455878,,
2011-03-01,124603,TCP,buy,rebalance,4.0,26.971,2011-03-01,107.884,0.377594,-108.0,Energy,0.6758718774946024,0.9353873766078372,,
2011-04-01,198615,MO,buy,rebalance,11.0,10.174,2011-04-01,111.91399999999999,0.39169899999999996,-23.0,Consumer Defensive,0.6672876248448507,0.9951632406287787,,
2011-04-01,193811,PM,buy,rebalance,3.0,31.5,2011-04-01,94.5,0.33075,-41.5,Consumer Defensive,0.6690510412702066,0.9797460701330108,,
2011-04-01,199623,IBM,buy,rebalance,1.0,90.473,2011-04-01,90.473,0.3166555,-69.5,Technology,0.6582426833737621,0.9694679564691656,,
2011-04-01,197469,LH,buy,rebalance,1.0,75.867,2011-04-01,75.867,0.2655345,-72.5,Healthcare,0.6418254880991787,0.9876058041112454,,
2011-04-01,198439,FISV,buy,rebalance,7.0,15.72,2011-04-01,110.04,0.38514000000000004,-81.0,Technology,0.6430661287236511,0.9794437726723095,,
2011-04-01,199855,CHE,buy,rebalance,1.0,61.506,2011-04-01,61.506,0.21527100000000002,-91.5,Healthcare,0.6405601012838065,0.9761185006045949,,
2011-04-01,199209,WLY,buy,rebalance,3.0,33.561,2011-04-01,100.68299999999999,0.3523905,-96.5,Consumer Cyclical,0.6284607306615412,0.992744860943168,,
2011-04-01,124603,TCP,buy,rebalance,4.0,25.874,2011-04-01,103.496,0.362236,-103.5,Energy,0.6735296042086371,0.9328899637243047,,
2011-04-01,198804,PAYX,buy,rebalance,6.0,19.097,2011-04-01,114.58200000000001,0.40103700000000003,-109.5,Industrials,0.6363633653625099,0.969770253929867,,
2011-04-01,199928,ADP,buy,rebalance,3.0,31.828,2011-04-01,95.484,0.334194,-110.0,Industrials,0.6497285151331355,0.9501209189842805,,
2011-05-02,198615,MO,buy,rebalance,11.0,10.487,2011-05-02,115.357,0.4037495,-23.0,Consumer Defensive,0.6672876248448508,0.9951632406287787,,
2011-05-02,193811,PM,buy,rebalance,3.0,33.625,2011-05-02,100.875,0.3530625,-41.5,Consumer Defensive,0.6690510412702066,0.9797460701330108,,
2011-05-02,199623,IBM,buy,rebalance,1.0,94.813,2011-05-02,94.813,0.3318455,-69.5,Technology,0.6582426833737621,0.9694679564691656,,
2011-05-02,197469,LH,buy,rebalance,1.0,80.27,2011-05-02,80.27,0.280945,-72.5,Healthcare,0.6418254880991787,0.9876058041112454,,
2011-05-02,198439,FISV,buy,rebalance,8.0,15.463,2011-05-02,123.704,0.43296399999999996,-81.0,Technology,0.643066128723651,0.9794437726723095,,
2011-05-02,199855,CHE,buy,rebalance,1.0,62.981,2011-05-02,62.981,0.2204335,-91.5,Healthcare,0.6405601012838065,0.9761185006045949,,
2011-05-02,199209,WLY,buy,rebalance,3.0,33.448,2011-05-02,100.344,0.35120399999999996,-95.5,Consumer Cyclical,0.6284607306615412,0.992744860943168,,
2011-05-02,124603,TCP,buy,rebalance,5.0,24.103,2011-05-02,120.51500000000001,0.4218025000000001,-103.0,Energy,0.6735296042086371,0.9328899637243047,,
2011-05-02,198804,PAYX,buy,rebalance,6.0,19.9,2011-05-02,119.39999999999999,0.4179,-109.5,Industrials,0.6363633653625099,0.969770253929867,,
2011-05-02,199928,ADP,buy,rebalance,3.0,33.688,2011-05-02,101.06400000000001,0.35372400000000004,-109.5,Industrials,0.6497285151331355,0.9501209189842805,,
2011-06-01,198615,MO,buy,rebalance,11.0,10.934,2011-06-01,120.27399999999999,0.42095899999999997,-23.0,Consumer Defensive,0.6672876248448508,0.9951632406287787,,
2011-06-01,193811,PM,buy,rebalance,3.0,34.479,2011-06-01,103.437,0.3620295,-41.5,Consumer Defensive,0.6690510412702066,0.9797460701330108,,
2011-06-01,199623,IBM,buy,rebalance,1.0,92.141,2011-06-01,92.141,0.32249350000000004,-69.5,Technology,0.6582426833737622,0.9694679564691656,,
2011-06-01,197469,LH,buy,rebalance,1.0,80.891,2011-06-01,80.891,0.28311850000000005,-72.5,Healthcare,0.6418254880991787,0.9876058041112454,,
2011-06-01,198439,FISV,buy,rebalance,7.0,15.898,2011-06-01,111.286,0.389501,-81.0,Technology,0.6430661287236511,0.9794437726723095,,
2011-06-01,199855,CHE,buy,rebalance,1.0,61.38,2011-06-01,61.38,0.21483000000000002,-91.5,Healthcare,0.6405601012838065,0.9761185006045949,,
2011-06-01,199209,WLY,buy,rebalance,3.0,34.161,2011-06-01,102.483,0.3586905,-95.5,Consumer Cyclical,0.6284607306615414,0.992744860943168,,
2011-06-01,124603,TCP,buy,rebalance,5.0,23.191,2011-06-01,115.955,0.4058425,-103.0,Energy,0.6735296042086371,0.9328899637243047,,
2011-06-01,198804,PAYX,buy,rebalance,6.0,19.112,2011-06-01,114.672,0.401352,-109.5,Industrials,0.6363633653625098,0.969770253929867,,
2011-06-01,199928,ADP,buy,rebalance,3.0,33.515,2011-06-01,100.545,0.35190750000000004,-109.5,Industrials,0.6497285151331355,0.9501209189842805,,
2011-07-01,124603,TCP,sell,criteria:rank:below_top_share,297.0,23.821,2011-07-01,7074.837,24.7619295,,,,,4609.1788605,2440.89621
2011-07-01,198615,MO,buy,rebalance,78.0,10.536,2011-07-01,821.808,2.876328,-8.0,Consumer Defensive,0.6798551397069168,0.9976055073331338,,
2011-07-01,195259,RAI,buy,rebalance,57.0,14.368,2011-07-01,818.976,2.866416,-31.0,Consumer Defensive,0.6676950070259209,0.988027536665669,,
2011-07-01,197469,LH,buy,rebalance,10.0,80.409,2011-07-01,804.09,2.814315,-36.0,Healthcare,0.6603755855694917,0.9892247829991021,,
2011-07-01,199623,IBM,buy,rebalance,8.0,96.556,2011-07-01,772.448,2.703568,-70.5,Technology,0.6563484559904146,0.9703681532475307,,
2011-07-01,199855,CHE,buy,rebalance,13.0,60.921,2011-07-01,791.973,2.7719055,-71.0,Healthcare,0.650421487826868,0.9769530080814127,,
2011-07-01,199209,WLY,buy,rebalance,23.0,34.776,2011-07-01,799.8480000000001,2.7994680000000005,-94.5,Consumer Cyclical,0.6308063849602177,0.9931158335827597,,
2011-07-01,195852,FIS,buy,rebalance,34.0,23.571,2011-07-01,801.4140000000001,2.8049490000000006,-98.0,Technology,0.6315777692946962,0.9889254714157438,,
2011-07-01,199357,SHW,buy,rebalance,33.0,24.496,2011-07-01,808.3679999999999,2.829288,-110.5,Basic Materials,0.6475403795962872,0.9527087698293923,,
2011-07-01,197997,AZO,buy,rebalance,2.0,297.62,2011-07-01,595.24,2.08334,-119.5,Consumer Cyclical,0.6464273448254951,0.9482190960790182,,
2011-07-01,198804,PAYX,buy,rebalance,43.0,18.804,2011-07-01,808.5719999999999,2.8300019999999995,-122.0,Industrials,0.6311551595061019,0.9730619574977551,,
2011-08-01,198615,MO,buy,rebalance,13.0,10.385,2011-08-01,135.005,0.4725175,-8.0,Consumer Defensive,0.6798551397069168,0.9976055073331338,,
2011-08-01,195259,RAI,buy,rebalance,10.0,13.405,2011-08-01,134.04999999999998,0.46917499999999995,-31.0,Consumer Defensive,0.6676950070259209,0.988027536665669,,
2011-08-01,197469,LH,buy,rebalance,1.0,72.501,2011-08-01,72.501,0.2537535,-36.0,Healthcare,0.6603755855694917,0.9892247829991021,,
2011-08-01,199623,IBM,buy,rebalance,1.0,99.991,2011-08-01,99.991,0.3499685,-70.5,Technology,0.6563484559904146,0.9703681532475307,,
2011-08-01,199855,CHE,buy,rebalance,2.0,53.141,2011-08-01,106.282,0.371987,-71.0,Healthcare,0.650421487826868,0.9769530080814127,,
2011-08-01,199209,WLY,buy,rebalance,4.0,32.948,2011-08-01,131.792,0.461272,-94.5,Consumer Cyclical,0.6308063849602177,0.9931158335827597,,
2011-08-01,195852,FIS,buy,rebalance,6.0,22.302,2011-08-01,133.812,0.46834200000000004,-98.0,Technology,0.6315777692946962,0.9889254714157438,,
2011-08-01,199357,SHW,buy,rebalance,6.0,21.932,2011-08-01,131.59199999999998,0.460572,-110.5,Basic Materials,0.647540379596287,0.9527087698293923,,
2011-08-01,198804,PAYX,buy,rebalance,8.0,17.081,2011-08-01,136.648,0.47826799999999997,-122.0,Industrials,0.6311551595061019,0.9730619574977551,,
2011-09-01,198615,MO,buy,rebalance,12.0,10.758,2011-09-01,129.096,0.451836,-8.0,Consumer Defensive,0.6798551397069168,0.9976055073331338,,
2011-09-01,195259,RAI,buy,rebalance,9.0,14.337,2011-09-01,129.033,0.45161549999999995,-31.0,Consumer Defensive,0.6676950070259208,0.988027536665669,,
2011-09-01,197469,LH,buy,rebalance,1.0,67.395,2011-09-01,67.395,0.2358825,-36.0,Healthcare,0.6603755855694917,0.9892247829991021,,
2011-09-01,199623,IBM,buy,rebalance,1.0,94.652,2011-09-01,94.652,0.331282,-70.5,Technology,0.6563484559904146,0.9703681532475307,,
2011-09-01,199855,CHE,buy,rebalance,2.0,52.594,2011-09-01,105.188,0.36815800000000004,-71.0,Healthcare,0.650421487826868,0.9769530080814127,,
2011-09-01,199209,WLY,buy,rebalance,4.0,32.385,2011-09-01,129.54,0.45338999999999996,-94.0,Consumer Cyclical,0.6308063849602177,0.9931158335827597,,
2011-09-01,195852,FIS,buy,rebalance,6.0,21.162,2011-09-01,126.972,0.44440199999999996,-97.5,Technology,0.6315777692946962,0.9889254714157438,,
2011-09-01,199357,SHW,buy,rebalance,6.0,21.282,2011-09-01,127.69200000000001,0.44692200000000004,-110.5,Basic Materials,0.6475403795962872,0.9527087698293923,,
2011-09-01,198804,PAYX,buy,rebalance,8.0,16.383,2011-09-01,131.064,0.45872399999999997,-121.5,Industrials,0.6311551595061019,0.9730619574977551,,
2011-10-03,199209,WLY,sell,criteria:rank:below_top_share,49.0,28.285,2011-10-03,1385.965,4.8508775,,,,,1645.5503385000002,-264.4362160000003
2011-10-03,198615,MO,buy,rebalance,24.0,10.713,2011-10-03,257.11199999999997,0.8998919999999999,-15.5,Consumer Defensive,0.6770818583788136,0.9947980416156671,,
2011-10-03,124603,TCP,buy,rebalance,11.0,22.245,2011-10-03,244.69500000000002,0.8564325,-18.5,Energy,0.6656415461136665,0.9996940024479805,,
2011-10-03,195259,RAI,buy,rebalance,18.0,14.548,2011-10-03,261.864,0.9165239999999999,-21.5,Consumer Defensive,0.6882801134482421,0.9868421052631579,,
2011-10-03,197469,LH,buy,rebalance,4.0,62.1,2011-10-03,248.4,0.8694000000000001,-84.5,Healthcare,0.6381285023659408,0.9850061199510404,,
2011-10-03,194210,BR,buy,rebalance,18.0,14.322,2011-10-03,257.796,0.902286,-85.0,Technology,0.6313602010319151,0.9981640146878825,,
2011-10-03,196997,DGX,buy,rebalance,7.0,34.636,2011-10-03,242.45200000000003,0.8485820000000001,-109.0,Healthcare,0.6225491666527216,0.9972460220318238,,
2011-10-03,199928,ADP,buy,rebalance,9.0,29.027,2011-10-03,261.243,0.9143505,-109.5,Industrials,0.6468658599672394,0.956548347613219,,
2011-10-03,199357,SHW,buy,rebalance,12.0,21.216,2011-10-03,254.592,0.8910720000000001,-113.5,Basic Materials,0.6609626138518814,0.9372705018359853,,
2011-10-03,198804,PAYX,buy,rebalance,17.0,15.642,2011-10-03,265.914,0.9306989999999999,-115.5,Industrials,0.6329803136787602,0.9733782129742962,,
2011-11-01,198615,MO,buy,rebalance,12.0,10.931,2011-11-01,131.172,0.459102,-15.5,Consumer Defensive,0.6770818583788136,0.9947980416156671,,
2011-11-01,124603,TCP,buy,rebalance,5.0,23.393,2011-11-01,116.965,0.4093775,-18.5,Energy,0.6656415461136668,0.9996940024479805,,
2011-11-01,195259,RAI,buy,rebalance,9.0,14.758,2011-11-01,132.822,0.46487700000000004,-21.5,Consumer Defensive,0.688280113448242,0.9868421052631579,,
2011-11-01,197469,LH,buy,rebalance,2.0,66.267,2011-11-01,132.534,0.463869,-84.5,Healthcare,0.6381285023659408,0.9850061199510404,,
2011-11-01,194210,BR,buy,rebalance,8.0,15.726,2011-11-01,125.808,0.44032800000000005,-85.0,Technology,0.6313602010319151,0.9981640146878825,,
2011-11-01,196997,DGX,buy,rebalance,3.0,41.038,2011-11-01,123.11399999999999,0.430899,-108.5,Healthcare,0.6225491666527216,0.9972460220318238,,
2011-11-01,199928,ADP,buy,rebalance,4.0,31.663,2011-11-01,126.652,0.443282,-109.0,Industrials,0.6468658599672394,0.956548347613219,,
2011-11-01,199357,SHW,buy,rebalance,5.0,23.452,2011-11-01,117.26,0.41041000000000005,-113.0,Basic Materials,0.6609626138518812,0.9372705018359853,,
2011-11-01,198804,PAYX,buy,rebalance,7.0,17.607,2011-11-01,123.249,0.4313715,-115.0,Industrials,0.6329803136787602,0.9733782129742962,,
2011-12-01,198615,MO,buy,rebalance,10.0,11.568,2011-12-01,115.67999999999999,0.40487999999999996,-15.0,Consumer Defensive,0.6770818583788136,0.9947980416156671,,
2011-12-01,124603,TCP,buy,rebalance,4.0,25.076,2011-12-01,100.304,0.351064,-18.5,Energy,0.6656415461136665,0.9996940024479805,,
2011-12-01,195259,RAI,buy,rebalance,7.0,16.22,2011-12-01,113.53999999999999,0.39738999999999997,-20.5,Consumer Defensive,0.688280113448242,0.9868421052631579,,
2011-12-01,197469,LH,buy,rebalance,1.0,70.344,2011-12-01,70.344,0.24620399999999998,-83.5,Healthcare,0.6381285023659408,0.9850061199510404,,
2011-12-01,194210,BR,buy,rebalance,7.0,16.786,2011-12-01,117.50200000000001,0.41125700000000004,-85.0,Technology,0.6313602010319153,0.9981640146878825,,
2011-12-01,199928,ADP,buy,rebalance,3.0,32.169,2011-12-01,96.50699999999999,0.3377745,-108.0,Industrials,0.6468658599672394,0.956548347613219,,
2011-12-01,196997,DGX,buy,rebalance,2.0,43.318,2011-12-01,86.636,0.303226,-108.5,Healthcare,0.6225491666527216,0.9972460220318238,,
2011-12-01,199357,SHW,buy,rebalance,4.0,24.813,2011-12-01,99.252,0.34738199999999997,-111.5,Basic Materials,0.6609626138518814,0.9372705018359853,,
2011-12-01,198804,PAYX,buy,rebalance,6.0,18.053,2011-12-01,108.31800000000001,0.37911300000000003,-114.0,Industrials,0.6329803136787602,0.9733782129742962,,
2012-01-03,124603,TCP,buy,rebalance,5.0,24.737,2012-01-03,123.68499999999999,0.4328975,-1.5,Energy,0.6544825042955013,1.0,,
2012-01-03,198615,MO,buy,rebalance,11.0,11.678,2012-01-03,128.458,0.44960300000000003,-23.5,Consumer Defensive,0.6313798069315574,0.9938290651033631,,
2012-01-03,193811,PM,buy,rebalance,3.0,39.341,2012-01-03,118.023,0.4130805,-25.0,Consumer Defensive,0.631090661346857,0.9929034248688676,,
2012-01-03,199209,WLY,buy,rebalance,4.0,30.177,2012-01-03,120.708,0.422478,-82.5,Consumer Cyclical,0.5991029104506754,0.9987658130206726,,
2012-01-03,199623,IBM,buy,rebalance,1.0,103.941,2012-01-03,103.941,0.3637935,-102.5,Technology,0.6119060227380878,0.9639000308546745,,
2012-01-03,198439,FISV,buy,rebalance,9.0,14.64,2012-01-03,131.76,0.46115999999999996,-106.0,Technology,0.592183088350405,0.9907435976550447,,
2012-01-03,197469,LH,buy,rebalance,1.0,70.589,2012-01-03,70.589,0.2470615,-106.5,Healthcare,0.5979374798329983,0.9827213822894169,,
2012-01-03,198804,PAYX,buy,rebalance,7.0,18.833,2012-01-03,131.831,0.46140849999999994,-107.5,Industrials,0.6055615904231831,0.9716136994754705,,
2012-01-03,199928,ADP,buy,rebalance,3.0,34.276,2012-01-03,102.828,0.359898,-118.0,Industrials,0.610292008459096,0.9546436285097192,,
2012-02-01,124603,TCP,buy,rebalance,5.0,24.319,2012-02-01,121.595,0.42558250000000003,-1.5,Energy,0.6544825042955013,1.0,,
2012-02-01,198615,MO,buy,rebalance,11.0,11.625,2012-02-01,127.875,0.44756250000000003,-23.5,Consumer Defensive,0.6313798069315575,0.9938290651033631,,
2012-02-01,193811,PM,buy,rebalance,3.0,37.919,2012-02-01,113.75699999999999,0.3981495,-25.0,Consumer Defensive,0.631090661346857,0.9929034248688676,,
2012-02-01,199209,WLY,buy,rebalance,4.0,30.993,2012-02-01,123.972,0.433902,-82.5,Consumer Cyclical,0.5991029104506753,0.9987658130206726,,
2012-02-01,199623,IBM,buy,rebalance,1.0,107.467,2012-02-01,107.467,0.3761345,-102.0,Technology,0.6119060227380878,0.9639000308546745,,
2012-02-01,198439,FISV,buy,rebalance,8.0,15.963,2012-02-01,127.704,0.446964,-105.0,Technology,0.592183088350405,0.9907435976550447,,
2012-02-01,197469,LH,buy,rebalance,1.0,75.573,2012-02-01,75.573,0.2645055,-106.0,Healthcare,0.5979374798329983,0.9827213822894169,,
2012-02-01,198804,PAYX,buy,rebalance,6.0,19.886,2012-02-01,119.316,0.41760600000000003,-107.0,Industrials,0.6055615904231831,0.9716136994754705,,
2012-02-01,199928,ADP,buy,rebalance,3.0,34.584,2012-02-01,103.75200000000001,0.36313200000000007,-117.5,Industrials,0.610292008459096,0.9546436285097192,,
2012-03-01,124603,TCP,buy,rebalance,5.0,24.61,2012-03-01,123.05,0.430675,-1.5,Energy,0.6544825042955013,1.0,,
2012-03-01,198615,MO,buy,rebalance,10.0,12.275,2012-03-01,122.75,0.42962500000000003,-23.5,Consumer Defensive,0.6313798069315574,0.9938290651033631,,
2012-03-01,193811,PM,buy,rebalance,2.0,42.164,2012-03-01,84.328,0.295148,-25.0,Consumer Defensive,0.631090661346857,0.9929034248688676,,
2012-03-01,199209,WLY,buy,rebalance,4.0,30.592,2012-03-01,122.368,0.428288,-82.5,Consumer Cyclical,0.5991029104506753,0.9987658130206726,,
2012-03-01,199623,IBM,buy,rebalance,1.0,110.635,2012-03-01,110.635,0.3872225,-102.0,Technology,0.6119060227380878,0.9639000308546745,,
2012-03-01,198439,FISV,buy,rebalance,7.0,16.68,2012-03-01,116.75999999999999,0.40865999999999997,-105.0,Technology,0.592183088350405,0.9907435976550447,,
2012-03-01,197469,LH,buy,rebalance,1.0,72.762,2012-03-01,72.762,0.25466700000000003,-106.0,Healthcare,0.5979374798329983,0.9827213822894169,,
2012-03-01,198804,PAYX,buy,rebalance,6.0,19.749,2012-03-01,118.494,0.414729,-107.0,Industrials,0.6055615904231831,0.9716136994754705,,
2012-03-01,199928,ADP,buy,rebalance,3.0,34.534,2012-03-01,103.602,0.362607,-117.5,Industrials,0.610292008459096,0.9546436285097192,,
2012-04-02,124603,TCP,buy,rebalance,5.0,23.784,2012-04-02,118.91999999999999,0.41622,-11.0,Energy,0.634086187807156,1.0,,
2012-04-02,198615,MO,buy,rebalance,9.0,12.915,2012-04-02,116.23499999999999,0.4068225,-27.0,Consumer Defensive,0.6269527777858123,0.9956494717215661,,
2012-04-02,199841,CLX,buy,rebalance,2.0,44.846,2012-04-02,89.692,0.313922,-54.0,Consumer Defensive,0.6252959782570802,0.9779366065879428,,
2012-04-02,198804,PAYX,buy,rebalance,6.0,19.855,2012-04-02,119.13,0.416955,-81.0,Industrials,0.6176732613217001,0.9698570540708514,,
2012-04-02,197302,SHPG,buy,rebalance,1.0,95.167,2012-04-02,95.167,0.3330845,-91.5,Healthcare,0.5972020560523562,0.987880671224363,,
2012-04-02,196997,DGX,buy,rebalance,2.0,46.757,2012-04-02,93.514,0.327299,-94.0,Healthcare,0.5984994100154115,0.9844623990055935,,
2012-04-02,199928,ADP,buy,rebalance,3.0,35.463,2012-04-02,106.38900000000001,0.37236150000000007,-98.0,Industrials,0.6230102562301657,0.9515226848974518,,
2012-04-02,199670,GNI,buy,rebalance,3.0,39.908,2012-04-02,119.724,0.419034,-108.5,Basic Materials,0.5869527999538112,0.9922311995027968,,
2012-04-02,198439,FISV,buy,rebalance,7.0,17.602,2012-04-02,123.214,0.431249,-121.0,Technology,0.5813291453169351,0.9900559353635798,,
2012-05-01,124603,TCP,buy,rebalance,5.0,23.095,2012-05-01,115.475,0.4041625,-11.0,Energy,0.634086187807156,1.0,,
2012-05-01,198615,MO,buy,rebalance,9.0,13.437,2012-05-01,120.93299999999999,0.42326549999999996,-27.0,Consumer Defensive,0.6269527777858123,0.9956494717215661,,
2012-05-01,199841,CLX,buy,rebalance,2.0,45.693,2012-05-01,91.386,0.319851,-54.0,Consumer Defensive,0.6252959782570802,0.9779366065879428,,
2012-05-01,198804,PAYX,buy,rebalance,6.0,19.318,2012-05-01,115.90800000000002,0.40567800000000004,-81.0,Industrials,0.6176732613217001,0.9698570540708514,,
2012-05-01,197302,SHPG,buy,rebalance,1.0,94.536,2012-05-01,94.536,0.330876,-91.0,Healthcare,0.5972020560523562,0.987880671224363,,
2012-05-01,196997,DGX,buy,rebalance,2.0,44.329,2012-05-01,88.658,0.310303,-93.5,Healthcare,0.5984994100154115,0.9844623990055935,,
2012-05-01,199928,ADP,buy,rebalance,3.0,35.001,2012-05-01,105.00299999999999,0.36751049999999996,-98.0,Industrials,0.6230102562301657,0.9515226848974518,,
2012-05-01,199670,GNI,buy,rebalance,4.0,27.677,2012-05-01,110.708,0.387478,-108.0,Basic Materials,0.5869527999538112,0.9922311995027968,,
2012-05-01,198439,FISV,buy,rebalance,7.0,17.688,2012-05-01,123.81599999999999,0.43335599999999996,-120.5,Technology,0.5813291453169351,0.9900559353635798,,
2012-06-01,124603,TCP,buy,rebalance,6.0,21.996,2012-06-01,131.976,0.461916,-10.5,Energy,0.634086187807156,1.0,,
2012-06-01,198615,MO,buy,rebalance,10.0,13.135,2012-06-01,131.35,0.459725,-26.5,Consumer Defensive,0.6269527777858123,0.9956494717215661,,
2012-06-01,199841,CLX,buy,rebalance,2.0,45.262,2012-06-01,90.524,0.316834,-53.5,Consumer Defensive,0.6252959782570802,0.9779366065879428,,
2012-06-01,198804,PAYX,buy,rebalance,7.0,18.501,2012-06-01,129.507,0.4532745,-80.0,Industrials,0.6176732613217,0.9698570540708514,,
2012-06-01,197302,SHPG,buy,rebalance,1.0,80.191,2012-06-01,80.191,0.2806685,-89.5,Healthcare,0.5972020560523561,0.987880671224363,,
2012-06-01,196997,DGX,buy,rebalance,3.0,41.553,2012-06-01,124.65899999999999,0.4363065,-92.0,Healthcare,0.5984994100154115,0.9844623990055935,,
2012-06-01,199928,ADP,buy,rebalance,4.0,32.281,2012-06-01,129.124,0.451934,-97.0,Industrials,0.6230102562301657,0.9515226848974518,,
2012-06-01,199670,GNI,buy,rebalance,5.0,26.492,2012-06-01,132.46,0.46361,-106.5,Basic Materials,0.5869527999538112,0.9922311995027968,,
2012-06-01,198439,FISV,buy,rebalance,8.0,16.395,2012-06-01,131.16,0.45906,-119.0,Technology,0.5813291453169351,0.9900559353635798,,
2012-07-02,197333,APU,sell,criteria:rank:below_top_share,54.0,22.518,2012-07-02,1215.972,4.255902,,,,,988.298982,223.41711599999985
2012-07-02,198615,MO,buy,rebalance,16.0,14.669,2012-07-02,234.704,0.8214640000000001,-17.0,Consumer Defensive,0.6343507729844161,0.99721620785648,,
2012-07-02,193811,PM,buy,rebalance,5.0,45.356,2012-07-02,226.78,0.79373,-34.0,Consumer Defensive,0.6290746145691735,0.9907206928549335,,
2012-07-02,198439,FISV,buy,rebalance,13.0,18.15,2012-07-02,235.95,0.825825,-68.5,Technology,0.6032683467012967,0.9969068976183112,,
2012-07-02,198804,PAYX,buy,rebalance,12.0,19.827,2012-07-02,237.92400000000004,0.8327340000000001,-92.5,Industrials,0.6067218020346152,0.9737086297556449,,
2012-07-02,199928,ADP,buy,rebalance,6.0,35.612,2012-07-02,213.67200000000003,0.7478520000000001,-96.0,Industrials,0.6187833847370924,0.9585524280853697,,
2012-07-02,199623,IBM,buy,rebalance,2.0,110.146,2012-07-02,220.292,0.771022,-100.5,Technology,0.6088528045545818,0.9665944942777606,,
2012-07-02,199891,BMY,buy,rebalance,10.0,22.401,2012-07-02,224.01,0.784035,-105.5,Healthcare,0.6318486201086927,0.9372100216517166,,
2012-07-02,195318,NSR1,buy,rebalance,7.0,33.91,2012-07-02,237.36999999999998,0.830795,-125.5,Communication Services,0.6078215712031906,0.949582431178472,,
2012-07-02,197858,PDLI,buy,rebalance,73.0,3.343,2012-07-02,244.039,0.8541365,-131.5,Healthcare,0.5744763133459129,0.9981441385709867,,
2012-08-01,198615,MO,buy,rebalance,9.0,15.117,2012-08-01,136.053,0.4761855,-17.0,Consumer Defensive,0.6343507729844161,0.99721620785648,,
2012-08-01,193811,PM,buy,rebalance,2.0,46.192,2012-08-01,92.384,0.323344,-33.5,Consumer Defensive,0.6290746145691735,0.9907206928549335,,
2012-08-01,198439,FISV,buy,rebalance,7.0,17.413,2012-08-01,121.891,0.4266185,-68.0,Technology,0.6032683467012968,0.9969068976183112,,
2012-08-01,198804,PAYX,buy,rebalance,6.0,20.658,2012-08-01,123.94800000000001,0.43381800000000004,-92.0,Industrials,0.6067218020346152,0.9737086297556449,,
2012-08-01,199928,ADP,buy,rebalance,3.0,35.67,2012-08-01,107.01,0.374535,-95.5,Industrials,0.6187833847370924,0.9585524280853697,,
2012-08-01,199623,IBM,buy,rebalance,1.0,109.78,2012-08-01,109.78,0.38423,-100.0,Technology,0.6088528045545818,0.9665944942777606,,
2012-08-01,199891,BMY,buy,rebalance,6.0,22.337,2012-08-01,134.022,0.46907699999999997,-105.5,Healthcare,0.6318486201086927,0.9372100216517166,,
2012-08-01,195318,NSR1,buy,rebalance,3.0,34.66,2012-08-01,103.97999999999999,0.36393,-125.0,Communication Services,0.6078215712031906,0.949582431178472,,
2012-08-01,197858,PDLI,buy,rebalance,41.0,3.303,2012-08-01,135.423,0.4739805,-130.5,Healthcare,0.5744763133459129,0.9981441385709867,,
2012-09-04,188136,LNCR,sell,criteria:rank:not_a_candidate,72.0,41.49,2012-09-04,2987.28,10.455480000000001,,,,,1081.7639685,1895.0605515000002
2012-09-04,198615,MO,buy,rebalance,29.0,14.434,2012-09-04,418.58599999999996,1.4650509999999999,-17.0,Consumer Defensive,0.6343507729844162,0.99721620785648,,
2012-09-04,193811,PM,buy,rebalance,9.0,45.677,2012-09-04,411.093,1.4388255,-33.5,Consumer Defensive,0.6290746145691735,0.9907206928549335,,
2012-09-04,198439,FISV,buy,rebalance,23.0,17.867,2012-09-04,410.94100000000003,1.4382935000000001,-68.0,Technology,0.6032683467012968,0.9969068976183112,,
2012-09-04,198804,PAYX,buy,rebalance,20.0,21.354,2012-09-04,427.08,1.49478,-92.0,Industrials,0.6067218020346152,0.9737086297556449,,
2012-09-04,199928,ADP,buy,rebalance,11.0,37.107,2012-09-04,408.177,1.4286195000000002,-95.5,Industrials,0.6187833847370924,0.9585524280853697,,
2012-09-04,199623,IBM,buy,rebalance,3.0,109.887,2012-09-04,329.661,1.1538135,-100.0,Technology,0.6088528045545818,0.9665944942777606,,
2012-09-04,199891,BMY,buy,rebalance,20.0,20.793,2012-09-04,415.86,1.45551,-105.5,Healthcare,0.6318486201086927,0.9372100216517166,,
2012-09-04,197997,AZO,buy,rebalance,1.0,358.28,2012-09-04,358.28,1.2539799999999999,-110.5,Consumer Cyclical,0.6138059833894924,0.9526755335601609,,
2012-09-04,195318,NSR1,buy,rebalance,11.0,38.42,2012-09-04,422.62,1.47917,-125.0,Communication Services,0.6078215712031906,0.949582431178472,,
2012-09-04,197858,PDLI,buy,rebalance,115.0,3.716,2012-09-04,427.34000000000003,1.4956900000000002,-130.0,Healthcare,0.5744763133459129,0.9981441385709867,,
2012-10-01,199841,CLX,buy,rebalance,2.0,47.583,2012-10-01,95.166,0.333081,-30.5,Consumer Defensive,0.6284287873822695,0.9937185929648241,,
2012-10-01,193811,PM,buy,rebalance,2.0,46.664,2012-10-01,93.328,0.326648,-41.0,Consumer Defensive,0.625089933782767,0.9899497487437185,,
2012-10-01,198804,PAYX,buy,rebalance,5.0,20.869,2012-10-01,104.345,0.3652075,-77.0,Industrials,0.6082854195543972,0.9795854271356784,,
2012-10-01,199623,IBM,buy,rebalance,1.0,118.886,2012-10-01,118.886,0.416101,-87.0,Technology,0.6089844928071753,0.9704773869346733,,
2012-10-01,198928,UTMD,buy,rebalance,4.0,26.73,2012-10-01,106.92,0.37422,-93.0,Healthcare,0.6155382321132362,0.9597989949748744,,
2012-10-01,199928,ADP,buy,rebalance,3.0,37.626,2012-10-01,112.87799999999999,0.39507299999999995,-95.0,Industrials,0.613322676573213,0.9607412060301508,,
2012-10-01,124603,TCP,buy,rebalance,4.0,24.935,2012-10-01,99.74,0.34909,-99.5,Energy,0.6569396034718588,0.9305904522613065,,
2012-10-01,197858,PDLI,buy,rebalance,31.0,3.989,2012-10-01,123.65899999999999,0.4328065,-100.0,Healthcare,0.591735009115845,0.992462311557789,,
2012-10-01,199209,WLY,buy,rebalance,4.0,30.842,2012-10-01,123.368,0.431788,-113.5,Consumer Cyclical,0.5856748941046493,0.9918341708542714,,
2012-11-01,199841,CLX,buy,rebalance,2.0,48.334,2012-11-01,96.668,0.338338,-30.0,Consumer Defensive,0.6284287873822695,0.9937185929648241,,
2012-11-01,193811,PM,buy,rebalance,2.0,45.059,2012-11-01,90.118,0.315413,-40.5,Consumer Defensive,0.6250899337827671,0.9899497487437185,,
2012-11-01,198804,PAYX,buy,rebalance,5.0,21.462,2012-11-01,107.31,0.375585,-76.5,Industrials,0.6082854195543972,0.9795854271356784,,
2012-11-01,199623,IBM,buy,rebalance,1.0,111.362,2012-11-01,111.362,0.389767,-86.5,Technology,0.6089844928071753,0.9704773869346733,,
2012-11-01,198928,UTMD,buy,rebalance,4.0,26.912,2012-11-01,107.648,0.376768,-92.0,Healthcare,0.6155382321132362,0.9597989949748744,,
2012-11-01,199928,ADP,buy,rebalance,3.0,38.172,2012-11-01,114.51599999999999,0.400806,-94.0,Industrials,0.613322676573213,0.9607412060301508,,
2012-11-01,124603,TCP,buy,rebalance,5.0,23.789,2012-11-01,118.94500000000001,0.41630750000000005,-98.5,Energy,0.6569396034718588,0.9305904522613065,,
2012-11-01,197858,PDLI,buy,rebalance,32.0,3.863,2012-11-01,123.616,0.432656,-99.5,Healthcare,0.591735009115845,0.992462311557789,,
2012-11-01,199209,WLY,buy,rebalance,4.0,30.13,2012-11-01,120.52,0.42182,-113.0,Consumer Cyclical,0.5856748941046492,0.9918341708542714,,
2012-12-03,199841,CLX,buy,rebalance,2.0,50.579,2012-12-03,101.158,0.354053,-30.0,Consumer Defensive,0.6284287873822695,0.9937185929648241,,
2012-12-03,193811,PM,buy,rebalance,2.0,46.195,2012-12-03,92.39,0.323365,-40.5,Consumer Defensive,0.6250899337827671,0.9899497487437185,,
2012-12-03,198804,PAYX,buy,rebalance,6.0,20.933,2012-12-03,125.598,0.439593,-76.5,Industrials,0.6082854195543973,0.9795854271356784,,
2012-12-03,199623,IBM,buy,rebalance,1.0,107.505,2012-12-03,107.505,0.3762675,-86.5,Technology,0.6089844928071753,0.9704773869346733,,
2012-12-03,198928,UTMD,buy,rebalance,4.0,27.712,2012-12-03,110.848,0.387968,-92.0,Healthcare,0.6155382321132362,0.9597989949748744,,
2012-12-03,199928,ADP,buy,rebalance,3.0,36.275,2012-12-03,108.82499999999999,0.3808875,-94.0,Industrials,0.613322676573213,0.9607412060301508,,
2012-12-03,124603,TCP,buy,rebalance,5.0,23.135,2012-12-03,115.67500000000001,0.40486250000000007,-98.5,Energy,0.6569396034718588,0.9305904522613065,,
2012-12-03,197858,PDLI,buy,rebalance,32.0,3.918,2012-12-03,125.376,0.43881600000000004,-99.5,Healthcare,0.591735009115845,0.992462311557789,,
2012-12-03,199209,WLY,buy,rebalance,4.0,28.516,2012-12-03,114.064,0.39922399999999997,-113.0,Consumer Cyclical,0.5856748941046492,0.9918341708542714,,
2013-01-02,199670,GNI,sell,criteria:rank:below_top_share,65.0,32.174,2013-01-02,2091.31,7.319585,,,,,1800.830925,283.1594899999998
2013-01-02,195259,RAI,buy,rebalance,18.0,17.849,2013-01-02,321.282,1.124487,-8.5,Consumer Defensive,0.6640080201176228,0.9990485252140818,,
2013-01-02,199841,CLX,buy,rebalance,6.0,49.198,2013-01-02,295.188,1.033158,-25.5,Consumer Defensive,0.6563701434693112,0.9917538851887092,,
2013-01-02,198804,PAYX,buy,rebalance,15.0,20.936,2013-01-02,314.04,1.09914,-44.0,Industrials,0.6583811478828783,0.9765302886140184,,
2013-01-02,199551,SPGI,buy,rebalance,7.0,45.69,2013-01-02,319.83,1.119405,-60.0,Financial Services,0.6309517469267866,0.9984142086901364,,
2013-01-02,199928,ADP,buy,rebalance,8.0,37.833,2013-01-02,302.664,1.059324,-64.5,Industrials,0.6575355642946615,0.9628924833491912,,
2013-01-02,199623,IBM,buy,rebalance,2.0,111.403,2013-01-02,222.806,0.7798210000000001,-65.0,Technology,0.6502459392528418,0.9708214398985093,,
2013-01-02,198439,FISV,buy,rebalance,16.0,20.32,2013-01-02,325.12,1.13792,-70.0,Technology,0.6289693346030958,0.9949254678084364,,
2013-01-02,196744,CHH,buy,rebalance,11.0,29.893,2013-01-02,328.823,1.1508805,-88.0,Consumer Cyclical,0.6221206976217263,0.9946083095464637,,
2013-01-02,199774,OMC,buy,rebalance,10.0,33.116,2013-01-02,331.15999999999997,1.15906,-97.0,Communication Services,0.6142234880251085,0.9974627339042182,,
2013-02-01,195259,RAI,buy,rebalance,8.0,18.511,2013-02-01,148.088,0.518308,-8.5,Consumer Defensive,0.6640080201176228,0.9990485252140818,,
2013-02-01,199841,CLX,buy,rebalance,2.0,53.002,2013-02-01,106.004,0.371014,-25.5,Consumer Defensive,0.6563701434693113,0.9917538851887092,,
2013-02-01,198804,PAYX,buy,rebalance,7.0,21.6,2013-02-01,151.20000000000002,0.5292000000000001,-44.0,Industrials,0.6583811478828783,0.9765302886140184,,
2013-02-01,199551,SPGI,buy,rebalance,3.0,47.839,2013-02-01,143.517,0.5023095,-59.5,Financial Services,0.6309517469267866,0.9984142086901364,,
2013-02-01,199928,ADP,buy,rebalance,4.0,39.298,2013-02-01,157.192,0.550172,-64.0,Industrials,0.6575355642946615,0.9628924833491912,,
2013-02-01,199623,IBM,buy,rebalance,1.0,116.413,2013-02-01,116.413,0.4074455,-64.5,Technology,0.6502459392528418,0.9708214398985093,,
2013-02-01,198439,FISV,buy,rebalance,7.0,20.337,2013-02-01,142.359,0.49825650000000005,-69.5,Technology,0.6289693346030959,0.9949254678084364,,
2013-02-01,196744,CHH,buy,rebalance,5.0,31.091,2013-02-01,155.455,0.5440925000000001,-87.5,Consumer Cyclical,0.6221206976217263,0.9946083095464637,,
2013-02-01,199774,OMC,buy,rebalance,4.0,35.092,2013-02-01,140.368,0.491288,-96.5,Communication Services,0.6142234880251086,0.9974627339042182,,
2013-03-01,195259,RAI,buy,rebalance,7.0,18.049,2013-03-01,126.34299999999999,0.4422005,-8.5,Consumer Defensive,0.6640080201176227,0.9990485252140818,,
2013-03-01,199841,CLX,buy,rebalance,2.0,56.229,2013-03-01,112.458,0.393603,-24.5,Consumer Defensive,0.6563701434693112,0.9917538851887092,,
2013-03-01,198804,PAYX,buy,rebalance,5.0,21.922,2013-03-01,109.61,0.383635,-43.0,Industrials,0.6583811478828782,0.9765302886140184,,
2013-03-01,199551,SPGI,buy,rebalance,3.0,38.989,2013-03-01,116.96699999999998,0.40938449999999993,-59.5,Financial Services,0.6309517469267866,0.9984142086901364,,
2013-03-01,199928,ADP,buy,rebalance,3.0,39.945,2013-03-01,119.83500000000001,0.41942250000000003,-63.0,Industrials,0.6575355642946615,0.9628924833491912,,
2013-03-01,199623,IBM,buy,rebalance,1.0,115.612,2013-03-01,115.612,0.404642,-63.5,Technology,0.6502459392528418,0.9708214398985093,,
2013-03-01,198439,FISV,buy,rebalance,6.0,20.375,2013-03-01,122.25,0.427875,-69.0,Technology,0.6289693346030959,0.9949254678084364,,
2013-03-01,196744,CHH,buy,rebalance,3.0,33.048,2013-03-01,99.144,0.34700400000000003,-87.0,Consumer Cyclical,0.6221206976217263,0.9946083095464637,,
2013-03-01,199774,OMC,buy,rebalance,3.0,37.094,2013-03-01,111.28200000000001,0.389487,-96.5,Communication Services,0.6142234880251085,0.9974627339042182,,
2013-04-01,199689,GD,sell,criteria:rank:below_top_share,30.0,50.738,2013-04-01,1522.1399999999999,5.32749,,,,,1481.5081934999998,35.30431650000014
2013-04-01,195259,RAI,sell,criteria:rank:below_top_share,403.0,18.758,2013-04-01,7559.473999999999,26.458159,,,,,4363.5120255,3169.5038154999993
2013-04-01,198615,MO,buy,rebalance,68.0,14.975,2013-04-01,1018.3,3.56405,-18.5,Consumer Defensive,0.6571568951362051,0.9974293059125964,,
2013-04-01,193811,PM,buy,rebalance,21.0,48.682,2013-04-01,1022.322,3.5781270000000003,-47.0,Consumer Defensive,0.6451458041559678,0.9861825192802056,,
2013-04-01,196744,CHH,buy,rebalance,28.0,36.69,2013-04-01,1027.32,3.59562,-61.0,Consumer Cyclical,0.6282832569826047,0.9945372750642674,,
2013-04-01,197712,MD,buy,rebalance,22.0,44.755,2013-04-01,984.61,3.446135,-71.0,Healthcare,0.6248837238736576,0.9922879177377892,,
2013-04-01,199774,OMC,buy,rebalance,26.0,38.156,2013-04-01,992.0559999999999,3.472196,-74.0,Communication Services,0.6216477449422686,0.9958226221079691,,
2013-04-01,198804,PAYX,buy,rebalance,44.0,23.223,2013-04-01,1021.8119999999999,3.576342,-74.5,Industrials,0.6334820150082037,0.9771850899742931,,
2013-04-01,198439,FISV,buy,rebalance,47.0,21.753,2013-04-01,1022.391,3.5783685,-82.5,Technology,0.6224039310345476,0.9881105398457584,,
2013-04-01,199385,ROL,buy,rebalance,170.0,6.033,2013-04-01,1025.6100000000001,3.5896350000000004,-88.0,Consumer Cyclical,0.6179071315573001,0.9938946015424165,,
2013-04-01,195812,COR,buy,rebalance,23.0,42.917,2013-04-01,987.091,3.4548185,-96.0,Healthcare,0.6132265158602579,0.9951799485861182,,
2013-04-01,199928,ADP,buy,rebalance,24.0,42.205,2013-04-01,1012.92,3.54522,-98.5,Industrials,0.6281913000721479,0.9669023136246787,,
2013-05-01,198615,MO,buy,rebalance,7.0,15.857,2013-05-01,110.999,0.38849649999999997,-18.5,Consumer Defensive,0.6571568951362052,0.9974293059125964,,
2013-05-01,193811,PM,buy,rebalance,2.0,50.198,2013-05-01,100.396,0.35138600000000003,-47.0,Consumer Defensive,0.6451458041559678,0.9861825192802056,,
2013-05-01,196744,CHH,buy,rebalance,3.0,33.824,2013-05-01,101.472,0.35515199999999997,-61.0,Consumer Cyclical,0.6282832569826047,0.9945372750642674,,
2013-05-01,197712,MD,buy,rebalance,2.0,44.565,2013-05-01,89.13,0.311955,-71.0,Healthcare,0.6248837238736576,0.9922879177377892,,
2013-05-01,199774,OMC,buy,rebalance,3.0,38.428,2013-05-01,115.28399999999999,0.40349399999999996,-74.0,Communication Services,0.6216477449422686,0.9958226221079691,,
2013-05-01,198804,PAYX,buy,rebalance,4.0,23.861,2013-05-01,95.444,0.334054,-74.5,Industrials,0.6334820150082037,0.9771850899742931,,
2013-05-01,198439,FISV,buy,rebalance,5.0,21.733,2013-05-01,108.665,0.38032750000000004,-82.5,Technology,0.6224039310345476,0.9881105398457584,,
2013-05-01,199385,ROL,buy,rebalance,19.0,5.939,2013-05-01,112.84100000000001,0.39494350000000006,-88.0,Consumer Cyclical,0.6179071315573,0.9938946015424165,,
2013-05-01,195812,COR,buy,rebalance,2.0,44.745,2013-05-01,89.49,0.31321499999999997,-96.0,Healthcare,0.6132265158602578,0.9951799485861182,,
2013-05-01,199928,ADP,buy,rebalance,2.0,43.598,2013-05-01,87.196,0.305186,-98.5,Industrials,0.6281913000721479,0.9669023136246787,,
2013-06-03,198615,MO,buy,rebalance,7.0,15.918,2013-06-03,111.42599999999999,0.389991,-18.5,Consumer Defensive,0.6571568951362051,0.9974293059125964,,
2013-06-03,193811,PM,buy,rebalance,2.0,48.472,2013-06-03,96.944,0.339304,-47.0,Consumer Defensive,0.6451458041559678,0.9861825192802056,,
2013-06-03,196744,CHH,buy,rebalance,3.0,33.937,2013-06-03,101.81099999999999,0.3563385,-60.5,Consumer Cyclical,0.6282832569826047,0.9945372750642674,,
2013-06-03,197712,MD,buy,rebalance,2.0,45.73,2013-06-03,91.46,0.32011,-70.5,Healthcare,0.6248837238736576,0.9922879177377892,,
2013-06-03,199774,OMC,buy,rebalance,2.0,40.204,2013-06-03,80.408,0.281428,-73.5,Communication Services,0.6216477449422686,0.9958226221079691,,
2013-06-03,198804,PAYX,buy,rebalance,4.0,24.571,2013-06-03,98.284,0.343994,-74.5,Industrials,0.6334820150082037,0.9771850899742931,,
2013-06-03,198439,FISV,buy,rebalance,5.0,21.802,2013-06-03,109.00999999999999,0.38153499999999996,-82.0,Technology,0.6224039310345476,0.9881105398457584,,
2013-06-03,199385,ROL,buy,rebalance,18.0,6.211,2013-06-03,111.798,0.391293,-87.5,Consumer Cyclical,0.6179071315573001,0.9938946015424165,,
2013-06-03,195812,COR,buy,rebalance,2.0,43.95,2013-06-03,87.9,0.30765000000000003,-95.5,Healthcare,0.6132265158602579,0.9951799485861182,,
2013-06-03,199928,ADP,buy,rebalance,2.0,45.379,2013-06-03,90.758,0.317653,-98.0,Industrials,0.6281913000721479,0.9669023136246787,,
2013-07-01,198253,LDR,sell,criteria:rank:below_top_share,23.0,41.92,2013-07-01,964.1600000000001,3.3745600000000002,,,,,682.4512484999999,278.3341915000002
2013-07-01,198207,IEX,sell,criteria:rank:below_top_share,25.0,45.85,2013-07-01,1146.25,4.011875,,,,,709.9290855,432.30903950000004
2013-07-01,198615,MO,sell,criteria:rank:below_top_share,713.0,15.637,2013-07-01,11149.181,39.0221335,,,,,7391.261187000001,3718.897679499999
2013-07-01,193811,PM,buy,rebalance,30.0,46.378,2013-07-01,1391.34,4.869689999999999,-32.5,Consumer Defensive,0.6521465038835902,0.9914529914529915,,
2013-07-01,195259,RAI,buy,rebalance,68.0,20.861,2013-07-01,1418.548,4.964918,-41.0,Consumer Defensive,0.65232131629172,0.9841722063944286,,
2013-07-01,199747,EFX,buy,rebalance,27.0,52.033,2013-07-01,1404.891,4.9171185,-43.0,Industrials,0.6489863278748255,0.9882874327318771,,
2013-07-01,198877,DST,buy,rebalance,45.0,31.46,2013-07-01,1415.7,4.95495,-45.0,Technology,0.6364270197941881,0.9987337765115543,,
2013-07-01,198804,PAYX,buy,rebalance,59.0,24.097,2013-07-01,1421.7230000000002,4.976030500000001,-64.5,Industrials,0.6483220588256604,0.9743589743589743,,
2013-07-01,199774,OMC,buy,rebalance,35.0,40.909,2013-07-01,1431.815,5.0113525,-68.5,Communication Services,0.6259201805407307,0.99778410889522,,
2013-07-01,195812,COR,buy,rebalance,31.0,45.894,2013-07-01,1422.714,4.979499,-77.0,Healthcare,0.6250856566023136,0.9930357708135485,,
2013-07-01,198439,FISV,buy,rebalance,65.0,21.823,2013-07-01,1418.4950000000001,4.9647325,-77.0,Technology,0.6268382586430977,0.9898702120924343,,
2013-07-01,197712,MD,buy,rebalance,31.0,46.07,2013-07-01,1428.17,4.998595000000001,-112.5,Healthcare,0.6111854834525525,0.9870212092434315,,
2013-07-01,196101,TWX,buy,rebalance,28.0,50.88,2013-07-01,1424.64,4.9862400000000004,-127.5,Communication Services,0.6202429935803325,0.9613801836024058,,
2013-08-01,193811,PM,buy,rebalance,2.0,47.533,2013-08-01,95.066,0.332731,-32.5,Consumer Defensive,0.6521465038835902,0.9914529914529915,,
2013-08-01,195259,RAI,buy,rebalance,5.0,21.485,2013-08-01,107.425,0.3759875,-41.0,Consumer Defensive,0.65232131629172,0.9841722063944286,,
2013-08-01,199747,EFX,buy,rebalance,2.0,56.491,2013-08-01,112.982,0.395437,-43.0,Industrials,0.6489863278748255,0.9882874327318771,,
2013-08-01,198877,DST,buy,rebalance,3.0,34.204,2013-08-01,102.612,0.359142,-45.0,Technology,0.6364270197941883,0.9987337765115543,,
2013-08-01,198804,PAYX,buy,rebalance,4.0,26.821,2013-08-01,107.284,0.37549400000000005,-64.5,Industrials,0.6483220588256604,0.9743589743589743,,
2013-08-01,199774,OMC,buy,rebalance,2.0,42.266,2013-08-01,84.532,0.295862,-68.5,Communication Services,0.6259201805407306,0.99778410889522,,
2013-08-01,195812,COR,buy,rebalance,2.0,49.056,2013-08-01,98.112,0.343392,-77.0,Healthcare,0.6250856566023136,0.9930357708135485,,
2013-08-01,198439,FISV,buy,rebalance,4.0,24.22,2013-08-01,96.88,0.33908,-77.0,Technology,0.6268382586430977,0.9898702120924343,,
2013-08-01,197712,MD,buy,rebalance,2.0,49.225,2013-08-01,98.45,0.344575,-112.5,Healthcare,0.6111854834525525,0.9870212092434315,,
2013-08-01,196101,TWX,buy,rebalance,2.0,55.034,2013-08-01,110.068,0.385238,-127.5,Communication Services,0.6202429935803325,0.9613801836024058,,
2013-09-03,193811,PM,buy,rebalance,2.0,44.19,2013-09-03,88.38,0.30933,-32.5,Consumer Defensive,0.6521465038835902,0.9914529914529915,,
2013-09-03,195259,RAI,buy,rebalance,5.0,20.259,2013-09-03,101.295,0.35453250000000003,-41.0,Consumer Defensive,0.65232131629172,0.9841722063944286,,
2013-09-03,199747,EFX,buy,rebalance,2.0,52.077,2013-09-03,104.154,0.364539,-43.0,Industrials,0.6489863278748255,0.9882874327318771,,
2013-09-03,198877,DST,buy,rebalance,3.0,33.662,2013-09-03,100.98599999999999,0.35345099999999996,-45.0,Technology,0.6364270197941881,0.9987337765115543,,
2013-09-03,198804,PAYX,buy,rebalance,4.0,25.581,2013-09-03,102.324,0.358134,-64.5,Industrials,0.6483220588256604,0.9743589743589743,,
2013-09-03,199774,OMC,buy,rebalance,2.0,39.566,2013-09-03,79.132,0.27696200000000004,-68.5,Communication Services,0.6259201805407307,0.99778410889522,,
2013-09-03,195812,COR,buy,rebalance,2.0,48.055,2013-09-03,96.11,0.336385,-77.0,Healthcare,0.6250856566023137,0.9930357708135485,,
2013-09-03,198439,FISV,buy,rebalance,4.0,24.135,2013-09-03,96.54,0.33789,-77.0,Technology,0.6268382586430977,0.9898702120924343,,
2013-09-03,197712,MD,buy,rebalance,2.0,48.955,2013-09-03,97.91,0.342685,-112.5,Healthcare,0.6111854834525525,0.9870212092434315,,
2013-09-03,196101,TWX,buy,rebalance,2.0,53.803,2013-09-03,107.606,0.376621,-127.5,Communication Services,0.6202429935803325,0.9613801836024058,,
2013-10-01,199891,BMY,sell,criteria:rank:below_top_share,119.0,30.761,2013-10-01,3660.5589999999997,12.811956499999999,,,,,2021.3289765,1626.4180669999996
2013-10-01,199855,CHE,sell,criteria:rank:below_top_share,20.0,67.698,2013-10-01,1353.9599999999998,4.73886,,,,,1193.472585,155.7485549999999
2013-10-01,199774,OMC,sell,criteria:rank:below_top_share,87.0,41.712,2013-10-01,3628.9440000000004,12.701304000000002,,,,,3377.8181295,238.4245665000003
2013-10-01,198615,MO,buy,rebalance,62.0,15.554,2013-10-01,964.3480000000001,3.3752180000000003,-19.0,Consumer Defensive,0.6413724066463515,0.9990427568602425,,
2013-10-01,195259,RAI,buy,rebalance,45.0,21.32,2013-10-01,959.4,3.3579,-31.0,Consumer Defensive,0.6508393331288229,0.9834077855775367,,
2013-10-01,195812,COR,buy,rebalance,18.0,52.317,2013-10-01,941.706,3.295971,-35.5,Healthcare,0.63614213471271,0.99234205488194,,
2013-10-01,199747,EFX,buy,rebalance,18.0,52.622,2013-10-01,947.196,3.315186,-45.0,Industrials,0.6402233197925383,0.9814932992980216,,
2013-10-01,197712,MD,buy,rebalance,19.0,50.71,2013-10-01,963.49,3.372215,-48.0,Healthcare,0.6301118887476397,0.9891512444160817,,
2013-10-01,197849,ROP,buy,rebalance,7.0,123.39,2013-10-01,863.73,3.0230550000000003,-54.0,Technology,0.6216219410260657,0.9936183790682833,,
2013-10-01,198439,FISV,buy,rebalance,38.0,25.635,2013-10-01,974.1300000000001,3.4094550000000003,-56.5,Technology,0.6220175213402791,0.9910657306955967,,
2013-10-01,198804,PAYX,buy,rebalance,36.0,26.517,2013-10-01,954.612,3.341142,-62.0,Industrials,0.6383042348269843,0.9728781110402042,,
2013-10-01,197997,AZO,buy,rebalance,2.0,425.11,2013-10-01,850.22,2.9757700000000002,-105.5,Consumer Cyclical,0.6271978443969427,0.9537332482450542,,
2013-10-01,196101,TWX,buy,rebalance,16.0,58.468,2013-10-01,935.488,3.2742080000000002,-120.5,Communication Services,0.6169498496295436,0.9530950861518825,,
2013-11-01,198615,MO,buy,rebalance,8.0,16.728,2013-11-01,133.824,0.4683840000000001,-18.0,Consumer Defensive,0.6413724066463515,0.9990427568602425,,
2013-11-01,195259,RAI,buy,rebalance,6.0,22.234,2013-11-01,133.404,0.466914,-30.0,Consumer Defensive,0.6508393331288229,0.9834077855775367,,
2013-11-01,195812,COR,buy,rebalance,2.0,55.583,2013-11-01,111.166,0.389081,-34.5,Healthcare,0.6361421347127099,0.99234205488194,,
2013-11-01,199747,EFX,buy,rebalance,2.0,57.289,2013-11-01,114.578,0.401023,-44.0,Industrials,0.6402233197925383,0.9814932992980216,,
2013-11-01,197712,MD,buy,rebalance,2.0,54.15,2013-11-01,108.3,0.37905,-47.0,Healthcare,0.6301118887476398,0.9891512444160817,,
2013-11-01,197849,ROP,buy,rebalance,1.0,117.705,2013-11-01,117.705,0.4119675,-53.0,Technology,0.6216219410260657,0.9936183790682833,,
2013-11-01,198439,FISV,buy,rebalance,5.0,26.212,2013-11-01,131.06,0.45871,-55.5,Technology,0.6220175213402791,0.9910657306955967,,
2013-11-01,198804,PAYX,buy,rebalance,4.0,28.08,2013-11-01,112.32,0.39311999999999997,-61.0,Industrials,0.6383042348269843,0.9728781110402042,,
2013-11-01,196101,TWX,buy,rebalance,2.0,60.336,2013-11-01,120.672,0.422352,-119.5,Communication Services,0.6169498496295435,0.9530950861518825,,
2013-12-02,198615,MO,buy,rebalance,7.0,16.558,2013-12-02,115.906,0.405671,-17.5,Consumer Defensive,0.6413724066463515,0.9990427568602425,,
2013-12-02,195259,RAI,buy,rebalance,6.0,21.684,2013-12-02,130.104,0.45536400000000005,-29.0,Consumer Defensive,0.6508393331288229,0.9834077855775367,,
2013-12-02,195812,COR,buy,rebalance,2.0,59.56,2013-12-02,119.12,0.41692,-34.0,Healthcare,0.63614213471271,0.99234205488194,,
2013-12-02,199747,EFX,buy,rebalance,2.0,59.347,2013-12-02,118.694,0.415429,-43.0,Industrials,0.6402233197925383,0.9814932992980216,,
2013-12-02,197712,MD,buy,rebalance,2.0,55.14,2013-12-02,110.28,0.38598,-46.0,Healthcare,0.6301118887476397,0.9891512444160817,,
2013-12-02,197849,ROP,buy,rebalance,1.0,120.11,2013-12-02,120.11,0.420385,-52.5,Technology,0.6216219410260657,0.9936183790682833,,
2013-12-02,198439,FISV,buy,rebalance,4.0,27.75,2013-12-02,111.0,0.3885,-54.5,Technology,0.6220175213402791,0.9910657306955967,,
2013-12-02,198804,PAYX,buy,rebalance,4.0,29.15,2013-12-02,116.6,0.40809999999999996,-60.0,Industrials,0.6383042348269843,0.9728781110402042,,
2013-12-02,196101,TWX,buy,rebalance,2.0,57.782,2013-12-02,115.564,0.404474,-118.5,Communication Services,0.6169498496295436,0.9530950861518825,,
2014-01-02,199928,ADP,sell,criteria:rank:below_top_share,268.0,53.078,2014-01-02,14224.904,49.787164000000004,,,,,7921.604916000001,6253.51192
2014-01-02,198615,MO,buy,rebalance,89.0,17.198,2014-01-02,1530.622,5.357177,-23.5,Consumer Defensive,0.6629522340444958,0.9993587688361655,,
2014-01-02,198439,FISV,buy,rebalance,52.0,29.1,2014-01-02,1513.2,5.296200000000001,-35.5,Technology,0.662897974030086,0.9903815325424815,,
2014-01-02,198804,PAYX,buy,rebalance,51.0,30.133,2014-01-02,1536.783,5.3787405,-39.5,Industrials,0.6887531848393994,0.9727476755370311,,
2014-01-02,195259,RAI,buy,rebalance,71.0,21.616,2014-01-02,1534.7359999999999,5.371575999999999,-42.0,Consumer Defensive,0.6641943935922964,0.9836486053222186,,
2014-01-02,195812,COR,buy,rebalance,26.0,58.72,2014-01-02,1526.72,5.34352,-46.5,Healthcare,0.6539757637110271,0.9929464571978198,,
2014-01-02,197712,MD,buy,rebalance,28.0,53.02,2014-01-02,1484.5600000000002,5.19596,-49.0,Healthcare,0.6483042772034273,0.9951907662712408,,
2014-01-02,193422,VRSK,buy,rebalance,24.0,61.9,2014-01-02,1485.6,5.1996,-58.0,Industrials,0.6440770500757633,0.995511381853158,,
2014-01-02,198546,JKHY,buy,rebalance,30.0,49.696,2014-01-02,1490.8799999999999,5.21808,-73.5,Technology,0.6709769882919753,0.9570375120230843,,
2014-01-02,197997,AZO,buy,rebalance,3.0,474.11,2014-01-02,1422.33,4.978155,-81.5,Consumer Cyclical,0.6610361759036156,0.961205514588009,,
2014-01-02,194695,VIAB,buy,rebalance,20.0,74.948,2014-01-02,1498.9599999999998,5.246359999999999,-93.0,Communication Services,0.6308634332967482,0.9842898364860532,,
2014-02-03,198615,MO,buy,rebalance,8.0,15.478,2014-02-03,123.824,0.433384,-23.5,Consumer Defensive,0.6629522340444958,0.9993587688361655,,
2014-02-03,198439,FISV,buy,rebalance,4.0,27.2,2014-02-03,108.8,0.38079999999999997,-35.5,Technology,0.662897974030086,0.9903815325424815,,
2014-02-03,198804,PAYX,buy,rebalance,4.0,27.24,2014-02-03,108.96,0.38136,-39.5,Industrials,0.6887531848393994,0.9727476755370311,,
2014-02-03,195259,RAI,buy,rebalance,6.0,20.602,2014-02-03,123.612,0.43264199999999997,-42.0,Consumer Defensive,0.6641943935922965,0.9836486053222186,,
2014-02-03,195812,COR,buy,rebalance,2.0,54.755,2014-02-03,109.51,0.38328500000000004,-46.5,Healthcare,0.6539757637110271,0.9929464571978198,,
2014-02-03,197712,MD,buy,rebalance,2.0,53.47,2014-02-03,106.94,0.37429,-49.0,Healthcare,0.6483042772034273,0.9951907662712408,,
2014-02-03,193422,VRSK,buy,rebalance,2.0,59.676,2014-02-03,119.352,0.41773200000000005,-58.0,Industrials,0.6440770500757633,0.995511381853158,,
2014-02-03,198546,JKHY,buy,rebalance,2.0,45.877,2014-02-03,91.754,0.321139,-73.5,Technology,0.6709769882919752,0.9570375120230843,,
2014-02-03,194695,VIAB,buy,rebalance,1.0,67.923,2014-02-03,67.923,0.2377305,-93.0,Communication Services,0.6308634332967482,0.9842898364860532,,
2014-03-03,198615,MO,buy,rebalance,8.0,16.54,2014-03-03,132.32,0.46312,-23.5,Consumer Defensive,0.6629522340444958,0.9993587688361655,,
2014-03-03,198439,FISV,buy,rebalance,4.0,28.815,2014-03-03,115.26,0.40341000000000005,-35.0,Technology,0.662897974030086,0.9903815325424815,,
2014-03-03,198804,PAYX,buy,rebalance,4.0,27.766,2014-03-03,111.064,0.38872399999999996,-39.0,Industrials,0.6887531848393994,0.9727476755370311,,
2014-03-03,195259,RAI,buy,rebalance,5.0,23.38,2014-03-03,116.89999999999999,0.40914999999999996,-41.5,Consumer Defensive,0.6641943935922965,0.9836486053222186,,
2014-03-03,195812,COR,buy,rebalance,2.0,56.909,2014-03-03,113.818,0.398363,-46.0,Healthcare,0.653975763711027,0.9929464571978198,,
2014-03-03,197712,MD,buy,rebalance,2.0,61.05,2014-03-03,122.1,0.42735,-49.0,Healthcare,0.6483042772034272,0.9951907662712408,,
2014-03-03,193422,VRSK,buy,rebalance,2.0,60.275,2014-03-03,120.55,0.421925,-58.0,Industrials,0.6440770500757633,0.995511381853158,,
2014-03-03,198546,JKHY,buy,rebalance,2.0,49.437,2014-03-03,98.874,0.346059,-73.0,Technology,0.6709769882919753,0.9570375120230843,,
2014-03-03,194695,VIAB,buy,rebalance,1.0,74.043,2014-03-03,74.043,0.2591505,-92.5,Communication Services,0.6308634332967482,0.9842898364860532,,
2014-04-01,199421,PBI,sell,criteria:rank:below_top_share,116.0,14.802,2014-04-01,1717.032,6.009612,,,,,1816.778547,-105.75615900000003
2014-04-01,124603,TCP,sell,criteria:rank:below_top_share,65.0,29.73,2014-04-01,1932.45,6.763575,,,,,1536.3835875000002,389.3028374999999
2014-04-01,198615,MO,buy,rebalance,29.0,17.192,2014-04-01,498.568,1.744988,-11.5,Consumer Defensive,0.6776864890472084,0.9980694980694981,,
2014-04-01,195259,RAI,buy,rebalance,20.0,23.851,2014-04-01,477.02,1.66957,-26.5,Consumer Defensive,0.6803902568606243,0.9842342342342343,,
2014-04-01,198439,FISV,buy,rebalance,17.0,28.645,2014-04-01,486.965,1.7043774999999999,-32.0,Technology,0.6658104779187859,0.9903474903474904,,
2014-04-01,193422,VRSK,buy,rebalance,8.0,56.786,2014-04-01,454.288,1.590008,-46.5,Industrials,0.6517046254379526,0.9948519948519948,,
2014-04-01,197712,MD,buy,rebalance,7.0,64.0,2014-04-01,448.0,1.568,-47.5,Healthcare,0.6497264290532857,0.9958172458172458,,
2014-04-01,199774,OMC,buy,rebalance,10.0,48.008,2014-04-01,480.08000000000004,1.6802800000000002,-49.5,Communication Services,0.6446865076956179,0.9987129987129987,,
2014-04-01,199928,ADP,buy,rebalance,9.0,51.827,2014-04-01,466.443,1.6325505,-52.5,Industrials,0.6778105784582934,0.9684684684684685,,
2014-04-01,198546,JKHY,buy,rebalance,10.0,48.519,2014-04-01,485.19,1.698165,-73.5,Technology,0.6738773624960491,0.9555984555984556,,
2014-04-01,199385,ROL,buy,rebalance,64.0,7.746,2014-04-01,495.744,1.7351040000000002,-99.0,Consumer Cyclical,0.6257188675437209,0.9874517374517374,,
2014-05-01,198615,MO,buy,rebalance,9.0,18.313,2014-05-01,164.81699999999998,0.5768595,-11.5,Consumer Defensive,0.6776864890472085,0.9980694980694981,,
2014-05-01,195259,RAI,buy,rebalance,6.0,24.829,2014-05-01,148.974,0.521409,-26.5,Consumer Defensive,0.6803902568606245,0.9842342342342343,,
2014-05-01,198439,FISV,buy,rebalance,5.0,30.455,2014-05-01,152.27499999999998,0.5329624999999999,-32.0,Technology,0.6658104779187859,0.9903474903474904,,
2014-05-01,193422,VRSK,buy,rebalance,2.0,56.948,2014-05-01,113.896,0.398636,-46.0,Industrials,0.6517046254379526,0.9948519948519948,,
2014-05-01,197712,MD,buy,rebalance,2.0,58.37,2014-05-01,116.74,0.40859,-47.0,Healthcare,0.6497264290532858,0.9958172458172458,,
2014-05-01,199774,OMC,buy,rebalance,3.0,44.472,2014-05-01,133.416,0.466956,-49.0,Communication Services,0.6446865076956179,0.9987129987129987,,
2014-05-01,199928,ADP,buy,rebalance,3.0,51.908,2014-05-01,155.724,0.545034,-52.0,Industrials,0.6778105784582934,0.9684684684684685,,
2014-05-01,198546,JKHY,buy,rebalance,3.0,47.636,2014-05-01,142.90800000000002,0.500178,-73.0,Technology,0.6738773624960491,0.9555984555984556,,
2014-05-01,199385,ROL,buy,rebalance,22.0,7.538,2014-05-01,165.836,0.5804260000000001,-98.5,Consumer Cyclical,0.6257188675437209,0.9874517374517374,,
2014-06-02,198615,MO,buy,rebalance,7.0,18.966,2014-06-02,132.762,0.464667,-11.5,Consumer Defensive,0.6776864890472085,0.9980694980694981,,
2014-06-02,195259,RAI,buy,rebalance,5.0,26.17,2014-06-02,130.85000000000002,0.4579750000000001,-26.5,Consumer Defensive,0.6803902568606245,0.9842342342342343,,
2014-06-02,198439,FISV,buy,rebalance,4.0,30.215,2014-06-02,120.86,0.42301,-32.0,Technology,0.6658104779187859,0.9903474903474904,,
2014-06-02,193422,VRSK,buy,rebalance,2.0,56.625,2014-06-02,113.25,0.39637500000000003,-46.0,Industrials,0.6517046254379525,0.9948519948519948,,
2014-06-02,197712,MD,buy,rebalance,2.0,56.95,2014-06-02,113.9,0.39865,-47.0,Healthcare,0.6497264290532857,0.9958172458172458,,
2014-06-02,199774,OMC,buy,rebalance,2.0,47.511,2014-06-02,95.022,0.332577,-49.0,Communication Services,0.6446865076956179,0.9987129987129987,,
2014-06-02,199928,ADP,buy,rebalance,2.0,53.085,2014-06-02,106.17,0.371595,-52.0,Industrials,0.6778105784582934,0.9684684684684685,,
2014-06-02,198546,JKHY,buy,rebalance,2.0,50.129,2014-06-02,100.258,0.35090299999999996,-73.0,Technology,0.6738773624960491,0.9555984555984556,,
2014-06-02,199385,ROL,buy,rebalance,17.0,7.787,2014-06-02,132.379,0.4633265,-98.5,Consumer Cyclical,0.6257188675437209,0.9874517374517374,,
2014-07-01,195318,NSR1,sell,criteria:rank:below_top_share,21.0,26.48,2014-07-01,556.08,1.9462800000000002,,,,,766.6438949999999,-212.5101749999999
2014-07-01,198615,MO,buy,rebalance,9.0,19.457,2014-07-01,175.113,0.6128955,-20.5,Consumer Defensive,0.6748098543895009,0.9971733668341709,,
2014-07-01,198439,FISV,buy,rebalance,6.0,30.605,2014-07-01,183.63,0.642705,-28.5,Technology,0.6732584237514498,0.9940326633165829,,
2014-07-01,193811,PM,buy,rebalance,4.0,46.616,2014-07-01,186.464,0.652624,-35.0,Consumer Defensive,0.6715709115408834,0.9899497487437185,,
2014-07-01,197712,MD,buy,rebalance,3.0,58.48,2014-07-01,175.44,0.61404,-35.0,Healthcare,0.6706447941539119,0.9915201005025126,,
2014-07-01,199774,OMC,buy,rebalance,3.0,47.982,2014-07-01,143.946,0.503811,-54.5,Communication Services,0.6535584790900754,0.9990577889447236,,
2014-07-01,199747,EFX,buy,rebalance,2.0,64.271,2014-07-01,128.542,0.449897,-63.5,Industrials,0.6479143513922371,0.9993718592964824,,
2014-07-01,198804,PAYX,buy,rebalance,6.0,28.651,2014-07-01,171.906,0.6016710000000001,-65.0,Industrials,0.6687551845707997,0.9739321608040201,,
2014-07-01,198546,JKHY,buy,rebalance,3.0,51.644,2014-07-01,154.932,0.542262,-81.0,Technology,0.662644916966287,0.9698492462311558,,
2014-07-01,199385,ROL,buy,rebalance,25.0,7.603,2014-07-01,190.075,0.6652625,-118.0,Consumer Cyclical,0.6281824004663945,0.9868090452261307,,
2014-08-01,198615,MO,buy,rebalance,7.0,18.838,2014-08-01,131.866,0.4615310000000001,-20.5,Consumer Defensive,0.674809854389501,0.9971733668341709,,
2014-08-01,198439,FISV,buy,rebalance,4.0,30.72,2014-08-01,122.88,0.43008,-28.5,Technology,0.6732584237514498,0.9940326633165829,,
2014-08-01,193811,PM,buy,rebalance,3.0,45.337,2014-08-01,136.01100000000002,0.4760385000000001,-35.0,Consumer Defensive,0.6715709115408833,0.9899497487437185,,
2014-08-01,197712,MD,buy,rebalance,2.0,57.33,2014-08-01,114.66,0.40131,-35.0,Healthcare,0.6706447941539119,0.9915201005025126,,
2014-08-01,199774,OMC,buy,rebalance,2.0,47.14,2014-08-01,94.28,0.32998,-54.5,Communication Services,0.6535584790900754,0.9990577889447236,,
2014-08-01,199747,EFX,buy,rebalance,2.0,67.149,2014-08-01,134.298,0.470043,-63.5,Industrials,0.6479143513922371,0.9993718592964824,,
2014-08-01,198804,PAYX,buy,rebalance,4.0,28.151,2014-08-01,112.604,0.394114,-64.5,Industrials,0.6687551845707997,0.9739321608040201,,
2014-08-01,198546,JKHY,buy,rebalance,2.0,50.249,2014-08-01,100.498,0.35174300000000003,-80.5,Technology,0.662644916966287,0.9698492462311558,,
2014-08-01,199385,ROL,buy,rebalance,19.0,7.085,2014-08-01,134.615,0.47115250000000003,-118.0,Consumer Cyclical,0.6281824004663945,0.9868090452261307,,
2014-09-02,198615,MO,buy,rebalance,6.0,20.089,2014-09-02,120.53399999999999,0.421869,-20.5,Consumer Defensive,0.6748098543895009,0.9971733668341709,,
2014-09-02,198439,FISV,buy,rebalance,4.0,32.325,2014-09-02,129.3,0.45255000000000006,-28.5,Technology,0.6732584237514498,0.9940326633165829,,
2014-09-02,193811,PM,buy,rebalance,2.0,47.324,2014-09-02,94.648,0.331268,-35.0,Consumer Defensive,0.6715709115408833,0.9899497487437185,,
2014-09-02,197712,MD,buy,rebalance,2.0,57.19,2014-09-02,114.38,0.40033,-35.0,Healthcare,0.6706447941539119,0.9915201005025126,,
2014-09-02,199774,OMC,buy,rebalance,2.0,48.202,2014-09-02,96.404,0.337414,-54.5,Communication Services,0.6535584790900754,0.9990577889447236,,
2014-09-02,199747,EFX,buy,rebalance,1.0,70.125,2014-09-02,70.125,0.2454375,-63.5,Industrials,0.647914351392237,0.9993718592964824,,
2014-09-02,198804,PAYX,buy,rebalance,4.0,28.755,2014-09-02,115.02,0.40257,-64.5,Industrials,0.6687551845707996,0.9739321608040201,,
2014-09-02,198546,JKHY,buy,rebalance,2.0,50.051,2014-09-02,100.102,0.35035700000000003,-80.5,Technology,0.662644916966287,0.9698492462311558,,
2014-09-02,199385,ROL,buy,rebalance,17.0,7.658,2014-09-02,130.186,0.45565100000000003,-117.5,Consumer Cyclical,0.6281824004663944,0.9868090452261307,,
2014-10-01,199774,OMC,sell,criteria:rank:below_top_share,22.0,45.381,2014-10-01,998.3820000000001,3.4943370000000002,,,,,1046.799018,-51.911354999999844
2014-10-01,198615,MO,buy,rebalance,10.0,21.546,2014-10-01,215.45999999999998,0.75411,-13.5,Consumer Defensive,0.6762603605900006,0.99712,,
2014-10-01,198804,PAYX,buy,rebalance,7.0,29.84,2014-10-01,208.88,0.73108,-38.0,Industrials,0.6776729995880714,0.97728,,
2014-10-01,193811,PM,buy,rebalance,4.0,46.759,2014-10-01,187.036,0.654626,-45.5,Consumer Defensive,0.6619566757322111,0.98784,,
2014-10-01,198439,FISV,buy,rebalance,7.0,32.16,2014-10-01,225.11999999999998,0.78792,-53.5,Technology,0.6505986209154974,0.9952,,
2014-10-01,199928,ADP,buy,rebalance,4.0,54.976,2014-10-01,219.904,0.769664,-68.5,Industrials,0.6738340577540094,0.96128,,
2014-10-01,199385,ROL,buy,rebalance,31.0,7.254,2014-10-01,224.874,0.787059,-71.0,Consumer Cyclical,0.645537255853567,0.992,,
2014-10-01,198546,JKHY,buy,rebalance,4.0,47.89,2014-10-01,191.56,0.6704600000000001,-73.5,Technology,0.6610994654829272,0.97184,,
2014-10-01,194695,VIAB,buy,rebalance,3.0,65.576,2014-10-01,196.72799999999998,0.6885479999999999,-88.5,Communication Services,0.6440565743103727,0.9824,,
2014-10-01,197712,MD,buy,rebalance,4.0,53.69,2014-10-01,214.76,0.75166,-91.0,Healthcare,0.6371456459905243,0.99424,,
2014-11-03,198615,MO,buy,rebalance,6.0,23.028,2014-11-03,138.168,0.483588,-13.5,Consumer Defensive,0.6762603605900006,0.99712,,
2014-11-03,198804,PAYX,buy,rebalance,4.0,32.562,2014-11-03,130.248,0.455868,-38.0,Industrials,0.6776729995880714,0.97728,,
2014-11-03,193811,PM,buy,rebalance,2.0,49.963,2014-11-03,99.926,0.349741,-45.5,Consumer Defensive,0.6619566757322111,0.98784,,
2014-11-03,198439,FISV,buy,rebalance,4.0,34.835,2014-11-03,139.34,0.48769,-53.5,Technology,0.6505986209154974,0.9952,,
2014-11-03,199928,ADP,buy,rebalance,2.0,62.919,2014-11-03,125.838,0.44043299999999996,-68.5,Industrials,0.6738340577540094,0.96128,,
2014-11-03,199385,ROL,buy,rebalance,17.0,8.034,2014-11-03,136.578,0.47802300000000003,-71.0,Consumer Cyclical,0.645537255853567,0.992,,
2014-11-03,198546,JKHY,buy,rebalance,2.0,51.857,2014-11-03,103.714,0.362999,-73.5,Technology,0.6610994654829272,0.97184,,
2014-11-03,194695,VIAB,buy,rebalance,2.0,63.492,2014-11-03,126.984,0.444444,-88.5,Communication Services,0.6440565743103727,0.9824,,
2014-11-03,197712,MD,buy,rebalance,2.0,62.32,2014-11-03,124.64,0.43624,-91.0,Healthcare,0.6371456459905243,0.99424,,
2014-12-01,198615,MO,buy,rebalance,5.0,23.678,2014-12-01,118.39,0.414365,-13.5,Consumer Defensive,0.6762603605900006,0.99712,,
2014-12-01,198804,PAYX,buy,rebalance,3.0,32.728,2014-12-01,98.184,0.343644,-38.0,Industrials,0.6776729995880714,0.97728,,
2014-12-01,193811,PM,buy,rebalance,2.0,48.456,2014-12-01,96.912,0.33919200000000005,-45.5,Consumer Defensive,0.6619566757322111,0.98784,,
2014-12-01,198439,FISV,buy,rebalance,3.0,35.605,2014-12-01,106.815,0.3738525,-53.5,Technology,0.6505986209154974,0.9952,,
2014-12-01,199928,ADP,buy,rebalance,1.0,66.252,2014-12-01,66.252,0.23188199999999998,-68.5,Industrials,0.6738340577540094,0.96128,,
2014-12-01,199385,ROL,buy,rebalance,15.0,8.148,2014-12-01,122.22,0.42777,-71.0,Consumer Cyclical,0.645537255853567,0.992,,
2014-12-01,198546,JKHY,buy,rebalance,2.0,53.439,2014-12-01,106.878,0.374073,-73.5,Technology,0.6610994654829272,0.97184,,
2014-12-01,194695,VIAB,buy,rebalance,2.0,64.652,2014-12-01,129.304,0.452564,-88.5,Communication Services,0.6440565743103727,0.9824,,
2014-12-01,197712,MD,buy,rebalance,2.0,65.12,2014-12-01,130.24,0.45584,-91.0,Healthcare,0.6371456459905243,0.99424,,
2015-01-02,198615,MO,buy,rebalance,5.0,23.291,2015-01-02,116.455,0.4075925,-6.0,Consumer Defensive,0.6974371675429241,0.9993630573248408,,
2015-01-02,193811,PM,buy,rebalance,2.0,45.933,2015-01-02,91.866,0.321531,-28.5,Consumer Defensive,0.6863535466171213,0.9929936305732484,,
2015-01-02,198804,PAYX,buy,rebalance,4.0,31.995,2015-01-02,127.98,0.44793000000000005,-40.5,Industrials,0.6928421494688991,0.9786624203821656,,
2015-01-02,199747,EFX,buy,rebalance,1.0,72.691,2015-01-02,72.691,0.2544185,-55.5,Industrials,0.6654079693392992,0.9984076433121019,,
2015-01-02,199385,ROL,buy,rebalance,16.0,8.214,2015-01-02,131.424,0.45998400000000006,-56.5,Consumer Cyclical,0.6694273951696158,0.9901273885350318,,
2015-01-02,198546,JKHY,buy,rebalance,2.0,53.959,2015-01-02,107.918,0.377713,-63.5,Technology,0.66884727841646,0.9863057324840764,,
2015-01-02,198439,FISV,buy,rebalance,3.0,35.31,2015-01-02,105.93,0.37075500000000006,-64.0,Technology,0.6647638636816536,0.9952229299363057,,
2015-01-02,197712,MD,buy,rebalance,2.0,66.08,2015-01-02,132.16,0.46255999999999997,-112.0,Healthcare,0.645749397748114,0.9939490445859872,,
2015-01-02,199546,CVS,buy,rebalance,1.0,68.057,2015-01-02,68.057,0.2381995,-147.5,Healthcare,0.6805823738816218,0.9171974522292994,,
2015-02-02,198615,MO,buy,rebalance,5.0,25.588,2015-02-02,127.94,0.44779,-6.0,Consumer Defensive,0.6974371675429241,0.9993630573248408,,
2015-02-02,193811,PM,buy,rebalance,2.0,46.279,2015-02-02,92.558,0.32395300000000005,-28.5,Consumer Defensive,0.6863535466171213,0.9929936305732484,,
2015-02-02,198804,PAYX,buy,rebalance,4.0,32.062,2015-02-02,128.248,0.448868,-40.0,Industrials,0.6928421494688991,0.9786624203821656,,
2015-02-02,199747,EFX,buy,rebalance,1.0,75.498,2015-02-02,75.498,0.264243,-55.5,Industrials,0.6654079693392991,0.9984076433121019,,
2015-02-02,199385,ROL,buy,rebalance,16.0,8.411,2015-02-02,134.576,0.471016,-56.5,Consumer Cyclical,0.6694273951696158,0.9901273885350318,,
2015-02-02,198546,JKHY,buy,rebalance,2.0,53.734,2015-02-02,107.468,0.37613800000000003,-63.0,Technology,0.66884727841646,0.9863057324840764,,
2015-02-02,198439,FISV,buy,rebalance,3.0,36.72,2015-02-02,110.16,0.38556,-64.0,Technology,0.6647638636816536,0.9952229299363057,,
2015-02-02,197712,MD,buy,rebalance,2.0,67.98,2015-02-02,135.96,0.47586000000000006,-111.5,Healthcare,0.645749397748114,0.9939490445859872,,
2015-02-02,199546,CVS,buy,rebalance,1.0,71.179,2015-02-02,71.179,0.2491265,-147.0,Healthcare,0.6805823738816218,0.9171974522292994,,
2015-03-02,198615,MO,buy,rebalance,5.0,26.872,2015-03-02,134.36,0.47026000000000007,-6.0,Consumer Defensive,0.6974371675429241,0.9993630573248408,,
2015-03-02,193811,PM,buy,rebalance,2.0,47.027,2015-03-02,94.054,0.329189,-28.5,Consumer Defensive,0.6863535466171213,0.9929936305732484,,
2015-03-02,198804,PAYX,buy,rebalance,3.0,35.159,2015-03-02,105.477,0.36916950000000004,-40.0,Industrials,0.6928421494688991,0.9786624203821656,,
2015-03-02,199747,EFX,buy,rebalance,1.0,85.036,2015-03-02,85.036,0.297626,-55.5,Industrials,0.6654079693392992,0.9984076433121019,,
2015-03-02,199385,ROL,buy,rebalance,15.0,8.68,2015-03-02,130.2,0.4557,-56.5,Consumer Cyclical,0.6694273951696158,0.9901273885350318,,
2015-03-02,198546,JKHY,buy,rebalance,2.0,58.38,2015-03-02,116.76,0.40866,-63.0,Technology,0.66884727841646,0.9863057324840764,,
2015-03-02,198439,FISV,buy,rebalance,3.0,39.435,2015-03-02,118.305,0.41406750000000003,-64.0,Technology,0.6647638636816536,0.9952229299363057,,
2015-03-02,197712,MD,buy,rebalance,1.0,71.23,2015-03-02,71.23,0.24930500000000003,-111.5,Healthcare,0.645749397748114,0.9939490445859872,,
2015-03-02,199546,CVS,buy,rebalance,1.0,74.828,2015-03-02,74.828,0.261898,-147.0,Healthcare,0.6805823738816217,0.9171974522292994,,
2015-04-01,195607,NRP,sell,criteria:rank:below_top_share,43.0,29.67,2015-04-01,1275.8100000000002,4.4653350000000005,,,,,2699.9819774999996,-1428.6373124999996
2015-04-01,198615,MO,buy,rebalance,11.0,24.163,2015-04-01,265.793,0.9302755,-5.5,Consumer Defensive,0.6960707827031459,0.9984015345268542,,
2015-04-01,198439,FISV,buy,rebalance,6.0,39.79,2015-04-01,238.74,0.83559,-18.5,Technology,0.6853690624240601,0.995843989769821,,
2015-04-01,198804,PAYX,buy,rebalance,7.0,34.528,2015-04-01,241.696,0.845936,-34.0,Industrials,0.6990728732815817,0.9766624040920716,,
2015-04-01,198546,JKHY,buy,rebalance,4.0,60.608,2015-04-01,242.432,0.8485119999999999,-48.0,Technology,0.6756891535010954,0.9852941176470589,,
2015-04-01,199120,CHD,buy,rebalance,7.0,36.672,2015-04-01,256.70399999999995,0.8984639999999998,-49.0,Consumer Defensive,0.7081802484143765,0.965153452685422,,
2015-04-01,193422,VRSK,buy,rebalance,3.0,67.993,2015-04-01,203.97899999999998,0.7139264999999999,-51.0,Industrials,0.6720974017066361,0.9865728900255755,,
2015-04-01,199385,ROL,buy,rebalance,28.0,9.401,2015-04-01,263.228,0.9212980000000001,-54.5,Consumer Cyclical,0.669515614783238,0.9888107416879796,,
2015-04-01,197712,MD,buy,rebalance,3.0,71.48,2015-04-01,214.44,0.75054,-81.5,Healthcare,0.6552976596096186,0.9961636828644501,,
2015-04-01,199546,CVS,buy,rebalance,3.0,73.442,2015-04-01,220.32599999999996,0.7711409999999999,-117.0,Healthcare,0.698118473025992,0.920076726342711,,
2015-05-01,198615,MO,buy,rebalance,6.0,24.335,2015-05-01,146.01,0.511035,-5.5,Consumer Defensive,0.6960707827031459,0.9984015345268542,,
2015-05-01,198439,FISV,buy,rebalance,3.0,39.33,2015-05-01,117.99,0.41296499999999997,-18.5,Technology,0.6853690624240601,0.995843989769821,,
2015-05-01,198804,PAYX,buy,rebalance,4.0,34.078,2015-05-01,136.312,0.47709200000000007,-34.0,Industrials,0.6990728732815817,0.9766624040920716,,
2015-05-01,198546,JKHY,buy,rebalance,2.0,58.301,2015-05-01,116.602,0.408107,-48.0,Technology,0.6756891535010954,0.9852941176470589,,
2015-05-01,199120,CHD,buy,rebalance,4.0,35.182,2015-05-01,140.728,0.49254800000000004,-49.0,Consumer Defensive,0.7081802484143765,0.965153452685422,,
2015-05-01,193422,VRSK,buy,rebalance,2.0,71.967,2015-05-01,143.934,0.503769,-51.0,Industrials,0.6720974017066361,0.9865728900255755,,
2015-05-01,199385,ROL,buy,rebalance,16.0,9.446,2015-05-01,151.136,0.528976,-54.5,Consumer Cyclical,0.669515614783238,0.9888107416879796,,
2015-05-01,197712,MD,buy,rebalance,2.0,71.6,2015-05-01,143.2,0.5012,-81.5,Healthcare,0.6552976596096186,0.9961636828644501,,
2015-05-01,199546,CVS,buy,rebalance,2.0,72.398,2015-05-01,144.796,0.506786,-117.0,Healthcare,0.698118473025992,0.920076726342711,,
2015-06-01,198615,MO,buy,rebalance,5.0,24.595,2015-06-01,122.975,0.4304125,-5.5,Consumer Defensive,0.6960707827031459,0.9984015345268542,,
2015-06-01,198439,FISV,buy,rebalance,3.0,40.28,2015-06-01,120.84,0.42294000000000004,-18.5,Technology,0.6853690624240601,0.995843989769821,,
2015-06-01,198804,PAYX,buy,rebalance,3.0,34.737,2015-06-01,104.21100000000001,0.3647385000000001,-34.0,Industrials,0.6990728732815817,0.9766624040920716,,
2015-06-01,198546,JKHY,buy,rebalance,2.0,56.9,2015-06-01,113.8,0.3983,-48.0,Technology,0.6756891535010955,0.9852941176470589,,
2015-06-01,199120,CHD,buy,rebalance,3.0,36.449,2015-06-01,109.347,0.3827145,-49.0,Consumer Defensive,0.7081802484143765,0.965153452685422,,
2015-06-01,193422,VRSK,buy,rebalance,1.0,69.933,2015-06-01,69.933,0.24476550000000002,-51.0,Industrials,0.6720974017066361,0.9865728900255755,,
2015-06-01,199385,ROL,buy,rebalance,13.0,9.496,2015-06-01,123.44800000000001,0.432068,-54.5,Consumer Cyclical,0.669515614783238,0.9888107416879796,,
2015-06-01,197712,MD,buy,rebalance,1.0,70.21,2015-06-01,70.21,0.24573499999999998,-81.5,Healthcare,0.6552976596096186,0.9961636828644501,,
2015-06-01,199546,CVS,buy,rebalance,1.0,73.876,2015-06-01,73.876,0.258566,-117.0,Healthcare,0.698118473025992,0.920076726342711,,
2015-07-01,197302,SHPG,sell,criteria:rank:below_top_share,3.0,239.096,2015-07-01,717.288,2.510508,,,,,270.838629,443.938863
2015-07-01,195812,COR,sell,criteria:rank:below_top_share,114.0,92.201,2015-07-01,10510.913999999999,36.788199,,,,,5723.419099500001,4750.7067014999975
2015-07-01,199385,ROL,buy,rebalance,118.0,10.582,2015-07-01,1248.6760000000002,4.370366000000001,-18.0,Consumer Cyclical,0.6999218289983281,0.9888991674375578,,
2015-07-01,198439,FISV,buy,rebalance,29.0,42.055,2015-07-01,1219.595,4.2685825,-26.0,Technology,0.6780191762173324,0.9959913660191181,,
2015-07-01,199120,CHD,buy,rebalance,35.0,35.673,2015-07-01,1248.555,4.3699425000000005,-29.5,Consumer Defensive,0.7068323270923805,0.9799568300955905,,
2015-07-01,198546,JKHY,buy,rebalance,21.0,57.407,2015-07-01,1205.547,4.2194145,-32.0,Technology,0.6911472196691306,0.9824236817761333,,
2015-07-01,193748,KDP,buy,rebalance,124.0,10.121,2015-07-01,1255.0040000000001,4.392514,-35.0,Consumer Defensive,0.6861970148633891,0.9842738205365402,,
2015-07-01,198804,PAYX,buy,rebalance,37.0,33.261,2015-07-01,1230.6570000000002,4.307299500000001,-39.0,Industrials,0.7027946315866825,0.9747147702744372,,
2015-07-01,197712,MD,buy,rebalance,16.0,75.06,2015-07-01,1200.96,4.20336,-43.0,Healthcare,0.6652935194411701,0.996299722479186,,
2015-07-01,199747,EFX,buy,rebalance,14.0,88.484,2015-07-01,1238.7759999999998,4.335716,-43.5,Industrials,0.6638914666310252,0.9987665741597287,,
2015-07-01,197079,FDS,buy,rebalance,8.0,146.443,2015-07-01,1171.544,4.100404,-71.0,Financial Services,0.6608383400350859,0.9814986123959297,,
2015-07-01,199209,WLY,buy,rebalance,31.0,39.451,2015-07-01,1222.981,4.2804335,-79.0,Consumer Cyclical,0.6477777487491799,0.9981498612395929,,
2015-08-03,199385,ROL,buy,rebalance,11.0,11.037,2015-08-03,121.40700000000001,0.42492450000000004,-18.0,Consumer Cyclical,0.6999218289983281,0.9888991674375578,,
2015-08-03,198439,FISV,buy,rebalance,2.0,43.66,2015-08-03,87.32,0.30562,-26.0,Technology,0.6780191762173324,0.9959913660191181,,
2015-08-03,199120,CHD,buy,rebalance,3.0,37.677,2015-08-03,113.031,0.39560850000000003,-29.5,Consumer Defensive,0.7068323270923805,0.9799568300955905,,
2015-08-03,198546,JKHY,buy,rebalance,2.0,60.929,2015-08-03,121.858,0.426503,-32.0,Technology,0.6911472196691307,0.9824236817761333,,
2015-08-03,193748,KDP,buy,rebalance,11.0,10.941,2015-08-03,120.35100000000001,0.42122850000000006,-35.0,Consumer Defensive,0.6861970148633892,0.9842738205365402,,
2015-08-03,198804,PAYX,buy,rebalance,3.0,33.712,2015-08-03,101.13600000000001,0.35397600000000007,-39.0,Industrials,0.7027946315866828,0.9747147702744372,,
2015-08-03,197712,MD,buy,rebalance,1.0,84.66,2015-08-03,84.66,0.29631,-43.0,Healthcare,0.66529351944117,0.996299722479186,,
2015-08-03,199747,EFX,buy,rebalance,1.0,91.722,2015-08-03,91.722,0.321027,-43.5,Industrials,0.6638914666310252,0.9987665741597287,,
2015-08-03,199209,WLY,buy,rebalance,3.0,37.834,2015-08-03,113.50200000000001,0.397257,-79.0,Consumer Cyclical,0.6477777487491799,0.9981498612395929,,
2015-09-01,199385,ROL,buy,rebalance,12.0,10.5,2015-09-01,126.0,0.441,-18.0,Consumer Cyclical,0.6999218289983281,0.9888991674375578,,
2015-09-01,198439,FISV,buy,rebalance,3.0,41.435,2015-09-01,124.305,0.43506750000000005,-26.0,Technology,0.6780191762173324,0.9959913660191181,,
2015-09-01,199120,CHD,buy,rebalance,3.0,36.317,2015-09-01,108.951,0.38132849999999996,-29.5,Consumer Defensive,0.7068323270923805,0.9799568300955905,,
2015-09-01,198546,JKHY,buy,rebalance,2.0,57.345,2015-09-01,114.69,0.401415,-32.0,Technology,0.6911472196691307,0.9824236817761333,,
2015-09-01,193748,KDP,buy,rebalance,13.0,10.235,2015-09-01,133.055,0.4656925,-35.0,Consumer Defensive,0.6861970148633892,0.9842738205365402,,
2015-09-01,198804,PAYX,buy,rebalance,4.0,30.831,2015-09-01,123.324,0.431634,-39.0,Industrials,0.7027946315866826,0.9747147702744372,,
2015-09-01,197712,MD,buy,rebalance,1.0,78.26,2015-09-01,78.26,0.27391000000000004,-43.0,Healthcare,0.6652935194411701,0.996299722479186,,
2015-09-01,199747,EFX,buy,rebalance,1.0,85.88,2015-09-01,85.88,0.30058,-43.5,Industrials,0.6638914666310252,0.9987665741597287,,
2015-09-01,199209,WLY,buy,rebalance,3.0,36.045,2015-09-01,108.135,0.37847250000000004,-79.0,Consumer Cyclical,0.6477777487491799,0.9981498612395929,,
2015-10-01,193422,VRSK,sell,criteria:rank:below_top_share,46.0,74.296,2015-10-01,3417.6160000000004,11.961656000000001,,,,,2834.668737,570.9856070000005
2015-10-01,199747,EFX,buy,rebalance,5.0,88.711,2015-10-01,443.555,1.5524425,-13.5,Industrials,0.6849278303477876,0.9974795211090107,,
2015-10-01,198615,MO,buy,rebalance,17.0,26.609,2015-10-01,452.353,1.5832355,-36.5,Consumer Defensive,0.6681267431949153,0.9993698802772527,,
2015-10-01,193748,KDP,buy,rebalance,43.0,10.82,2015-10-01,465.26,1.62841,-39.0,Consumer Defensive,0.6781368741991536,0.9855072463768116,,
2015-10-01,198546,JKHY,buy,rebalance,7.0,61.122,2015-10-01,427.854,1.497489,-40.0,Technology,0.6924006592832003,0.9744801512287334,,
2015-10-01,197712,MD,buy,rebalance,6.0,76.51,2015-10-01,459.06000000000006,1.6067100000000003,-56.5,Healthcare,0.6661815335986825,0.9892879647132955,,
2015-10-01,197079,FDS,buy,rebalance,3.0,142.439,2015-10-01,427.317,1.4956095,-58.5,Financial Services,0.6672753462673581,0.984247006931317,,
2015-10-01,198804,PAYX,buy,rebalance,13.0,34.152,2015-10-01,443.976,1.553916,-67.0,Industrials,0.6669674384500434,0.9798361688720857,,
2015-10-01,199385,ROL,buy,rebalance,46.0,10.27,2015-10-01,472.41999999999996,1.65347,-81.5,Consumer Cyclical,0.6561922208493495,0.9864524259609325,,
2015-10-01,199855,CHE,buy,rebalance,3.0,125.613,2015-10-01,376.839,1.3189365,-90.5,Healthcare,0.6554548256854127,0.982356647763075,,
2015-11-02,199747,EFX,buy,rebalance,1.0,97.088,2015-11-02,97.088,0.339808,-13.5,Industrials,0.6849278303477876,0.9974795211090107,,
2015-11-02,198615,MO,buy,rebalance,5.0,29.691,2015-11-02,148.45499999999998,0.5195924999999999,-36.5,Consumer Defensive,0.6681267431949152,0.9993698802772527,,
2015-11-02,193748,KDP,buy,rebalance,14.0,12.175,2015-11-02,170.45000000000002,0.5965750000000001,-39.0,Consumer Defensive,0.6781368741991535,0.9855072463768116,,
2015-11-02,198546,JKHY,buy,rebalance,2.0,68.035,2015-11-02,136.07,0.476245,-39.5,Technology,0.6924006592832003,0.9744801512287334,,
2015-11-02,197712,MD,buy,rebalance,2.0,72.2,2015-11-02,144.4,0.5054000000000001,-56.5,Healthcare,0.6661815335986825,0.9892879647132955,,
2015-11-02,197079,FDS,buy,rebalance,1.0,156.02,2015-11-02,156.02,0.54607,-58.0,Financial Services,0.6672753462673581,0.984247006931317,,
2015-11-02,198804,PAYX,buy,rebalance,4.0,37.125,2015-11-02,148.5,0.51975,-66.5,Industrials,0.6669674384500434,0.9798361688720857,,
2015-11-02,199385,ROL,buy,rebalance,17.0,10.208,2015-11-02,173.536,0.607376,-81.5,Consumer Cyclical,0.6561922208493495,0.9864524259609325,,
2015-11-02,199855,CHE,buy,rebalance,1.0,149.87,2015-11-02,149.87,0.524545,-90.0,Healthcare,0.6554548256854127,0.982356647763075,,
2015-12-01,199747,EFX,buy,rebalance,1.0,101.729,2015-12-01,101.729,0.3560515,-13.5,Industrials,0.6849278303477876,0.9974795211090107,,
2015-12-01,198615,MO,buy,rebalance,5.0,28.41,2015-12-01,142.05,0.49717500000000003,-36.5,Consumer Defensive,0.6681267431949152,0.9993698802772527,,
2015-12-01,193748,KDP,buy,rebalance,11.0,12.517,2015-12-01,137.68699999999998,0.48190449999999996,-39.0,Consumer Defensive,0.6781368741991536,0.9855072463768116,,
2015-12-01,198546,JKHY,buy,rebalance,2.0,70.037,2015-12-01,140.074,0.49025900000000006,-39.0,Technology,0.6924006592832003,0.9744801512287334,,
2015-12-01,197712,MD,buy,rebalance,1.0,72.22,2015-12-01,72.22,0.25277,-56.5,Healthcare,0.6661815335986825,0.9892879647132955,,
2015-12-01,198804,PAYX,buy,rebalance,3.0,38.727,2015-12-01,116.18099999999998,0.4066334999999999,-66.0,Industrials,0.6669674384500434,0.9798361688720857,,
2015-12-01,199385,ROL,buy,rebalance,13.0,10.602,2015-12-01,137.826,0.482391,-81.5,Consumer Cyclical,0.6561922208493495,0.9864524259609325,,
2016-01-04,197858,PDLI,sell,criteria:rank:below_top_share,324.0,2.312,2016-01-04,749.088,2.621808,,,,,1183.5810855000002,-437.1148935000002
2016-01-04,198615,MO,buy,rebalance,8.0,28.44,2016-01-04,227.52,0.79632,-21.5,Consumer Defensive,0.7051748753976874,0.9996825396825397,,
2016-01-04,198546,JKHY,buy,rebalance,3.0,67.353,2016-01-04,202.05899999999997,0.7072065,-28.0,Technology,0.7227521780056707,0.9828571428571429,,
2016-01-04,193811,PM,buy,rebalance,4.0,51.831,2016-01-04,207.324,0.7256340000000001,-43.0,Consumer Defensive,0.7010321967225256,0.9911111111111112,,
2016-01-04,198804,PAYX,buy,rebalance,6.0,36.867,2016-01-04,221.202,0.774207,-55.5,Industrials,0.702484436128723,0.9806349206349206,,
2016-01-04,199385,ROL,buy,rebalance,23.0,9.764,2016-01-04,224.57199999999997,0.786002,-76.5,Consumer Cyclical,0.689730032691249,0.9841269841269841,,
2016-01-04,199747,EFX,buy,rebalance,2.0,98.954,2016-01-04,197.908,0.692678,-78.5,Industrials,0.6788599343243183,0.9961904761904762,,
2016-01-04,198439,FISV,buy,rebalance,5.0,44.75,2016-01-04,223.75,0.7831250000000001,-81.5,Technology,0.6788007238238939,0.9946031746031746,,
2016-01-04,197712,MD,buy,rebalance,3.0,71.05,2016-01-04,213.14999999999998,0.7460249999999999,-83.0,Healthcare,0.6793008954315132,0.9923809523809524,,
2016-01-04,197600,SIRI,buy,rebalance,7.0,31.333,2016-01-04,219.331,0.7676585,-88.0,Communication Services,0.6742422832484405,0.9955555555555555,,
2016-01-04,197079,FDS,buy,rebalance,1.0,139.836,2016-01-04,139.836,0.489426,-105.0,Financial Services,0.6728903194496855,0.9863492063492063,,
2016-02-01,198615,MO,buy,rebalance,4.0,30.199,2016-02-01,120.796,0.42278600000000005,-21.5,Consumer Defensive,0.7051748753976874,0.9996825396825397,,
2016-02-01,198546,JKHY,buy,rebalance,1.0,71.586,2016-02-01,71.586,0.250551,-28.0,Technology,0.7227521780056707,0.9828571428571429,,
2016-02-01,193811,PM,buy,rebalance,2.0,53.266,2016-02-01,106.532,0.37286199999999997,-43.0,Consumer Defensive,0.7010321967225256,0.9911111111111112,,
2016-02-01,198804,PAYX,buy,rebalance,3.0,34.892,2016-02-01,104.67600000000002,0.3663660000000001,-55.5,Industrials,0.702484436128723,0.9806349206349206,,
2016-02-01,199385,ROL,buy,rebalance,11.0,10.528,2016-02-01,115.808,0.405328,-76.5,Consumer Cyclical,0.689730032691249,0.9841269841269841,,
2016-02-01,199747,EFX,buy,rebalance,1.0,96.667,2016-02-01,96.667,0.33833450000000004,-78.5,Industrials,0.6788599343243183,0.9961904761904762,,
2016-02-01,198439,FISV,buy,rebalance,2.0,47.185,2016-02-01,94.37,0.330295,-81.5,Technology,0.6788007238238938,0.9946031746031746,,
2016-02-01,197712,MD,buy,rebalance,1.0,69.54,2016-02-01,69.54,0.24339000000000002,-83.0,Healthcare,0.6793008954315131,0.9923809523809524,,
2016-02-01,197600,SIRI,buy,rebalance,4.0,29.509,2016-02-01,118.036,0.413126,-88.0,Communication Services,0.6742422832484405,0.9955555555555555,,
2016-03-01,198615,MO,buy,rebalance,4.0,30.59,2016-03-01,122.36,0.42826000000000003,-21.5,Consumer Defensive,0.7051748753976874,0.9996825396825397,,
2016-03-01,198546,JKHY,buy,rebalance,1.0,73.075,2016-03-01,73.075,0.2557625,-28.0,Technology,0.7227521780056707,0.9828571428571429,,
2016-03-01,193811,PM,buy,rebalance,2.0,54.535,2016-03-01,109.07,0.381745,-42.5,Consumer Defensive,0.7010321967225256,0.9911111111111112,,
2016-03-01,198804,PAYX,buy,rebalance,3.0,37.966,2016-03-01,113.898,0.39864299999999997,-55.0,Industrials,0.7024844361287229,0.9806349206349206,,
2016-03-01,199385,ROL,buy,rebalance,12.0,10.918,2016-03-01,131.016,0.45855599999999996,-75.5,Consumer Cyclical,0.6897300326912489,0.9841269841269841,,
2016-03-01,199747,EFX,buy,rebalance,1.0,96.576,2016-03-01,96.576,0.338016,-77.5,Industrials,0.6788599343243183,0.9961904761904762,,
2016-03-01,198439,FISV,buy,rebalance,2.0,49.17,2016-03-01,98.34,0.34419,-80.5,Technology,0.6788007238238938,0.9946031746031746,,
2016-03-01,197712,MD,buy,rebalance,1.0,67.7,2016-03-01,67.7,0.23695000000000002,-82.0,Healthcare,0.6793008954315132,0.9923809523809524,,
2016-03-01,197600,SIRI,buy,rebalance,4.0,29.826,2016-03-01,119.304,0.417564,-87.0,Communication Services,0.6742422832484405,0.9955555555555555,,
2016-04-01,198508,MSFT,sell,criteria:rank:below_top_share,53.0,48.691,2016-04-01,2580.623,9.0321805,,,,,1113.74451,1457.8463095000002
2016-04-01,198615,MO,buy,rebalance,12.0,31.534,2016-04-01,378.408,1.3244280000000002,-19.5,Consumer Defensive,0.7152070674274793,0.9987142397942783,,
2016-04-01,193811,PM,buy,rebalance,6.0,60.053,2016-04-01,360.318,1.261113,-32.5,Consumer Defensive,0.7170955574911071,0.9874638379942141,,
2016-04-01,199122,DHR,buy,rebalance,6.0,60.775,2016-04-01,364.65,1.276275,-61.0,Healthcare,0.7027475582751311,0.9829636772741883,,
2016-04-01,198804,PAYX,buy,rebalance,10.0,39.092,2016-04-01,390.91999999999996,1.36822,-66.5,Industrials,0.7035581665115583,0.9781420765027322,,
2016-04-01,198546,JKHY,buy,rebalance,5.0,75.177,2016-04-01,375.88500000000005,1.3155975000000002,-67.5,Technology,0.7052365647184059,0.9758919961427194,,
2016-04-01,197300,LMT,buy,rebalance,2.0,169.971,2016-04-01,339.942,1.189797,-73.0,Industrials,0.7211165287976173,0.9569270331083253,,
2016-04-01,197600,SIRI,buy,rebalance,12.0,31.413,2016-04-01,376.956,1.3193460000000001,-79.0,Communication Services,0.6830612240411444,0.994535519125683,,
2016-04-01,197712,MD,buy,rebalance,6.0,64.54,2016-04-01,387.24,1.35534,-95.5,Healthcare,0.6755977825839498,0.9958212793314047,,
2016-04-01,199242,VAL1,buy,rebalance,3.0,105.192,2016-04-01,315.57599999999996,1.1045159999999998,-106.0,Basic Materials,0.7064378503732228,0.9488910318225651,,
2016-05-02,198615,MO,buy,rebalance,5.0,31.564,2016-05-02,157.82,0.55237,-19.0,Consumer Defensive,0.7152070674274792,0.9987142397942783,,
2016-05-02,193811,PM,buy,rebalance,2.0,59.337,2016-05-02,118.674,0.41535900000000003,-32.0,Consumer Defensive,0.7170955574911071,0.9874638379942141,,
2016-05-02,199122,DHR,buy,rebalance,2.0,61.893,2016-05-02,123.786,0.433251,-60.5,Healthcare,0.7027475582751311,0.9829636772741883,,
2016-05-02,198804,PAYX,buy,rebalance,4.0,37.959,2016-05-02,151.836,0.5314260000000001,-66.0,Industrials,0.7035581665115583,0.9781420765027322,,
2016-05-02,198546,JKHY,buy,rebalance,2.0,72.722,2016-05-02,145.444,0.509054,-67.0,Technology,0.7052365647184061,0.9758919961427194,,
2016-05-02,197600,SIRI,buy,rebalance,5.0,31.492,2016-05-02,157.46,0.55111,-78.5,Communication Services,0.6830612240411444,0.994535519125683,,
2016-05-02,197712,MD,buy,rebalance,2.0,70.1,2016-05-02,140.2,0.49069999999999997,-95.0,Healthcare,0.6755977825839498,0.9958212793314047,,
2016-05-02,199242,VAL1,buy,rebalance,1.0,105.182,2016-05-02,105.182,0.368137,-105.0,Basic Materials,0.7064378503732228,0.9488910318225651,,
2016-06-01,198615,MO,buy,rebalance,4.0,32.179,2016-06-01,128.716,0.450506,-19.0,Consumer Defensive,0.7152070674274793,0.9987142397942783,,
2016-06-01,193811,PM,buy,rebalance,2.0,59.842,2016-06-01,119.684,0.418894,-32.0,Consumer Defensive,0.7170955574911071,0.9874638379942141,,
2016-06-01,199122,DHR,buy,rebalance,2.0,62.789,2016-06-01,125.578,0.439523,-60.5,Healthcare,0.7027475582751311,0.9829636772741883,,
2016-06-01,198804,PAYX,buy,rebalance,3.0,39.623,2016-06-01,118.869,0.4160415,-66.0,Industrials,0.7035581665115583,0.9781420765027322,,
2016-06-01,198546,JKHY,buy,rebalance,2.0,74.919,2016-06-01,149.838,0.524433,-67.0,Technology,0.7052365647184061,0.9758919961427194,,
2016-06-01,197600,SIRI,buy,rebalance,4.0,31.889,2016-06-01,127.556,0.446446,-78.0,Communication Services,0.6830612240411443,0.994535519125683,,
2016-06-01,197712,MD,buy,rebalance,2.0,67.99,2016-06-01,135.98,0.47592999999999996,-94.5,Healthcare,0.6755977825839498,0.9958212793314047,,
2016-06-01,199242,VAL1,buy,rebalance,1.0,106.778,2016-06-01,106.778,0.373723,-104.5,Basic Materials,0.7064378503732228,0.9488910318225651,,
2016-07-01,199747,EFX,sell,criteria:rank:below_top_share,97.0,116.824,2016-07-01,11331.928,39.661748,,,,,6112.202093999999,5180.064158
2016-07-01,197600,SIRI,sell,criteria:rank:below_top_share,36.0,31.492,2016-07-01,1133.712,3.967992,,,,,1122.5582505000002,7.185757499999681
2016-07-01,198615,MO,buy,rebalance,40.0,34.815,2016-07-01,1392.6,4.874099999999999,-6.5,Consumer Defensive,0.7269349441497528,0.9984121943474119,,
2016-07-01,199120,CHD,buy,rebalance,31.0,44.802,2016-07-01,1388.862,4.861017,-32.0,Consumer Defensive,0.7176366876229323,0.9882502381708479,,
2016-07-01,198804,PAYX,buy,rebalance,32.0,43.247,2016-07-01,1383.904,4.843664,-46.5,Industrials,0.7161403267457932,0.9812638932994602,,
2016-07-01,197300,LMT,buy,rebalance,7.0,191.267,2016-07-01,1338.869,4.6860415,-62.0,Industrials,0.7251053329786876,0.9606224198158145,,
2016-07-01,199385,ROL,buy,rebalance,122.0,11.363,2016-07-01,1386.286,4.8520010000000005,-65.5,Consumer Cyclical,0.7007863780479949,0.9888853604318831,,
2016-07-01,198546,JKHY,buy,rebalance,18.0,77.294,2016-07-01,1391.292,4.869522,-67.5,Technology,0.7146289117816798,0.9685614480787551,,
2016-07-01,198439,FISV,buy,rebalance,25.0,54.455,2016-07-01,1361.375,4.7648125,-72.5,Technology,0.6918337127447146,0.9968243886948237,,
2016-07-01,199122,DHR,buy,rebalance,21.0,65.132,2016-07-01,1367.7720000000002,4.787202000000001,-97.0,Healthcare,0.7047500020522601,0.961892664337885,,
2016-07-01,197997,AZO,buy,rebalance,1.0,798.72,2016-07-01,798.72,2.7955200000000002,-100.0,Consumer Cyclical,0.7127038776458796,0.9495077802476977,,
2016-07-01,196997,DGX,buy,rebalance,20.0,66.707,2016-07-01,1334.1399999999999,4.66949,-150.5,Healthcare,0.676637334118099,0.966973642426167,,
2016-08-01,198615,MO,buy,rebalance,5.0,34.124,2016-08-01,170.62,0.59717,-6.5,Consumer Defensive,0.7269349441497528,0.9984121943474119,,
2016-08-01,199120,CHD,buy,rebalance,4.0,43.44,2016-08-01,173.76,0.60816,-32.0,Consumer Defensive,0.7176366876229324,0.9882502381708479,,
2016-08-01,198804,PAYX,buy,rebalance,4.0,43.451,2016-08-01,173.804,0.608314,-46.5,Industrials,0.7161403267457933,0.9812638932994602,,
2016-08-01,199385,ROL,buy,rebalance,16.0,10.962,2016-08-01,175.392,0.613872,-65.5,Consumer Cyclical,0.700786378047995,0.9888853604318831,,
2016-08-01,198546,JKHY,buy,rebalance,2.0,79.216,2016-08-01,158.432,0.554512,-67.5,Technology,0.7146289117816798,0.9685614480787551,,
2016-08-01,198439,FISV,buy,rebalance,3.0,55.175,2016-08-01,165.52499999999998,0.5793375,-71.5,Technology,0.6918337127447146,0.9968243886948237,,
2016-08-01,199122,DHR,buy,rebalance,2.0,68.43,2016-08-01,136.86,0.47901000000000005,-97.0,Healthcare,0.7047500020522601,0.961892664337885,,
2016-08-01,196997,DGX,buy,rebalance,2.0,70.812,2016-08-01,141.624,0.495684,-149.5,Healthcare,0.676637334118099,0.966973642426167,,
2016-09-01,198615,MO,buy,rebalance,4.0,33.454,2016-09-01,133.816,0.468356,-6.5,Consumer Defensive,0.7269349441497528,0.9984121943474119,,
2016-09-01,199120,CHD,buy,rebalance,3.0,43.836,2016-09-01,131.50799999999998,0.46027799999999996,-32.0,Consumer Defensive,0.7176366876229323,0.9882502381708479,,
2016-09-01,198804,PAYX,buy,rebalance,3.0,44.719,2016-09-01,134.157,0.46954950000000006,-46.5,Industrials,0.7161403267457932,0.9812638932994602,,
2016-09-01,199385,ROL,buy,rebalance,13.0,11.24,2016-09-01,146.12,0.51142,-65.5,Consumer Cyclical,0.7007863780479949,0.9888853604318831,,
2016-09-01,198546,JKHY,buy,rebalance,1.0,78.153,2016-09-01,78.153,0.27353550000000004,-67.5,Technology,0.7146289117816798,0.9685614480787551,,
2016-09-01,198439,FISV,buy,rebalance,2.0,51.9,2016-09-01,103.8,0.3633,-71.5,Technology,0.6918337127447146,0.9968243886948237,,
2016-09-01,199122,DHR,buy,rebalance,2.0,68.38,2016-09-01,136.76,0.47866,-97.0,Healthcare,0.7047500020522601,0.961892664337885,,
2016-09-01,196997,DGX,buy,rebalance,2.0,67.626,2016-09-01,135.252,0.473382,-149.0,Healthcare,0.676637334118099,0.966973642426167,,
2016-10-03,198615,MO,buy,rebalance,4.0,32.007,2016-10-03,128.028,0.448098,-8.0,Consumer Defensive,0.7273961216635164,0.9980544747081712,,
2016-10-03,198439,FISV,buy,rebalance,2.0,49.875,2016-10-03,99.75,0.349125,-51.5,Technology,0.7012227560736173,0.9954604409857328,,
2016-10-03,198804,PAYX,buy,rebalance,3.0,42.131,2016-10-03,126.393,0.44237550000000003,-54.0,Industrials,0.7149973703275346,0.9782749675745784,,
2016-10-03,199685,GIS,buy,rebalance,3.0,43.791,2016-10-03,131.373,0.4598055,-54.0,Consumer Defensive,0.7263836566499169,0.9678988326848249,,
2016-10-03,198546,JKHY,buy,rebalance,1.0,75.91,2016-10-03,75.91,0.265685,-59.5,Technology,0.7225871860253336,0.9662775616083009,,
2016-10-03,199385,ROL,buy,rebalance,13.0,11.4,2016-10-03,148.20000000000002,0.5187,-93.0,Consumer Cyclical,0.6890010315595482,0.9841115434500648,,
2016-10-03,196997,DGX,buy,rebalance,2.0,69.357,2016-10-03,138.714,0.485499,-118.0,Healthcare,0.6872447138597287,0.9711413748378729,,
2016-10-03,199122,DHR,buy,rebalance,2.0,65.589,2016-10-03,131.178,0.459123,-129.0,Healthcare,0.6894275937708332,0.9594682230869002,,
2016-10-03,193889,MSCI,buy,rebalance,1.0,74.79,2016-10-03,74.79,0.261765,-135.5,Financial Services,0.6764204415982452,0.9795719844357976,,
2016-11-01,198615,MO,buy,rebalance,4.0,33.347,2016-11-01,133.388,0.46685800000000005,-8.0,Consumer Defensive,0.7273961216635163,0.9980544747081712,,
2016-11-01,198439,FISV,buy,rebalance,2.0,49.28,2016-11-01,98.56,0.34496,-51.5,Technology,0.7012227560736173,0.9954604409857328,,
2016-11-01,198804,PAYX,buy,rebalance,3.0,40.124,2016-11-01,120.37200000000001,0.42130200000000007,-53.5,Industrials,0.7149973703275346,0.9782749675745784,,
2016-11-01,199685,GIS,buy,rebalance,3.0,42.573,2016-11-01,127.719,0.4470165,-53.5,Consumer Defensive,0.7263836566499169,0.9678988326848249,,
2016-11-01,198546,JKHY,buy,rebalance,2.0,71.59,2016-11-01,143.18,0.5011300000000001,-59.0,Technology,0.7225871860253336,0.9662775616083009,,
2016-11-01,199385,ROL,buy,rebalance,12.0,11.919,2016-11-01,143.02800000000002,0.5005980000000001,-92.5,Consumer Cyclical,0.6890010315595482,0.9841115434500648,,
2016-11-01,196997,DGX,buy,rebalance,2.0,66.436,2016-11-01,132.872,0.4650520000000001,-117.0,Healthcare,0.6872447138597286,0.9711413748378729,,
2016-11-01,199122,DHR,buy,rebalance,2.0,64.781,2016-11-01,129.562,0.45346700000000006,-128.0,Healthcare,0.6894275937708333,0.9594682230869002,,
2016-11-01,193889,MSCI,buy,rebalance,2.0,70.912,2016-11-01,141.824,0.49638400000000005,-134.5,Financial Services,0.6764204415982452,0.9795719844357976,,
2016-12-01,198615,MO,buy,rebalance,3.0,32.028,2016-12-01,96.084,0.33629400000000004,-8.0,Consumer Defensive,0.7273961216635163,0.9980544747081712,,
2016-12-01,198439,FISV,buy,rebalance,2.0,51.66,2016-12-01,103.32,0.36162,-51.5,Technology,0.7012227560736173,0.9954604409857328,,
2016-12-01,198804,PAYX,buy,rebalance,2.0,43.385,2016-12-01,86.77,0.303695,-53.5,Industrials,0.7149973703275346,0.9782749675745784,,
2016-12-01,199685,GIS,buy,rebalance,3.0,41.855,2016-12-01,125.565,0.4394775,-53.5,Consumer Defensive,0.7263836566499169,0.9678988326848249,,
2016-12-01,198546,JKHY,buy,rebalance,1.0,75.42,2016-12-01,75.42,0.26397000000000004,-59.0,Technology,0.7225871860253336,0.9662775616083009,,
2016-12-01,199385,ROL,buy,rebalance,9.0,12.716,2016-12-01,114.44399999999999,0.40055399999999997,-92.5,Consumer Cyclical,0.6890010315595482,0.9841115434500648,,
2016-12-01,196997,DGX,buy,rebalance,1.0,72.145,2016-12-01,72.145,0.2525075,-117.0,Healthcare,0.6872447138597286,0.9711413748378729,,
2016-12-01,199122,DHR,buy,rebalance,1.0,64.773,2016-12-01,64.773,0.2267055,-128.0,Healthcare,0.6894275937708333,0.9594682230869002,,
2016-12-01,193889,MSCI,buy,rebalance,1.0,69.322,2016-12-01,69.322,0.242627,-134.0,Financial Services,0.6764204415982451,0.9795719844357976,,
2017-01-03,194695,VIAB,sell,criteria:rank:below_top_share,29.0,33.396,2017-01-03,968.484,3.389694,,,,,2101.2707969999997,-1136.1764909999997
2017-01-03,198615,MO,buy,rebalance,6.0,34.754,2017-01-03,208.524,0.729834,-17.5,Consumer Defensive,0.7153879212707889,0.997708674304419,,
2017-01-03,198439,FISV,buy,rebalance,4.0,53.67,2017-01-03,214.68,0.75138,-22.0,Technology,0.7156828037535601,0.9944353518821604,,
2017-01-03,198546,JKHY,buy,rebalance,3.0,79.263,2017-01-03,237.78900000000002,0.8322615000000001,-41.0,Technology,0.7175301066269073,0.9800327332242226,,
2017-01-03,193422,VRSK,buy,rebalance,3.0,77.299,2017-01-03,231.89700000000002,0.8116395000000001,-44.0,Industrials,0.70160960713547,0.9947626841243863,,
2017-01-03,198804,PAYX,buy,rebalance,5.0,45.145,2017-01-03,225.72500000000002,0.7900375000000001,-44.5,Industrials,0.7203668920921401,0.9754500818330606,,
2017-01-03,193748,KDP,buy,rebalance,18.0,12.77,2017-01-03,229.85999999999999,0.80451,-48.5,Consumer Defensive,0.7208939759880739,0.9718494271685761,,
2017-01-03,196510,LII,buy,rebalance,1.0,137.469,2017-01-03,137.469,0.4811415,-75.5,Basic Materials,0.7023347318976241,0.9725040916530279,,
2017-01-03,199122,DHR,buy,rebalance,3.0,66.359,2017-01-03,199.077,0.6967695,-91.5,Healthcare,0.7001900569843955,0.9636661211129296,,
2017-01-03,199385,ROL,buy,rebalance,18.0,13.155,2017-01-03,236.79,0.828765,-108.5,Consumer Cyclical,0.6827799338307705,0.9826513911620295,,
2017-02-01,198615,MO,buy,rebalance,4.0,36.686,2017-02-01,146.744,0.5136040000000001,-17.5,Consumer Defensive,0.7153879212707889,0.997708674304419,,
2017-02-01,198439,FISV,buy,rebalance,2.0,52.69,2017-02-01,105.38,0.36883,-22.0,Technology,0.7156828037535601,0.9944353518821604,,
2017-02-01,198546,JKHY,buy,rebalance,1.0,79.432,2017-02-01,79.432,0.27801200000000004,-41.0,Technology,0.7175301066269075,0.9800327332242226,,
2017-02-01,193422,VRSK,buy,rebalance,1.0,77.718,2017-02-01,77.718,0.272013,-44.0,Industrials,0.7016096071354699,0.9947626841243863,,
2017-02-01,198804,PAYX,buy,rebalance,3.0,43.594,2017-02-01,130.782,0.45773700000000006,-44.5,Industrials,0.7203668920921401,0.9754500818330606,,
2017-02-01,193748,KDP,buy,rebalance,11.0,12.706,2017-02-01,139.766,0.489181,-48.5,Consumer Defensive,0.7208939759880739,0.9718494271685761,,
2017-02-01,196510,LII,buy,rebalance,1.0,140.618,2017-02-01,140.618,0.492163,-75.5,Basic Materials,0.7023347318976241,0.9725040916530279,,
2017-02-01,199122,DHR,buy,rebalance,2.0,70.368,2017-02-01,140.736,0.49257599999999996,-91.5,Healthcare,0.7001900569843955,0.9636661211129296,,
2017-02-01,199385,ROL,buy,rebalance,10.0,13.741,2017-02-01,137.41,0.480935,-108.5,Consumer Cyclical,0.6827799338307705,0.9826513911620295,,
2017-03-01,198615,MO,buy,rebalance,3.0,38.849,2017-03-01,116.547,0.4079145,-17.5,Consumer Defensive,0.7153879212707889,0.997708674304419,,
2017-03-01,198439,FISV,buy,rebalance,2.0,58.555,2017-03-01,117.11,0.409885,-22.0,Technology,0.71568280375356,0.9944353518821604,,
2017-03-01,198546,JKHY,buy,rebalance,1.0,85.287,2017-03-01,85.287,0.2985045,-40.5,Technology,0.7175301066269075,0.9800327332242226,,
2017-03-01,198804,PAYX,buy,rebalance,2.0,46.79,2017-03-01,93.58,0.32753,-43.5,Industrials,0.7203668920921401,0.9754500818330606,,
2017-03-01,193422,VRSK,buy,rebalance,1.0,80.151,2017-03-01,80.151,0.2805285,-44.0,Industrials,0.70160960713547,0.9947626841243863,,
2017-03-01,193748,KDP,buy,rebalance,10.0,13.11,2017-03-01,131.1,0.45885,-47.5,Consumer Defensive,0.7208939759880739,0.9718494271685761,,
2017-03-01,199122,DHR,buy,rebalance,1.0,73.502,2017-03-01,73.502,0.257257,-90.0,Healthcare,0.7001900569843955,0.9636661211129296,,
2017-03-01,199385,ROL,buy,rebalance,9.0,14.553,2017-03-01,130.977,0.45841950000000004,-108.0,Consumer Cyclical,0.6827799338307705,0.9826513911620295,,
2017-04-03,198615,MO,buy,rebalance,4.0,37.101,2017-04-03,148.404,0.519414,-8.0,Consumer Defensive,0.7291701538999851,0.9963696369636964,,
2017-04-03,198439,FISV,buy,rebalance,2.0,57.82,2017-04-03,115.64,0.40474,-17.0,Technology,0.7206979548777114,0.9947194719471947,,
2017-04-03,198804,PAYX,buy,rebalance,3.0,43.534,2017-04-03,130.602,0.45710700000000004,-34.5,Industrials,0.7244018129624268,0.9808580858085808,,
2017-04-03,199385,ROL,buy,rebalance,10.0,14.175,2017-04-03,141.75,0.496125,-39.0,Consumer Cyclical,0.7176970009445964,0.9828382838283828,,
2017-04-03,199411,PG,buy,rebalance,2.0,69.336,2017-04-03,138.672,0.485352,-49.5,Consumer Defensive,0.7194865884032415,0.9735973597359736,,
2017-04-03,198546,JKHY,buy,rebalance,1.0,83.032,2017-04-03,83.032,0.290612,-50.0,Technology,0.7172264614353002,0.9762376237623762,,
2017-04-03,193422,VRSK,buy,rebalance,2.0,75.893,2017-04-03,151.786,0.531251,-63.5,Industrials,0.6918781119893006,0.995049504950495,,
2017-04-03,196510,LII,buy,rebalance,1.0,149.2,2017-04-03,149.2,0.5222,-89.5,Basic Materials,0.6945353102037073,0.970957095709571,,
2017-04-03,196997,DGX,buy,rebalance,1.0,81.625,2017-04-03,81.625,0.2856875,-94.0,Healthcare,0.7140394922004557,0.9485148514851485,,
2017-05-01,198615,MO,buy,rebalance,3.0,36.676,2017-05-01,110.028,0.38509800000000005,-8.0,Consumer Defensive,0.7291701538999851,0.9963696369636964,,
2017-05-01,198439,FISV,buy,rebalance,2.0,59.545,2017-05-01,119.09,0.41681500000000005,-17.0,Technology,0.7206979548777114,0.9947194719471947,,
2017-05-01,198804,PAYX,buy,rebalance,3.0,44.071,2017-05-01,132.213,0.4627455,-34.5,Industrials,0.7244018129624268,0.9808580858085808,,
2017-05-01,199385,ROL,buy,rebalance,9.0,15.448,2017-05-01,139.032,0.48661200000000004,-38.5,Consumer Cyclical,0.7176970009445964,0.9828382838283828,,
2017-05-01,198546,JKHY,buy,rebalance,1.0,86.727,2017-05-01,86.727,0.3035445,-49.5,Technology,0.7172264614353002,0.9762376237623762,,
2017-05-01,199411,PG,buy,rebalance,2.0,67.852,2017-05-01,135.704,0.47496400000000005,-49.5,Consumer Defensive,0.7194865884032415,0.9735973597359736,,
2017-05-01,193422,VRSK,buy,rebalance,1.0,78.678,2017-05-01,78.678,0.275373,-63.0,Industrials,0.6918781119893006,0.995049504950495,,
2017-05-01,196997,DGX,buy,rebalance,1.0,88.504,2017-05-01,88.504,0.30976400000000004,-93.5,Healthcare,0.7140394922004557,0.9485148514851485,,
2017-06-01,198615,MO,buy,rebalance,3.0,39.059,2017-06-01,117.17699999999999,0.41011949999999997,-8.0,Consumer Defensive,0.7291701538999851,0.9963696369636964,,
2017-06-01,198439,FISV,buy,rebalance,2.0,62.615,2017-06-01,125.23,0.438305,-17.0,Technology,0.7206979548777114,0.9947194719471947,,
2017-06-01,198804,PAYX,buy,rebalance,3.0,44.803,2017-06-01,134.409,0.4704315,-34.5,Industrials,0.7244018129624268,0.9808580858085808,,
2017-06-01,199385,ROL,buy,rebalance,9.0,16.809,2017-06-01,151.281,0.5294835,-38.5,Consumer Cyclical,0.7176970009445964,0.9828382838283828,,
2017-06-01,198546,JKHY,buy,rebalance,1.0,94.322,2017-06-01,94.322,0.330127,-49.5,Technology,0.7172264614353002,0.9762376237623762,,
2017-06-01,199411,PG,buy,rebalance,2.0,68.662,2017-06-01,137.324,0.48063400000000006,-49.5,Consumer Defensive,0.7194865884032415,0.9735973597359736,,
2017-06-01,193422,VRSK,buy,rebalance,1.0,77.157,2017-06-01,77.157,0.2700495,-62.0,Industrials,0.6918781119893006,0.995049504950495,,
2017-06-01,196997,DGX,buy,rebalance,1.0,91.378,2017-06-01,91.378,0.319823,-93.0,Healthcare,0.7140394922004557,0.9485148514851485,,
2017-07-03,199242,VAL1,sell,delisted,5.0,112.99,2017-05-31,564.9499999999999,1.9773249999999998,,,,,529.382376,33.59029899999996
2017-07-03,198439,FISV,buy,rebalance,3.0,60.655,2017-07-03,181.965,0.6368775,-18.0,Technology,0.7230053274389296,0.9947661105659142,,
2017-07-03,198615,MO,buy,rebalance,5.0,38.923,2017-07-03,194.615,0.6811525,-18.5,Consumer Defensive,0.7208945536986351,0.9967288191036965,,
2017-07-03,199841,CLX,buy,rebalance,2.0,100.892,2017-07-03,201.784,0.706244,-23.0,Consumer Defensive,0.7252678538965562,0.9885508668629375,,
2017-07-03,198804,PAYX,buy,rebalance,5.0,42.445,2017-07-03,212.225,0.7427875,-42.0,Industrials,0.7220394623666196,0.9780830879947661,,
2017-07-03,198546,JKHY,buy,rebalance,2.0,92.617,2017-07-03,185.234,0.6483190000000001,-57.5,Technology,0.7186350193148074,0.9718678442917893,,
2017-07-03,199385,ROL,buy,rebalance,13.0,15.92,2017-07-03,206.96,0.72436,-60.5,Consumer Cyclical,0.7081489879612985,0.9793915603532876,,
2017-07-03,199122,DHR,buy,rebalance,3.0,71.208,2017-07-03,213.624,0.747684,-86.5,Healthcare,0.7035191426967415,0.9649983644095519,,
2017-07-03,196101,TWX,buy,rebalance,2.0,99.729,2017-07-03,199.458,0.698103,-97.5,Communication Services,0.703917730638278,0.9564932940791626,,
2017-07-03,193960,V,buy,rebalance,2.0,87.496,2017-07-03,174.992,0.612472,-104.5,Financial Services,0.6945877891569382,0.9721949623814197,,
2017-08-01,195259,RAI,sell,criteria:rank:not_a_candidate,248.0,65.4,2017-08-01,16219.2,56.7672,,,,,5401.105938,10761.326862000002
2017-08-01,198439,FISV,buy,rebalance,27.0,64.635,2017-08-01,1745.1450000000002,6.108007500000001,-18.0,Technology,0.7230053274389296,0.9947661105659142,,
2017-08-01,198615,MO,buy,rebalance,51.0,34.207,2017-08-01,1744.557,6.1059495,-18.5,Consumer Defensive,0.7208945536986351,0.9967288191036965,,
2017-08-01,199841,CLX,buy,rebalance,17.0,101.043,2017-08-01,1717.7310000000002,6.012058500000001,-23.0,Consumer Defensive,0.7252678538965562,0.9885508668629375,,
2017-08-01,198804,PAYX,buy,rebalance,40.0,43.032,2017-08-01,1721.2799999999997,6.02448,-42.0,Industrials,0.7220394623666195,0.9780830879947661,,
2017-08-01,198546,JKHY,buy,rebalance,18.0,96.359,2017-08-01,1734.462,6.070617,-57.5,Technology,0.7186350193148073,0.9718678442917893,,
2017-08-01,199385,ROL,buy,rebalance,101.0,17.177,2017-08-01,1734.877,6.0720695,-60.5,Consumer Cyclical,0.7081489879612987,0.9793915603532876,,
2017-08-01,197300,LMT,buy,rebalance,7.0,230.597,2017-08-01,1614.179,5.6496265,-67.5,Industrials,0.7305929677673261,0.9542034674517501,,
2017-08-01,199122,DHR,buy,rebalance,25.0,68.301,2017-08-01,1707.525,5.9763375000000005,-86.5,Healthcare,0.7035191426967415,0.9649983644095519,,
2017-08-01,196101,TWX,buy,rebalance,17.0,101.152,2017-08-01,1719.584,6.018544,-97.5,Communication Services,0.7039177306382781,0.9564932940791626,,
2017-08-01,193960,V,buy,rebalance,18.0,94.544,2017-08-01,1701.792,5.956272,-104.5,Financial Services,0.6945877891569381,0.9721949623814197,,
2017-09-01,198439,FISV,buy,rebalance,2.0,61.5,2017-09-01,123.0,0.4305,-18.0,Technology,0.7230053274389296,0.9947661105659142,,
2017-09-01,198615,MO,buy,rebalance,4.0,33.183,2017-09-01,132.732,0.46456200000000003,-18.5,Consumer Defensive,0.7208945536986351,0.9967288191036965,,
2017-09-01,199841,CLX,buy,rebalance,1.0,104.724,2017-09-01,104.724,0.366534,-23.0,Consumer Defensive,0.7252678538965562,0.9885508668629375,,
2017-09-01,198804,PAYX,buy,rebalance,3.0,43.222,2017-09-01,129.666,0.453831,-42.0,Industrials,0.7220394623666196,0.9780830879947661,,
2017-09-01,198546,JKHY,buy,rebalance,1.0,92.024,2017-09-01,92.024,0.32208400000000004,-57.5,Technology,0.7186350193148074,0.9718678442917893,,
2017-09-01,199385,ROL,buy,rebalance,7.0,17.609,2017-09-01,123.263,0.43142050000000004,-60.5,Consumer Cyclical,0.7081489879612985,0.9793915603532876,,
2017-09-01,199122,DHR,buy,rebalance,1.0,70.338,2017-09-01,70.338,0.24618299999999999,-86.5,Healthcare,0.7035191426967415,0.9649983644095519,,
2017-09-01,196101,TWX,buy,rebalance,1.0,100.342,2017-09-01,100.342,0.351197,-97.0,Communication Services,0.703917730638278,0.9564932940791626,,
2017-09-01,193960,V,buy,rebalance,1.0,97.54,2017-09-01,97.54,0.34139,-104.5,Financial Services,0.6945877891569381,0.9721949623814197,,
2017-10-02,199209,WLY,sell,criteria:rank:below_top_share,61.0,40.215,2017-10-02,2453.1150000000002,8.585902500000001,,,,,2177.2116629999996,267.3174345000007
2017-10-02,198439,FISV,buy,rebalance,5.0,64.435,2017-10-02,322.175,1.1276125000000001,-22.5,Technology,0.7199001317633298,0.9946719946719946,,
2017-10-02,199841,CLX,buy,rebalance,3.0,98.273,2017-10-02,294.81899999999996,1.0318664999999998,-26.5,Consumer Defensive,0.7276949866368875,0.9866799866799867,,
2017-10-02,198804,PAYX,buy,rebalance,8.0,45.297,2017-10-02,362.376,1.268316,-48.5,Industrials,0.7175293588750047,0.9786879786879786,,
2017-10-02,199120,CHD,buy,rebalance,8.0,42.785,2017-10-02,342.28,1.1979799999999998,-49.5,Consumer Defensive,0.7085358321606545,0.989010989010989,,
2017-10-02,198546,JKHY,buy,rebalance,4.0,92.566,2017-10-02,370.264,1.295924,-54.5,Technology,0.7256103388326118,0.9673659673659674,,
2017-10-02,193422,VRSK,buy,rebalance,4.0,79.391,2017-10-02,317.564,1.111474,-65.5,Industrials,0.6983621772883841,0.9923409923409924,,
2017-10-02,199185,JNJ,buy,rebalance,3.0,103.176,2017-10-02,309.528,1.0833480000000002,-73.5,Healthcare,0.7326331310466444,0.949050949050949,,
2017-10-02,193960,V,buy,rebalance,3.0,98.985,2017-10-02,296.955,1.0393425,-90.5,Financial Services,0.697711676416821,0.9760239760239761,,
2017-10-02,196101,TWX,buy,rebalance,3.0,101.804,2017-10-02,305.41200000000003,1.068942,-90.5,Communication Services,0.7095354651051237,0.9590409590409591,,
2017-10-02,195805,MA,buy,rebalance,2.0,134.087,2017-10-02,268.174,0.9386089999999999,-98.0,Financial Services,0.7008413576614215,0.9660339660339661,,
2017-11-01,198439,FISV,buy,rebalance,2.0,62.76,2017-11-01,125.52,0.43932,-22.5,Technology,0.7199001317633298,0.9946719946719946,,
2017-11-01,199841,CLX,buy,rebalance,1.0,97.807,2017-11-01,97.807,0.34232450000000003,-26.5,Consumer Defensive,0.7276949866368875,0.9866799866799867,,
2017-11-01,198804,PAYX,buy,rebalance,3.0,48.957,2017-11-01,146.871,0.5140485,-48.5,Industrials,0.7175293588750047,0.9786879786879786,,
2017-11-01,199120,CHD,buy,rebalance,3.0,41.222,2017-11-01,123.666,0.432831,-49.5,Consumer Defensive,0.7085358321606543,0.989010989010989,,
2017-11-01,198546,JKHY,buy,rebalance,1.0,98.794,2017-11-01,98.794,0.345779,-54.5,Technology,0.7256103388326118,0.9673659673659674,,
2017-11-01,193422,VRSK,buy,rebalance,1.0,85.436,2017-11-01,85.436,0.299026,-65.5,Industrials,0.6983621772883841,0.9923409923409924,,
2017-11-01,199185,JNJ,buy,rebalance,1.0,110.064,2017-11-01,110.064,0.385224,-73.0,Healthcare,0.7326331310466444,0.949050949050949,,
2017-11-01,196101,TWX,buy,rebalance,1.0,97.551,2017-11-01,97.551,0.3414285,-90.0,Communication Services,0.7095354651051236,0.9590409590409591,,
2017-11-01,193960,V,buy,rebalance,1.0,104.271,2017-11-01,104.271,0.3649485,-90.5,Financial Services,0.697711676416821,0.9760239760239761,,
2017-11-01,195805,MA,buy,rebalance,1.0,140.987,2017-11-01,140.987,0.4934545,-98.0,Financial Services,0.7008413576614215,0.9660339660339661,,
2017-12-01,198439,FISV,buy,rebalance,2.0,65.205,2017-12-01,130.41,0.456435,-22.5,Technology,0.7199001317633298,0.9946719946719946,,
2017-12-01,199841,CLX,buy,rebalance,1.0,106.684,2017-12-01,106.684,0.373394,-26.5,Consumer Defensive,0.7276949866368875,0.9866799866799867,,
2017-12-01,198804,PAYX,buy,rebalance,2.0,51.04,2017-12-01,102.08,0.35728,-48.5,Industrials,0.7175293588750047,0.9786879786879786,,
2017-12-01,199120,CHD,buy,rebalance,3.0,41.985,2017-12-01,125.955,0.4408425,-49.5,Consumer Defensive,0.7085358321606543,0.989010989010989,,
2017-12-01,198546,JKHY,buy,rebalance,1.0,102.917,2017-12-01,102.917,0.3602095,-54.5,Technology,0.7256103388326118,0.9673659673659674,,
2017-12-01,193422,VRSK,buy,rebalance,1.0,90.911,2017-12-01,90.911,0.3181885,-65.0,Industrials,0.6983621772883841,0.9923409923409924,,
2017-12-01,199185,JNJ,buy,rebalance,1.0,110.734,2017-12-01,110.734,0.387569,-73.0,Healthcare,0.7326331310466444,0.949050949050949,,
2017-12-01,193960,V,buy,rebalance,1.0,104.134,2017-12-01,104.134,0.364469,-90.0,Financial Services,0.697711676416821,0.9760239760239761,,
2017-12-01,196101,TWX,buy,rebalance,1.0,90.521,2017-12-01,90.521,0.31682350000000004,-90.0,Communication Services,0.7095354651051236,0.9590409590409591,,
2017-12-01,195805,MA,buy,rebalance,1.0,141.744,2017-12-01,141.744,0.496104,-97.5,Financial Services,0.7008413576614215,0.9660339660339661,,
2018-01-02,197712,MD,sell,criteria:rank:below_top_share,195.0,54.74,2018-01-02,10674.300000000001,37.36005,,,,,11097.435554999998,-460.49560499999643
2018-01-02,193422,VRSK,sell,criteria:rank:below_top_share,15.0,91.092,2018-01-02,1366.3799999999999,4.78233,,,,,1195.467543,166.1301269999999
2018-01-02,198439,FISV,buy,rebalance,20.0,65.175,2018-01-02,1303.5,4.56225,-25.5,Technology,0.7252589846648323,0.9926322839919625,,
2018-01-02,198804,PAYX,buy,rebalance,25.0,51.376,2018-01-02,1284.3999999999999,4.495399999999999,-41.5,Industrials,0.7232523992606551,0.9829202947086403,,
2018-01-02,198546,JKHY,buy,rebalance,12.0,104.866,2018-01-02,1258.392,4.404372,-42.5,Technology,0.7240729902745862,0.9812458137977227,,
2018-01-02,193748,KDP,buy,rebalance,96.0,13.726,2018-01-02,1317.6960000000001,4.611936000000001,-57.0,Consumer Defensive,0.7218157958750533,0.9735432016075016,,
2018-01-02,199385,ROL,buy,rebalance,71.0,18.574,2018-01-02,1318.7540000000001,4.615639000000001,-66.5,Consumer Cyclical,0.7097763104623678,0.9785666443402545,,
2018-01-02,199411,PG,buy,rebalance,18.0,71.713,2018-01-02,1290.8339999999998,4.517918999999999,-73.0,Consumer Defensive,0.7116838869789301,0.9708640321500335,,
2018-01-02,193960,V,buy,rebalance,12.0,107.689,2018-01-02,1292.268,4.522938,-94.0,Financial Services,0.7016436806457712,0.97052913596785,,
2018-01-02,199185,JNJ,buy,rebalance,12.0,110.14,2018-01-02,1321.68,4.62588,-104.5,Healthcare,0.7130235396393712,0.9457468184862693,,
2018-01-02,195805,MA,buy,rebalance,9.0,143.846,2018-01-02,1294.614,4.531149,-106.0,Financial Services,0.6970041059842997,0.9685197588747488,,
2018-01-02,199181,LHX,buy,rebalance,10.0,121.129,2018-01-02,1211.29,4.239515,-117.0,Industrials,0.697566973039104,0.9601473543201607,,
2018-02-01,198439,FISV,buy,rebalance,2.0,70.05,2018-02-01,140.1,0.49035,-24.5,Technology,0.7252589846648323,0.9926322839919625,,
2018-02-01,198804,PAYX,buy,rebalance,2.0,51.537,2018-02-01,103.074,0.360759,-40.0,Industrials,0.7232523992606551,0.9829202947086403,,
2018-02-01,198546,JKHY,buy,rebalance,1.0,112.511,2018-02-01,112.511,0.3937885,-41.0,Technology,0.7240729902745863,0.9812458137977227,,
2018-02-01,193748,KDP,buy,rebalance,8.0,17.303,2018-02-01,138.424,0.484484,-55.5,Consumer Defensive,0.7218157958750533,0.9735432016075016,,
2018-02-01,199385,ROL,buy,rebalance,7.0,19.573,2018-02-01,137.011,0.4795385,-65.0,Consumer Cyclical,0.7097763104623678,0.9785666443402545,,
2018-02-01,199411,PG,buy,rebalance,2.0,68.435,2018-02-01,136.87,0.479045,-71.5,Consumer Defensive,0.7116838869789301,0.9708640321500335,,
2018-02-01,193960,V,buy,rebalance,1.0,118.231,2018-02-01,118.231,0.41380849999999997,-92.5,Financial Services,0.7016436806457712,0.97052913596785,,
2018-02-01,199185,JNJ,buy,rebalance,1.0,110.765,2018-02-01,110.765,0.3876775,-103.0,Healthcare,0.7130235396393712,0.9457468184862693,,
2018-02-01,199181,LHX,buy,rebalance,1.0,134.438,2018-02-01,134.438,0.470533,-115.5,Industrials,0.697566973039104,0.9601473543201607,,
2018-03-01,198439,FISV,buy,rebalance,1.0,70.935,2018-03-01,70.935,0.2482725,-24.5,Technology,0.7252589846648323,0.9926322839919625,,
2018-03-01,198804,PAYX,buy,rebalance,2.0,48.862,2018-03-01,97.724,0.342034,-40.0,Industrials,0.7232523992606551,0.9829202947086403,,
2018-03-01,198546,JKHY,buy,rebalance,1.0,106.546,2018-03-01,106.546,0.37291100000000005,-41.0,Technology,0.7240729902745863,0.9812458137977227,,
2018-03-01,193748,KDP,buy,rebalance,7.0,16.776,2018-03-01,117.432,0.411012,-55.5,Consumer Defensive,0.7218157958750533,0.9735432016075016,,
2018-03-01,199385,ROL,buy,rebalance,6.0,19.749,2018-03-01,118.494,0.414729,-65.0,Consumer Cyclical,0.7097763104623678,0.9785666443402545,,
2018-03-01,199411,PG,buy,rebalance,2.0,62.736,2018-03-01,125.472,0.439152,-71.5,Consumer Defensive,0.7116838869789301,0.9708640321500335,,
2018-03-01,193960,V,buy,rebalance,1.0,113.422,2018-03-01,113.422,0.396977,-92.5,Financial Services,0.7016436806457712,0.97052913596785,,
2018-03-01,199185,JNJ,buy,rebalance,1.0,101.327,2018-03-01,101.327,0.3546445,-103.0,Healthcare,0.7130235396393713,0.9457468184862693,,
2018-03-01,198566,HON,buy,rebalance,1.0,113.382,2018-03-01,113.382,0.39683700000000005,-115.5,Industrials,0.7387928845454242,0.9166108506363028,,
2018-04-02,198439,FISV,buy,rebalance,1.0,70.54,2018-04-02,70.54,0.24689000000000003,-14.5,Technology,0.7206917154490152,0.9932591843613077,,
2018-04-02,198804,PAYX,buy,rebalance,2.0,46.378,2018-04-02,92.756,0.324646,-31.0,Industrials,0.7204418707170214,0.9814627569935962,,
2018-04-02,198546,JKHY,buy,rebalance,1.0,108.067,2018-04-02,108.067,0.3782345,-38.5,Technology,0.7170181255385292,0.9774182676103809,,
2018-04-02,199120,CHD,buy,rebalance,2.0,44.054,2018-04-02,88.108,0.30837800000000004,-68.5,Consumer Defensive,0.7048930730525487,0.9700033704078194,,
2018-04-02,196101,TWX,buy,rebalance,1.0,94.402,2018-04-02,94.402,0.330407,-69.5,Communication Services,0.7097652873484195,0.961577350859454,,
2018-04-02,196115,MDLZ,buy,rebalance,3.0,33.214,2018-04-02,99.642,0.348747,-78.5,Consumer Defensive,0.681997968271269,0.9962925513987192,,
2018-04-02,199385,ROL,buy,rebalance,6.0,19.973,2018-04-02,119.838,0.419433,-84.5,Consumer Cyclical,0.6833488692194646,0.9905628581058308,,
2018-04-02,196997,DGX,buy,rebalance,1.0,82.559,2018-04-02,82.559,0.2889565,-88.0,Healthcare,0.706505031594751,0.952814290529154,,
2018-04-02,198229,SBUX,buy,rebalance,2.0,46.633,2018-04-02,93.266,0.326431,-90.0,Consumer Cyclical,0.6908872086374468,0.972025615099427,,
2018-05-01,198877,DST,sell,criteria:rank:not_a_candidate,51.0,83.99,2018-05-01,4283.49,14.992215,,,,,1624.9655430000003,2643.5322419999993
2018-05-01,198439,FISV,buy,rebalance,7.0,71.63,2018-05-01,501.40999999999997,1.754935,-14.0,Technology,0.7206917154490153,0.9932591843613077,,
2018-05-01,198804,PAYX,buy,rebalance,12.0,47.07,2018-05-01,564.84,1.9769400000000001,-30.5,Industrials,0.7204418707170213,0.9814627569935962,,
2018-05-01,198546,JKHY,buy,rebalance,5.0,109.941,2018-05-01,549.705,1.9239675000000003,-38.0,Technology,0.7170181255385292,0.9774182676103809,,
2018-05-01,199120,CHD,buy,rebalance,13.0,41.686,2018-05-01,541.918,1.896713,-68.0,Consumer Defensive,0.7048930730525488,0.9700033704078194,,
2018-05-01,196101,TWX,buy,rebalance,6.0,94.27,2018-05-01,565.62,1.97967,-69.0,Communication Services,0.7097652873484195,0.961577350859454,,
2018-05-01,196115,MDLZ,buy,rebalance,17.0,31.811,2018-05-01,540.787,1.8927545000000001,-78.0,Consumer Defensive,0.681997968271269,0.9962925513987192,,
2018-05-01,199385,ROL,buy,rebalance,29.0,19.502,2018-05-01,565.558,1.979453,-84.0,Consumer Cyclical,0.6833488692194646,0.9905628581058308,,
2018-05-01,196997,DGX,buy,rebalance,6.0,86.93,2018-05-01,521.58,1.82553,-87.5,Healthcare,0.706505031594751,0.952814290529154,,
2018-05-01,198229,SBUX,buy,rebalance,11.0,48.201,2018-05-01,530.211,1.8557385000000002,-89.5,Consumer Cyclical,0.6908872086374469,0.972025615099427,,
2018-05-01,197079,FDS,buy,rebalance,3.0,173.11,2018-05-01,519.33,1.8176550000000002,-96.5,Financial Services,0.6931707577485615,0.9639366363329963,,
2018-06-01,198439,FISV,buy,rebalance,1.0,73.33,2018-06-01,73.33,0.256655,-14.0,Technology,0.7206917154490152,0.9932591843613077,,
2018-06-01,198804,PAYX,buy,rebalance,2.0,51.579,2018-06-01,103.158,0.361053,-30.5,Industrials,0.7204418707170215,0.9814627569935962,,
2018-06-01,198546,JKHY,buy,rebalance,1.0,113.359,2018-06-01,113.359,0.3967565,-38.0,Technology,0.7170181255385292,0.9774182676103809,,
2018-06-01,199120,CHD,buy,rebalance,3.0,42.801,2018-06-01,128.40300000000002,0.4494105000000001,-68.0,Consumer Defensive,0.7048930730525488,0.9700033704078194,,
2018-06-01,196101,TWX,buy,rebalance,1.0,93.89,2018-06-01,93.89,0.328615,-69.0,Communication Services,0.7097652873484195,0.961577350859454,,
2018-06-01,196115,MDLZ,buy,rebalance,4.0,32.276,2018-06-01,129.104,0.45186400000000004,-78.0,Consumer Defensive,0.681997968271269,0.9962925513987192,,
2018-06-01,199385,ROL,buy,rebalance,6.0,20.029,2018-06-01,120.174,0.420609,-84.0,Consumer Cyclical,0.6833488692194646,0.9905628581058308,,
2018-06-01,196997,DGX,buy,rebalance,1.0,91.579,2018-06-01,91.579,0.3205265,-87.0,Healthcare,0.706505031594751,0.952814290529154,,
2018-06-01,198229,SBUX,buy,rebalance,2.0,47.437,2018-06-01,94.874,0.332059,-89.5,Consumer Cyclical,0.6908872086374469,0.972025615099427,,
2018-07-02,196101,TWX,sell,criteria:rank:not_a_candidate,85.0,98.77,2018-07-02,8395.449999999999,29.384074999999996,,,,,6102.100863,2263.9650619999993
2018-07-02,198615,MO,sell,criteria:rank:below_top_share,514.0,30.453,2018-07-02,15652.842,54.784947,,,,,12506.015389499998,3092.041663500002
2018-07-02,197849,ROP,sell,criteria:rank:below_top_share,9.0,261.22,2018-07-02,2350.9800000000005,8.228430000000001,,,,,1105.4004075,1237.3511625000003
2018-07-02,198439,FISV,buy,rebalance,36.0,74.74,2018-07-02,2690.64,9.41724,-31.0,Technology,0.7061686075283646,0.9921208141825345,,
2018-07-02,199615,RYN,buy,rebalance,109.0,25.104,2018-07-02,2736.336,9.577176,-47.0,Real Estate,0.7104238247509964,0.9757058437294813,,
2018-07-02,198546,JKHY,buy,rebalance,23.0,118.608,2018-07-02,2727.984,9.547944,-62.5,Technology,0.7055236883806776,0.9701247537754432,,
2018-07-02,199553,MKC,buy,rebalance,56.0,49.156,2018-07-02,2752.736,9.634576,-65.0,Consumer Defensive,0.7003921261112386,0.974720945502298,,
2018-07-02,197603,WINA,buy,rebalance,22.0,121.492,2018-07-02,2672.824,9.354884,-68.0,Consumer Cyclical,0.6845947082422174,0.9934340118187788,,
2018-07-02,193748,KDP,buy,rebalance,153.0,17.906,2018-07-02,2739.618,9.588663,-73.5,Consumer Defensive,0.6970897217068721,0.9724228496388706,,
2018-07-02,198804,PAYX,buy,rebalance,52.0,52.79,2018-07-02,2745.08,9.60778,-76.5,Industrials,0.6894093642426935,0.9799737360472751,,
2018-07-02,196744,CHH,buy,rebalance,39.0,70.153,2018-07-02,2735.967,9.5758845,-87.0,Consumer Cyclical,0.674727277376915,0.9927774130006566,,
2018-07-02,196997,DGX,buy,rebalance,29.0,93.496,2018-07-02,2711.384,9.489844,-101.5,Healthcare,0.7012715026060158,0.9474720945502298,,
2018-07-02,198821,TSS,buy,rebalance,32.0,85.342,2018-07-02,2730.944,9.558304,-120.0,Financial Services,0.666295889842741,0.98456992777413,,
2018-08-01,198439,FISV,buy,rebalance,1.0,74.74,2018-08-01,74.74,0.26159,-31.0,Technology,0.7061686075283646,0.9921208141825345,,
2018-08-01,199615,RYN,buy,rebalance,5.0,22.821,2018-08-01,114.105,0.39936750000000004,-47.0,Real Estate,0.7104238247509964,0.9757058437294813,,
2018-08-01,198546,JKHY,buy,rebalance,1.0,123.557,2018-08-01,123.557,0.43244950000000004,-62.5,Technology,0.7055236883806776,0.9701247537754432,,
2018-08-01,199553,MKC,buy,rebalance,2.0,50.13,2018-08-01,100.26,0.35091,-65.0,Consumer Defensive,0.7003921261112386,0.974720945502298,,
2018-08-01,197603,WINA,buy,rebalance,1.0,121.368,2018-08-01,121.368,0.424788,-68.0,Consumer Cyclical,0.6845947082422174,0.9934340118187788,,
2018-08-01,193748,KDP,buy,rebalance,6.0,19.885,2018-08-01,119.31,0.41758500000000004,-73.5,Consumer Defensive,0.6970897217068721,0.9724228496388706,,
2018-08-01,198804,PAYX,buy,rebalance,2.0,53.711,2018-08-01,107.422,0.375977,-76.5,Industrials,0.6894093642426935,0.9799737360472751,,
2018-08-01,196744,CHH,buy,rebalance,1.0,72.959,2018-08-01,72.959,0.25535650000000004,-87.0,Consumer Cyclical,0.674727277376915,0.9927774130006566,,
2018-08-01,196997,DGX,buy,rebalance,1.0,91.133,2018-08-01,91.133,0.3189655,-101.5,Healthcare,0.7012715026060158,0.9474720945502298,,
2018-08-01,198821,TSS,buy,rebalance,1.0,91.324,2018-08-01,91.324,0.319634,-120.0,Financial Services,0.6662958898427411,0.98456992777413,,
2018-09-04,198439,FISV,buy,rebalance,1.0,79.98,2018-09-04,79.98,0.27993,-31.0,Technology,0.7061686075283646,0.9921208141825345,,
2018-09-04,199615,RYN,buy,rebalance,5.0,22.396,2018-09-04,111.98,0.39193,-46.5,Real Estate,0.7104238247509964,0.9757058437294813,,
2018-09-04,199553,MKC,buy,rebalance,2.0,53.877,2018-09-04,107.754,0.377139,-64.5,Consumer Defensive,0.7003921261112386,0.974720945502298,,
2018-09-04,197603,WINA,buy,rebalance,1.0,125.058,2018-09-04,125.058,0.437703,-68.0,Consumer Cyclical,0.6845947082422174,0.9934340118187788,,
2018-09-04,193748,KDP,buy,rebalance,7.0,18.611,2018-09-04,130.27700000000002,0.4559695000000001,-73.0,Consumer Defensive,0.6970897217068721,0.9724228496388706,,
2018-09-04,198804,PAYX,buy,rebalance,2.0,57.16,2018-09-04,114.32,0.40012,-76.0,Industrials,0.6894093642426935,0.9799737360472751,,
2018-09-04,196744,CHH,buy,rebalance,1.0,73.099,2018-09-04,73.099,0.25584650000000003,-87.0,Consumer Cyclical,0.674727277376915,0.9927774130006566,,
2018-09-04,196997,DGX,buy,rebalance,1.0,93.169,2018-09-04,93.169,0.3260915,-101.0,Healthcare,0.7012715026060158,0.9474720945502298,,
2018-09-04,198821,TSS,buy,rebalance,1.0,97.505,2018-09-04,97.505,0.3412675,-120.0,Financial Services,0.6662958898427411,0.98456992777413,,
2018-10-01,199877,CPB,sell,criteria:rank:below_top_share,81.0,27.099,2018-10-01,2195.0190000000002,7.682566500000001,,,,,1429.048224,758.2882095000002
2018-10-01,199546,CVS,sell,criteria:rank:below_top_share,9.0,61.534,2018-10-01,553.806,1.9383210000000002,,,,,655.3477169999999,-103.48003799999981
2018-10-01,198439,FISV,buy,rebalance,5.0,81.53,2018-10-01,407.65,1.426775,-37.5,Technology,0.7035104939009167,0.9919327731092437,,
2018-10-01,197603,WINA,buy,rebalance,3.0,134.296,2018-10-01,402.888,1.410108,-43.5,Consumer Cyclical,0.6967346172404183,0.9939495798319328,,
2018-10-01,199615,RYN,buy,rebalance,18.0,21.76,2018-10-01,391.68,1.37088,-59.0,Real Estate,0.6961259245284791,0.9821848739495799,,
2018-10-01,198546,JKHY,buy,rebalance,2.0,144.771,2018-10-01,289.542,1.0133969999999999,-61.0,Technology,0.7088501952915057,0.9684033613445379,,
2018-10-01,199120,CHD,buy,rebalance,7.0,54.075,2018-10-01,378.52500000000003,1.3248375000000001,-68.5,Consumer Defensive,0.6901221933743799,0.986890756302521,,
2018-10-01,199553,MKC,buy,rebalance,7.0,56.6,2018-10-01,396.2,1.3867,-79.0,Consumer Defensive,0.6940195042587419,0.9704201680672269,,
2018-10-01,198804,PAYX,buy,rebalance,7.0,57.661,2018-10-01,403.627,1.4126945,-83.0,Industrials,0.6879917610926725,0.9788235294117648,,
2018-10-01,199385,ROL,buy,rebalance,17.0,23.697,2018-10-01,402.849,1.4099715,-85.5,Consumer Cyclical,0.6799190374628713,0.9899159663865547,,
2018-10-01,199855,CHE,buy,rebalance,1.0,310.372,2018-10-01,310.372,1.086302,-112.0,Healthcare,0.6711787725246541,0.9798319327731092,,
2018-10-01,196997,DGX,buy,rebalance,4.0,92.36,2018-10-01,369.44,1.29304,-130.0,Healthcare,0.6849395536893295,0.9512605042016806,,
2018-11-01,198439,FISV,buy,rebalance,1.0,74.91,2018-11-01,74.91,0.262185,-37.5,Technology,0.7035104939009167,0.9919327731092437,,
2018-11-01,197603,WINA,buy,rebalance,1.0,127.811,2018-11-01,127.811,0.44733850000000003,-43.5,Consumer Cyclical,0.6967346172404183,0.9939495798319328,,
2018-11-01,199615,RYN,buy,rebalance,6.0,20.534,2018-11-01,123.204,0.431214,-59.0,Real Estate,0.6961259245284791,0.9821848739495799,,
2018-11-01,199120,CHD,buy,rebalance,2.0,58.905,2018-11-01,117.81,0.412335,-68.0,Consumer Defensive,0.6901221933743799,0.986890756302521,,
2018-11-01,199553,MKC,buy,rebalance,2.0,62.206,2018-11-01,124.412,0.43544200000000005,-78.5,Consumer Defensive,0.6940195042587419,0.9704201680672269,,
2018-11-01,198804,PAYX,buy,rebalance,2.0,51.267,2018-11-01,102.534,0.35886900000000005,-82.5,Industrials,0.6879917610926725,0.9788235294117648,,
2018-11-01,199385,ROL,buy,rebalance,5.0,23.589,2018-11-01,117.945,0.4128075,-85.0,Consumer Cyclical,0.6799190374628712,0.9899159663865547,,
2018-11-01,196997,DGX,buy,rebalance,1.0,80.15,2018-11-01,80.15,0.280525,-129.0,Healthcare,0.6849395536893295,0.9512605042016806,,
2018-12-03,198439,FISV,buy,rebalance,1.0,79.67,2018-12-03,79.67,0.278845,-36.5,Technology,0.7035104939009166,0.9919327731092437,,
2018-12-03,197603,WINA,buy,rebalance,1.0,125.596,2018-12-03,125.596,0.43958600000000003,-42.5,Consumer Cyclical,0.6967346172404183,0.9939495798319328,,
2018-12-03,199615,RYN,buy,rebalance,7.0,20.844,2018-12-03,145.90800000000002,0.5106780000000001,-58.0,Real Estate,0.6961259245284791,0.9821848739495799,,
2018-12-03,198546,JKHY,buy,rebalance,1.0,128.963,2018-12-03,128.963,0.4513705,-59.5,Technology,0.7088501952915057,0.9684033613445379,,
2018-12-03,199120,CHD,buy,rebalance,2.0,60.504,2018-12-03,121.008,0.423528,-67.0,Consumer Defensive,0.6901221933743796,0.986890756302521,,
2018-12-03,199553,MKC,buy,rebalance,2.0,64.905,2018-12-03,129.81,0.45433500000000004,-77.0,Consumer Defensive,0.6940195042587419,0.9704201680672269,,
2018-12-03,198804,PAYX,buy,rebalance,2.0,56.016,2018-12-03,112.032,0.392112,-81.5,Industrials,0.6879917610926725,0.9788235294117648,,
2018-12-03,199385,ROL,buy,rebalance,5.0,25.728,2018-12-03,128.64000000000001,0.4502400000000001,-84.0,Consumer Cyclical,0.6799190374628713,0.9899159663865547,,
2018-12-03,196997,DGX,buy,rebalance,1.0,77.753,2018-12-03,77.753,0.27213550000000003,-127.0,Healthcare,0.6849395536893295,0.9512605042016806,,
2019-01-02,193748,KDP,sell,criteria:rank:below_top_share,532.0,20.912,2019-01-02,11125.184,38.938144,,,,,7370.998514999999,3715.2473410000002
2019-01-02,198804,PAYX,buy,rebalance,24.0,51.33,2019-01-02,1231.92,4.31172,-60.5,Industrials,0.7188232599649111,0.9709949409780776,,
2019-01-02,199553,MKC,buy,rebalance,21.0,58.34,2019-01-02,1225.14,4.287990000000001,-64.5,Consumer Defensive,0.7098089583096567,0.9797639123102867,,
2019-01-02,198439,FISV,buy,rebalance,17.0,72.21,2019-01-02,1227.57,4.296495,-65.5,Technology,0.7002865753976509,0.993929173693086,,
2019-01-02,199385,ROL,buy,rebalance,57.0,21.64,2019-01-02,1233.48,4.3171800000000005,-67.0,Consumer Cyclical,0.7025383538289546,0.9871838111298482,,
2019-01-02,198546,JKHY,buy,rebalance,10.0,113.347,2019-01-02,1133.47,3.9671450000000004,-72.0,Technology,0.7108935375509304,0.9730185497470489,,
2019-01-02,199839,KO,buy,rebalance,33.0,37.343,2019-01-02,1232.3190000000002,4.3131165000000005,-73.5,Consumer Defensive,0.7202664195500349,0.9612141652613828,,
2019-01-02,199615,RYN,buy,rebalance,68.0,18.205,2019-01-02,1237.9399999999998,4.332789999999999,-78.0,Real Estate,0.7013523089017988,0.9814502529510961,,
2019-01-02,196744,CHH,buy,rebalance,18.0,67.125,2019-01-02,1208.25,4.228875,-93.0,Consumer Cyclical,0.6866663068243697,0.9912310286677909,,
2019-01-02,196997,DGX,buy,rebalance,17.0,70.363,2019-01-02,1196.171,4.1865985000000006,-104.0,Healthcare,0.7114224259264149,0.9494097807757167,,
2019-01-02,199928,ADP,buy,rebalance,11.0,110.316,2019-01-02,1213.476,4.247166000000001,-110.5,Industrials,0.7016615617943858,0.9588532883642495,,
2019-02-01,198804,PAYX,buy,rebalance,2.0,57.151,2019-02-01,114.302,0.40005700000000005,-60.0,Industrials,0.7188232599649111,0.9709949409780776,,
2019-02-01,199553,MKC,buy,rebalance,2.0,52.937,2019-02-01,105.874,0.37055899999999997,-63.5,Consumer Defensive,0.7098089583096567,0.9797639123102867,,
2019-02-01,198439,FISV,buy,rebalance,1.0,82.92,2019-02-01,82.92,0.29022000000000003,-64.0,Technology,0.7002865753976509,0.993929173693086,,
2019-02-01,199385,ROL,buy,rebalance,5.0,22.639,2019-02-01,113.195,0.3961825,-66.0,Consumer Cyclical,0.7025383538289546,0.9871838111298482,,
2019-02-01,198546,JKHY,buy,rebalance,1.0,123.231,2019-02-01,123.231,0.4313085,-71.5,Technology,0.7108935375509304,0.9730185497470489,,
2019-02-01,199839,KO,buy,rebalance,3.0,38.752,2019-02-01,116.256,0.40689600000000004,-73.0,Consumer Defensive,0.7202664195500349,0.9612141652613828,,
2019-02-01,199615,RYN,buy,rebalance,6.0,20.38,2019-02-01,122.28,0.42798,-76.5,Real Estate,0.7013523089017988,0.9814502529510961,,
2019-02-01,196744,CHH,buy,rebalance,1.0,74.02,2019-02-01,74.02,0.25906999999999997,-91.5,Consumer Cyclical,0.6866663068243697,0.9912310286677909,,
2019-02-01,196997,DGX,buy,rebalance,1.0,75.558,2019-02-01,75.558,0.26445300000000005,-103.5,Healthcare,0.711422425926415,0.9494097807757167,,
2019-02-01,199928,ADP,buy,rebalance,1.0,120.047,2019-02-01,120.047,0.4201645,-109.5,Industrials,0.7016615617943858,0.9588532883642495,,
2019-03-01,198804,PAYX,buy,rebalance,2.0,61.563,2019-03-01,123.126,0.430941,-60.0,Industrials,0.718823259964911,0.9709949409780776,,
2019-03-01,199553,MKC,buy,rebalance,2.0,58.809,2019-03-01,117.618,0.411663,-63.5,Consumer Defensive,0.7098089583096567,0.9797639123102867,,
2019-03-01,198439,FISV,buy,rebalance,1.0,86.39,2019-03-01,86.39,0.302365,-64.0,Technology,0.7002865753976509,0.993929173693086,,
2019-03-01,199385,ROL,buy,rebalance,5.0,24.133,2019-03-01,120.66499999999999,0.42232749999999997,-66.0,Consumer Cyclical,0.7025383538289546,0.9871838111298482,,
2019-03-01,198546,JKHY,buy,rebalance,1.0,122.45,2019-03-01,122.45,0.42857500000000004,-71.5,Technology,0.7108935375509304,0.9730185497470489,,
2019-03-01,199839,KO,buy,rebalance,3.0,36.11,2019-03-01,108.33,0.379155,-73.0,Consumer Defensive,0.7202664195500349,0.9612141652613828,,
2019-03-01,199615,RYN,buy,rebalance,6.0,19.835,2019-03-01,119.01,0.41653500000000004,-76.5,Real Estate,0.7013523089017988,0.9814502529510961,,
2019-03-01,196744,CHH,buy,rebalance,1.0,75.6,2019-03-01,75.6,0.2646,-91.5,Consumer Cyclical,0.6866663068243697,0.9912310286677909,,
2019-03-01,196997,DGX,buy,rebalance,1.0,74.463,2019-03-01,74.463,0.2606205,-103.5,Healthcare,0.711422425926415,0.9494097807757167,,
2019-04-01,196115,MDLZ,sell,criteria:rank:below_top_share,24.0,41.489,2019-04-01,995.7359999999999,3.485076,,,,,772.2263655,220.02455849999978
2019-04-01,196816,YUM,buy,rebalance,2.0,87.993,2019-04-01,175.986,0.615951,-59.0,Consumer Cyclical,0.7100130291114013,0.9854286682480515,,
2019-04-01,196744,CHH,buy,rebalance,3.0,74.062,2019-04-01,222.18599999999998,0.777651,-69.5,Consumer Cyclical,0.7000288428213589,0.9952558454761098,,
2019-04-01,198439,FISV,buy,rebalance,2.0,89.31,2019-04-01,178.62,0.62517,-72.5,Technology,0.7022092494970609,0.989495086411386,,
2019-04-01,198546,JKHY,buy,rebalance,1.0,128.473,2019-04-01,128.473,0.44965550000000004,-79.0,Technology,0.7092891341660128,0.9725516773974924,,
2019-04-01,199553,MKC,buy,rebalance,3.0,64.676,2019-04-01,194.02800000000002,0.6790980000000001,-81.0,Consumer Defensive,0.700916326438481,0.9847509318874957,,
2019-04-01,199839,KO,buy,rebalance,6.0,37.501,2019-04-01,225.00599999999997,0.7875209999999999,-85.5,Consumer Defensive,0.7164032265369403,0.960352422907489,,
2019-04-01,198804,PAYX,buy,rebalance,3.0,64.346,2019-04-01,193.038,0.675633,-89.0,Industrials,0.7178988718685533,0.954930532023043,,
2019-04-01,199551,SPGI,buy,rebalance,1.0,190.117,2019-04-01,190.117,0.6654095,-108.5,Financial Services,0.6865500442445595,0.9850898000677737,,
2019-04-01,198566,HON,buy,rebalance,1.0,132.515,2019-04-01,132.515,0.46380249999999995,-125.0,Industrials,0.7118411037357513,0.9356150457472043,,
2019-05-01,196816,YUM,buy,rebalance,1.0,89.182,2019-05-01,89.182,0.312137,-59.0,Consumer Cyclical,0.7100130291114014,0.9854286682480515,,
2019-05-01,196744,CHH,buy,rebalance,2.0,79.109,2019-05-01,158.218,0.553763,-69.0,Consumer Cyclical,0.7000288428213589,0.9952558454761098,,
2019-05-01,198439,FISV,buy,rebalance,1.0,85.93,2019-05-01,85.93,0.30075500000000005,-72.0,Technology,0.7022092494970609,0.989495086411386,,
2019-05-01,198546,JKHY,buy,rebalance,1.0,128.794,2019-05-01,128.794,0.45077900000000004,-79.0,Technology,0.7092891341660129,0.9725516773974924,,
2019-05-01,199553,MKC,buy,rebalance,2.0,65.843,2019-05-01,131.686,0.46090100000000006,-80.5,Consumer Defensive,0.7009163264384809,0.9847509318874957,,
2019-05-01,199839,KO,buy,rebalance,4.0,39.002,2019-05-01,156.008,0.5460280000000001,-85.0,Consumer Defensive,0.7164032265369403,0.960352422907489,,
2019-05-01,198804,PAYX,buy,rebalance,2.0,65.173,2019-05-01,130.346,0.45621100000000003,-88.5,Industrials,0.7178988718685533,0.954930532023043,,
2019-05-01,198566,HON,buy,rebalance,1.0,140.287,2019-05-01,140.287,0.4910045,-124.5,Industrials,0.7118411037357512,0.9356150457472043,,
2019-06-03,196816,YUM,buy,rebalance,1.0,91.462,2019-06-03,91.462,0.32011700000000004,-58.5,Consumer Cyclical,0.7100130291114014,0.9854286682480515,,
2019-06-03,196744,CHH,buy,rebalance,2.0,77.222,2019-06-03,154.444,0.540554,-68.5,Consumer Cyclical,0.7000288428213589,0.9952558454761098,,
2019-06-03,198439,FISV,buy,rebalance,1.0,82.68,2019-06-03,82.68,0.28938,-71.5,Technology,0.7022092494970609,0.989495086411386,,
2019-06-03,198546,JKHY,buy,rebalance,1.0,120.001,2019-06-03,120.001,0.42000350000000003,-78.5,Technology,0.7092891341660128,0.9725516773974924,,
2019-06-03,199553,MKC,buy,rebalance,2.0,67.834,2019-06-03,135.668,0.47483800000000004,-80.0,Consumer Defensive,0.700916326438481,0.9847509318874957,,
2019-06-03,199839,KO,buy,rebalance,4.0,40.118,2019-06-03,160.472,0.561652,-84.5,Consumer Defensive,0.7164032265369403,0.960352422907489,,
2019-06-03,198804,PAYX,buy,rebalance,2.0,67.623,2019-06-03,135.246,0.47336100000000003,-88.0,Industrials,0.7178988718685533,0.954930532023043,,
2019-06-03,198566,HON,buy,rebalance,1.0,137.292,2019-06-03,137.292,0.480522,-124.0,Industrials,0.7118411037357513,0.9356150457472043,,
2019-07-01,196816,YUM,buy,rebalance,1.0,96.188,2019-07-01,96.188,0.336658,-51.5,Consumer Cyclical,0.7203625087848774,0.9783819194235178,,
2019-07-01,197912,CTXS,buy,rebalance,1.0,95.332,2019-07-01,95.332,0.33366199999999996,-67.5,Technology,0.7010762979307857,0.9970520799213888,,
2019-07-01,193422,VRSK,buy,rebalance,1.0,140.847,2019-07-01,140.847,0.4929645,-70.0,Industrials,0.7115446240112218,0.9767441860465116,,
2019-07-01,198804,PAYX,buy,rebalance,2.0,66.886,2019-07-01,133.772,0.468202,-74.5,Industrials,0.718248656557243,0.9649525057320668,,
2019-07-01,199411,PG,buy,rebalance,1.0,91.891,2019-07-01,91.891,0.32161850000000003,-78.5,Consumer Defensive,0.723945585532823,0.955781198820832,,
2019-07-01,198546,JKHY,buy,rebalance,1.0,125.253,2019-07-01,125.253,0.4383855,-79.0,Technology,0.7139285295722901,0.967900425810678,,
2019-07-01,199839,KO,buy,rebalance,3.0,41.743,2019-07-01,125.22900000000001,0.43830150000000007,-80.5,Consumer Defensive,0.7235084912190437,0.9554536521454308,,
2019-07-01,196744,CHH,buy,rebalance,1.0,82.565,2019-07-01,82.565,0.2889775,-108.5,Consumer Cyclical,0.689236832483471,0.985260399606944,,
2019-07-01,199774,OMC,buy,rebalance,2.0,64.536,2019-07-01,129.072,0.45175200000000004,-129.5,Communication Services,0.6753051424090064,0.9967245332459875,,
2019-08-01,196816,YUM,buy,rebalance,1.0,102.733,2019-08-01,102.733,0.35956550000000004,-51.5,Consumer Cyclical,0.7203625087848774,0.9783819194235178,,
2019-08-01,197912,CTXS,buy,rebalance,1.0,91.33,2019-08-01,91.33,0.319655,-67.5,Technology,0.7010762979307857,0.9970520799213888,,
2019-08-01,193422,VRSK,buy,rebalance,1.0,145.893,2019-08-01,145.893,0.5106255000000001,-70.0,Industrials,0.7115446240112218,0.9767441860465116,,
2019-08-01,198804,PAYX,buy,rebalance,2.0,67.684,2019-08-01,135.368,0.473788,-74.0,Industrials,0.7182486565572431,0.9649525057320668,,
2019-08-01,199411,PG,buy,rebalance,1.0,97.708,2019-08-01,97.708,0.341978,-77.5,Consumer Defensive,0.723945585532823,0.955781198820832,,
2019-08-01,198546,JKHY,buy,rebalance,1.0,128.971,2019-08-01,128.971,0.45139850000000004,-78.5,Technology,0.7139285295722901,0.967900425810678,,
2019-08-01,199839,KO,buy,rebalance,3.0,42.09,2019-08-01,126.27000000000001,0.44194500000000003,-79.5,Consumer Defensive,0.7235084912190437,0.9554536521454308,,
2019-08-01,196744,CHH,buy,rebalance,1.0,80.731,2019-08-01,80.731,0.2825585,-108.5,Consumer Cyclical,0.689236832483471,0.985260399606944,,
2019-08-01,199774,OMC,buy,rebalance,2.0,61.214,2019-08-01,122.428,0.428498,-129.5,Communication Services,0.6753051424090064,0.9967245332459875,,
2019-09-03,196816,YUM,buy,rebalance,1.0,102.904,2019-09-03,102.904,0.360164,-51.0,Consumer Cyclical,0.7203625087848774,0.9783819194235178,,
2019-09-03,197912,CTXS,buy,rebalance,1.0,90.022,2019-09-03,90.022,0.31507700000000005,-67.0,Technology,0.7010762979307857,0.9970520799213888,,
2019-09-03,193422,VRSK,buy,rebalance,1.0,154.308,2019-09-03,154.308,0.540078,-69.5,Industrials,0.7115446240112218,0.9767441860465116,,
2019-09-03,198804,PAYX,buy,rebalance,2.0,65.36,2019-09-03,130.72,0.45752,-73.5,Industrials,0.7182486565572431,0.9649525057320668,,
2019-09-03,199411,PG,buy,rebalance,1.0,101.584,2019-09-03,101.584,0.355544,-77.0,Consumer Defensive,0.723945585532823,0.955781198820832,,
2019-09-03,198546,JKHY,buy,rebalance,1.0,132.736,2019-09-03,132.736,0.464576,-78.0,Technology,0.7139285295722901,0.967900425810678,,
2019-09-03,199839,KO,buy,rebalance,3.0,44.736,2019-09-03,134.208,0.469728,-79.0,Consumer Defensive,0.7235084912190436,0.9554536521454308,,
2019-09-03,196744,CHH,buy,rebalance,1.0,86.726,2019-09-03,86.726,0.303541,-107.5,Consumer Cyclical,0.689236832483471,0.985260399606944,,
2019-09-03,199774,OMC,buy,rebalance,2.0,58.163,2019-09-03,116.326,0.407141,-128.0,Communication Services,0.6753051424090064,0.9967245332459875,,
2019-10-01,198821,TSS,sell,criteria:rank:not_a_candidate,34.0,133.27,2019-10-01,4531.18,15.859130000000002,,,,,2929.9922055,1585.3286645000003
2019-10-01,199774,OMC,sell,criteria:rank:below_top_share,6.0,60.849,2019-10-01,365.094,1.277829,,,,,369.113391,-5.297219999999982
2019-10-01,196816,YUM,buy,rebalance,6.0,99.536,2019-10-01,597.216,2.090256,-53.0,Consumer Cyclical,0.7171674539211409,0.9859437751004017,,
2019-10-01,193422,VRSK,buy,rebalance,4.0,149.498,2019-10-01,597.992,2.092972,-58.5,Industrials,0.7187633093582959,0.9795850066934404,,
2019-10-01,198804,PAYX,buy,rebalance,9.0,66.079,2019-10-01,594.7109999999999,2.0814885,-62.5,Industrials,0.7224919233216011,0.9688755020080321,,
2019-10-01,197912,CTXS,buy,rebalance,6.0,93.4,2019-10-01,560.4000000000001,1.9614000000000003,-66.0,Technology,0.7035892696729882,0.998661311914324,,
2019-10-01,199839,KO,buy,rebalance,14.0,44.536,2019-10-01,623.504,2.182264,-76.5,Consumer Defensive,0.7065942634476191,0.9852744310575636,,
2019-10-01,196744,CHH,buy,rebalance,7.0,84.083,2019-10-01,588.581,2.0600335000000003,-78.0,Consumer Cyclical,0.7024665403768516,0.9896251673360107,,
2019-10-01,199120,CHD,buy,rebalance,9.0,69.504,2019-10-01,625.5360000000001,2.189376,-79.5,Consumer Defensive,0.7021268878009326,0.9892904953145917,,
2019-10-01,193203,ACN,buy,rebalance,3.0,167.3,2019-10-01,501.90000000000003,1.7566500000000003,-81.0,Technology,0.712648082933472,0.9728915662650602,,
2019-10-01,197197,DIS,buy,rebalance,5.0,124.843,2019-10-01,624.215,2.1847525,-129.5,Communication Services,0.6961215938370827,0.9611780455153949,,
2019-10-01,199137,MRK,buy,rebalance,9.0,64.734,2019-10-01,582.606,2.039121,-131.0,Healthcare,0.713677312419109,0.9354082998661312,,
2019-11-01,196816,YUM,buy,rebalance,1.0,87.862,2019-11-01,87.862,0.307517,-53.0,Consumer Cyclical,0.7171674539211409,0.9859437751004017,,
2019-11-01,193422,VRSK,buy,rebalance,1.0,138.901,2019-11-01,138.901,0.48615350000000007,-58.5,Industrials,0.7187633093582959,0.9795850066934404,,
2019-11-01,198804,PAYX,buy,rebalance,2.0,68.194,2019-11-01,136.388,0.477358,-62.5,Industrials,0.7224919233216011,0.9688755020080321,,
2019-11-01,197912,CTXS,buy,rebalance,1.0,106.54,2019-11-01,106.54,0.37289000000000005,-66.0,Technology,0.7035892696729882,0.998661311914324,,
2019-11-01,199839,KO,buy,rebalance,3.0,43.925,2019-11-01,131.77499999999998,0.4612124999999999,-76.5,Consumer Defensive,0.7065942634476191,0.9852744310575636,,
2019-11-01,196744,CHH,buy,rebalance,1.0,84.197,2019-11-01,84.197,0.2946895,-78.0,Consumer Cyclical,0.7024665403768517,0.9896251673360107,,
2019-11-01,199120,CHD,buy,rebalance,2.0,63.267,2019-11-01,126.534,0.442869,-79.5,Consumer Defensive,0.7021268878009326,0.9892904953145917,,
2019-11-01,197197,DIS,buy,rebalance,1.0,127.926,2019-11-01,127.926,0.447741,-129.5,Communication Services,0.6961215938370827,0.9611780455153949,,
2019-11-01,199137,MRK,buy,rebalance,2.0,65.764,2019-11-01,131.528,0.460348,-131.0,Healthcare,0.713677312419109,0.9354082998661312,,
2019-12-02,196816,YUM,buy,rebalance,1.0,89.044,2019-12-02,89.044,0.311654,-53.0,Consumer Cyclical,0.7171674539211409,0.9859437751004017,,
2019-12-02,198804,PAYX,buy,rebalance,2.0,68.853,2019-12-02,137.706,0.481971,-62.5,Industrials,0.7224919233216011,0.9688755020080321,,
2019-12-02,197912,CTXS,buy,rebalance,1.0,108.845,2019-12-02,108.845,0.3809575,-65.5,Technology,0.7035892696729882,0.998661311914324,,
2019-12-02,199839,KO,buy,rebalance,3.0,44.131,2019-12-02,132.393,0.4633755,-76.0,Consumer Defensive,0.7065942634476191,0.9852744310575636,,
2019-12-02,196744,CHH,buy,rebalance,1.0,92.073,2019-12-02,92.073,0.3222555,-77.5,Consumer Cyclical,0.7024665403768516,0.9896251673360107,,
2019-12-02,199120,CHD,buy,rebalance,2.0,64.43,2019-12-02,128.86,0.4510100000000001,-79.0,Consumer Defensive,0.7021268878009326,0.9892904953145917,,
2019-12-02,199137,MRK,buy,rebalance,2.0,67.39,2019-12-02,134.78,0.47173000000000004,-131.0,Healthcare,0.713677312419109,0.9354082998661312,,
2020-01-02,196115,MDLZ,buy,rebalance,3.0,46.053,2020-01-02,138.159,0.4835565,-24.0,Consumer Defensive,0.7261087636238961,0.9966577540106952,,
2020-01-02,197912,CTXS,buy,rebalance,1.0,108.955,2020-01-02,108.955,0.38134250000000003,-40.0,Technology,0.7169893333254064,0.9979946524064172,,
2020-01-02,199839,KO,buy,rebalance,3.0,45.149,2020-01-02,135.447,0.4740645,-48.0,Consumer Defensive,0.7218299972120095,0.9829545454545454,,
2020-01-02,198804,PAYX,buy,rebalance,2.0,69.186,2020-01-02,138.372,0.48430200000000007,-70.0,Industrials,0.7194829271898799,0.9685828877005348,,
2020-01-02,198546,JKHY,buy,rebalance,1.0,134.664,2020-01-02,134.664,0.47132399999999997,-71.0,Technology,0.7239367041740794,0.9632352941176471,,
2020-01-02,199774,OMC,buy,rebalance,2.0,62.712,2020-01-02,125.424,0.43898400000000004,-79.5,Communication Services,0.7044278267663056,0.991644385026738,,
2020-01-02,199928,ADP,buy,rebalance,1.0,147.347,2020-01-02,147.347,0.5157145000000001,-82.5,Industrials,0.7062639789551555,0.9849598930481284,,
2020-01-02,196744,CHH,buy,rebalance,1.0,99.122,2020-01-02,99.122,0.346927,-86.0,Consumer Cyclical,0.7170098899990516,0.9618983957219251,,
2020-01-02,196816,YUM,buy,rebalance,1.0,90.469,2020-01-02,90.469,0.31664149999999996,-109.0,Consumer Cyclical,0.7049051180915847,0.9679144385026738,,
2020-01-02,199428,PFE,buy,rebalance,5.0,26.524,2020-01-02,132.62,0.46417,-112.0,Healthcare,0.6971483622039915,0.982620320855615,,
2020-02-03,196115,MDLZ,buy,rebalance,2.0,48.783,2020-02-03,97.566,0.34148100000000003,-24.0,Consumer Defensive,0.7261087636238961,0.9966577540106952,,
2020-02-03,197912,CTXS,buy,rebalance,1.0,119.688,2020-02-03,119.688,0.418908,-40.0,Technology,0.7169893333254064,0.9979946524064172,,
2020-02-03,199839,KO,buy,rebalance,2.0,48.096,2020-02-03,96.192,0.33667199999999997,-47.5,Consumer Defensive,0.7218299972120095,0.9829545454545454,,
2020-02-03,198804,PAYX,buy,rebalance,1.0,70.873,2020-02-03,70.873,0.2480555,-69.5,Industrials,0.71948292718988,0.9685828877005348,,
2020-02-03,199774,OMC,buy,rebalance,2.0,59.39,2020-02-03,118.78,0.41573,-79.5,Communication Services,0.7044278267663057,0.991644385026738,,
2020-02-03,196744,CHH,buy,rebalance,1.0,96.396,2020-02-03,96.396,0.337386,-85.5,Consumer Cyclical,0.7170098899990518,0.9618983957219251,,
2020-02-03,196816,YUM,buy,rebalance,1.0,94.224,2020-02-03,94.224,0.329784,-108.5,Consumer Cyclical,0.7049051180915847,0.9679144385026738,,
2020-02-03,199428,PFE,buy,rebalance,5.0,25.68,2020-02-03,128.4,0.4494,-111.5,Healthcare,0.6971483622039915,0.982620320855615,,
2020-03-02,196115,MDLZ,buy,rebalance,3.0,47.13,2020-03-02,141.39000000000001,0.49486500000000005,-24.0,Consumer Defensive,0.726108763623896,0.9966577540106952,,
2020-03-02,197912,CTXS,buy,rebalance,1.0,106.135,2020-03-02,106.135,0.37147250000000004,-40.0,Technology,0.7169893333254064,0.9979946524064172,,
2020-03-02,199839,KO,buy,rebalance,3.0,45.912,2020-03-02,137.736,0.48207599999999995,-47.5,Consumer Defensive,0.7218299972120095,0.9829545454545454,,
2020-03-02,198804,PAYX,buy,rebalance,2.0,67.205,2020-03-02,134.41,0.470435,-69.5,Industrials,0.7194829271898799,0.9685828877005348,,
2020-03-02,198546,JKHY,buy,rebalance,1.0,146.931,2020-03-02,146.931,0.5142585000000001,-70.5,Technology,0.7239367041740794,0.9632352941176471,,
2020-03-02,199774,OMC,buy,rebalance,2.0,55.245,2020-03-02,110.49,0.386715,-79.5,Communication Services,0.7044278267663056,0.991644385026738,,
2020-03-02,199928,ADP,buy,rebalance,1.0,141.014,2020-03-02,141.014,0.49354900000000007,-82.5,Industrials,0.7062639789551555,0.9849598930481284,,
2020-03-02,196744,CHH,buy,rebalance,1.0,89.623,2020-03-02,89.623,0.31368050000000003,-85.5,Consumer Cyclical,0.7170098899990518,0.9618983957219251,,
2020-03-02,196816,YUM,buy,rebalance,1.0,82.3,2020-03-02,82.3,0.28805,-108.5,Consumer Cyclical,0.7049051180915846,0.9679144385026738,,
2020-03-02,199428,PFE,buy,rebalance,6.0,23.879,2020-03-02,143.274,0.501459,-111.0,Healthcare,0.6971483622039915,0.982620320855615,,
2020-04-01,195852,FIS,sell,criteria:rank:below_top_share,46.0,99.647,2020-04-01,4583.762000000001,16.043167000000004,,,,,1065.9156930000001,3501.803140000001
2020-04-01,197912,CTXS,buy,rebalance,4.0,136.165,2020-04-01,544.66,1.90631,-49.0,Technology,0.711948956437255,0.9972844534962662,,
2020-04-01,199652,HSY,buy,rebalance,5.0,112.423,2020-04-01,562.115,1.9674025000000002,-50.0,Consumer Defensive,0.7276091480961222,0.9708078750848609,,
2020-04-01,199553,MKC,buy,rebalance,9.0,60.488,2020-04-01,544.392,1.9053720000000003,-50.5,Consumer Defensive,0.7134626673862368,0.9894772572980313,,
2020-04-01,198804,PAYX,buy,rebalance,11.0,49.622,2020-04-01,545.842,1.910447,-57.5,Industrials,0.7233671498324766,0.9680923285811269,,
2020-04-01,199774,OMC,buy,rebalance,14.0,41.007,2020-04-01,574.098,2.009343,-57.5,Communication Services,0.7109752669270766,0.993550577053632,,
2020-04-01,193422,VRSK,buy,rebalance,4.0,135.014,2020-04-01,540.056,1.8901960000000002,-71.5,Industrials,0.7157734408735409,0.9677528852681602,,
2020-04-01,198546,JKHY,buy,rebalance,4.0,136.147,2020-04-01,544.588,1.9060579999999998,-79.5,Technology,0.7146621636786118,0.9653767820773931,,
2020-04-01,196744,CHH,buy,rebalance,10.0,55.878,2020-04-01,558.78,1.95573,-82.5,Consumer Cyclical,0.7146675097533478,0.9626612355736592,,
2020-04-01,196816,YUM,buy,rebalance,9.0,60.171,2020-04-01,541.539,1.8953865,-99.0,Consumer Cyclical,0.7070668595739992,0.9697895451459606,,
2020-04-01,199551,SPGI,buy,rebalance,2.0,211.225,2020-04-01,422.45,1.478575,-99.0,Financial Services,0.6988872809669283,0.9860828241683639,,
2020-05-01,196736,RTN,sell,criteria:rank:not_a_candidate,16.0,116.96,2020-05-01,1871.36,6.54976,,,,,588.1804515,1276.6297885
2020-05-01,197912,CTXS,buy,rebalance,2.0,139.532,2020-05-01,279.064,0.9767240000000001,-49.0,Technology,0.711948956437255,0.9972844534962662,,
2020-05-01,199652,HSY,buy,rebalance,2.0,113.175,2020-05-01,226.35,0.792225,-49.5,Consumer Defensive,0.7276091480961222,0.9708078750848609,,
2020-05-01,199553,MKC,buy,rebalance,4.0,67.653,2020-05-01,270.612,0.9471420000000002,-50.0,Consumer Defensive,0.7134626673862368,0.9894772572980313,,
2020-05-01,199774,OMC,buy,rebalance,7.0,44.356,2020-05-01,310.492,1.0867220000000002,-56.5,Communication Services,0.7109752669270766,0.993550577053632,,
2020-05-01,198804,PAYX,buy,rebalance,6.0,54.531,2020-05-01,327.186,1.145151,-57.0,Industrials,0.7233671498324766,0.9680923285811269,,
2020-05-01,193422,VRSK,buy,rebalance,2.0,147.165,2020-05-01,294.33,1.030155,-71.0,Industrials,0.7157734408735409,0.9677528852681602,,
2020-05-01,198546,JKHY,buy,rebalance,2.0,146.718,2020-05-01,293.436,1.027026,-79.0,Technology,0.7146621636786118,0.9653767820773931,,
2020-05-01,196744,CHH,buy,rebalance,4.0,67.95,2020-05-01,271.8,0.9513,-82.0,Consumer Cyclical,0.7146675097533478,0.9626612355736592,,
2020-05-01,196816,YUM,buy,rebalance,4.0,74.544,2020-05-01,298.176,1.0436159999999999,-98.0,Consumer Cyclical,0.7070668595739992,0.9697895451459606,,
2020-05-01,199551,SPGI,buy,rebalance,1.0,257.854,2020-05-01,257.854,0.902489,-98.0,Financial Services,0.6988872809669283,0.9860828241683639,,
2020-06-01,197912,CTXS,buy,rebalance,1.0,143.515,2020-06-01,143.515,0.5023025,-49.0,Technology,0.711948956437255,0.9972844534962662,,
2020-06-01,199652,HSY,buy,rebalance,1.0,117.2,2020-06-01,117.2,0.4102,-49.5,Consumer Defensive,0.7276091480961222,0.9708078750848609,,
2020-06-01,199553,MKC,buy,rebalance,1.0,77.357,2020-06-01,77.357,0.2707495,-50.0,Consumer Defensive,0.7134626673862368,0.9894772572980313,,
2020-06-01,198804,PAYX,buy,rebalance,2.0,59.49,2020-06-01,118.98,0.41643,-56.5,Industrials,0.7233671498324767,0.9680923285811269,,
2020-06-01,199774,OMC,buy,rebalance,3.0,44.11,2020-06-01,132.32999999999998,0.46315499999999993,-56.5,Communication Services,0.7109752669270766,0.993550577053632,,
2020-06-01,196744,CHH,buy,rebalance,1.0,78.754,2020-06-01,78.754,0.275639,-81.0,Consumer Cyclical,0.7146675097533478,0.9626612355736592,,
2020-06-01,196816,YUM,buy,rebalance,1.0,80.929,2020-06-01,80.929,0.2832515,-98.0,Consumer Cyclical,0.7070668595739992,0.9697895451459606,,
2020-07-01,193422,VRSK,sell,criteria:rank:below_top_share,14.0,165.632,2020-07-01,2318.848,8.115968,,,,,2019.3701445000002,291.36188749999974
2020-07-01,196115,MDLZ,buy,rebalance,9.0,43.785,2020-07-01,394.06499999999994,1.3792274999999998,-7.0,Consumer Defensive,0.7368073154483895,0.9954022988505747,,
2020-07-01,194210,BR,buy,rebalance,3.0,114.727,2020-07-01,344.18100000000004,1.2046335000000001,-14.0,Technology,0.7288288725094276,0.9980295566502463,,
2020-07-01,199685,GIS,buy,rebalance,8.0,47.719,2020-07-01,381.752,1.336132,-22.5,Consumer Defensive,0.7292933055410065,0.9888341543513958,,
2020-07-01,199428,PFE,buy,rebalance,17.0,23.336,2020-07-01,396.712,1.388492,-34.0,Healthcare,0.7249320252141948,0.9848932676518883,,
2020-07-01,197912,CTXS,buy,rebalance,2.0,146.552,2020-07-01,293.104,1.0258639999999999,-45.0,Technology,0.7154388828742753,0.9986863711001642,,
2020-07-01,196550,EBAY,buy,rebalance,8.0,47.95,2020-07-01,383.6,1.3426,-75.0,Consumer Cyclical,0.712734936927953,0.9802955665024631,,
2020-07-01,199385,ROL,buy,rebalance,15.0,26.339,2020-07-01,395.085,1.3827975,-78.0,Consumer Cyclical,0.7190050106165825,0.9655172413793104,,
2020-07-01,199185,JNJ,buy,rebalance,3.0,118.851,2020-07-01,356.553,1.2479355,-79.5,Healthcare,0.7279906969196658,0.9500821018062398,,
2020-07-01,197300,LMT,buy,rebalance,1.0,306.333,2020-07-01,306.333,1.0721655,-106.5,Industrials,0.7100406026680248,0.9605911330049262,,
2020-07-01,199928,ADP,buy,rebalance,3.0,130.726,2020-07-01,392.178,1.372623,-108.5,Industrials,0.6975720164433773,0.9819376026272578,,
2020-08-03,196115,MDLZ,buy,rebalance,2.0,47.565,2020-08-03,95.13,0.332955,-7.0,Consumer Defensive,0.7368073154483895,0.9954022988505747,,
2020-08-03,194210,BR,buy,rebalance,1.0,123.534,2020-08-03,123.534,0.432369,-14.0,Technology,0.7288288725094275,0.9980295566502463,,
2020-08-03,199685,GIS,buy,rebalance,2.0,51.412,2020-08-03,102.824,0.359884,-22.5,Consumer Defensive,0.7292933055410066,0.9888341543513958,,
2020-08-03,199428,PFE,buy,rebalance,5.0,26.785,2020-08-03,133.925,0.46873750000000003,-34.0,Healthcare,0.7249320252141948,0.9848932676518883,,
2020-08-03,196550,EBAY,buy,rebalance,2.0,51.219,2020-08-03,102.438,0.358533,-75.0,Consumer Cyclical,0.712734936927953,0.9802955665024631,,
2020-08-03,199385,ROL,buy,rebalance,4.0,32.602,2020-08-03,130.408,0.45642799999999994,-77.5,Consumer Cyclical,0.7190050106165825,0.9655172413793104,,
2020-08-03,199185,JNJ,buy,rebalance,1.0,124.752,2020-08-03,124.752,0.436632,-79.0,Healthcare,0.7279906969196657,0.9500821018062398,,
2020-08-03,199928,ADP,buy,rebalance,1.0,117.882,2020-08-03,117.882,0.41258700000000004,-108.0,Industrials,0.6975720164433772,0.9819376026272578,,
2020-09-01,196115,MDLZ,buy,rebalance,2.0,49.888,2020-09-01,99.776,0.34921599999999997,-7.0,Consumer Defensive,0.7368073154483895,0.9954022988505747,,
2020-09-01,194210,BR,buy,rebalance,1.0,125.616,2020-09-01,125.616,0.439656,-14.0,Technology,0.7288288725094275,0.9980295566502463,,
2020-09-01,199685,GIS,buy,rebalance,2.0,50.234,2020-09-01,100.468,0.351638,-22.5,Consumer Defensive,0.7292933055410066,0.9888341543513958,,
2020-09-01,199428,PFE,buy,rebalance,5.0,25.758,2020-09-01,128.79,0.45076499999999997,-34.0,Healthcare,0.7249320252141948,0.9848932676518883,,
2020-09-01,196550,EBAY,buy,rebalance,2.0,48.717,2020-09-01,97.434,0.341019,-75.0,Consumer Cyclical,0.712734936927953,0.9802955665024631,,
2020-09-01,199385,ROL,buy,rebalance,4.0,34.364,2020-09-01,137.456,0.48109599999999997,-77.5,Consumer Cyclical,0.7190050106165825,0.9655172413793104,,
2020-09-01,199185,JNJ,buy,rebalance,1.0,129.134,2020-09-01,129.134,0.45196899999999995,-79.0,Healthcare,0.7279906969196657,0.9500821018062398,,
2020-09-01,199928,ADP,buy,rebalance,1.0,121.45,2020-09-01,121.45,0.42507500000000004,-108.0,Industrials,0.6975720164433773,0.9819376026272578,,
2020-10-01,197197,DIS,sell,criteria:rank:below_top_share,6.0,119.544,2020-10-01,717.264,2.510424,,,,,754.7734935,-40.019917499999906
2020-10-01,199685,GIS,buy,rebalance,4.0,49.796,2020-10-01,199.184,0.697144,-14.0,Consumer Defensive,0.7386352305415493,0.9899531145344943,,
2020-10-01,196115,MDLZ,buy,rebalance,4.0,49.917,2020-10-01,199.668,0.6988380000000001,-22.0,Consumer Defensive,0.7376295421824601,0.9849296718017415,,
2020-10-01,194210,BR,buy,rebalance,1.0,121.25,2020-10-01,121.25,0.424375,-26.5,Technology,0.7291637809499112,0.9886135298057602,,
2020-10-01,193422,VRSK,buy,rebalance,1.0,178.592,2020-10-01,178.592,0.6250720000000001,-30.5,Industrials,0.7249059580904681,0.9922973878097789,,
2020-10-01,191883,ABBV,buy,rebalance,3.0,69.043,2020-10-01,207.12900000000002,0.7249515000000001,-61.5,Healthcare,0.712385067103965,0.9943067649028801,,
2020-10-01,199385,ROL,buy,rebalance,6.0,33.186,2020-10-01,199.11599999999999,0.6969059999999999,-65.5,Consumer Cyclical,0.7209572698034536,0.9725385130609511,,
2020-10-01,199428,PFE,buy,rebalance,8.0,25.402,2020-10-01,203.216,0.711256,-78.0,Healthcare,0.7300190518266985,0.9517749497655726,,
2020-10-01,166332,INFO1,buy,rebalance,2.0,77.676,2020-10-01,155.352,0.543732,-85.5,Industrials,0.7064603073148891,0.9892833221701273,,
2020-10-01,196550,EBAY,buy,rebalance,4.0,47.564,2020-10-01,190.256,0.665896,-90.0,Consumer Cyclical,0.7093921435537563,0.9799062290689886,,
2020-11-02,199685,GIS,buy,rebalance,3.0,47.931,2020-11-02,143.793,0.5032755,-14.0,Consumer Defensive,0.7386352305415494,0.9899531145344943,,
2020-11-02,196115,MDLZ,buy,rebalance,3.0,46.839,2020-11-02,140.517,0.4918095,-22.0,Consumer Defensive,0.7376295421824601,0.9849296718017415,,
2020-11-02,194210,BR,buy,rebalance,1.0,127.433,2020-11-02,127.433,0.4460155,-26.5,Technology,0.7291637809499112,0.9886135298057602,,
2020-11-02,191883,ABBV,buy,rebalance,2.0,70.881,2020-11-02,141.762,0.496167,-61.5,Healthcare,0.712385067103965,0.9943067649028801,,
2020-11-02,199385,ROL,buy,rebalance,4.0,35.863,2020-11-02,143.452,0.502082,-65.5,Consumer Cyclical,0.7209572698034536,0.9725385130609511,,
2020-11-02,199428,PFE,buy,rebalance,6.0,25.304,2020-11-02,151.82399999999998,0.531384,-78.0,Healthcare,0.7300190518266985,0.9517749497655726,,
2020-11-02,166332,INFO1,buy,rebalance,1.0,81.566,2020-11-02,81.566,0.28548100000000004,-85.5,Industrials,0.7064603073148891,0.9892833221701273,,
2020-11-02,196550,EBAY,buy,rebalance,3.0,43.469,2020-11-02,130.407,0.45642450000000007,-90.0,Consumer Cyclical,0.7093921435537563,0.9799062290689886,,
2020-12-01,199685,GIS,buy,rebalance,2.0,49.199,2020-12-01,98.398,0.344393,-14.0,Consumer Defensive,0.7386352305415493,0.9899531145344943,,
2020-12-01,196115,MDLZ,buy,rebalance,2.0,50.391,2020-12-01,100.782,0.352737,-22.0,Consumer Defensive,0.7376295421824601,0.9849296718017415,,
2020-12-01,194210,BR,buy,rebalance,1.0,134.385,2020-12-01,134.385,0.4703475,-26.5,Technology,0.7291637809499112,0.9886135298057602,,
2020-12-01,191883,ABBV,buy,rebalance,1.0,83.564,2020-12-01,83.564,0.29247399999999996,-61.0,Healthcare,0.712385067103965,0.9943067649028801,,
2020-12-01,199385,ROL,buy,rebalance,4.0,35.618,2020-12-01,142.472,0.49865200000000004,-65.5,Consumer Cyclical,0.7209572698034536,0.9725385130609511,,
2020-12-01,199428,PFE,buy,rebalance,4.0,29.333,2020-12-01,117.332,0.41066199999999997,-78.0,Healthcare,0.7300190518266985,0.9517749497655726,,
2020-12-01,166332,INFO1,buy,rebalance,1.0,92.742,2020-12-01,92.742,0.324597,-85.0,Industrials,0.7064603073148891,0.9892833221701273,,
2020-12-01,196550,EBAY,buy,rebalance,3.0,46.02,2020-12-01,138.06,0.48321000000000003,-89.5,Consumer Cyclical,0.7093921435537563,0.9799062290689886,,
2022-04-01,166332,INFO1,sell,delisted,4.0,108.61,2022-02-25,434.44,1.52054,,,,,330.81381,102.10565000000003
2022-11-01,197912,CTXS,sell,delisted,23.0,103.9,2022-09-29,2389.7000000000003,8.36395,,,,,2656.856565,-275.5205149999997
