date,asset,ticker,side,reason,shares,price,price_date,gross,cost,combined_score,group,score_forest_nonloser_dd30_3y,score_factor_mom_12_2_3y,score_factor_roc_greenblatt_3y,cost_basis,profit
2005-01-03,199673,GGG,buy,rebalance,11.637419213763154,8.563,2005-01-03,99.6512207274539,0.34877927254608865,-303.0,Industrials,0.6877925799341068,0.8066863770752786,0.9667178699436764,,
2005-01-03,196853,JLL,buy,rebalance,2.9112246779857998,34.23,2005-01-03,99.65122072745392,0.3487792725460887,-358.0,Real Estate,0.5595735244792559,0.8771889924948829,0.9697900665642601,,
2005-01-03,198253,LDR,buy,rebalance,3.553768436484216,28.041,2005-01-03,99.6512207274539,0.34877927254608865,-368.3333333333333,Technology,0.6807166884075294,0.7339094837389128,0.9900153609831029,,
2005-01-03,199670,GNI,buy,rebalance,4.232013450862271,23.547,2005-01-03,99.6512207274539,0.34877927254608865,-370.3333333333333,Basic Materials,0.6566866655201636,0.7527859904480327,0.985663082437276,,
2005-01-03,199357,SHW,buy,rebalance,9.06167324974574,10.997,2005-01-03,99.65122072745389,0.34877927254608865,-392.0,Basic Materials,0.6595931516114795,0.7491471457812144,0.9682539682539683,,
2005-01-03,198143,APEX,buy,rebalance,0.17572103059157906,567.099,2005-01-03,99.6512207274539,0.34877927254608865,-394.3333333333333,Consumer Cyclical,0.6106791626744532,0.7721173527405049,0.9925755248335894,,
2005-01-03,196744,CHH,buy,rebalance,6.3258567084018225,15.753,2005-01-03,99.6512207274539,0.34877927254608865,-398.6666666666667,Consumer Cyclical,0.562027706327542,0.8166931999090289,0.9966717869943676,,
2005-01-03,199435,PNR,buy,rebalance,5.036960206604019,19.784,2005-01-03,99.6512207274539,0.34877927254608865,-413.3333333333333,Industrials,0.5741568427413523,0.8962929269956789,0.8865847414234511,,
2005-01-03,199915,BCR,buy,rebalance,1.6779972170248354,59.387,2005-01-03,99.6512207274539,0.34877927254608865,-414.3333333333333,Healthcare,0.6196334152477092,0.829656584034569,0.9045058883768561,,
2005-01-03,122580,JH,buy,rebalance,2.783553651604858,35.8,2005-01-03,99.6512207274539,0.34877927254608865,-428.3333333333333,Communication Services,0.6531308528982258,0.7163975437798499,0.9800307219662059,,
2005-02-01,199673,GGG,buy,rebalance,11.811214973029976,8.437,2005-02-01,99.6512207274539,0.34877927254608865,-300.0,Industrials,0.6877925799341068,0.8066863770752786,0.9667178699436764,,
2005-02-01,196853,JLL,buy,rebalance,3.0097016226956788,33.11,2005-02-01,99.65122072745392,0.3487792725460887,-355.0,Real Estate,0.559573524479256,0.8771889924948829,0.9697900665642601,,
2005-02-01,198253,LDR,buy,rebalance,3.4292721954456074,29.059,2005-02-01,99.6512207274539,0.34877927254608865,-364.0,Technology,0.6807166884075293,0.7339094837389128,0.9900153609831029,,
2005-02-01,199670,GNI,buy,rebalance,4.1963709406431935,23.747,2005-02-01,99.65122072745392,0.3487792725460887,-366.0,Basic Materials,0.6566866655201636,0.7527859904480327,0.985663082437276,,
2005-02-01,199357,SHW,buy,rebalance,9.24837315335999,10.775,2005-02-01,99.6512207274539,0.34877927254608865,-388.0,Basic Materials,0.6595931516114796,0.7491471457812144,0.9682539682539683,,
2005-02-01,198143,APEX,buy,rebalance,0.17913699044096804,556.285,2005-02-01,99.6512207274539,0.34877927254608865,-389.3333333333333,Consumer Cyclical,0.6106791626744532,0.7721173527405049,0.9925755248335894,,
2005-02-01,196744,CHH,buy,rebalance,6.144482718427297,16.218,2005-02-01,99.6512207274539,0.34877927254608865,-394.3333333333333,Consumer Cyclical,0.5620277063275418,0.8166931999090289,0.9966717869943676,,
2005-02-01,199435,PNR,buy,rebalance,4.929324333570137,20.216,2005-02-01,99.6512207274539,0.34877927254608865,-410.6666666666667,Industrials,0.5741568427413521,0.8962929269956789,0.8865847414234511,,
2005-02-01,199915,BCR,buy,rebalance,1.567188071705311,63.586,2005-02-01,99.6512207274539,0.34877927254608865,-411.0,Healthcare,0.6196334152477092,0.829656584034569,0.9045058883768561,,
2005-02-01,122580,JH,buy,rebalance,2.7167726479676637,36.68,2005-02-01,99.6512207274539,0.34877927254608865,-423.6666666666667,Communication Services,0.6531308528982258,0.7163975437798499,0.9800307219662059,,
2005-03-01,199673,GGG,buy,rebalance,11.056387521075548,9.013,2005-03-01,99.65122072745392,0.3487792725460887,-298.6666666666667,Industrials,0.6877925799341067,0.8066863770752786,0.9667178699436764,,
2005-03-01,196853,JLL,buy,rebalance,2.5214113842278705,39.522,2005-03-01,99.65122072745389,0.34877927254608865,-353.6666666666667,Real Estate,0.559573524479256,0.8771889924948829,0.9697900665642601,,
2005-03-01,198253,LDR,buy,rebalance,3.331925261717731,29.908,2005-03-01,99.6512207274539,0.34877927254608865,-363.0,Technology,0.6807166884075293,0.7339094837389128,0.9900153609831029,,
2005-03-01,199670,GNI,buy,rebalance,3.713894630569987,26.832,2005-03-01,99.6512207274539,0.34877927254608865,-365.0,Basic Materials,0.6566866655201636,0.7527859904480327,0.985663082437276,,
2005-03-01,199357,SHW,buy,rebalance,8.892666493615376,11.206,2005-03-01,99.6512207274539,0.34877927254608865,-386.3333333333333,Basic Materials,0.6595931516114795,0.7491471457812144,0.9682539682539683,,
2005-03-01,198143,APEX,buy,rebalance,0.16901152067368694,589.612,2005-03-01,99.6512207274539,0.34877927254608865,-388.0,Consumer Cyclical,0.6106791626744532,0.7721173527405049,0.9925755248335894,,
2005-03-01,196744,CHH,buy,rebalance,6.00815270272844,16.586,2005-03-01,99.65122072745389,0.34877927254608865,-393.3333333333333,Consumer Cyclical,0.5620277063275418,0.8166931999090289,0.9966717869943676,,
2005-03-01,199435,PNR,buy,rebalance,5.251711237283472,18.975,2005-03-01,99.65122072745389,0.34877927254608865,-409.3333333333333,Industrials,0.5741568427413523,0.8962929269956789,0.8865847414234511,,
2005-03-01,199915,BCR,buy,rebalance,1.6053875393078136,62.073,2005-03-01,99.65122072745392,0.3487792725460887,-409.3333333333333,Healthcare,0.6196334152477093,0.829656584034569,0.9045058883768561,,
2005-03-01,122580,JH,buy,rebalance,2.7634836585539073,36.06,2005-03-01,99.6512207274539,0.34877927254608865,-422.3333333333333,Communication Services,0.6531308528982259,0.7163975437798499,0.9800307219662059,,
2005-04-01,198143,APEX,buy,rebalance,0.18270011647095882,545.436,2005-04-01,99.6512207274539,0.34877927254608865,-153.33333333333334,Consumer Cyclical,0.6385879768713439,0.9288645690834473,0.991737671056029,,
2005-04-01,199652,HSY,buy,rebalance,2.797541358396842,35.621,2005-04-01,99.6512207274539,0.34877927254608865,-256.6666666666667,Consumer Defensive,0.662184943135343,0.8689010487916097,0.943971081848696,,
2005-04-01,171382,BZ1,buy,rebalance,9.208207422607089,10.822,2005-04-01,99.6512207274539,0.34877927254608865,-283.3333333333333,Basic Materials,0.6162655145168431,0.9222526219790241,0.9101471727343144,,
2005-04-01,199670,GNI,buy,rebalance,4.2446317982473865,23.477,2005-04-01,99.65122072745389,0.34877927254608865,-286.0,Basic Materials,0.6373677679216189,0.831281349749202,0.9847663310095534,,
2005-04-01,199435,PNR,buy,rebalance,5.51748079992547,18.061,2005-04-01,99.6512207274539,0.34877927254608865,-287.6666666666667,Industrials,0.5626340643046741,0.8937528499772002,0.9979344177640073,,
2005-04-01,116168,PPD1,buy,rebalance,2.9504432487773182,33.775,2005-04-01,99.65122072745392,0.3487792725460887,-343.0,Consumer Cyclical,0.5625399594203873,0.8575011399908801,0.9904466821585335,,
2005-04-01,185395,UST1,buy,rebalance,2.3310772351974056,42.749,2005-04-01,99.6512207274539,0.34877927254608865,-346.6666666666667,Consumer Defensive,0.6453332917000385,0.8011855905152758,0.9561063774851536,,
2005-04-01,199673,GGG,buy,rebalance,10.535069323126537,9.459,2005-04-01,99.6512207274539,0.34877927254608865,-351.0,Industrials,0.6389792018896902,0.7968536251709987,0.9633359153111283,,
2005-04-01,123237,RHDCQ,buy,rebalance,1.7101633898653492,58.27,2005-04-01,99.6512207274539,0.34877927254608865,-379.6666666666667,Communication Services,0.5928584626808393,0.7943456452348381,0.9922540666150271,,
2005-04-01,196853,JLL,buy,rebalance,2.3845709673954034,41.79,2005-04-01,99.6512207274539,0.34877927254608865,-431.6666666666667,Real Estate,0.5362663632004909,0.8410852713178295,0.9654014975471211,,
2005-05-02,198143,APEX,buy,rebalance,0.18689872094094132,533.183,2005-05-02,99.65122072745392,0.3487792725460887,-152.33333333333334,Consumer Cyclical,0.6385879768713439,0.9288645690834473,0.991737671056029,,
2005-05-02,199652,HSY,buy,rebalance,2.6389984568060667,37.761,2005-05-02,99.65122072745389,0.34877927254608865,-255.0,Consumer Defensive,0.662184943135343,0.8689010487916097,0.943971081848696,,
2005-05-02,171382,BZ1,buy,rebalance,9.794694390353245,10.174,2005-05-02,99.6512207274539,0.34877927254608865,-282.0,Basic Materials,0.6162655145168431,0.9222526219790241,0.9101471727343144,,
2005-05-02,199670,GNI,buy,rebalance,4.754805836790434,20.958,2005-05-02,99.6512207274539,0.34877927254608865,-284.0,Basic Materials,0.6373677679216188,0.831281349749202,0.9847663310095534,,
2005-05-02,199435,PNR,buy,rebalance,5.330652654726324,18.694,2005-05-02,99.6512207274539,0.34877927254608865,-285.6666666666667,Industrials,0.5626340643046741,0.8937528499772002,0.9979344177640073,,
2005-05-02,116168,PPD1,buy,rebalance,2.8243409213347475,35.283,2005-05-02,99.6512207274539,0.34877927254608865,-340.3333333333333,Consumer Cyclical,0.5625399594203874,0.8575011399908801,0.9904466821585335,,
2005-05-02,185395,UST1,buy,rebalance,2.5779645770910333,38.655,2005-05-02,99.65122072745389,0.34877927254608865,-344.6666666666667,Consumer Defensive,0.6453332917000385,0.8011855905152758,0.9561063774851536,,
2005-05-02,199673,GGG,buy,rebalance,12.500153126875803,7.972,2005-05-02,99.6512207274539,0.34877927254608865,-349.0,Industrials,0.6389792018896902,0.7968536251709987,0.9633359153111283,,
2005-05-02,123237,RHDCQ,buy,rebalance,1.708111428307403,58.34,2005-05-02,99.6512207274539,0.34877927254608865,-377.3333333333333,Communication Services,0.5928584626808393,0.7943456452348381,0.9922540666150271,,
2005-05-02,196853,JLL,buy,rebalance,2.876767342016568,34.64,2005-05-02,99.65122072745392,0.3487792725460887,-428.6666666666667,Real Estate,0.5362663632004909,0.8410852713178295,0.9654014975471211,,
2005-06-01,198143,APEX,buy,rebalance,0.17057694308543445,584.201,2005-06-01,99.65122072745389,0.34877927254608865,-151.66666666666666,Consumer Cyclical,0.6385879768713439,0.9288645690834473,0.991737671056029,,
2005-06-01,199652,HSY,buy,rebalance,2.5858582849587126,38.537,2005-06-01,99.6512207274539,0.34877927254608865,-253.33333333333334,Consumer Defensive,0.662184943135343,0.8689010487916097,0.943971081848696,,
2005-06-01,171382,BZ1,buy,rebalance,9.289756756544598,10.727,2005-06-01,99.6512207274539,0.34877927254608865,-281.0,Basic Materials,0.6162655145168431,0.9222526219790241,0.9101471727343144,,
2005-06-01,199670,GNI,buy,rebalance,4.754805836790434,20.958,2005-06-01,99.6512207274539,0.34877927254608865,-282.0,Basic Materials,0.6373677679216188,0.831281349749202,0.9847663310095534,,
2005-06-01,199435,PNR,buy,rebalance,4.846849257171883,20.56,2005-06-01,99.6512207274539,0.34877927254608865,-284.6666666666667,Industrials,0.562634064304674,0.8937528499772002,0.9979344177640073,,
2005-06-01,116168,PPD1,buy,rebalance,2.5533917730661826,39.027,2005-06-01,99.6512207274539,0.34877927254608865,-338.6666666666667,Consumer Cyclical,0.5625399594203873,0.8575011399908801,0.9904466821585335,,
2005-06-01,185395,UST1,buy,rebalance,2.6654689115565695,37.386,2005-06-01,99.65122072745392,0.3487792725460887,-342.3333333333333,Consumer Defensive,0.6453332917000386,0.8011855905152758,0.9561063774851536,,
2005-06-01,199673,GGG,buy,rebalance,12.127445628265049,8.217,2005-06-01,99.65122072745392,0.3487792725460887,-346.6666666666667,Industrials,0.6389792018896902,0.7968536251709987,0.9633359153111283,,
2005-06-01,123237,RHDCQ,buy,rebalance,1.6331178932374162,61.019,2005-06-01,99.65122072745389,0.34877927254608865,-375.3333333333333,Communication Services,0.5928584626808393,0.7943456452348381,0.9922540666150271,,
2005-06-01,196853,JLL,buy,rebalance,2.5931255231063495,38.429,2005-06-01,99.6512207274539,0.34877927254608865,-426.0,Real Estate,0.5362663632004908,0.8410852713178295,0.9654014975471211,,
2005-07-01,195607,NRP,buy,rebalance,1.7117791072310213,58.215,2005-07-01,99.65122072745392,0.3487792725460887,-192.0,Basic Materials,0.6472361289003494,0.8994082840236687,0.9848561332660273,,
2005-07-01,198143,APEX,buy,rebalance,0.174533670184364,570.957,2005-07-01,99.65122072745392,0.3487792725460887,-253.0,Consumer Cyclical,0.6336147901925971,0.8634501593081475,0.9886420999495205,,
2005-07-01,185395,UST1,buy,rebalance,2.5486245710346265,39.1,2005-07-01,99.6512207274539,0.34877927254608865,-289.0,Consumer Defensive,0.6229916033171681,0.8548020027309968,0.97778899545684,,
2005-07-01,199652,HSY,buy,rebalance,2.6926212739456323,37.009,2005-07-01,99.6512207274539,0.34877927254608865,-306.0,Consumer Defensive,0.6451175869208914,0.8406918525261721,0.95557799091368,,
2005-07-01,116168,PPD1,buy,rebalance,2.242174888116594,44.444,2005-07-01,99.6512207274539,0.34877927254608865,-359.6666666666667,Consumer Cyclical,0.5605842193385792,0.848202093764224,0.9921756688541141,,
2005-07-01,122857,MOVIQ,buy,rebalance,3.7875796551673857,26.31,2005-07-01,99.65122072745392,0.3487792725460887,-384.0,Communication Services,0.5365153389191872,0.8736913973600364,0.9734982332155477,,
2005-07-01,195845,COL,buy,rebalance,2.6036950520589945,38.273,2005-07-01,99.6512207274539,0.34877927254608865,-392.3333333333333,Industrials,0.6037352720434664,0.8789258079198907,0.8806158505805148,,
2005-07-01,199673,GGG,buy,rebalance,12.3621412637953,8.061,2005-07-01,99.6512207274539,0.34877927254608865,-398.3333333333333,Industrials,0.6250006087725908,0.7662721893491125,0.9787985865724381,,
2005-07-01,196607,MCO,buy,rebalance,2.794873670662008,35.655,2005-07-01,99.6512207274539,0.34877927254608865,-406.0,Financial Services,0.5967107499536743,0.7724169321802458,0.9952044422009086,,
2005-07-01,123237,RHDCQ,buy,rebalance,1.5715627233902745,63.409,2005-07-01,99.65122072745392,0.3487792725460887,-418.6666666666667,Communication Services,0.5794411362392472,0.7774237596722804,0.9979808177688037,,
2005-08-01,195607,NRP,buy,rebalance,1.4970063353832066,66.567,2005-08-01,99.6512207274539,0.34877927254608865,-190.66666666666666,Basic Materials,0.6472361289003495,0.8994082840236687,0.9848561332660273,,
2005-08-01,198143,APEX,buy,rebalance,0.17124792189790536,581.912,2005-08-01,99.6512207274539,0.34877927254608865,-251.33333333333334,Consumer Cyclical,0.6336147901925971,0.8634501593081475,0.9886420999495205,,
2005-08-01,185395,UST1,buy,rebalance,2.5829092228675745,38.581,2005-08-01,99.6512207274539,0.34877927254608865,-287.3333333333333,Consumer Defensive,0.6229916033171681,0.8548020027309968,0.97778899545684,,
2005-08-01,199652,HSY,buy,rebalance,2.6716144967145823,37.3,2005-08-01,99.65122072745392,0.3487792725460887,-304.3333333333333,Consumer Defensive,0.6451175869208914,0.8406918525261721,0.95557799091368,,
2005-08-01,116168,PPD1,buy,rebalance,2.1667077041105824,45.992,2005-08-01,99.6512207274539,0.34877927254608865,-358.0,Consumer Cyclical,0.5605842193385793,0.848202093764224,0.9921756688541141,,
2005-08-01,122857,MOVIQ,buy,rebalance,4.000450450720751,24.91,2005-08-01,99.65122072745392,0.3487792725460887,-382.3333333333333,Communication Services,0.5365153389191872,0.8736913973600364,0.9734982332155477,,
2005-08-01,195845,COL,buy,rebalance,2.5112449152626857,39.682,2005-08-01,99.6512207274539,0.34877927254608865,-390.3333333333333,Industrials,0.6037352720434664,0.8789258079198907,0.8806158505805148,,
2005-08-01,199673,GGG,buy,rebalance,11.214407014118153,8.886,2005-08-01,99.6512207274539,0.34877927254608865,-396.6666666666667,Industrials,0.6250006087725908,0.7662721893491125,0.9787985865724381,,
2005-08-01,196607,MCO,buy,rebalance,2.686306359916269,37.096,2005-08-01,99.6512207274539,0.34877927254608865,-404.3333333333333,Financial Services,0.5967107499536743,0.7724169321802458,0.9952044422009086,,
2005-08-01,123237,RHDCQ,buy,rebalance,1.5105993925456873,65.968,2005-08-01,99.6512207274539,0.34877927254608865,-417.0,Communication Services,0.5794411362392472,0.7774237596722804,0.9979808177688037,,
2005-09-01,195607,NRP,buy,rebalance,1.5722569970094178,63.381,2005-09-01,99.6512207274539,0.34877927254608865,-190.0,Basic Materials,0.6472361289003495,0.8994082840236687,0.9848561332660273,,
2005-09-01,198143,APEX,buy,rebalance,0.18214410269301995,547.101,2005-09-01,99.6512207274539,0.34877927254608865,-250.33333333333334,Consumer Cyclical,0.6336147901925971,0.8634501593081475,0.9886420999495205,,
2005-09-01,185395,UST1,buy,rebalance,2.765247404818767,36.037,2005-09-01,99.6512207274539,0.34877927254608865,-285.6666666666667,Consumer Defensive,0.6229916033171681,0.8548020027309968,0.97778899545684,,
2005-09-01,199652,HSY,buy,rebalance,2.856563586855494,34.885,2005-09-01,99.6512207274539,0.34877927254608865,-302.3333333333333,Consumer Defensive,0.6451175869208915,0.8406918525261721,0.95557799091368,,
2005-09-01,116168,PPD1,buy,rebalance,2.461982921421433,40.476,2005-09-01,99.65122072745392,0.3487792725460887,-356.3333333333333,Consumer Cyclical,0.5605842193385792,0.848202093764224,0.9921756688541141,,
2005-09-01,122857,MOVIQ,buy,rebalance,5.740277691673612,17.36,2005-09-01,99.65122072745389,0.34877927254608865,-380.6666666666667,Communication Services,0.5365153389191872,0.8736913973600364,0.9734982332155477,,
2005-09-01,195845,COL,buy,rebalance,2.554111665149014,39.016,2005-09-01,99.65122072745392,0.3487792725460887,-388.6666666666667,Industrials,0.6037352720434664,0.8789258079198907,0.8806158505805148,,
2005-09-01,199673,GGG,buy,rebalance,11.501756778330321,8.664,2005-09-01,99.6512207274539,0.34877927254608865,-394.3333333333333,Industrials,0.6250006087725908,0.7662721893491125,0.9787985865724381,,
2005-09-01,196607,MCO,buy,rebalance,2.5311460687694667,39.37,2005-09-01,99.6512207274539,0.34877927254608865,-402.3333333333333,Financial Services,0.5967107499536743,0.7724169321802458,0.9952044422009086,,
2005-09-01,123237,RHDCQ,buy,rebalance,1.5369261964812906,64.838,2005-09-01,99.6512207274539,0.34877927254608865,-415.0,Communication Services,0.5794411362392472,0.7774237596722804,0.9979808177688037,,
2005-10-03,198143,APEX,buy,rebalance,0.17410493118432516,572.363,2005-10-03,99.6512207274539,0.34877927254608865,-291.3333333333333,Consumer Cyclical,0.6348203674955762,0.8288308740068104,0.9884378211716341,,
2005-10-03,195607,NRP,buy,rebalance,1.5725051005578876,63.371,2005-10-03,99.6512207274539,0.34877927254608865,-315.0,Basic Materials,0.6026173575714765,0.841316685584563,0.9850976361767728,,
2005-10-03,116168,PPD1,buy,rebalance,2.6158608932262477,38.095,2005-10-03,99.6512207274539,0.34877927254608865,-325.0,Consumer Cyclical,0.5134611243136291,0.9346197502837684,0.9917780061664954,,
2005-10-03,199855,CHE,buy,rebalance,2.580701836832597,38.614,2005-10-03,99.65122072745389,0.34877927254608865,-373.3333333333333,Healthcare,0.5248605487354,0.8812712826333712,0.9904933196300103,,
2005-10-03,198615,MO,buy,rebalance,20.37024135884176,4.892,2005-10-03,99.65122072745389,0.34877927254608865,-410.0,Consumer Defensive,0.6213393605717628,0.7632236095346198,0.973535457348407,,
2005-10-03,197383,DVA,buy,rebalance,4.135763466588666,24.095,2005-10-03,99.6512207274539,0.34877927254608865,-420.3333333333333,Healthcare,0.5705760003491567,0.8660612939841089,0.9057040082219938,,
2005-10-03,195973,GPN,buy,rebalance,5.323817754431771,18.718,2005-10-03,99.65122072745389,0.34877927254608865,-427.0,Industrials,0.5686867846948229,0.7906923950056753,0.986382322713258,,
2005-10-03,122580,JH,buy,rebalance,2.2169348326463605,44.95,2005-10-03,99.6512207274539,0.34877927254608865,-464.0,Communication Services,0.6269091191455166,0.707377979568672,0.9848406988694759,,
2005-10-03,199919,BCPC,buy,rebalance,13.473664241137628,7.396,2005-10-03,99.6512207274539,0.34877927254608865,-473.0,Basic Materials,0.577864741037212,0.8787741203178207,0.8358170606372045,,
2005-10-03,196607,MCO,buy,rebalance,2.4635654073536193,40.45,2005-10-03,99.6512207274539,0.34877927254608865,-479.0,Financial Services,0.5794945729348326,0.7337116912599319,0.9930626927029804,,
2005-11-01,198143,APEX,buy,rebalance,0.17275066434507047,576.85,2005-11-01,99.6512207274539,0.34877927254608865,-290.3333333333333,Consumer Cyclical,0.6348203674955764,0.8288308740068104,0.9884378211716341,,
2005-11-01,195607,NRP,buy,rebalance,1.8700850250052339,53.287,2005-11-01,99.65122072745389,0.34877927254608865,-313.6666666666667,Basic Materials,0.6026173575714765,0.841316685584563,0.9850976361767728,,
2005-11-01,116168,PPD1,buy,rebalance,2.3735523229671753,41.984,2005-11-01,99.65122072745389,0.34877927254608865,-323.3333333333333,Consumer Cyclical,0.5134611243136291,0.9346197502837684,0.9917780061664954,,
2005-11-01,199855,CHE,buy,rebalance,2.3164467032579537,43.019,2005-11-01,99.6512207274539,0.34877927254608865,-371.6666666666667,Healthcare,0.5248605487354,0.8812712826333712,0.9904933196300103,,
2005-11-01,198615,MO,buy,rebalance,20.35359900479042,4.896,2005-11-01,99.6512207274539,0.34877927254608865,-408.0,Consumer Defensive,0.6213393605717628,0.7632236095346198,0.973535457348407,,
2005-11-01,197383,DVA,buy,rebalance,3.9940369029039644,24.95,2005-11-01,99.6512207274539,0.34877927254608865,-418.0,Healthcare,0.5705760003491567,0.8660612939841089,0.9057040082219938,,
2005-11-01,195973,GPN,buy,rebalance,4.896144093128969,20.353,2005-11-01,99.65122072745392,0.3487792725460887,-424.3333333333333,Industrials,0.5686867846948229,0.7906923950056753,0.986382322713258,,
2005-11-01,122580,JH,buy,rebalance,2.354707484108079,42.32,2005-11-01,99.6512207274539,0.34877927254608865,-461.3333333333333,Communication Services,0.6269091191455166,0.707377979568672,0.9848406988694759,,
2005-11-01,199919,BCPC,buy,rebalance,13.448207925432376,7.41,2005-11-01,99.6512207274539,0.34877927254608865,-470.6666666666667,Basic Materials,0.577864741037212,0.8787741203178207,0.8358170606372045,,
2005-11-01,196607,MCO,buy,rebalance,2.409595239565091,41.356,2005-11-01,99.6512207274539,0.34877927254608865,-475.6666666666667,Financial Services,0.5794945729348325,0.7337116912599319,0.9930626927029804,,
2005-12-01,198143,APEX,buy,rebalance,0.1672547573911832,595.805,2005-12-01,99.6512207274539,0.34877927254608865,-288.3333333333333,Consumer Cyclical,0.6348203674955762,0.8288308740068104,0.9884378211716341,,
2005-12-01,195607,NRP,buy,rebalance,1.6573180669148133,60.128,2005-12-01,99.65122072745389,0.34877927254608865,-311.6666666666667,Basic Materials,0.6026173575714765,0.841316685584563,0.9850976361767728,,
2005-12-01,116168,PPD1,buy,rebalance,2.342529871355287,42.54,2005-12-01,99.6512207274539,0.34877927254608865,-322.0,Consumer Cyclical,0.5134611243136291,0.9346197502837684,0.9917780061664954,,
2005-12-01,199855,CHE,buy,rebalance,2.1980109122229945,45.337,2005-12-01,99.6512207274539,0.34877927254608865,-370.0,Healthcare,0.5248605487354,0.8812712826333712,0.9904933196300103,,
2005-12-01,198615,MO,buy,rebalance,20.691698656032788,4.816,2005-12-01,99.6512207274539,0.34877927254608865,-405.0,Consumer Defensive,0.6213393605717628,0.7632236095346198,0.973535457348407,,
2005-12-01,197383,DVA,buy,rebalance,3.7413636466098703,26.635,2005-12-01,99.6512207274539,0.34877927254608865,-416.0,Healthcare,0.5705760003491567,0.8660612939841089,0.9057040082219938,,
2005-12-01,195973,GPN,buy,rebalance,4.810582704680372,20.715,2005-12-01,99.6512207274539,0.34877927254608865,-421.6666666666667,Industrials,0.5686867846948229,0.7906923950056753,0.986382322713258,,
2005-12-01,122580,JH,buy,rebalance,2.584986270491671,38.55,2005-12-01,99.65122072745392,0.3487792725460887,-458.3333333333333,Communication Services,0.6269091191455168,0.707377979568672,0.9848406988694759,,
2005-12-01,199919,BCPC,buy,rebalance,13.645244519711612,7.303,2005-12-01,99.6512207274539,0.34877927254608865,-468.6666666666667,Basic Materials,0.577864741037212,0.8787741203178207,0.8358170606372045,,
2005-12-01,196607,MCO,buy,rebalance,2.0998655750053503,47.456,2005-12-01,99.65122072745392,0.3487792725460887,-473.0,Financial Services,0.5794945729348326,0.7337116912599319,0.9930626927029804,,
2006-01-03,178243,INGR1,buy,rebalance,1.9942209471173484,49.97,2006-01-03,99.6512207274539,0.34877927254608865,-277.6666666666667,Technology,0.6517214055074552,0.9185675182481752,0.8921797869576513,,
2006-01-03,195607,NRP,buy,rebalance,1.8072729053383976,55.139,2006-01-03,99.6512207274539,0.34877927254608865,-323.6666666666667,Basic Materials,0.6068529359071427,0.833713503649635,0.9851909586905689,,
2006-01-03,195973,GPN,buy,rebalance,4.528571721311244,22.005,2006-01-03,99.65122072745392,0.3487792725460887,-358.6666666666667,Industrials,0.5901165700818972,0.8328010948905109,0.9779163419069888,,
2006-01-03,177855,RCI1,buy,rebalance,2.1085742853883604,47.26,2006-01-03,99.6512207274539,0.34877927254608865,-364.6666666666667,Healthcare,0.6264449762430344,0.8505930656934306,0.9184203689269941,,
2006-01-03,197383,DVA,buy,rebalance,3.8684480096061296,25.76,2006-01-03,99.6512207274539,0.34877927254608865,-372.0,Healthcare,0.6031895585031674,0.874315693430657,0.9069888282670824,,
2006-01-03,198615,MO,buy,rebalance,19.938219433264088,4.998,2006-01-03,99.65122072745392,0.3487792725460887,-379.3333333333333,Consumer Defensive,0.6687921043322982,0.7547901459854015,0.9737594180306574,,
2006-01-03,199209,WLY,buy,rebalance,4.225194858064613,23.585,2006-01-03,99.6512207274539,0.34877927254608865,-380.3333333333333,Consumer Cyclical,0.6899738457291921,0.7344890510948905,0.9859703819173812,,
2006-01-03,197638,PZZA,buy,rebalance,8.242450018813392,12.09,2006-01-03,99.6512207274539,0.34877927254608865,-393.0,Consumer Cyclical,0.6258079211362011,0.8177463503649635,0.9316705637828008,,
2006-01-03,198325,FICO,buy,rebalance,2.2591013744293695,44.111,2006-01-03,99.65122072745392,0.3487792725460887,-434.3333333333333,Technology,0.6353964294397292,0.7632299270072993,0.9467394128345025,,
2006-01-03,185407,CMX,buy,rebalance,1.9271915511614046,51.708,2006-01-03,99.6512207274539,0.34877927254608865,-453.6666666666667,Consumer Defensive,0.5450975508985471,0.8129562043795621,0.9864899974019226,,
2006-02-01,178243,INGR1,buy,rebalance,2.5663461428651537,38.83,2006-02-01,99.65122072745392,0.3487792725460887,-276.0,Technology,0.6517214055074552,0.9185675182481752,0.8921797869576513,,
2006-02-01,195607,NRP,buy,rebalance,1.785704161409442,55.805,2006-02-01,99.6512207274539,0.34877927254608865,-321.6666666666667,Basic Materials,0.6068529359071427,0.833713503649635,0.9851909586905689,,
2006-02-01,195973,GPN,buy,rebalance,4.209844143781585,23.671,2006-02-01,99.6512207274539,0.34877927254608865,-356.3333333333333,Industrials,0.5901165700818973,0.8328010948905109,0.9779163419069888,,
2006-02-01,177855,RCI1,buy,rebalance,2.100573792737224,47.44,2006-02-01,99.6512207274539,0.34877927254608865,-362.6666666666667,Healthcare,0.6264449762430344,0.8505930656934306,0.9184203689269941,,
2006-02-01,197383,DVA,buy,rebalance,3.6778453857705817,27.095,2006-02-01,99.6512207274539,0.34877927254608865,-370.0,Healthcare,0.6031895585031674,0.874315693430657,0.9069888282670824,,
2006-02-01,198615,MO,buy,rebalance,20.33698382192937,4.9,2006-02-01,99.65122072745392,0.3487792725460887,-375.6666666666667,Consumer Defensive,0.6687921043322981,0.7547901459854015,0.9737594180306574,,
2006-02-01,199209,WLY,buy,rebalance,4.2009704787932165,23.721,2006-02-01,99.65122072745389,0.34877927254608865,-376.0,Consumer Cyclical,0.6899738457291921,0.7344890510948905,0.9859703819173812,,
2006-02-01,197638,PZZA,buy,rebalance,7.444436032231728,13.386,2006-02-01,99.6512207274539,0.34877927254608865,-390.3333333333333,Consumer Cyclical,0.6258079211362012,0.8177463503649635,0.9316705637828008,,
2006-02-01,198325,FICO,buy,rebalance,2.2992367672055076,43.341,2006-02-01,99.6512207274539,0.34877927254608865,-430.6666666666667,Technology,0.6353964294397292,0.7632299270072993,0.9467394128345025,,
2006-02-01,185407,CMX,buy,rebalance,2.0290192154308206,49.113,2006-02-01,99.65122072745389,0.34877927254608865,-450.3333333333333,Consumer Defensive,0.5450975508985471,0.8129562043795621,0.9864899974019226,,
2006-03-01,178243,INGR1,buy,rebalance,2.678796256114352,37.2,2006-03-01,99.6512207274539,0.34877927254608865,-274.3333333333333,Technology,0.6517214055074552,0.9185675182481752,0.8921797869576513,,
2006-03-01,195607,NRP,buy,rebalance,1.8107539245080935,55.033,2006-03-01,99.6512207274539,0.34877927254608865,-320.0,Basic Materials,0.6068529359071427,0.833713503649635,0.9851909586905689,,
2006-03-01,195973,GPN,buy,rebalance,4.094975168582449,24.335,2006-03-01,99.6512207274539,0.34877927254608865,-354.6666666666667,Industrials,0.5901165700818972,0.8328010948905109,0.9779163419069888,,
2006-03-01,177855,RCI1,buy,rebalance,2.0873737060631314,47.74,2006-03-01,99.6512207274539,0.34877927254608865,-360.6666666666667,Healthcare,0.6264449762430344,0.8505930656934306,0.9184203689269941,,
2006-03-01,197383,DVA,buy,rebalance,3.4262066607341897,29.085,2006-03-01,99.6512207274539,0.34877927254608865,-367.6666666666667,Healthcare,0.6031895585031672,0.874315693430657,0.9069888282670824,,
2006-03-01,198615,MO,buy,rebalance,20.747703670092424,4.803,2006-03-01,99.6512207274539,0.34877927254608865,-372.3333333333333,Consumer Defensive,0.6687921043322982,0.7547901459854015,0.9737594180306574,,
2006-03-01,199209,WLY,buy,rebalance,4.287918275708,23.24,2006-03-01,99.6512207274539,0.34877927254608865,-372.6666666666667,Consumer Cyclical,0.6899738457291921,0.7344890510948905,0.9859703819173812,,
2006-03-01,197638,PZZA,buy,rebalance,8.134793528771748,12.25,2006-03-01,99.65122072745392,0.3487792725460887,-388.3333333333333,Consumer Cyclical,0.6258079211362011,0.8177463503649635,0.9316705637828008,,
2006-03-01,198325,FICO,buy,rebalance,2.3376391828908467,42.629,2006-03-01,99.6512207274539,0.34877927254608865,-427.3333333333333,Technology,0.6353964294397292,0.7632299270072993,0.9467394128345025,,
2006-03-01,198040,SRCL,buy,rebalance,3.296434691612766,30.23,2006-03-01,99.65122072745392,0.3487792725460887,-447.0,Industrials,0.6002638162975475,0.7545620437956204,0.9714211483502209,,
2006-04-03,192161,ESRX,buy,rebalance,4.548830087526996,21.907,2006-04-03,99.6512207274539,0.34877927254608865,-277.0,Healthcare,0.5341603094464296,0.9523482245131729,0.9986873195064321,,
2006-04-03,196744,CHH,buy,rebalance,3.878082998422085,25.696,2006-04-03,99.6512207274539,0.34877927254608865,-301.0,Consumer Cyclical,0.580820095588426,0.8753722794959908,0.9989498556051457,,
2006-04-03,197638,PZZA,buy,rebalance,7.93148843739684,12.564,2006-04-03,99.6512207274539,0.34877927254608865,-306.3333333333333,Consumer Cyclical,0.6111721383124118,0.920274914089347,0.9052244683644001,,
2006-04-03,196607,MCO,buy,rebalance,1.7448691272688959,57.111,2006-04-03,99.6512207274539,0.34877927254608865,-319.6666666666667,Financial Services,0.6318435438855483,0.8306987399770905,0.982147545287477,,
2006-04-03,198582,MIDD,buy,rebalance,8.989735744470355,11.085,2006-04-03,99.65122072745389,0.34877927254608865,-405.6666666666667,Industrials,0.5044459507704383,0.9097365406643757,0.9868731950643214,,
2006-04-03,197671,INTU,buy,rebalance,4.259691404952292,23.394,2006-04-03,99.65122072745392,0.3487792725460887,-413.6666666666667,Technology,0.609795834611025,0.7894616265750286,0.9690207403517984,,
2006-04-03,195973,GPN,buy,rebalance,4.177897900698219,23.852,2006-04-03,99.65122072745392,0.3487792725460887,-414.0,Industrials,0.5539341852850409,0.8526918671248568,0.967445523759517,,
2006-04-03,199176,VAR,buy,rebalance,1.9996231710134222,49.835,2006-04-03,99.6512207274539,0.34877927254608865,-422.6666666666667,Healthcare,0.5430969050434057,0.9014891179839634,0.9207140981885009,,
2006-04-03,199890,BF.B,buy,rebalance,9.735367402056848,10.236,2006-04-03,99.6512207274539,0.34877927254608865,-424.0,Consumer Defensive,0.6740278260740471,0.8311569301260023,0.8571803622998162,,
2006-04-03,199014,OCR,buy,rebalance,1.9222843504524287,51.84,2006-04-03,99.65122072745392,0.3487792725460887,-466.0,Consumer Defensive,0.46852421248898407,0.9161512027491409,0.9997374639012864,,
2006-05-01,177855,RCI1,sell,delisted,6.296521784188716,47.94,2006-03-30,301.85525433400704,1.0564933901690248,,,,,,299.99999999999994,0.79876094383809
2006-05-01,192161,ESRX,buy,rebalance,6.987934471634121,18.55,2006-05-01,129.62618444881295,0.45369164557084535,-275.6666666666667,Healthcare,0.5341603094464297,0.9523482245131729,0.9986873195064321,,
2006-05-01,196744,CHH,buy,rebalance,4.369372853635789,29.667,2006-05-01,129.62618444881295,0.45369164557084535,-298.0,Consumer Cyclical,0.580820095588426,0.8753722794959908,0.9989498556051457,,
2006-05-01,197638,PZZA,buy,rebalance,9.984301351676265,12.983,2006-05-01,129.62618444881295,0.45369164557084535,-305.0,Consumer Cyclical,0.6111721383124118,0.920274914089347,0.9052244683644001,,
2006-05-01,196607,MCO,buy,rebalance,2.7386006475146933,47.333,2006-05-01,129.62618444881298,0.45369164557084546,-316.6666666666667,Financial Services,0.6318435438855482,0.8306987399770905,0.982147545287477,,
2006-05-01,198582,MIDD,buy,rebalance,11.222074664428444,11.551,2006-05-01,129.62618444881295,0.45369164557084535,-403.3333333333333,Industrials,0.5044459507704383,0.9097365406643757,0.9868731950643214,,
2006-05-01,197671,INTU,buy,rebalance,5.360662687598237,24.181,2006-05-01,129.62618444881298,0.45369164557084546,-409.6666666666667,Technology,0.609795834611025,0.7894616265750286,0.9690207403517984,,
2006-05-01,195973,GPN,buy,rebalance,5.935808427915238,21.838,2006-05-01,129.62618444881298,0.45369164557084546,-410.3333333333333,Industrials,0.553934185285041,0.8526918671248568,0.967445523759517,,
2006-05-01,199176,VAR,buy,rebalance,2.825700493717857,45.874,2006-05-01,129.62618444881298,0.45369164557084546,-419.3333333333333,Healthcare,0.5430969050434057,0.9014891179839634,0.9207140981885009,,
2006-05-01,199890,BF.B,buy,rebalance,13.242025176096941,9.789,2006-05-01,129.62618444881295,0.45369164557084535,-420.3333333333333,Consumer Defensive,0.6740278260740471,0.8311569301260023,0.8571803622998162,,
2006-05-01,198325,FICO,buy,rebalance,3.6104555176117024,35.903,2006-05-01,129.62618444881295,0.45369164557084535,-464.0,Technology,0.6333137958729086,0.7493699885452463,0.947755316355999,,
2006-06-01,192161,ESRX,buy,rebalance,5.389465696455052,18.49,2006-06-01,99.6512207274539,0.34877927254608865,-274.6666666666667,Healthcare,0.5341603094464297,0.9523482245131729,0.9986873195064321,,
2006-06-01,196744,CHH,buy,rebalance,3.1981520821417218,31.159,2006-06-01,99.6512207274539,0.34877927254608865,-296.6666666666667,Consumer Cyclical,0.580820095588426,0.8753722794959908,0.9989498556051457,,
2006-06-01,197638,PZZA,buy,rebalance,8.025386222715142,12.417,2006-06-01,99.65122072745392,0.3487792725460887,-303.6666666666667,Consumer Cyclical,0.6111721383124118,0.920274914089347,0.9052244683644001,,
2006-06-01,196607,MCO,buy,rebalance,2.3944259870117235,41.618,2006-06-01,99.65122072745392,0.3487792725460887,-314.3333333333333,Financial Services,0.6318435438855483,0.8306987399770905,0.982147545287477,,
2006-06-01,198582,MIDD,buy,rebalance,8.074154977106943,12.342,2006-06-01,99.65122072745389,0.34877927254608865,-401.0,Industrials,0.5044459507704383,0.9097365406643757,0.9868731950643214,,
2006-06-01,197671,INTU,buy,rebalance,4.087752101380503,24.378,2006-06-01,99.6512207274539,0.34877927254608865,-406.6666666666667,Technology,0.609795834611025,0.7894616265750286,0.9690207403517984,,
2006-06-01,195973,GPN,buy,rebalance,4.592645438632773,21.698,2006-06-01,99.6512207274539,0.34877927254608865,-408.6666666666667,Industrials,0.553934185285041,0.8526918671248568,0.967445523759517,,
2006-06-01,199176,VAR,buy,rebalance,2.350652719256809,42.393,2006-06-01,99.6512207274539,0.34877927254608865,-417.3333333333333,Healthcare,0.5430969050434057,0.9014891179839634,0.9207140981885009,,
2006-06-01,199890,BF.B,buy,rebalance,10.054608084699213,9.911,2006-06-01,99.65122072745389,0.34877927254608865,-418.0,Consumer Defensive,0.6740278260740471,0.8311569301260023,0.8571803622998162,,
2006-06-01,198325,FICO,buy,rebalance,2.7991915934678064,35.6,2006-06-01,99.65122072745392,0.3487792725460887,-460.6666666666667,Technology,0.6333137958729086,0.7493699885452463,0.947755316355999,,
2006-07-03,196607,MCO,buy,rebalance,2.285001965730066,43.611,2006-07-03,99.6512207274539,0.34877927254608865,-356.3333333333333,Financial Services,0.5923149675417727,0.826963168867269,0.9891416752843847,,
2006-07-03,197638,PZZA,buy,rebalance,7.7260986763415955,12.898,2006-07-03,99.6512207274539,0.34877927254608865,-416.0,Consumer Cyclical,0.603514035609924,0.8519805420430855,0.9002068252326784,,
2006-07-03,195973,GPN,buy,rebalance,4.336432581699474,22.98,2006-07-03,99.6512207274539,0.34877927254608865,-425.3333333333333,Industrials,0.5588480109250762,0.8415566365531619,0.9614788004136504,,
2006-07-03,192161,ESRX,buy,rebalance,5.53156928822947,18.015,2006-07-03,99.6512207274539,0.34877927254608865,-434.3333333333333,Healthcare,0.5032212922662528,0.8892749594625897,0.9961220268872802,,
2006-07-03,199551,SPGI,buy,rebalance,2.9537665093948458,33.737,2006-07-03,99.65122072745392,0.3487792725460887,-442.3333333333333,Financial Services,0.6776528480633103,0.684966411860088,0.999482936918304,,
2006-07-03,196914,GPI,buy,rebalance,2.1234464984860937,46.929,2006-07-03,99.65122072745389,0.34877927254608865,-446.3333333333333,Consumer Cyclical,0.5011146225452617,0.9369932823720176,0.937693898655636,,
2006-07-03,195259,RAI,buy,rebalance,12.408320349577126,8.031,2006-07-03,99.6512207274539,0.34877927254608865,-468.3333333333333,Consumer Defensive,0.6611439385940977,0.7009497336113042,0.9720785935884177,,
2006-07-03,199483,NDSN,buy,rebalance,5.09829227092264,19.546,2006-07-03,99.65122072745392,0.3487792725460887,-483.0,Industrials,0.5739064596307234,0.7868890433171184,0.9513960703205792,,
2006-07-03,199670,GNI,buy,rebalance,4.031361330452442,24.719,2006-07-03,99.65122072745392,0.3487792725460887,-491.6666666666667,Basic Materials,0.6524848342220355,0.6763956451239287,0.9862978283350569,,
2006-07-03,198039,RS,buy,rebalance,3.3676192331267583,29.591,2006-07-03,99.6512207274539,0.34877927254608865,-497.0,Basic Materials,0.5124828048696157,0.9430159833217512,0.8650465356773527,,
2006-08-01,196607,MCO,buy,rebalance,2.3288980982835286,42.789,2006-08-01,99.6512207274539,0.34877927254608865,-354.0,Financial Services,0.5923149675417727,0.826963168867269,0.9891416752843847,,
2006-08-01,197638,PZZA,buy,rebalance,8.310501269906922,11.991,2006-08-01,99.6512207274539,0.34877927254608865,-413.3333333333333,Consumer Cyclical,0.603514035609924,0.8519805420430855,0.9002068252326784,,
2006-08-01,195973,GPN,buy,rebalance,5.290185312281887,18.837,2006-08-01,99.6512207274539,0.34877927254608865,-422.3333333333333,Industrials,0.5588480109250762,0.8415566365531619,0.9614788004136504,,
2006-08-01,192161,ESRX,buy,rebalance,5.211338810137742,19.122,2006-08-01,99.6512207274539,0.34877927254608865,-431.6666666666667,Healthcare,0.5032212922662527,0.8892749594625897,0.9961220268872802,,
2006-08-01,199551,SPGI,buy,rebalance,2.6344636156996217,37.826,2006-08-01,99.65122072745389,0.34877927254608865,-439.0,Financial Services,0.6776528480633103,0.684966411860088,0.999482936918304,,
2006-08-01,196914,GPI,buy,rebalance,2.4435698174996667,40.781,2006-08-01,99.6512207274539,0.34877927254608865,-443.3333333333333,Consumer Cyclical,0.5011146225452617,0.9369932823720176,0.937693898655636,,
2006-08-01,195259,RAI,buy,rebalance,11.307298391859062,8.813,2006-08-01,99.65122072745392,0.3487792725460887,-464.6666666666667,Consumer Defensive,0.6611439385940977,0.7009497336113042,0.9720785935884177,,
2006-08-01,199483,NDSN,buy,rebalance,5.677485228318933,17.552,2006-08-01,99.65122072745392,0.3487792725460887,-479.6666666666667,Industrials,0.5739064596307234,0.7868890433171184,0.9513960703205792,,
2006-08-01,199670,GNI,buy,rebalance,3.8876144316878207,25.633,2006-08-01,99.6512207274539,0.34877927254608865,-487.6666666666667,Basic Materials,0.6524848342220355,0.6763956451239287,0.9862978283350569,,
2006-08-01,198039,RS,buy,rebalance,4.129251262895368,24.133,2006-08-01,99.6512207274539,0.34877927254608865,-494.0,Basic Materials,0.5124828048696158,0.9430159833217512,0.8650465356773527,,
2006-09-01,196607,MCO,buy,rebalance,2.011977240151303,49.529,2006-09-01,99.6512207274539,0.34877927254608865,-351.3333333333333,Financial Services,0.5923149675417728,0.826963168867269,0.9891416752843847,,
2006-09-01,197638,PZZA,buy,rebalance,7.463951818399663,13.351,2006-09-01,99.65122072745392,0.3487792725460887,-410.6666666666667,Consumer Cyclical,0.603514035609924,0.8519805420430855,0.9002068252326784,,
2006-09-01,195973,GPN,buy,rebalance,5.56741833216682,17.899,2006-09-01,99.65122072745392,0.3487792725460887,-419.0,Industrials,0.5588480109250761,0.8415566365531619,0.9614788004136504,,
2006-09-01,192161,ESRX,buy,rebalance,4.733574991803815,21.052,2006-09-01,99.65122072745392,0.3487792725460887,-426.6666666666667,Healthcare,0.5032212922662528,0.8892749594625897,0.9961220268872802,,
2006-09-01,199551,SPGI,buy,rebalance,2.6120896652019376,38.15,2006-09-01,99.65122072745392,0.3487792725460887,-432.6666666666667,Financial Services,0.6776528480633103,0.684966411860088,0.999482936918304,,
2006-09-01,196914,GPI,buy,rebalance,2.6547465361497697,37.537,2006-09-01,99.6512207274539,0.34877927254608865,-437.6666666666667,Consumer Cyclical,0.5011146225452617,0.9369932823720176,0.937693898655636,,
2006-09-01,195259,RAI,buy,rebalance,11.005104442568074,9.055,2006-09-01,99.6512207274539,0.34877927254608865,-458.0,Consumer Defensive,0.6611439385940977,0.7009497336113042,0.9720785935884177,,
2006-09-01,199483,NDSN,buy,rebalance,6.257140570604917,15.926,2006-09-01,99.6512207274539,0.34877927254608865,-473.6666666666667,Industrials,0.5739064596307234,0.7868890433171184,0.9513960703205792,,
2006-09-01,199670,GNI,buy,rebalance,4.045928571963212,24.63,2006-09-01,99.6512207274539,0.34877927254608865,-481.0,Basic Materials,0.6524848342220355,0.6763956451239287,0.9862978283350569,,
2006-09-01,198039,RS,buy,rebalance,4.260055605653809,23.392,2006-09-01,99.6512207274539,0.34877927254608865,-488.6666666666667,Basic Materials,0.5124828048696157,0.9430159833217512,0.8650465356773527,,
2006-10-02,195259,RAI,buy,rebalance,11.336885179460058,8.79,2006-10-02,99.6512207274539,0.34877927254608865,-230.0,Consumer Defensive,0.672780734825202,0.8694444444444445,0.9813452443510247,,
2006-10-02,188187,CPICQ,buy,rebalance,2.732940809243724,36.463,2006-10-02,99.65122072745392,0.3487792725460887,-282.3333333333333,Consumer Cyclical,0.5840913816312935,0.9155092592592593,0.9718864950078823,,
2006-10-02,196997,DGX,buy,rebalance,2.267273860744765,43.952,2006-10-02,99.65122072745392,0.3487792725460887,-325.6666666666667,Healthcare,0.6944860603224521,0.7770833333333333,0.9808197582764057,,
2006-10-02,199877,CPB,buy,rebalance,5.243697154675536,19.004,2006-10-02,99.6512207274539,0.34877927254608865,-340.0,Consumer Defensive,0.6962322540223082,0.7696759259259259,0.9760903836048345,,
2006-10-02,197300,LMT,buy,rebalance,2.038607682325885,48.882,2006-10-02,99.6512207274539,0.34877927254608865,-345.0,Industrials,0.676382280433367,0.7951388888888888,0.9582238570677877,,
2006-10-02,197469,LH,buy,rebalance,1.8704360367035289,53.277,2006-10-02,99.6512207274539,0.34877927254608865,-345.6666666666667,Healthcare,0.6826601801742375,0.7613425925925926,0.9897530215449291,,
2006-10-02,197638,PZZA,buy,rebalance,7.329990491169834,13.595,2006-10-02,99.6512207274539,0.34877927254608865,-366.0,Consumer Cyclical,0.5820647543238395,0.8803240740740741,0.9395691014188124,,
2006-10-02,199010,IGT1,buy,rebalance,2.792993658102915,35.679,2006-10-02,99.6512207274539,0.34877927254608865,-406.0,Industrials,0.5875814734692846,0.8337962962962963,0.9477141355754073,,
2006-10-02,197671,INTU,buy,rebalance,3.5615161089154364,27.98,2006-10-02,99.6512207274539,0.34877927254608865,-409.3333333333333,Technology,0.5896583938156453,0.8164351851851852,0.9616395165528113,,
2006-10-02,199670,GNI,buy,rebalance,4.249519007567331,23.45,2006-10-02,99.6512207274539,0.34877927254608865,-433.6666666666667,Basic Materials,0.6468790694543628,0.7328703703703704,0.9829217025748818,,
2006-11-01,195259,RAI,buy,rebalance,11.080976395802724,8.993,2006-11-01,99.6512207274539,0.34877927254608865,-228.66666666666666,Consumer Defensive,0.672780734825202,0.8694444444444445,0.9813452443510247,,
2006-11-01,188187,CPICQ,buy,rebalance,2.90562225120871,34.296,2006-11-01,99.65122072745392,0.3487792725460887,-282.0,Consumer Cyclical,0.5840913816312935,0.9155092592592593,0.9718864950078823,,
2006-11-01,196997,DGX,buy,rebalance,2.786667246293454,35.76,2006-11-01,99.65122072745392,0.3487792725460887,-323.0,Healthcare,0.694486060322452,0.7770833333333333,0.9808197582764057,,
2006-11-01,199877,CPB,buy,rebalance,5.068213850445219,19.662,2006-11-01,99.65122072745389,0.34877927254608865,-337.3333333333333,Consumer Defensive,0.6962322540223082,0.7696759259259259,0.9760903836048345,,
2006-11-01,197300,LMT,buy,rebalance,2.030218008464141,49.084,2006-11-01,99.6512207274539,0.34877927254608865,-342.6666666666667,Industrials,0.6763822804333669,0.7951388888888888,0.9582238570677877,,
2006-11-01,197469,LH,buy,rebalance,1.8123676110769298,54.984,2006-11-01,99.6512207274539,0.34877927254608865,-342.6666666666667,Healthcare,0.6826601801742375,0.7613425925925926,0.9897530215449291,,
2006-11-01,197638,PZZA,buy,rebalance,7.953645201329229,12.529,2006-11-01,99.6512207274539,0.34877927254608865,-365.0,Consumer Cyclical,0.5820647543238396,0.8803240740740741,0.9395691014188124,,
2006-11-01,199010,IGT1,buy,rebalance,2.755612662872381,36.163,2006-11-01,99.6512207274539,0.34877927254608865,-404.3333333333333,Industrials,0.5875814734692846,0.8337962962962963,0.9477141355754073,,
2006-11-01,197671,INTU,buy,rebalance,3.2996000373316745,30.201,2006-11-01,99.6512207274539,0.34877927254608865,-407.3333333333333,Technology,0.5896583938156453,0.8164351851851852,0.9616395165528113,,
2006-11-01,199670,GNI,buy,rebalance,4.044286555497318,24.64,2006-11-01,99.65122072745392,0.3487792725460887,-429.6666666666667,Basic Materials,0.6468790694543628,0.7328703703703704,0.9829217025748818,,
2006-12-01,195259,RAI,buy,rebalance,11.042910098343741,9.024,2006-12-01,99.6512207274539,0.34877927254608865,-227.66666666666666,Consumer Defensive,0.672780734825202,0.8694444444444445,0.9813452443510247,,
2006-12-01,188187,CPICQ,buy,rebalance,3.255086585465927,30.614,2006-12-01,99.6512207274539,0.34877927254608865,-281.3333333333333,Consumer Cyclical,0.5840913816312934,0.9155092592592593,0.9718864950078823,,
2006-12-01,196997,DGX,buy,rebalance,2.6155862549529885,38.099,2006-12-01,99.6512207274539,0.34877927254608865,-322.0,Healthcare,0.6944860603224521,0.7770833333333333,0.9808197582764057,,
2006-12-01,199877,CPB,buy,rebalance,4.97087946961909,20.047,2006-12-01,99.6512207274539,0.34877927254608865,-335.6666666666667,Consumer Defensive,0.6962322540223082,0.7696759259259259,0.9760903836048345,,
2006-12-01,197469,LH,buy,rebalance,1.721805596921935,57.876,2006-12-01,99.6512207274539,0.34877927254608865,-341.0,Healthcare,0.6826601801742375,0.7613425925925926,0.9897530215449291,,
2006-12-01,197300,LMT,buy,rebalance,1.9543670346045992,50.989,2006-12-01,99.6512207274539,0.34877927254608865,-341.6666666666667,Industrials,0.6763822804333669,0.7951388888888888,0.9582238570677877,,
2006-12-01,197638,PZZA,buy,rebalance,8.452898526376615,11.789,2006-12-01,99.6512207274539,0.34877927254608865,-364.3333333333333,Consumer Cyclical,0.5820647543238395,0.8803240740740741,0.9395691014188124,,
2006-12-01,199010,IGT1,buy,rebalance,2.6385093393204277,37.768,2006-12-01,99.65122072745392,0.3487792725460887,-403.3333333333333,Industrials,0.5875814734692845,0.8337962962962963,0.9477141355754073,,
2006-12-01,197671,INTU,buy,rebalance,3.697770630726702,26.949,2006-12-01,99.6512207274539,0.34877927254608865,-406.3333333333333,Technology,0.5896583938156452,0.8164351851851852,0.9616395165528113,,
2006-12-01,199670,GNI,buy,rebalance,3.8208358854129023,26.081,2006-12-01,99.6512207274539,0.34877927254608865,-427.3333333333333,Basic Materials,0.6468790694543629,0.7328703703703704,0.9829217025748818,,
2007-01-03,178243,INGR1,sell,delisted,7.239363346096854,44.0,2006-11-29,318.5319872282616,1.1148619552989156,,,,,,300.0,17.417125272962664
2007-01-03,195259,RAI,buy,rebalance,14.052903526086897,9.342,2007-01-03,131.2822247407038,0.45948778659246337,-240.0,Consumer Defensive,0.7592853413000399,0.8631090487238979,0.9824239244491081,,
2007-01-03,188187,CPICQ,buy,rebalance,3.789464979237496,34.644,2007-01-03,131.2822247407038,0.45948778659246337,-269.6666666666667,Consumer Cyclical,0.6564648825572851,0.9835266821345707,0.9845225603357818,,
2007-01-03,197469,LH,buy,rebalance,2.1981853681279206,59.723,2007-01-03,131.2822247407038,0.45948778659246337,-307.6666666666667,Healthcare,0.7751585676430114,0.7965197215777262,0.9884575026232949,,
2007-01-03,197300,LMT,buy,rebalance,2.53044900330957,51.881,2007-01-03,131.2822247407038,0.45948778659246337,-319.6666666666667,Industrials,0.7678748241576925,0.8192575406032483,0.9556663168940189,,
2007-01-03,185395,UST1,buy,rebalance,2.4521774612082075,53.537,2007-01-03,131.2822247407038,0.45948778659246337,-320.0,Consumer Defensive,0.7539167416511404,0.8248259860788864,0.9645855194123819,,
2007-01-03,198385,PMDI,buy,rebalance,15.426818418414078,8.51,2007-01-03,131.2822247407038,0.45948778659246337,-383.6666666666667,Healthcare,0.7126790983854272,0.831554524361949,0.9540923399790137,,
2007-01-03,199357,SHW,buy,rebalance,8.002086111221736,16.406,2007-01-03,131.28222474070378,0.45948778659246325,-385.0,Basic Materials,0.706809894929292,0.8366589327146172,0.9559286463798531,,
2007-01-03,193176,TW2,buy,rebalance,3.2944923270522177,39.849,2007-01-03,131.2822247407038,0.45948778659246337,-402.6666666666667,Industrials,0.7271199675106514,0.8679814385150812,0.8748688352570829,,
2007-01-03,198290,APH,buy,rebalance,37.964784482563275,3.458,2007-01-03,131.2822247407038,0.45948778659246337,-405.3333333333333,Technology,0.6718019229005998,0.9051044083526683,0.924186778593914,,
2007-01-03,194684,ORCL,buy,rebalance,9.441368194225372,13.905,2007-01-03,131.2822247407038,0.45948778659246337,-405.6666666666667,Technology,0.6824659638403513,0.8496519721577727,0.9651101783840503,,
2007-02-01,195259,RAI,buy,rebalance,10.762633192294405,9.259,2007-02-01,99.6512207274539,0.34877927254608865,-237.33333333333334,Consumer Defensive,0.7592853413000399,0.8631090487238979,0.9824239244491081,,
2007-02-01,188187,CPICQ,buy,rebalance,2.4703443498216093,40.339,2007-02-01,99.65122072745389,0.34877927254608865,-268.0,Consumer Cyclical,0.6564648825572851,0.9835266821345707,0.9845225603357818,,
2007-02-01,197469,LH,buy,rebalance,1.6615182861053406,59.976,2007-02-01,99.6512207274539,0.34877927254608865,-303.0,Healthcare,0.7751585676430113,0.7965197215777262,0.9884575026232949,,
2007-02-01,197300,LMT,buy,rebalance,1.7933848167486215,55.566,2007-02-01,99.6512207274539,0.34877927254608865,-316.3333333333333,Industrials,0.7678748241576925,0.8192575406032483,0.9556663168940189,,
2007-02-01,185395,UST1,buy,rebalance,1.838040813181605,54.216,2007-02-01,99.6512207274539,0.34877927254608865,-316.6666666666667,Consumer Defensive,0.7539167416511404,0.8248259860788864,0.9645855194123819,,
2007-02-01,198385,PMDI,buy,rebalance,12.160002529280526,8.195,2007-02-01,99.65122072745392,0.3487792725460887,-380.3333333333333,Healthcare,0.7126790983854272,0.831554524361949,0.9540923399790137,,
2007-02-01,199357,SHW,buy,rebalance,5.54480418025005,17.972,2007-02-01,99.6512207274539,0.34877927254608865,-381.3333333333333,Basic Materials,0.706809894929292,0.8366589327146172,0.9559286463798531,,
2007-02-01,193176,TW2,buy,rebalance,2.5495374488935654,39.086,2007-02-01,99.65122072745389,0.34877927254608865,-399.6666666666667,Industrials,0.7271199675106514,0.8679814385150812,0.8748688352570829,,
2007-02-01,194684,ORCL,buy,rebalance,7.3603087914509135,13.539,2007-02-01,99.65122072745392,0.3487792725460887,-401.6666666666667,Technology,0.6824659638403513,0.8496519721577727,0.9651101783840503,,
2007-02-01,198290,APH,buy,rebalance,27.10860193891564,3.676,2007-02-01,99.6512207274539,0.34877927254608865,-403.0,Technology,0.6718019229005998,0.9051044083526683,0.924186778593914,,
2007-03-01,195259,RAI,buy,rebalance,11.543058117393016,8.633,2007-03-01,99.6512207274539,0.34877927254608865,-236.33333333333334,Consumer Defensive,0.7592853413000399,0.8631090487238979,0.9824239244491081,,
2007-03-01,188187,CPICQ,buy,rebalance,2.65382744946615,37.55,2007-03-01,99.65122072745392,0.3487792725460887,-267.6666666666667,Consumer Cyclical,0.656464882557285,0.9835266821345707,0.9845225603357818,,
2007-03-01,197469,LH,buy,rebalance,1.7382340652628494,57.329,2007-03-01,99.65122072745389,0.34877927254608865,-301.0,Healthcare,0.7751585676430114,0.7965197215777262,0.9884575026232949,,
2007-03-01,197300,LMT,buy,rebalance,1.7986610964650636,55.403,2007-03-01,99.65122072745392,0.3487792725460887,-314.0,Industrials,0.7678748241576925,0.8192575406032483,0.9556663168940189,,
2007-03-01,185395,UST1,buy,rebalance,1.8977570125205467,52.51,2007-03-01,99.6512207274539,0.34877927254608865,-314.3333333333333,Consumer Defensive,0.7539167416511404,0.8248259860788864,0.9645855194123819,,
2007-03-01,198385,PMDI,buy,rebalance,13.302792781665186,7.491,2007-03-01,99.6512207274539,0.34877927254608865,-378.3333333333333,Healthcare,0.7126790983854272,0.831554524361949,0.9540923399790137,,
2007-03-01,199357,SHW,buy,rebalance,5.849792822274958,17.035,2007-03-01,99.65122072745392,0.3487792725460887,-379.6666666666667,Basic Materials,0.706809894929292,0.8366589327146172,0.9559286463798531,,
2007-03-01,193176,TW2,buy,rebalance,2.3667874959019075,42.104,2007-03-01,99.65122072745392,0.3487792725460887,-397.6666666666667,Industrials,0.7271199675106516,0.8679814385150812,0.8748688352570829,,
2007-03-01,194684,ORCL,buy,rebalance,7.483008239652618,13.317,2007-03-01,99.6512207274539,0.34877927254608865,-400.0,Technology,0.6824659638403513,0.8496519721577727,0.9651101783840503,,
2007-03-01,198290,APH,buy,rebalance,28.528835020742605,3.493,2007-03-01,99.65122072745392,0.3487792725460887,-401.6666666666667,Technology,0.6718019229005997,0.9051044083526683,0.924186778593914,,
2007-04-02,199357,SHW,buy,rebalance,5.788627402117567,17.215,2007-04-02,99.65122072745392,0.3487792725460887,-259.6666666666667,Basic Materials,0.7249877204863855,0.9023136246786633,0.9573396926338102,,
2007-04-02,188187,CPICQ,buy,rebalance,2.666966967147167,37.365,2007-04-02,99.6512207274539,0.34877927254608865,-279.0,Consumer Cyclical,0.6467910546883472,0.9897172236503856,0.9875463698993111,,
2007-04-02,185395,UST1,buy,rebalance,1.836956583237242,54.248,2007-04-02,99.6512207274539,0.34877927254608865,-307.3333333333333,Consumer Defensive,0.7566590694232439,0.8319700864688011,0.9610492845786963,,
2007-04-02,197300,LMT,buy,rebalance,1.8151736958315072,54.899,2007-04-02,99.65122072745392,0.3487792725460887,-308.6666666666667,Industrials,0.761564566961283,0.8212199111942042,0.9666136724960255,,
2007-04-02,195845,COL,buy,rebalance,1.8023045473486445,55.291,2007-04-02,99.6512207274539,0.34877927254608865,-325.0,Industrials,0.7448291132510646,0.8508997429305912,0.93879173290938,,
2007-04-02,122580,JH,buy,rebalance,1.944793534883956,51.24,2007-04-02,99.6512207274539,0.34877927254608865,-337.0,Communication Services,0.7212609508860777,0.8214536106566955,0.9894011658717541,,
2007-04-02,195259,RAI,buy,rebalance,10.830477201114432,9.201,2007-04-02,99.65122072745389,0.34877927254608865,-343.3333333333333,Consumer Defensive,0.7585746165405585,0.7838279971956065,0.9819819819819819,,
2007-04-02,199551,SPGI,buy,rebalance,2.362915152525405,42.173,2007-04-02,99.6512207274539,0.34877927254608865,-363.6666666666667,Financial Services,0.7449659903229969,0.7730778219210096,0.994435612082671,,
2007-04-02,197079,FDS,buy,rebalance,1.9956187188836267,49.935,2007-04-02,99.6512207274539,0.34877927254608865,-381.3333333333333,Financial Services,0.6827100460161368,0.8866557606917504,0.9438261791202968,,
2007-04-02,199774,OMC,buy,rebalance,3.3840873680664894,29.447,2007-04-02,99.6512207274539,0.34877927254608865,-383.0,Communication Services,0.751631949488892,0.7476045805094649,0.9994700582935877,,
2007-05-01,185407,CMX,sell,delisted,3.9562107665922253,64.8,2007-03-22,256.3624576751762,0.8972686018631166,,,,,,199.99999999999994,55.46518907331313
2007-05-01,199357,SHW,buy,rebalance,7.582801301410957,16.499,2007-05-01,125.10863867197938,0.4378802353519278,-257.3333333333333,Basic Materials,0.7249877204863855,0.9023136246786633,0.9573396926338102,,
2007-05-01,188187,CPICQ,buy,rebalance,2.560972706787427,48.852,2007-05-01,125.10863867197936,0.43788023535192777,-276.6666666666667,Consumer Cyclical,0.6467910546883471,0.9897172236503856,0.9875463698993111,,
2007-05-01,185395,UST1,buy,rebalance,2.4048716658397122,52.023,2007-05-01,125.10863867197936,0.43788023535192777,-303.6666666666667,Consumer Defensive,0.7566590694232439,0.8319700864688011,0.9610492845786963,,
2007-05-01,197300,LMT,buy,rebalance,2.2954449970089605,54.503,2007-05-01,125.10863867197938,0.4378802353519278,-305.0,Industrials,0.761564566961283,0.8212199111942042,0.9666136724960255,,
2007-05-01,195845,COL,buy,rebalance,2.3170411829239628,53.995,2007-05-01,125.10863867197936,0.43788023535192777,-321.3333333333333,Industrials,0.7448291132510646,0.8508997429305912,0.93879173290938,,
2007-05-01,122580,JH,buy,rebalance,2.3721774492222103,52.74,2007-05-01,125.10863867197938,0.4378802353519278,-333.3333333333333,Communication Services,0.7212609508860777,0.8214536106566955,0.9894011658717541,,
2007-05-01,195259,RAI,buy,rebalance,13.478629462613593,9.282,2007-05-01,125.10863867197938,0.4378802353519278,-339.3333333333333,Consumer Defensive,0.7585746165405585,0.7838279971956065,0.9819819819819819,,
2007-05-01,199551,SPGI,buy,rebalance,2.806258998519119,44.582,2007-05-01,125.10863867197936,0.43788023535192777,-359.3333333333333,Financial Services,0.7449659903229969,0.7730778219210096,0.994435612082671,,
2007-05-01,197079,FDS,buy,rebalance,2.5306680962028314,49.437,2007-05-01,125.10863867197936,0.43788023535192777,-377.6666666666667,Financial Services,0.6827100460161368,0.8866557606917504,0.9438261791202968,,
2007-05-01,199774,OMC,buy,rebalance,4.173070002400906,29.98,2007-05-01,125.10863867197916,0.4378802353519271,-378.0,Communication Services,0.7516319494888919,0.7476045805094649,0.9994700582935877,,
2007-06-01,122580,JH,sell,delisted,19.737409529478708,52.74,2007-05-01,1040.9509785847072,3.6433284250464752,,,,,,825.5465189073313,211.76113125232928
2007-06-01,171382,BZ1,sell,delisted,28.29265856950493,13.52,2007-04-24,382.51674385970665,1.3388086035089732,,,,,,299.99999999999994,81.17793525619771
2007-06-01,199357,SHW,buy,rebalance,13.700474157150888,17.591,2007-06-01,241.00504089844128,0.8435176431445445,-253.33333333333334,Basic Materials,0.7249877204863855,0.9023136246786633,0.9573396926338102,,
2007-06-01,188187,CPICQ,buy,rebalance,4.048667678506245,59.527,2007-06-01,241.00504089844125,0.8435176431445444,-274.0,Consumer Cyclical,0.6467910546883471,0.9897172236503856,0.9875463698993111,,
2007-06-01,185395,UST1,buy,rebalance,4.785359110824241,50.363,2007-06-01,241.00504089844125,0.8435176431445444,-298.6666666666667,Consumer Defensive,0.7566590694232439,0.8319700864688011,0.9610492845786963,,
2007-06-01,197300,LMT,buy,rebalance,4.35192114155982,55.379,2007-06-01,241.00504089844125,0.8435176431445444,-299.6666666666667,Industrials,0.761564566961283,0.8212199111942042,0.9666136724960255,,
2007-06-01,195845,COL,buy,rebalance,4.114961086232094,58.568,2007-06-01,241.00504089844125,0.8435176431445444,-316.6666666666667,Industrials,0.7448291132510646,0.8508997429305912,0.93879173290938,,
2007-06-01,195259,RAI,buy,rebalance,25.27052961082534,9.537,2007-06-01,241.00504089844128,0.8435176431445445,-333.6666666666667,Consumer Defensive,0.7585746165405585,0.7838279971956065,0.9819819819819819,,
2007-06-01,199551,SPGI,buy,rebalance,5.04627485706236,47.759,2007-06-01,241.00504089844125,0.8435176431445444,-352.6666666666667,Financial Services,0.7449659903229969,0.7730778219210096,0.994435612082671,,
2007-06-01,199774,OMC,buy,rebalance,7.9059520042790075,30.484,2007-06-01,241.00504089844128,0.8435176431445445,-371.3333333333333,Communication Services,0.751631949488892,0.7476045805094649,0.9994700582935877,,
2007-06-01,197079,FDS,buy,rebalance,4.755333180056456,50.681,2007-06-01,241.00504089844125,0.8435176431445444,-372.3333333333333,Financial Services,0.6827100460161368,0.8866557606917504,0.9438261791202968,,
2007-06-01,197469,LH,buy,rebalance,3.699346732032312,65.148,2007-06-01,241.00504089844105,0.8435176431445437,-374.0,Healthcare,0.7803631666187388,0.7291423229726571,0.9843667196608373,,
2007-07-02,185395,UST1,buy,rebalance,2.0087731964089244,49.608,2007-07-02,99.65122072745392,0.3487792725460887,-302.6666666666667,Consumer Defensive,0.7604369209336364,0.8306242638398116,0.9581274382314694,,
2007-07-02,199556,MAT,buy,rebalance,6.143346324360637,16.221,2007-07-02,99.6512207274539,0.34877927254608865,-321.3333333333333,Consumer Cyclical,0.7273800317858481,0.9215547703180212,0.8842652795838751,,
2007-07-02,197300,LMT,buy,rebalance,1.8520810468814033,53.805,2007-07-02,99.6512207274539,0.34877927254608865,-325.3333333333333,Industrials,0.7645138729721119,0.7985865724381626,0.9690507152145643,,
2007-07-02,199660,HAS,buy,rebalance,5.632876645042899,17.691,2007-07-02,99.65122072745392,0.3487792725460887,-329.3333333333333,Consumer Cyclical,0.7356298308316389,0.9314487632508834,0.859297789336801,,
2007-07-02,198566,HON,buy,rebalance,2.9484354319028907,33.798,2007-07-02,99.6512207274539,0.34877927254608865,-351.6666666666667,Industrials,0.7487585308534835,0.8567726737338045,0.9050715214564369,,
2007-07-02,195607,NRP,buy,rebalance,1.1404481709272696,87.379,2007-07-02,99.65122072745389,0.34877927254608865,-353.0,Basic Materials,0.7584045452976031,0.7858657243816255,0.9674902470741222,,
2007-07-02,193203,ACN,buy,rebalance,3.378465579314277,29.496,2007-07-02,99.6512207274539,0.34877927254608865,-361.6666666666667,Technology,0.7021233126587614,0.8431095406360424,0.9721716514954486,,
2007-07-02,199120,CHD,buy,rebalance,10.548451437223871,9.447,2007-07-02,99.6512207274539,0.34877927254608865,-363.6666666666667,Consumer Defensive,0.7616038877584439,0.8098939929328622,0.929778933680104,,
2007-07-02,196859,MTD,buy,rebalance,1.0409612527677206,95.73,2007-07-02,99.65122072745389,0.34877927254608865,-366.3333333333333,Healthcare,0.7321948170470368,0.8633686690223793,0.9035110533159948,,
2007-07-02,198821,TSS,buy,rebalance,4.39127575584779,22.693,2007-07-02,99.6512207274539,0.34877927254608865,-379.0,Financial Services,0.693994423058133,0.8909305064782097,0.9188556566970091,,
2007-08-01,185395,UST1,buy,rebalance,1.970754884355857,50.565,2007-08-01,99.6512207274539,0.34877927254608865,-298.3333333333333,Consumer Defensive,0.7604369209336364,0.8306242638398116,0.9581274382314694,,
2007-08-01,199556,MAT,buy,rebalance,6.695640712722833,14.883,2007-08-01,99.65122072745392,0.3487792725460887,-317.6666666666667,Consumer Cyclical,0.7273800317858482,0.9215547703180212,0.8842652795838751,,
2007-08-01,197300,LMT,buy,rebalance,1.7238906121761393,57.806,2007-08-01,99.6512207274539,0.34877927254608865,-320.0,Industrials,0.7645138729721119,0.7985865724381626,0.9690507152145643,,
2007-08-01,199660,HAS,buy,rebalance,6.268949467001377,15.896,2007-08-01,99.6512207274539,0.34877927254608865,-325.3333333333333,Consumer Cyclical,0.7356298308316389,0.9314487632508834,0.859297789336801,,
2007-08-01,198566,HON,buy,rebalance,2.944776026224997,33.84,2007-08-01,99.6512207274539,0.34877927254608865,-346.6666666666667,Industrials,0.7487585308534835,0.8567726737338045,0.9050715214564369,,
2007-08-01,195607,NRP,buy,rebalance,1.2439298555418037,80.11,2007-08-01,99.65122072745389,0.34877927254608865,-347.3333333333333,Basic Materials,0.7584045452976031,0.7858657243816255,0.9674902470741222,,
2007-08-01,193203,ACN,buy,rebalance,3.4597514400393674,28.803,2007-08-01,99.6512207274539,0.34877927254608865,-356.6666666666667,Technology,0.7021233126587615,0.8431095406360424,0.9721716514954486,,
2007-08-01,199120,CHD,buy,rebalance,10.364141521316059,9.615,2007-08-01,99.6512207274539,0.34877927254608865,-357.6666666666667,Consumer Defensive,0.7616038877584438,0.8098939929328622,0.929778933680104,,
2007-08-01,196859,MTD,buy,rebalance,1.0479674069560827,95.09,2007-08-01,99.6512207274539,0.34877927254608865,-361.6666666666667,Healthcare,0.7321948170470368,0.8633686690223793,0.9035110533159948,,
2007-08-01,198821,TSS,buy,rebalance,4.519534705766879,22.049,2007-08-01,99.6512207274539,0.34877927254608865,-374.6666666666667,Financial Services,0.693994423058133,0.8909305064782097,0.9188556566970091,,
2007-09-04,185395,UST1,buy,rebalance,2.1372457583205486,46.626,2007-09-04,99.65122072745389,0.34877927254608865,-295.6666666666667,Consumer Defensive,0.7604369209336364,0.8306242638398116,0.9581274382314694,,
2007-09-04,199556,MAT,buy,rebalance,7.186213364639353,13.867,2007-09-04,99.65122072745392,0.3487792725460887,-315.0,Consumer Cyclical,0.7273800317858482,0.9215547703180212,0.8842652795838751,,
2007-09-04,197300,LMT,buy,rebalance,1.7678686617842376,56.368,2007-09-04,99.6512207274539,0.34877927254608865,-317.3333333333333,Industrials,0.7645138729721119,0.7985865724381626,0.9690507152145643,,
2007-09-04,199660,HAS,buy,rebalance,6.475483834391702,15.389,2007-09-04,99.6512207274539,0.34877927254608865,-322.6666666666667,Consumer Cyclical,0.7356298308316389,0.9314487632508834,0.859297789336801,,
2007-09-04,198566,HON,buy,rebalance,2.972356401821091,33.526,2007-09-04,99.6512207274539,0.34877927254608865,-343.3333333333333,Industrials,0.7487585308534835,0.8567726737338045,0.9050715214564369,,
2007-09-04,195607,NRP,buy,rebalance,1.3158924682414124,75.729,2007-09-04,99.65122072745392,0.3487792725460887,-344.0,Basic Materials,0.7584045452976031,0.7858657243816255,0.9674902470741222,,
2007-09-04,193203,ACN,buy,rebalance,3.474831603579535,28.678,2007-09-04,99.6512207274539,0.34877927254608865,-354.0,Technology,0.7021233126587615,0.8431095406360424,0.9721716514954486,,
2007-09-04,199120,CHD,buy,rebalance,11.295762948022434,8.822,2007-09-04,99.6512207274539,0.34877927254608865,-354.0,Consumer Defensive,0.7616038877584439,0.8098939929328622,0.929778933680104,,
2007-09-04,196859,MTD,buy,rebalance,1.0481878692274527,95.07,2007-09-04,99.65122072745392,0.3487792725460887,-358.6666666666667,Healthcare,0.7321948170470368,0.8633686690223793,0.9035110533159948,,
2007-09-04,198821,TSS,buy,rebalance,4.6373130777353015,21.489,2007-09-04,99.6512207274539,0.34877927254608865,-371.6666666666667,Financial Services,0.693994423058133,0.8909305064782097,0.9188556566970091,,
2007-10-01,199623,IBM,buy,rebalance,1.620213327818127,61.505,2007-10-01,99.6512207274539,0.34877927254608865,-302.0,Technology,0.7603094104232605,0.796054195388638,0.9879550321199143,,
2007-10-01,195852,FIS,buy,rebalance,5.5482000293666225,17.961,2007-10-01,99.6512207274539,0.34877927254608865,-303.6666666666667,Technology,0.7133015867533489,0.8678393154266698,0.9705567451820128,,
2007-10-01,196859,MTD,buy,rebalance,0.9625347312610248,103.53,2007-10-01,99.6512207274539,0.34877927254608865,-333.6666666666667,Healthcare,0.7542453546797421,0.8490610886617542,0.9105995717344754,,
2007-10-01,199576,VGR,buy,rebalance,36.50227865474502,2.73,2007-10-01,99.6512207274539,0.34877927254608865,-337.6666666666667,Consumer Defensive,0.7246471405857011,0.8390777275968624,0.9558351177730193,,
2007-10-01,199415,PCP,buy,rebalance,0.6698611272045246,148.764,2007-10-01,99.6512207274539,0.34877927254608865,-357.6666666666667,Industrials,0.6512403655180363,0.9645828381269314,0.9320128479657388,,
2007-10-01,197079,FDS,buy,rebalance,1.8041318136589828,55.235,2007-10-01,99.65122072745392,0.3487792725460887,-402.6666666666667,Financial Services,0.7076192834757792,0.833135250772522,0.9379014989293362,,
2007-10-01,197774,FCN,buy,rebalance,1.9330983652270401,51.55,2007-10-01,99.65122072745392,0.3487792725460887,-408.3333333333333,Industrials,0.6319928934054289,0.940099833610649,0.9461991434689507,,
2007-10-01,196866,RL,buy,rebalance,1.6723651254040965,59.587,2007-10-01,99.6512207274539,0.34877927254608865,-410.0,Consumer Cyclical,0.6908645713603716,0.8958878060375565,0.8913276231263383,,
2007-10-01,186263,CHTT,buy,rebalance,1.382508611646142,72.08,2007-10-01,99.65122072745392,0.3487792725460887,-420.6666666666667,Healthcare,0.6052585328826244,0.93819824102686,0.9764453961456103,,
2007-10-01,197997,AZO,buy,rebalance,0.8552284648768788,116.52,2007-10-01,99.6512207274539,0.34877927254608865,-433.0,Consumer Cyclical,0.7343796783764712,0.7977180888994533,0.9041755888650964,,
2007-11-01,199623,IBM,buy,rebalance,1.6969130817786957,58.725,2007-11-01,99.6512207274539,0.34877927254608865,-299.0,Technology,0.7603094104232605,0.796054195388638,0.9879550321199143,,
2007-11-01,195852,FIS,buy,rebalance,5.464233192271422,18.237,2007-11-01,99.65122072745392,0.3487792725460887,-301.3333333333333,Technology,0.713301586753349,0.8678393154266698,0.9705567451820128,,
2007-11-01,196859,MTD,buy,rebalance,0.9480660329888109,105.11,2007-11-01,99.6512207274539,0.34877927254608865,-330.6666666666667,Healthcare,0.7542453546797422,0.8490610886617542,0.9105995717344754,,
2007-11-01,199576,VGR,buy,rebalance,37.86140605146425,2.632,2007-11-01,99.65122072745392,0.3487792725460887,-334.6666666666667,Consumer Defensive,0.7246471405857012,0.8390777275968624,0.9558351177730193,,
2007-11-01,199415,PCP,buy,rebalance,0.6779132956961972,146.997,2007-11-01,99.6512207274539,0.34877927254608865,-355.0,Industrials,0.6512403655180363,0.9645828381269314,0.9320128479657388,,
2007-11-01,197079,FDS,buy,rebalance,1.8083551832369233,55.106,2007-11-01,99.6512207274539,0.34877927254608865,-399.3333333333333,Financial Services,0.7076192834757792,0.833135250772522,0.9379014989293362,,
2007-11-01,199170,ITT,buy,rebalance,4.963451747146181,20.077,2007-11-01,99.65122072745389,0.34877927254608865,-404.3333333333333,Industrials,0.7575026929200526,0.7575469455669123,0.9397751605995718,,
2007-11-01,196866,RL,buy,rebalance,1.9643837002001598,50.729,2007-11-01,99.6512207274539,0.34877927254608865,-407.3333333333333,Consumer Cyclical,0.6908645713603716,0.8958878060375565,0.8913276231263383,,
2007-11-01,186263,CHTT,buy,rebalance,1.3788739549945193,72.27,2007-11-01,99.6512207274539,0.34877927254608865,-417.3333333333333,Healthcare,0.6052585328826244,0.93819824102686,0.9764453961456103,,
2007-11-01,197997,AZO,buy,rebalance,0.819096011239963,121.66,2007-11-01,99.6512207274539,0.34877927254608865,-429.3333333333333,Consumer Cyclical,0.7343796783764712,0.7977180888994533,0.9041755888650964,,
2007-12-03,199623,IBM,buy,rebalance,1.8157359558225632,54.882,2007-12-03,99.6512207274539,0.34877927254608865,-295.3333333333333,Technology,0.7603094104232605,0.796054195388638,0.9879550321199143,,
2007-12-03,195852,FIS,buy,rebalance,5.705440325630018,17.466,2007-12-03,99.6512207274539,0.34877927254608865,-298.3333333333333,Technology,0.7133015867533489,0.8678393154266698,0.9705567451820128,,
2007-12-03,196859,MTD,buy,rebalance,0.860545947560051,115.8,2007-12-03,99.6512207274539,0.34877927254608865,-327.0,Healthcare,0.7542453546797422,0.8490610886617542,0.9105995717344754,,
2007-12-03,199576,VGR,buy,rebalance,37.378552410897946,2.666,2007-12-03,99.65122072745392,0.3487792725460887,-330.6666666666667,Consumer Defensive,0.724647140585701,0.8390777275968624,0.9558351177730193,,
2007-12-03,199415,PCP,buy,rebalance,0.663134566605138,150.273,2007-12-03,99.6512207274539,0.34877927254608865,-350.0,Industrials,0.6512403655180363,0.9645828381269314,0.9320128479657388,,
2007-12-03,197079,FDS,buy,rebalance,1.944793534883956,51.24,2007-12-03,99.6512207274539,0.34877927254608865,-393.6666666666667,Financial Services,0.7076192834757792,0.833135250772522,0.9379014989293362,,
2007-12-03,197774,FCN,buy,rebalance,1.7984338698331332,55.41,2007-12-03,99.6512207274539,0.34877927254608865,-398.6666666666667,Industrials,0.6319928934054289,0.940099833610649,0.9461991434689507,,
2007-12-03,196866,RL,buy,rebalance,1.898950411179258,52.477,2007-12-03,99.6512207274539,0.34877927254608865,-401.3333333333333,Consumer Cyclical,0.6908645713603715,0.8958878060375565,0.8913276231263383,,
2007-12-03,186263,CHTT,buy,rebalance,1.4325937424878366,69.56,2007-12-03,99.65122072745392,0.3487792725460887,-411.6666666666667,Healthcare,0.6052585328826244,0.93819824102686,0.9764453961456103,,
2007-12-03,197997,AZO,buy,rebalance,0.9238084799059414,107.87,2007-12-03,99.6512207274539,0.34877927254608865,-423.6666666666667,Consumer Cyclical,0.7343796783764712,0.7977180888994533,0.9041755888650964,,
2008-01-02,197942,IDXX,buy,rebalance,3.425617763061324,29.09,2008-01-02,99.6512207274539,0.34877927254608865,-325.3333333333333,Healthcare,0.7725882346896354,0.8450467738066683,0.9421109316101238,,
2008-01-02,188220,MHS,buy,rebalance,1.926185768386081,51.735,2008-01-02,99.6512207274539,0.34877927254608865,-334.6666666666667,Consumer Defensive,0.7117872383858551,0.9030942672103622,0.9658050619278407,,
2008-01-02,198566,HON,buy,rebalance,2.784253603628116,35.791,2008-01-02,99.65122072745389,0.34877927254608865,-338.3333333333333,Industrials,0.7990129530703332,0.81458383305349,0.9289176090468497,,
2008-01-02,197849,ROP,buy,rebalance,1.8306797355963904,54.434,2008-01-02,99.65122072745392,0.3487792725460887,-350.3333333333333,Technology,0.7655267516940819,0.7927560566082994,0.9889606892837911,,
2008-01-02,196859,MTD,buy,rebalance,0.8889493374438351,112.1,2008-01-02,99.6512207274539,0.34877927254608865,-359.3333333333333,Healthcare,0.7644367458929847,0.857279923242984,0.9111470113085622,,
2008-01-02,199576,VGR,buy,rebalance,40.574601273393284,2.456,2008-01-02,99.6512207274539,0.34877927254608865,-368.6666666666667,Consumer Defensive,0.7631823997833962,0.8114655792756057,0.9563812600969306,,
2008-01-02,196855,AME,buy,rebalance,5.4870998693603825,18.161,2008-01-02,99.65122072745392,0.3487792725460887,-372.6666666666667,Industrials,0.7851009658812511,0.7855600863516431,0.9493807215939688,,
2008-01-02,199209,WLY,buy,rebalance,3.8519992550233435,25.87,2008-01-02,99.6512207274539,0.34877927254608865,-379.0,Consumer Cyclical,0.7887170521486725,0.7392660110338211,0.9894991922455574,,
2008-01-02,193213,TT,buy,rebalance,4.8922981357677795,20.369,2008-01-02,99.6512207274539,0.34877927254608865,-384.0,Basic Materials,0.744894585176505,0.8184216838570401,0.9679590737749058,,
2008-01-02,199327,CVX,buy,rebalance,2.225400762130773,44.779,2008-01-02,99.6512207274539,0.34877927254608865,-388.3333333333333,Energy,0.7940217285569613,0.8280163108659151,0.877221324717286,,
2008-02-01,197942,IDXX,buy,rebalance,3.4481391255174363,28.9,2008-02-01,99.6512207274539,0.34877927254608865,-322.0,Healthcare,0.7725882346896356,0.8450467738066683,0.9421109316101238,,
2008-02-01,188220,MHS,buy,rebalance,1.9647322698630503,50.72,2008-02-01,99.6512207274539,0.34877927254608865,-331.0,Consumer Defensive,0.7117872383858551,0.9030942672103622,0.9658050619278407,,
2008-02-01,198566,HON,buy,rebalance,2.7698590968522643,35.977,2008-02-01,99.6512207274539,0.34877927254608865,-333.6666666666667,Industrials,0.7990129530703332,0.81458383305349,0.9289176090468497,,
2008-02-01,197849,ROP,buy,rebalance,1.9482154589922562,51.15,2008-02-01,99.6512207274539,0.34877927254608865,-345.3333333333333,Technology,0.765526751694082,0.7927560566082994,0.9889606892837911,,
2008-02-01,196859,MTD,buy,rebalance,1.0054608084699215,99.11,2008-02-01,99.65122072745392,0.3487792725460887,-356.3333333333333,Healthcare,0.7644367458929848,0.857279923242984,0.9111470113085622,,
2008-02-01,199576,VGR,buy,rebalance,43.06448605335087,2.314,2008-02-01,99.65122072745392,0.3487792725460887,-364.0,Consumer Defensive,0.7631823997833962,0.8114655792756057,0.9563812600969306,,
2008-02-01,196855,AME,buy,rebalance,5.681693410539592,17.539,2008-02-01,99.6512207274539,0.34877927254608865,-367.0,Industrials,0.785100965881251,0.7855600863516431,0.9493807215939688,,
2008-02-01,199209,WLY,buy,rebalance,3.9779338440562815,25.051,2008-02-01,99.6512207274539,0.34877927254608865,-372.6666666666667,Consumer Cyclical,0.7887170521486724,0.7392660110338211,0.9894991922455574,,
2008-02-01,193213,TT,buy,rebalance,5.603735068742838,17.783,2008-02-01,99.6512207274539,0.34877927254608865,-379.0,Basic Materials,0.744894585176505,0.8184216838570401,0.9679590737749058,,
2008-02-01,199327,CVX,buy,rebalance,2.521347588175338,39.523,2008-02-01,99.6512207274539,0.34877927254608865,-383.3333333333333,Energy,0.7940217285569613,0.8280163108659151,0.877221324717286,,
2008-03-03,197942,IDXX,buy,rebalance,3.6792032758890123,27.085,2008-03-03,99.6512207274539,0.34877927254608865,-318.0,Healthcare,0.7725882346896356,0.8450467738066683,0.9421109316101238,,
2008-03-03,188220,MHS,buy,rebalance,2.272547793100431,43.85,2008-03-03,99.6512207274539,0.34877927254608865,-327.3333333333333,Consumer Defensive,0.7117872383858551,0.9030942672103622,0.9658050619278407,,
2008-03-03,198566,HON,buy,rebalance,2.834946963883073,35.151,2008-03-03,99.6512207274539,0.34877927254608865,-329.6666666666667,Industrials,0.7990129530703332,0.81458383305349,0.9289176090468497,,
2008-03-03,197849,ROP,buy,rebalance,1.9495876027595944,51.114,2008-03-03,99.6512207274539,0.34877927254608865,-340.0,Technology,0.765526751694082,0.7927560566082994,0.9889606892837911,,
2008-03-03,196859,MTD,buy,rebalance,1.0031328843109917,99.34,2008-03-03,99.65122072745392,0.3487792725460887,-351.6666666666667,Healthcare,0.7644367458929848,0.857279923242984,0.9111470113085622,,
2008-03-03,199576,VGR,buy,rebalance,44.66661619339036,2.231,2008-03-03,99.65122072745389,0.34877927254608865,-358.6666666666667,Consumer Defensive,0.7631823997833962,0.8114655792756057,0.9563812600969306,,
2008-03-03,196855,AME,buy,rebalance,5.807180695073072,17.16,2008-03-03,99.65122072745392,0.3487792725460887,-362.0,Industrials,0.785100965881251,0.7855600863516431,0.9493807215939688,,
2008-03-03,199209,WLY,buy,rebalance,4.394374067445161,22.677,2008-03-03,99.6512207274539,0.34877927254608865,-367.3333333333333,Consumer Cyclical,0.7887170521486726,0.7392660110338211,0.9894991922455574,,
2008-03-03,193213,TT,buy,rebalance,5.126091601206476,19.44,2008-03-03,99.6512207274539,0.34877927254608865,-374.0,Basic Materials,0.744894585176505,0.8184216838570401,0.9679590737749058,,
2008-03-03,199327,CVX,buy,rebalance,2.3684187932847034,42.075,2008-03-03,99.6512207274539,0.34877927254608865,-379.6666666666667,Energy,0.7940217285569613,0.8280163108659151,0.877221324717286,,
2008-04-01,198006,OA,buy,rebalance,2.237744110470087,44.532,2008-04-01,99.6512207274539,0.34877927254608865,-235.0,Industrials,0.7813561920373779,0.8994914022765803,0.9545827633378933,,
2008-04-01,199839,KO,buy,rebalance,5.684286163222515,17.531,2008-04-01,99.6512207274539,0.34877927254608865,-264.3333333333333,Consumer Defensive,0.7815800931903427,0.8464519254056673,0.987688098495212,,
2008-04-01,198566,HON,buy,rebalance,2.8722069672129673,34.695,2008-04-01,99.6512207274539,0.34877927254608865,-276.0,Industrials,0.7965095393539758,0.8684911600871882,0.9296853625170999,,
2008-04-01,197712,MD,buy,rebalance,2.9040134264156756,34.315,2008-04-01,99.6512207274539,0.34877927254608865,-285.0,Healthcare,0.7675456771099348,0.8452409784451441,0.9923392612859097,,
2008-04-01,199120,CHD,buy,rebalance,9.238084799059415,10.787,2008-04-01,99.65122072745392,0.3487792725460887,-306.6666666666667,Consumer Defensive,0.8018473447087845,0.8449987890530395,0.921751025991792,,
2008-04-01,199499,NRC,buy,rebalance,17.507241870599774,5.692,2008-04-01,99.65122072745392,0.3487792725460887,-312.6666666666667,Healthcare,0.7935868981452264,0.80261564543473,0.9740082079343365,,
2008-04-01,199385,ROL,buy,rebalance,37.350532506541946,2.668,2008-04-01,99.65122072745392,0.3487792725460887,-339.6666666666667,Consumer Cyclical,0.7241453238223062,0.8682489706950836,0.9890560875512996,,
2008-04-01,197849,ROP,buy,rebalance,1.800123211233316,55.358,2008-04-01,99.6512207274539,0.34877927254608865,-344.6666666666667,Technology,0.7632151146008456,0.8069750544926132,0.9887824897400821,,
2008-04-01,199354,SIAL,buy,rebalance,1.7567425425730085,56.725,2008-04-01,99.65122072745392,0.3487792725460887,-363.0,Basic Materials,0.8012449506549612,0.89319447808186,0.8213406292749658,,
2008-04-01,195607,NRP,buy,rebalance,1.4830374844101244,67.194,2008-04-01,99.6512207274539,0.34877927254608865,-380.6666666666667,Basic Materials,0.7588852005343034,0.8047953499636716,0.9649794801641587,,
2008-05-01,198006,OA,buy,rebalance,2.0862375063319916,47.766,2008-05-01,99.6512207274539,0.34877927254608865,-232.33333333333334,Industrials,0.7813561920373779,0.8994914022765803,0.9545827633378933,,
2008-05-01,199839,KO,buy,rebalance,5.910511312423126,16.86,2008-05-01,99.6512207274539,0.34877927254608865,-261.0,Consumer Defensive,0.7815800931903428,0.8464519254056673,0.987688098495212,,
2008-05-01,198566,HON,buy,rebalance,2.735867030733964,36.424,2008-05-01,99.6512207274539,0.34877927254608865,-272.0,Industrials,0.796509539353976,0.8684911600871882,0.9296853625170999,,
2008-05-01,197712,MD,buy,rebalance,2.913778383843681,34.2,2008-05-01,99.6512207274539,0.34877927254608865,-281.6666666666667,Healthcare,0.7675456771099348,0.8452409784451441,0.9923392612859097,,
2008-05-01,199120,CHD,buy,rebalance,9.045222903463186,11.017,2008-05-01,99.65122072745392,0.3487792725460887,-302.3333333333333,Consumer Defensive,0.8018473447087845,0.8449987890530395,0.921751025991792,,
2008-05-01,199499,NRC,buy,rebalance,15.23951991549991,6.539,2008-05-01,99.6512207274539,0.34877927254608865,-308.3333333333333,Healthcare,0.7935868981452263,0.80261564543473,0.9740082079343365,,
2008-05-01,199385,ROL,buy,rebalance,39.81271303533915,2.503,2008-05-01,99.6512207274539,0.34877927254608865,-335.6666666666667,Consumer Cyclical,0.7241453238223062,0.8682489706950836,0.9890560875512996,,
2008-05-01,197849,ROP,buy,rebalance,1.7745111157550066,56.157,2008-05-01,99.6512207274539,0.34877927254608865,-340.6666666666667,Technology,0.7632151146008453,0.8069750544926132,0.9887824897400821,,
2008-05-01,199354,SIAL,buy,rebalance,1.8697692270987298,53.296,2008-05-01,99.6512207274539,0.34877927254608865,-359.0,Basic Materials,0.801244950654961,0.89319447808186,0.8213406292749658,,
2008-05-01,195607,NRP,buy,rebalance,1.3098215132420334,76.08,2008-05-01,99.6512207274539,0.34877927254608865,-376.6666666666667,Basic Materials,0.7588852005343035,0.8047953499636716,0.9649794801641587,,
2008-06-02,198006,OA,buy,rebalance,2.192063808346984,45.46,2008-06-02,99.6512207274539,0.34877927254608865,-226.33333333333334,Industrials,0.7813561920373779,0.8994914022765803,0.9545827633378933,,
2008-06-02,199839,KO,buy,rebalance,6.127104078175965,16.264,2008-06-02,99.6512207274539,0.34877927254608865,-255.0,Consumer Defensive,0.7815800931903428,0.8464519254056673,0.987688098495212,,
2008-06-02,198566,HON,buy,rebalance,2.833979487741487,35.163,2008-06-02,99.6512207274539,0.34877927254608865,-266.0,Industrials,0.796509539353976,0.8684911600871882,0.9296853625170999,,
2008-06-02,197712,MD,buy,rebalance,3.6976334221689764,26.95,2008-06-02,99.65122072745392,0.3487792725460887,-275.6666666666667,Healthcare,0.7675456771099348,0.8452409784451441,0.9923392612859097,,
2008-06-02,199120,CHD,buy,rebalance,8.982442827425087,11.094,2008-06-02,99.65122072745392,0.3487792725460887,-295.6666666666667,Consumer Defensive,0.8018473447087845,0.8449987890530395,0.921751025991792,,
2008-06-02,199499,NRC,buy,rebalance,15.223223453628766,6.546,2008-06-02,99.6512207274539,0.34877927254608865,-301.0,Healthcare,0.7935868981452265,0.80261564543473,0.9740082079343365,,
2008-06-02,199385,ROL,buy,rebalance,41.85267565201761,2.381,2008-06-02,99.65122072745392,0.3487792725460887,-329.6666666666667,Consumer Cyclical,0.7241453238223061,0.8682489706950836,0.9890560875512996,,
2008-06-02,197849,ROP,buy,rebalance,1.7331249909119257,57.498,2008-06-02,99.6512207274539,0.34877927254608865,-333.0,Technology,0.7632151146008456,0.8069750544926132,0.9887824897400821,,
2008-06-02,199354,SIAL,buy,rebalance,1.856255508670254,53.684,2008-06-02,99.6512207274539,0.34877927254608865,-351.3333333333333,Basic Materials,0.801244950654961,0.89319447808186,0.8213406292749658,,
2008-06-02,195607,NRP,buy,rebalance,1.0248282107372082,97.237,2008-06-02,99.6512207274539,0.34877927254608865,-368.3333333333333,Basic Materials,0.7588852005343035,0.8047953499636716,0.9649794801641587,,
2008-07-01,122857,MOVIQ,sell,delisted,13.528307797561748,0.004,2008-05-08,0.054113231190246996,0.0001893963091658645,,,,,,300.0,-299.94607616511894
2008-07-01,199670,GNI,buy,rebalance,3.4648701169399247,28.762,2008-07-01,99.65659430342612,0.3487980800619914,-238.0,Basic Materials,0.7643305466438443,0.8953853587823146,0.9859192348565357,,
2008-07-01,199839,KO,buy,rebalance,6.802962270696029,14.649,2008-07-01,99.65659430342612,0.3487980800619914,-238.33333333333334,Consumer Defensive,0.8008745694033281,0.8564870741725055,0.9742295430393199,,
2008-07-01,196736,RTN,buy,rebalance,2.3489509806115616,42.426,2008-07-01,99.65659430342612,0.3487980800619914,-247.66666666666666,Industrials,0.7888577383309632,0.8891036482242087,0.9476620616365569,,
2008-07-01,199836,CL,buy,rebalance,4.426231148275644,22.515,2008-07-01,99.65659430342612,0.3487980800619914,-247.66666666666666,Consumer Defensive,0.8038298233801281,0.8596279294515583,0.9593517534537725,,
2008-07-01,198566,HON,buy,rebalance,3.249318366593613,30.67,2008-07-01,99.65659430342612,0.3487980800619914,-256.0,Industrials,0.7910624126978401,0.8973181928001933,0.9287991498405951,,
2008-07-01,197712,MD,buy,rebalance,4.069277023414705,24.49,2008-07-01,99.65659430342613,0.3487980800619915,-269.3333333333333,Healthcare,0.7824361746395908,0.839091568011597,0.9941551540913921,,
2008-07-01,199499,NRC,buy,rebalance,17.767265876881105,5.609,2008-07-01,99.65659430342612,0.3487980800619914,-276.0,Healthcare,0.7938767894286971,0.8151727470403479,0.9949521785334751,,
2008-07-01,199623,IBM,buy,rebalance,1.5985979195288114,62.34,2008-07-01,99.6565943034261,0.34879808006199137,-293.3333333333333,Technology,0.7908657493975705,0.8562454699202706,0.9423485653560042,,
2008-07-01,198189,BMC,buy,rebalance,2.7682387306507255,36.0,2008-07-01,99.65659430342612,0.3487980800619914,-322.6666666666667,Technology,0.7280929662641561,0.9130224691954578,0.953241232731137,,
2008-07-01,199354,SIAL,buy,rebalance,1.99588620903699,49.931,2008-07-01,99.65659430342595,0.3487980800619908,-341.0,Basic Materials,0.7987364031156575,0.9311427881130708,0.813230605738576,,
2008-08-01,199839,KO,buy,rebalance,6.528940622908596,15.263,2008-08-01,99.6512207274539,0.34877927254608865,-236.33333333333334,Consumer Defensive,0.8008745694033281,0.8564870741725055,0.9742295430393199,,
2008-08-01,199670,GNI,buy,rebalance,3.6663436617900627,27.18,2008-08-01,99.6512207274539,0.34877927254608865,-236.66666666666666,Basic Materials,0.7643305466438443,0.8953853587823146,0.9859192348565357,,
2008-08-01,199836,CL,buy,rebalance,4.103068338100791,24.287,2008-08-01,99.65122072745392,0.3487792725460887,-245.66666666666666,Consumer Defensive,0.8038298233801281,0.8596279294515583,0.9593517534537725,,
2008-08-01,196736,RTN,buy,rebalance,2.3875990302957546,41.737,2008-08-01,99.65122072745392,0.3487792725460887,-246.0,Industrials,0.7888577383309632,0.8891036482242087,0.9476620616365569,,
2008-08-01,198566,HON,buy,rebalance,3.24026860660252,30.754,2008-08-01,99.6512207274539,0.34877927254608865,-254.66666666666666,Industrials,0.7910624126978401,0.8973181928001933,0.9287991498405951,,
2008-08-01,197712,MD,buy,rebalance,4.116968425013589,24.205,2008-08-01,99.6512207274539,0.34877927254608865,-267.0,Healthcare,0.7824361746395908,0.839091568011597,0.9941551540913921,,
2008-08-01,199499,NRC,buy,rebalance,13.34912534862075,7.465,2008-08-01,99.6512207274539,0.34877927254608865,-273.3333333333333,Healthcare,0.7938767894286971,0.8151727470403479,0.9949521785334751,,
2008-08-01,199623,IBM,buy,rebalance,1.5054873810649916,66.192,2008-08-01,99.65122072745392,0.3487792725460887,-291.3333333333333,Technology,0.7908657493975707,0.8562454699202706,0.9423485653560042,,
2008-08-01,198189,BMC,buy,rebalance,3.0558485350338516,32.61,2008-08-01,99.6512207274539,0.34877927254608865,-321.3333333333333,Technology,0.7280929662641562,0.9130224691954578,0.953241232731137,,
2008-08-01,199354,SIAL,buy,rebalance,1.7928363119560642,55.583,2008-08-01,99.65122072745392,0.3487792725460887,-338.6666666666667,Basic Materials,0.7987364031156577,0.9311427881130708,0.813230605738576,,
2008-09-02,199839,KO,buy,rebalance,6.676798708707129,14.925,2008-09-02,99.6512207274539,0.34877927254608865,-233.33333333333334,Consumer Defensive,0.8008745694033281,0.8564870741725055,0.9742295430393199,,
2008-09-02,199670,GNI,buy,rebalance,4.201324707089418,23.719,2008-09-02,99.6512207274539,0.34877927254608865,-234.33333333333334,Basic Materials,0.7643305466438443,0.8953853587823146,0.9859192348565357,,
2008-09-02,199836,CL,buy,rebalance,3.98111224990827,25.031,2008-09-02,99.6512207274539,0.34877927254608865,-242.66666666666666,Consumer Defensive,0.8038298233801281,0.8596279294515583,0.9593517534537725,,
2008-09-02,196736,RTN,buy,rebalance,2.234582817074872,44.595,2008-09-02,99.6512207274539,0.34877927254608865,-243.33333333333334,Industrials,0.7888577383309632,0.8891036482242087,0.9476620616365569,,
2008-09-02,198566,HON,buy,rebalance,3.2739082964535746,30.438,2008-09-02,99.6512207274539,0.34877927254608865,-251.66666666666666,Industrials,0.7910624126978401,0.8973181928001933,0.9287991498405951,,
2008-09-02,197712,MD,buy,rebalance,3.4739836404899394,28.685,2008-09-02,99.6512207274539,0.34877927254608865,-264.3333333333333,Healthcare,0.7824361746395908,0.839091568011597,0.9941551540913921,,
2008-09-02,199499,NRC,buy,rebalance,14.288961962640364,6.974,2008-09-02,99.6512207274539,0.34877927254608865,-270.6666666666667,Healthcare,0.7938767894286973,0.8151727470403479,0.9949521785334751,,
2008-09-02,199623,IBM,buy,rebalance,1.603914706702944,62.13,2008-09-02,99.65122072745392,0.3487792725460887,-288.3333333333333,Technology,0.7908657493975707,0.8562454699202706,0.9423485653560042,,
2008-09-02,198189,BMC,buy,rebalance,3.0097016226956788,33.11,2008-09-02,99.65122072745392,0.3487792725460887,-318.6666666666667,Technology,0.7280929662641563,0.9130224691954578,0.953241232731137,,
2008-09-02,199209,WLY,buy,rebalance,3.2336444406481455,30.817,2008-09-02,99.6512207274539,0.34877927254608865,-335.3333333333333,Consumer Cyclical,0.7835655042736971,0.7716839816380768,0.9973432518597237,,
2008-10-01,199499,NRC,buy,rebalance,14.857793458692992,6.707,2008-10-01,99.65122072745389,0.34877927254608865,-196.0,Healthcare,0.7738600306425698,0.9062801932367149,0.9942826027770215,,
2008-10-01,195607,NRP,buy,rebalance,1.7104862892849844,58.259,2008-10-01,99.6512207274539,0.34877927254608865,-227.0,Basic Materials,0.7662464201383887,0.91256038647343,0.9716852708957255,,
2008-10-01,199685,GIS,buy,rebalance,5.294401271249278,18.822,2008-10-01,99.6512207274539,0.34877927254608865,-262.3333333333333,Consumer Defensive,0.8080412743927897,0.8265700483091788,0.9801252382248843,,
2008-10-01,199623,IBM,buy,rebalance,1.724487258634512,57.786,2008-10-01,99.6512207274539,0.34877927254608865,-270.0,Technology,0.7953429530004545,0.8463768115942029,0.9697794718213995,,
2008-10-01,185526,SY2,buy,rebalance,3.2565758407664673,30.6,2008-10-01,99.6512207274539,0.34877927254608865,-271.6666666666667,Technology,0.7737224210503918,0.946376811594203,0.8856520555404301,,
2008-10-01,199120,CHD,buy,rebalance,8.136121875200352,12.248,2008-10-01,99.6512207274539,0.34877927254608865,-272.6666666666667,Consumer Defensive,0.8035183609428752,0.9012077294685991,0.895181050912061,,
2008-10-01,184151,DRS1,buy,rebalance,1.3009297745098423,76.6,2008-10-01,99.6512207274539,0.34877927254608865,-273.0,Industrials,0.7657907787717363,0.909903381642512,0.9365641165260006,,
2008-10-01,196855,AME,buy,rebalance,6.194133560881023,16.088,2008-10-01,99.6512207274539,0.34877927254608865,-273.3333333333333,Industrials,0.7821627863733802,0.8599033816425121,0.9681459297576913,,
2008-10-01,199176,VAR,buy,rebalance,1.9303273812074595,51.624,2008-10-01,99.65122072745389,0.34877927254608865,-296.6666666666667,Healthcare,0.7408605055652322,0.941304347826087,0.9224067519738633,,
2008-10-01,124603,TCP,buy,rebalance,7.732693468414208,12.887,2008-10-01,99.6512207274539,0.34877927254608865,-300.3333333333333,Energy,0.8172591028349686,0.7973429951690821,0.9725020419275796,,
2008-11-03,199499,NRC,buy,rebalance,15.665967729516414,6.361,2008-11-03,99.6512207274539,0.34877927254608865,-194.33333333333334,Healthcare,0.7738600306425698,0.9062801932367149,0.9942826027770215,,
2008-11-03,195607,NRP,buy,rebalance,1.7339995602403713,57.469,2008-11-03,99.6512207274539,0.34877927254608865,-225.66666666666666,Basic Materials,0.7662464201383887,0.91256038647343,0.9716852708957255,,
2008-11-03,199685,GIS,buy,rebalance,5.435027037221374,18.335,2008-11-03,99.6512207274539,0.34877927254608865,-259.0,Consumer Defensive,0.8080412743927897,0.8265700483091788,0.9801252382248843,,
2008-11-03,199623,IBM,buy,rebalance,2.0491717196679806,48.63,2008-11-03,99.6512207274539,0.34877927254608865,-267.0,Technology,0.7953429530004545,0.8463768115942029,0.9697794718213995,,
2008-11-03,185526,SY2,buy,rebalance,3.674455041572784,27.12,2008-11-03,99.6512207274539,0.34877927254608865,-270.0,Technology,0.7737224210503918,0.946376811594203,0.8856520555404301,,
2008-11-03,199120,CHD,buy,rebalance,8.592103873724254,11.598,2008-11-03,99.6512207274539,0.34877927254608865,-270.3333333333333,Consumer Defensive,0.8035183609428752,0.9012077294685991,0.895181050912061,,
2008-11-03,196855,AME,buy,rebalance,7.616265723590179,13.084,2008-11-03,99.6512207274539,0.34877927254608865,-270.6666666666667,Industrials,0.7821627863733802,0.8599033816425121,0.9681459297576913,,
2008-11-03,199176,VAR,buy,rebalance,2.5101695440049854,39.699,2008-11-03,99.6512207274539,0.34877927254608865,-295.3333333333333,Healthcare,0.7408605055652324,0.941304347826087,0.9224067519738633,,
2008-11-03,124603,TCP,buy,rebalance,8.725262299925918,11.421,2008-11-03,99.6512207274539,0.34877927254608865,-297.0,Energy,0.8172591028349686,0.7973429951690821,0.9725020419275796,,
2008-11-03,199753,EMR,buy,rebalance,5.025275881364292,19.83,2008-11-03,99.6512207274539,0.34877927254608865,-297.0,Industrials,0.7889037533924589,0.8632850241545894,0.9319357473454941,,
2008-12-01,184151,DRS1,sell,delisted,1.3009297745098423,80.35,2008-10-21,104.52970738186582,0.3658539758365304,,,,,,99.99999999999999,4.163853406029304
2008-12-01,199499,NRC,buy,rebalance,21.098998250247423,5.215,2008-12-01,110.03127587504031,0.3851094655626411,-193.66666666666666,Healthcare,0.7738600306425698,0.9062801932367149,0.9942826027770215,,
2008-12-01,195607,NRP,buy,rebalance,3.065450378198036,35.894,2008-12-01,110.0312758750403,0.38510946556264103,-224.66666666666666,Basic Materials,0.7662464201383887,0.91256038647343,0.9716852708957255,,
2008-12-01,199685,GIS,buy,rebalance,6.667753961643455,16.502,2008-12-01,110.03127587504028,0.385109465562641,-257.0,Consumer Defensive,0.8080412743927897,0.8265700483091788,0.9801252382248843,,
2008-12-01,199623,IBM,buy,rebalance,2.7109980012082757,40.587,2008-12-01,110.0312758750403,0.38510946556264103,-264.6666666666667,Technology,0.7953429530004545,0.8463768115942029,0.9697794718213995,,
2008-12-01,199120,CHD,buy,rebalance,10.021976124878433,10.979,2008-12-01,110.03127587504031,0.3851094655626411,-268.6666666666667,Consumer Defensive,0.8035183609428752,0.9012077294685991,0.895181050912061,,
2008-12-01,185526,SY2,buy,rebalance,4.847192769825564,22.7,2008-12-01,110.0312758750403,0.38510946556264103,-269.0,Technology,0.7737224210503918,0.946376811594203,0.8856520555404301,,
2008-12-01,196855,AME,buy,rebalance,8.97408660590819,12.261,2008-12-01,110.03127587504031,0.3851094655626411,-269.0,Industrials,0.7821627863733802,0.8599033816425121,0.9681459297576913,,
2008-12-01,124603,TCP,buy,rebalance,12.434317535884315,8.849,2008-12-01,110.03127587504031,0.3851094655626411,-294.3333333333333,Energy,0.8172591028349687,0.7973429951690821,0.9725020419275796,,
2008-12-01,199176,VAR,buy,rebalance,3.345839441556902,32.886,2008-12-01,110.0312758750403,0.38510946556264103,-294.3333333333333,Healthcare,0.7408605055652322,0.941304347826087,0.9224067519738633,,
2008-12-01,199753,EMR,buy,rebalance,5.861769531460247,18.771,2008-12-01,110.03127587504031,0.3851094655626411,-295.0,Industrials,0.7889037533924589,0.8632850241545894,0.9319357473454941,,
2009-01-02,185395,UST1,buy,rebalance,1.4346562154830684,69.46,2009-01-02,99.65122072745392,0.3487792725460887,-131.66666666666666,Consumer Defensive,0.7531763502513749,0.9654088050314465,0.9772540422033433,,
2009-01-02,199685,GIS,buy,rebalance,6.113946912537819,16.299,2009-01-02,99.6512207274539,0.34877927254608865,-145.0,Consumer Defensive,0.7789455122587375,0.9283986453797775,0.9654699917785695,,
2009-01-02,197300,LMT,buy,rebalance,1.996018442212397,49.925,2009-01-02,99.65122072745392,0.3487792725460887,-185.33333333333334,Industrials,0.7776053813530802,0.8884857281083696,0.9747876130446698,,
2009-01-02,198047,TYL,buy,rebalance,8.311194389278892,11.99,2009-01-02,99.65122072745392,0.3487792725460887,-206.33333333333334,Technology,0.747372452978579,0.9274310595065312,0.96355165798849,,
2009-01-02,116231,SKIL2,buy,rebalance,13.233893854907558,7.53,2009-01-02,99.65122072745392,0.3487792725460887,-216.0,Technology,0.7221037528111175,0.9296081277213353,0.9967114277884351,,
2009-01-02,199615,RYN,buy,rebalance,15.080390545922203,6.608,2009-01-02,99.65122072745392,0.3487792725460887,-224.0,Real Estate,0.7535537048761086,0.9392839864537977,0.9240887914497122,,
2009-01-02,197267,CBZ,buy,rebalance,11.285528961206559,8.83,2009-01-02,99.65122072745392,0.3487792725460887,-241.33333333333334,Industrials,0.760421767361546,0.8930817610062893,0.9490271307207454,,
2009-01-02,188237,DNA1,buy,rebalance,1.2064312436737763,82.6,2009-01-02,99.65122072745392,0.3487792725460887,-247.33333333333334,Healthcare,0.754269880274864,0.9583938074504113,0.8813373526993696,,
2009-01-02,199660,HAS,buy,rebalance,5.936213780154519,16.787,2009-01-02,99.6512207274539,0.34877927254608865,-247.66666666666666,Consumer Cyclical,0.7597988806000542,0.9213836477987422,0.9144971224993149,,
2009-01-02,199499,NRC,buy,rebalance,15.737716476224561,6.332,2009-01-02,99.65122072745392,0.3487792725460887,-263.0,Healthcare,0.7236559295921116,0.895984518626028,0.987941901890929,,
2009-02-02,199685,GIS,buy,rebalance,6.178771126454237,16.128,2009-02-02,99.65122072745393,0.34877927254608876,-143.33333333333334,Consumer Defensive,0.7789455122587376,0.9283986453797775,0.9654699917785695,,
2009-02-02,199877,CPB,buy,rebalance,5.81327853969513,17.142,2009-02-02,99.65122072745392,0.3487792725460887,-178.66666666666666,Consumer Defensive,0.7629087603506838,0.9129172714078374,0.9786242806248288,,
2009-02-02,197300,LMT,buy,rebalance,2.1565793959369355,46.208,2009-02-02,99.65122072745392,0.3487792725460887,-183.66666666666666,Industrials,0.7776053813530802,0.8884857281083696,0.9747876130446698,,
2009-02-02,198047,TYL,buy,rebalance,7.82191685458822,12.74,2009-02-02,99.65122072745392,0.3487792725460887,-204.66666666666666,Technology,0.747372452978579,0.9274310595065312,0.96355165798849,,
2009-02-02,116231,SKIL2,buy,rebalance,13.521196842259691,7.37,2009-02-02,99.65122072745392,0.3487792725460887,-214.66666666666666,Technology,0.7221037528111175,0.9296081277213353,0.9967114277884351,,
2009-02-02,199615,RYN,buy,rebalance,15.151470385807196,6.577,2009-02-02,99.65122072745393,0.34877927254608876,-222.0,Real Estate,0.7535537048761086,0.9392839864537977,0.9240887914497122,,
2009-02-02,197267,CBZ,buy,rebalance,11.79304387307147,8.45,2009-02-02,99.65122072745392,0.3487792725460887,-239.33333333333334,Industrials,0.760421767361546,0.8930817610062893,0.9490271307207454,,
2009-02-02,188237,DNA1,buy,rebalance,1.2137785715889637,82.1,2009-02-02,99.65122072745392,0.3487792725460887,-245.33333333333334,Healthcare,0.754269880274864,0.9583938074504113,0.8813373526993696,,
2009-02-02,199660,HAS,buy,rebalance,7.9466683195736785,12.54,2009-02-02,99.65122072745392,0.3487792725460887,-245.66666666666666,Consumer Cyclical,0.7597988806000542,0.9213836477987422,0.9144971224993149,,
2009-02-02,199499,NRC,buy,rebalance,18.29805742332977,5.446,2009-02-02,99.65122072745392,0.3487792725460887,-261.6666666666667,Healthcare,0.7236559295921116,0.895984518626028,0.987941901890929,,
2009-03-02,185395,UST1,sell,delisted,38.237884623945924,69.46,2009-01-05,2656.0034659792836,9.296012130927492,,,,,,1799.1367899762133,847.5706638721429
2009-03-02,199685,GIS,buy,rebalance,25.53392702444449,14.232,2009-03-02,363.398849411894,1.271895972941629,-141.66666666666666,Consumer Defensive,0.7789455122587375,0.9283986453797775,0.9654699917785695,,
2009-03-02,199877,CPB,buy,rebalance,24.6105139788632,14.766,2009-03-02,363.398849411894,1.271895972941629,-177.0,Consumer Defensive,0.7629087603506838,0.9129172714078374,0.9786242806248288,,
2009-03-02,197300,LMT,buy,rebalance,10.300128947929311,35.281,2009-03-02,363.398849411894,1.271895972941629,-181.33333333333334,Industrials,0.7776053813530802,0.8884857281083696,0.9747876130446698,,
2009-03-02,198047,TYL,buy,rebalance,27.36437119065467,13.28,2009-03-02,363.398849411894,1.271895972941629,-203.0,Technology,0.7473724529785788,0.9274310595065312,0.96355165798849,,
2009-03-02,116231,SKIL2,buy,rebalance,59.08924380681203,6.15,2009-03-02,363.398849411894,1.271895972941629,-213.0,Technology,0.7221037528111175,0.9296081277213353,0.9967114277884351,,
2009-03-02,199615,RYN,buy,rebalance,66.43489020327131,5.47,2009-03-02,363.39884941189405,1.2718959729416293,-220.33333333333334,Real Estate,0.7535537048761087,0.9392839864537977,0.9240887914497122,,
2009-03-02,197267,CBZ,buy,rebalance,52.74293895673353,6.89,2009-03-02,363.398849411894,1.271895972941629,-236.66666666666666,Industrials,0.760421767361546,0.8930817610062893,0.9490271307207454,,
2009-03-02,199660,HAS,buy,rebalance,28.231731619942046,12.872,2009-03-02,363.398849411894,1.271895972941629,-243.33333333333334,Consumer Cyclical,0.7597988806000543,0.9213836477987422,0.9144971224993149,,
2009-03-02,188237,DNA1,buy,rebalance,4.453963101015982,81.59,2009-03-02,363.398849411894,1.271895972941629,-243.66666666666666,Healthcare,0.7542698802748641,0.9583938074504113,0.8813373526993696,,
2009-03-02,199499,NRC,buy,rebalance,79.8152535497239,4.553,2009-03-02,363.3988494118929,1.2718959729416253,-259.3333333333333,Healthcare,0.7236559295921116,0.895984518626028,0.987941901890929,,
2009-04-01,199685,GIS,buy,rebalance,7.211174522574275,13.819,2009-04-01,99.65122072745392,0.3487792725460887,-129.0,Consumer Defensive,0.7793341211473284,0.938412852969815,0.9723231758456807,,
2009-04-01,199357,SHW,buy,rebalance,6.9999452604280625,14.236,2009-04-01,99.6512207274539,0.34877927254608865,-181.66666666666666,Basic Materials,0.7537879864029787,0.9333008763388511,0.9737209952474141,,
2009-04-01,184075,HLTH1,buy,rebalance,9.563456883632812,10.42,2009-04-01,99.6512207274539,0.34877927254608865,-186.0,Technology,0.7497413143277987,0.9483933787731256,0.9608610567514677,,
2009-04-01,198253,LDR,buy,rebalance,2.6005015847456656,38.32,2009-04-01,99.6512207274539,0.34877927254608865,-200.33333333333334,Technology,0.7367202848820417,0.9776046738072055,0.9354207436399217,,
2009-04-01,199411,PG,buy,rebalance,3.4470656448667856,28.909,2009-04-01,99.6512207274539,0.34877927254608865,-209.33333333333334,Consumer Defensive,0.7841440117405155,0.8532132424537487,0.9932904668716802,,
2009-04-01,196224,GTIV,buy,rebalance,6.625746059006245,15.04,2009-04-01,99.65122072745392,0.3487792725460887,-216.66666666666666,Healthcare,0.7024138613821638,0.9844206426484907,0.9709253564439474,,
2009-04-01,197333,APU,buy,rebalance,8.148096543536704,12.23,2009-04-01,99.6512207274539,0.34877927254608865,-218.0,Utilities,0.7486636829453097,0.943524829600779,0.9404528934861616,,
2009-04-01,199185,JNJ,buy,rebalance,3.114782006296812,31.993,2009-04-01,99.6512207274539,0.34877927254608865,-241.0,Healthcare,0.78038091504469,0.8887536514118792,0.9267542633491753,,
2009-04-01,124603,TCP,buy,rebalance,7.797435111694359,12.78,2009-04-01,99.6512207274539,0.34877927254608865,-260.0,Energy,0.7951365477458375,0.8235150925024343,0.9706457925636007,,
2009-04-01,198040,SRCL,buy,rebalance,2.035359900479042,48.96,2009-04-01,99.6512207274539,0.34877927254608865,-288.0,Industrials,0.7498081902033434,0.8588120740019474,0.9698071009225608,,
2009-05-01,188237,DNA1,sell,delisted,6.874172916278722,94.97,2009-03-26,652.8402018589902,2.284940706506466,,,,,,564.6707453848356,85.88451576764805
2009-05-01,199685,GIS,buy,rebalance,11.877516367126406,13.848,2009-05-01,164.47984665196648,0.5756794632818827,-126.0,Consumer Defensive,0.7793341211473284,0.938412852969815,0.9723231758456807,,
2009-05-01,199357,SHW,buy,rebalance,10.86895173805369,15.133,2009-05-01,164.47984665196648,0.5756794632818827,-177.33333333333334,Basic Materials,0.7537879864029787,0.9333008763388511,0.9737209952474141,,
2009-05-01,184075,HLTH1,buy,rebalance,15.371948285230514,10.7,2009-05-01,164.47984665196648,0.5756794632818827,-181.66666666666666,Technology,0.7497413143277987,0.9483933787731256,0.9608610567514677,,
2009-05-01,198253,LDR,buy,rebalance,4.20643053173665,39.102,2009-05-01,164.47984665196648,0.5756794632818827,-198.0,Technology,0.7367202848820416,0.9776046738072055,0.9354207436399217,,
2009-05-01,199411,PG,buy,rebalance,5.492731562930922,29.945,2009-05-01,164.47984665196648,0.5756794632818827,-205.33333333333334,Consumer Defensive,0.7841440117405157,0.8532132424537487,0.9932904668716802,,
2009-05-01,197333,APU,buy,rebalance,12.312287345756904,13.359,2009-05-01,164.47984665196648,0.5756794632818827,-213.66666666666666,Utilities,0.7486636829453097,0.943524829600779,0.9404528934861616,,
2009-05-01,196224,GTIV,buy,rebalance,10.20979805412579,16.11,2009-05-01,164.47984665196645,0.5756794632818826,-214.33333333333334,Healthcare,0.702413861382164,0.9844206426484907,0.9709253564439474,,
2009-05-01,199185,JNJ,buy,rebalance,5.185203702656489,31.721,2009-05-01,164.47984665196648,0.5756794632818827,-237.0,Healthcare,0.78038091504469,0.8887536514118792,0.9267542633491753,,
2009-05-01,124603,TCP,buy,rebalance,12.292963127949662,13.38,2009-05-01,164.47984665196648,0.5756794632818827,-255.66666666666666,Energy,0.7951365477458376,0.8235150925024343,0.9706457925636007,,
2009-05-01,198040,SRCL,buy,rebalance,3.442441328002647,47.78,2009-05-01,164.47984665196648,0.5756794632818827,-282.3333333333333,Industrials,0.7498081902033434,0.8588120740019474,0.9698071009225608,,
2009-06-01,199685,GIS,buy,rebalance,7.099182213254537,14.037,2009-06-01,99.65122072745393,0.34877927254608876,-123.33333333333333,Consumer Defensive,0.7793341211473284,0.938412852969815,0.9723231758456807,,
2009-06-01,199357,SHW,buy,rebalance,6.73592136862606,14.794,2009-06-01,99.65122072745393,0.34877927254608876,-174.0,Basic Materials,0.7537879864029787,0.9333008763388511,0.9737209952474141,,
2009-06-01,184075,HLTH1,buy,rebalance,8.332041866843973,11.96,2009-06-01,99.65122072745392,0.3487792725460887,-179.0,Technology,0.7497413143277987,0.9483933787731256,0.9608610567514677,,
2009-06-01,198253,LDR,buy,rebalance,2.2526158670702547,44.238,2009-06-01,99.65122072745393,0.34877927254608876,-196.33333333333334,Technology,0.7367202848820416,0.9776046738072055,0.9354207436399217,,
2009-06-01,199411,PG,buy,rebalance,3.0870886222879164,32.28,2009-06-01,99.65122072745395,0.3487792725460888,-200.66666666666666,Consumer Defensive,0.7841440117405155,0.8532132424537487,0.9932904668716802,,
2009-06-01,197333,APU,buy,rebalance,7.066460128170042,14.102,2009-06-01,99.65122072745393,0.34877927254608876,-210.0,Utilities,0.7486636829453097,0.943524829600779,0.9404528934861616,,
2009-06-01,196224,GTIV,buy,rebalance,6.1856747813441295,16.11,2009-06-01,99.65122072745392,0.3487792725460887,-212.66666666666666,Healthcare,0.702413861382164,0.9844206426484907,0.9709253564439474,,
2009-06-01,199185,JNJ,buy,rebalance,2.935667129988332,33.945,2009-06-01,99.65122072745393,0.34877927254608876,-232.66666666666666,Healthcare,0.78038091504469,0.8887536514118792,0.9267542633491753,,
2009-06-01,124603,TCP,buy,rebalance,6.231316953942842,15.992,2009-06-01,99.65122072745393,0.34877927254608876,-251.0,Energy,0.7951365477458375,0.8235150925024343,0.9706457925636007,,
2009-06-01,198040,SRCL,buy,rebalance,1.9524141992056023,51.04,2009-06-01,99.65122072745395,0.3487792725460888,-277.0,Industrials,0.7498081902033433,0.8588120740019474,0.9698071009225608,,
2009-07-01,196997,DGX,buy,rebalance,2.3820629327210865,41.834,2009-07-01,99.65122072745395,0.3487792725460888,-122.0,Healthcare,0.7804582522797479,0.9374693477194703,0.9764441951766686,,
2009-07-01,199841,CLX,buy,rebalance,2.9836588139601163,33.399,2009-07-01,99.65122072745393,0.34877927254608876,-141.0,Consumer Defensive,0.7757143731263553,0.9102501226091221,0.9988782950084127,,
2009-07-01,124603,TCP,buy,rebalance,6.478430680500191,15.382,2009-07-01,99.65122072745393,0.34877927254608876,-155.0,Energy,0.8032379749026685,0.8928396272682687,0.9767246214245653,,
2009-07-01,185526,SY2,buy,rebalance,3.19394938229019,31.2,2009-07-01,99.65122072745393,0.34877927254608876,-160.33333333333334,Technology,0.7723182721145383,0.9136831780284453,0.982893998878295,,
2009-07-01,197997,AZO,buy,rebalance,0.652338444144108,152.76,2009-07-01,99.65122072745393,0.34877927254608876,-169.33333333333334,Consumer Cyclical,0.7685431232292022,0.9732712113781266,0.914469994391475,,
2009-07-01,199357,SHW,buy,rebalance,6.7372875889023005,14.791,2009-07-01,99.65122072745393,0.34877927254608876,-170.66666666666666,Basic Materials,0.758015143213514,0.9409024031387935,0.9669097027481772,,
2009-07-01,199576,VGR,buy,rebalance,47.1610131223161,2.113,2009-07-01,99.65122072745392,0.3487792725460887,-206.33333333333334,Consumer Defensive,0.7952851716081075,0.8504168710152036,0.9840157038698822,,
2009-07-01,197167,OTEX,buy,rebalance,14.352761159074454,6.943,2009-07-01,99.65122072745393,0.34877927254608876,-209.66666666666666,Technology,0.734020804675102,0.9310936733692987,0.9781267526640494,,
2009-07-01,198040,SRCL,buy,rebalance,1.9635708517724912,50.75,2009-07-01,99.65122072745393,0.34877927254608876,-227.66666666666666,Industrials,0.74430102483067,0.9026483570377636,0.9789680314077398,,
2009-07-01,199891,BMY,buy,rebalance,9.012500744094595,11.057,2009-07-01,99.65122072745395,0.3487792725460888,-233.33333333333334,Healthcare,0.7779253595424319,0.9043648847474252,0.9158721256309591,,
2009-08-03,196997,DGX,buy,rebalance,2.511308201090041,39.681,2009-08-03,99.65122072745392,0.3487792725460887,-121.0,Healthcare,0.7804582522797477,0.9374693477194703,0.9764441951766686,,
2009-08-03,199841,CLX,buy,rebalance,2.838015000924271,35.113,2009-08-03,99.65122072745392,0.3487792725460887,-140.0,Consumer Defensive,0.7757143731263552,0.9102501226091221,0.9988782950084127,,
2009-08-03,124603,TCP,buy,rebalance,6.115447727981216,16.295,2009-08-03,99.65122072745393,0.34877927254608876,-153.0,Energy,0.8032379749026684,0.8928396272682687,0.9767246214245653,,
2009-08-03,185526,SY2,buy,rebalance,2.795265658554108,35.65,2009-08-03,99.65122072745393,0.34877927254608876,-159.33333333333334,Technology,0.7723182721145383,0.9136831780284453,0.982893998878295,,
2009-08-03,197997,AZO,buy,rebalance,0.6629713307661097,150.31,2009-08-03,99.65122072745395,0.3487792725460888,-169.0,Consumer Cyclical,0.768543123229202,0.9732712113781266,0.914469994391475,,
2009-08-03,199357,SHW,buy,rebalance,6.106079701437128,16.32,2009-08-03,99.65122072745393,0.34877927254608876,-169.66666666666666,Basic Materials,0.7580151432135142,0.9409024031387935,0.9669097027481772,,
2009-08-03,199576,VGR,buy,rebalance,46.414168946182556,2.147,2009-08-03,99.65122072745393,0.34877927254608876,-204.66666666666666,Consumer Defensive,0.7952851716081076,0.8504168710152036,0.9840157038698822,,
2009-08-03,197167,OTEX,buy,rebalance,13.851990648798155,7.194,2009-08-03,99.65122072745393,0.34877927254608876,-208.33333333333334,Technology,0.734020804675102,0.9310936733692987,0.9781267526640494,,
2009-08-03,198040,SRCL,buy,rebalance,1.9256274536706075,51.75,2009-08-03,99.65122072745393,0.34877927254608876,-225.33333333333334,Industrials,0.74430102483067,0.9026483570377636,0.9789680314077398,,
2009-08-03,199891,BMY,buy,rebalance,8.35579580139644,11.926,2009-08-03,99.65122072745393,0.34877927254608876,-231.66666666666666,Healthcare,0.7779253595424319,0.9043648847474252,0.9158721256309591,,
2009-09-01,196997,DGX,buy,rebalance,2.5530646835277198,39.032,2009-09-01,99.65122072745395,0.3487792725460888,-120.33333333333333,Healthcare,0.7804582522797477,0.9374693477194703,0.9764441951766686,,
2009-09-01,199841,CLX,buy,rebalance,2.86815624935108,34.744,2009-09-01,99.65122072745393,0.34877927254608876,-139.33333333333334,Consumer Defensive,0.7757143731263552,0.9102501226091221,0.9988782950084127,,
2009-09-01,124603,TCP,buy,rebalance,6.050836160510894,16.469,2009-09-01,99.65122072745392,0.3487792725460887,-152.33333333333334,Energy,0.8032379749026685,0.8928396272682687,0.9767246214245653,,
2009-09-01,185526,SY2,buy,rebalance,2.8751073493206563,34.66,2009-09-01,99.65122072745393,0.34877927254608876,-158.66666666666666,Technology,0.7723182721145383,0.9136831780284453,0.982893998878295,,
2009-09-01,197997,AZO,buy,rebalance,0.6875342950700561,144.94,2009-09-01,99.65122072745393,0.34877927254608876,-168.33333333333334,Consumer Cyclical,0.7685431232292022,0.9732712113781266,0.914469994391475,,
2009-09-01,199357,SHW,buy,rebalance,6.055248266844135,16.457,2009-09-01,99.65122072745393,0.34877927254608876,-168.66666666666666,Basic Materials,0.7580151432135142,0.9409024031387935,0.9669097027481772,,
2009-09-01,199576,VGR,buy,rebalance,43.99612394148076,2.265,2009-09-01,99.65122072745393,0.34877927254608876,-203.66666666666666,Consumer Defensive,0.7952851716081075,0.8504168710152036,0.9840157038698822,,
2009-09-01,197167,OTEX,buy,rebalance,15.258187219025254,6.531,2009-09-01,99.65122072745393,0.34877927254608876,-207.33333333333334,Technology,0.734020804675102,0.9310936733692987,0.9781267526640494,,
2009-09-01,198040,SRCL,buy,rebalance,2.0349442664376953,48.97,2009-09-01,99.65122072745393,0.34877927254608876,-224.33333333333334,Industrials,0.74430102483067,0.9026483570377636,0.9789680314077398,,
2009-09-01,199891,BMY,buy,rebalance,8.41009542809131,11.849,2009-09-01,99.65122072745393,0.34877927254608876,-231.0,Healthcare,0.7779253595424319,0.9043648847474252,0.9158721256309591,,
2009-10-01,124603,TCP,buy,rebalance,5.831990444633577,17.087,2009-10-01,99.65122072745393,0.34877927254608876,-147.0,Energy,0.7999034712417891,0.9059723593287266,0.9732498577120091,,
2009-10-01,197997,AZO,buy,rebalance,0.6843237242648945,145.62,2009-10-01,99.65122072745395,0.3487792725460888,-169.66666666666666,Consumer Cyclical,0.7729183247352431,0.9279368213228035,0.9561752988047809,,
2009-10-01,199656,HWKN,buy,rebalance,11.595441089999294,8.594,2009-10-01,99.65122072745393,0.34877927254608876,-241.0,Basic Materials,0.7712533192459882,0.9420039486673247,0.8764940239043825,,
2009-10-01,195629,TBRG,buy,rebalance,3.481751885938784,28.621,2009-10-01,99.65122072745393,0.34877927254608876,-244.33333333333334,Healthcare,0.7086377772417998,0.9622408687068115,0.9533295389869095,,
2009-10-01,197333,APU,buy,rebalance,6.360580885137802,15.667,2009-10-01,99.65122072745395,0.3487792725460888,-245.66666666666666,Utilities,0.7768797910012506,0.8926456071076012,0.9183266932270916,,
2009-10-01,193488,WBD,buy,rebalance,6.893892820993008,14.455,2009-10-01,99.65122072745393,0.34877927254608876,-250.66666666666666,Communication Services,0.7075102914967285,0.9249753208292202,0.9931701764371087,,
2009-10-01,197138,SPH,buy,rebalance,10.3351193453074,9.642,2009-10-01,99.65122072745393,0.34877927254608876,-253.33333333333334,Utilities,0.7838993701715729,0.9237413622902271,0.8685258964143426,,
2009-10-01,197167,OTEX,buy,rebalance,14.344497009853741,6.947,2009-10-01,99.65122072745395,0.3487792725460888,-260.6666666666667,Technology,0.7404299255678367,0.8827739387956565,0.9735344336937962,,
2009-10-01,196997,DGX,buy,rebalance,2.6092854527887184,38.191,2009-10-01,99.65122072745395,0.3487792725460888,-265.0,Healthcare,0.7777790497358122,0.819101678183613,0.9789413773477519,,
2009-10-01,196834,PETS,buy,rebalance,9.616059126455074,10.363,2009-10-01,99.65122072745393,0.34877927254608876,-268.6666666666667,Consumer Defensive,0.7302457122707148,0.9202862783810464,0.939954467842914,,
2009-11-02,124603,TCP,buy,rebalance,5.733012353437689,17.382,2009-11-02,99.65122072745392,0.3487792725460887,-145.33333333333334,Energy,0.7999034712417891,0.9059723593287266,0.9732498577120091,,
2009-11-02,197997,AZO,buy,rebalance,0.7315461806449414,136.22,2009-11-02,99.65122072745392,0.3487792725460887,-168.33333333333334,Consumer Cyclical,0.7729183247352432,0.9279368213228035,0.9561752988047809,,
2009-11-02,199656,HWKN,buy,rebalance,12.195719095270336,8.171,2009-11-02,99.6512207274539,0.34877927254608865,-239.66666666666666,Basic Materials,0.7712533192459882,0.9420039486673247,0.8764940239043825,,
2009-11-02,197333,APU,buy,rebalance,6.018676132599743,16.557,2009-11-02,99.65122072745393,0.34877927254608876,-243.33333333333334,Utilities,0.7768797910012506,0.8926456071076012,0.9183266932270916,,
2009-11-02,195629,TBRG,buy,rebalance,3.4082776088464986,29.238,2009-11-02,99.65122072745392,0.3487792725460887,-243.66666666666666,Healthcare,0.7086377772417997,0.9622408687068115,0.9533295389869095,,
2009-11-02,193488,WBD,buy,rebalance,7.305807971220961,13.64,2009-11-02,99.65122072745392,0.3487792725460887,-249.0,Communication Services,0.7075102914967285,0.9249753208292202,0.9931701764371087,,
2009-11-02,197138,SPH,buy,rebalance,9.73251496507998,10.239,2009-11-02,99.65122072745393,0.34877927254608876,-251.0,Utilities,0.7838993701715729,0.9237413622902271,0.8685258964143426,,
2009-11-02,197167,OTEX,buy,rebalance,14.303318605921334,6.967,2009-11-02,99.65122072745393,0.34877927254608876,-258.6666666666667,Technology,0.7404299255678367,0.8827739387956565,0.9735344336937962,,
2009-11-02,196997,DGX,buy,rebalance,2.4029133786852,41.471,2009-11-02,99.65122072745392,0.3487792725460887,-263.0,Healthcare,0.7777790497358122,0.819101678183613,0.9789413773477519,,
2009-11-02,196834,PETS,buy,rebalance,11.532371337513473,8.641,2009-11-02,99.65122072745392,0.3487792725460887,-267.0,Consumer Defensive,0.7302457122707149,0.9202862783810464,0.939954467842914,,
2009-12-01,184075,HLTH1,sell,delisted,33.2674470357073,15.23,2009-10-23,506.6632183538222,1.7733212642383775,,,,,,365.05552611524837,139.8343709743354
2009-12-01,124603,TCP,buy,rebalance,9.18672600498588,16.324,2009-12-01,149.96411530538953,0.5248744035688634,-144.33333333333334,Energy,0.7999034712417891,0.9059723593287266,0.9732498577120091,,
2009-12-01,197997,AZO,buy,rebalance,0.9918261594271796,151.2,2009-12-01,149.96411530538953,0.5248744035688634,-167.66666666666666,Consumer Cyclical,0.7729183247352432,0.9279368213228035,0.9561752988047809,,
2009-12-01,199656,HWKN,buy,rebalance,18.135701451855066,8.269,2009-12-01,149.96411530538956,0.5248744035688635,-239.0,Basic Materials,0.7712533192459882,0.9420039486673247,0.8764940239043825,,
2009-12-01,197333,APU,buy,rebalance,8.79451766979765,17.052,2009-12-01,149.9641153053895,0.5248744035688633,-242.0,Utilities,0.7768797910012507,0.8926456071076012,0.9183266932270916,,
2009-12-01,195629,TBRG,buy,rebalance,4.495461953457523,33.359,2009-12-01,149.96411530538953,0.5248744035688634,-243.0,Healthcare,0.7086377772417998,0.9622408687068115,0.9533295389869095,,
2009-12-01,193488,WBD,buy,rebalance,9.259902149144152,16.195,2009-12-01,149.96411530538953,0.5248744035688634,-248.33333333333334,Communication Services,0.7075102914967285,0.9249753208292202,0.9931701764371087,,
2009-12-01,197138,SPH,buy,rebalance,14.562450505475773,10.298,2009-12-01,149.96411530538953,0.5248744035688634,-250.0,Utilities,0.7838993701715729,0.9237413622902271,0.8685258964143426,,
2009-12-01,197167,OTEX,buy,rebalance,20.74766398801737,7.228,2009-12-01,149.96411530538953,0.5248744035688634,-257.3333333333333,Technology,0.7404299255678367,0.8827739387956565,0.9735344336937962,,
2009-12-01,196997,DGX,buy,rebalance,3.4660160238840114,43.267,2009-12-01,149.96411530538953,0.5248744035688634,-261.6666666666667,Healthcare,0.7777790497358122,0.819101678183613,0.9789413773477519,,
2009-12-01,196834,PETS,buy,rebalance,16.590786072064336,9.039,2009-12-01,149.96411530538953,0.5248744035688634,-266.0,Consumer Defensive,0.7302457122707148,0.9202862783810464,0.939954467842914,,
2010-01-04,197001,NUS,buy,rebalance,5.9192884304991935,16.835,2010-01-04,99.65122072745393,0.34877927254608876,-298.3333333333333,Consumer Defensive,0.6573781034796704,0.9109109109109109,0.9335243553008596,,
2010-01-04,197207,CLB,buy,rebalance,1.9745818203470373,50.467,2010-01-04,99.65122072745393,0.34877927254608876,-327.6666666666667,Energy,0.6801097381792425,0.8330830830830831,0.9541547277936963,,
2010-01-04,124603,TCP,buy,rebalance,5.841905307037984,17.058,2010-01-04,99.65122072745393,0.34877927254608876,-342.0,Energy,0.7499298906465549,0.7975475475475475,0.9017191977077363,,
2010-01-04,199623,IBM,buy,rebalance,1.3979269233001885,71.285,2010-01-04,99.65122072745393,0.34877927254608876,-359.6666666666667,Technology,0.7175136851948061,0.7477477477477478,0.9636103151862464,,
2010-01-04,197110,TUPBQ,buy,rebalance,3.0426924590838125,32.751,2010-01-04,99.65122072745393,0.34877927254608876,-364.0,Consumer Cyclical,0.6277266829962388,0.9181681681681682,0.9191977077363896,,
2010-01-04,193488,WBD,buy,rebalance,6.429111014674447,15.5,2010-01-04,99.65122072745393,0.34877927254608876,-372.6666666666667,Communication Services,0.6328309867592361,0.8460960960960962,0.9796561604584527,,
2010-01-04,195522,HLF,buy,rebalance,10.482981351509986,9.506,2010-01-04,99.65122072745393,0.34877927254608876,-379.0,Consumer Defensive,0.6392501316972778,0.8328328328328328,0.9722063037249283,,
2010-01-04,198047,TYL,buy,rebalance,4.908927129431229,20.3,2010-01-04,99.65122072745395,0.3487792725460888,-393.3333333333333,Technology,0.6935045257268979,0.7222222222222222,0.9974212034383955,,
2010-01-04,195349,TDG,buy,rebalance,4.6857206341963575,21.267,2010-01-04,99.65122072745393,0.34877927254608876,-396.6666666666667,Industrials,0.6461038648808546,0.8225725725725725,0.956160458452722,,
2010-01-04,196456,BKNG,buy,rebalance,11.360148281743495,8.772,2010-01-04,99.65122072745395,0.3487792725460888,-400.0,Industrials,0.5785096033063096,0.9351851851851852,0.967621776504298,,
2010-02-01,123237,RHDCQ,sell,delisted,9.67048102382742,0.004,2009-12-23,0.03868192409530968,0.00013538673433358388,,,,,,599.9999999999999,-599.9614534626389
2010-02-01,197001,NUS,buy,rebalance,6.822885248319648,14.606,2010-02-01,99.65506193695677,0.3487927167793487,-297.3333333333333,Consumer Defensive,0.6573781034796704,0.9109109109109109,0.9335243553008596,,
2010-02-01,197207,CLB,buy,rebalance,2.0279825383996086,49.14,2010-02-01,99.65506193695677,0.3487927167793487,-325.0,Energy,0.6801097381792425,0.8330830830830831,0.9541547277936963,,
2010-02-01,124603,TCP,buy,rebalance,5.921275219070517,16.83,2010-02-01,99.65506193695678,0.34879271677934875,-339.0,Energy,0.7499298906465549,0.7975475475475475,0.9017191977077363,,
2010-02-01,199623,IBM,buy,rebalance,1.4852165777960116,67.098,2010-02-01,99.65506193695678,0.34879271677934875,-356.3333333333333,Technology,0.7175136851948061,0.7477477477477478,0.9636103151862464,,
2010-02-01,197110,TUPBQ,buy,rebalance,3.3634298132558222,29.629,2010-02-01,99.65506193695676,0.34879271677934864,-363.0,Consumer Cyclical,0.6277266829962388,0.9181681681681682,0.9191977077363896,,
2010-02-01,193488,WBD,buy,rebalance,6.690504326079676,14.895,2010-02-01,99.65506193695677,0.3487927167793487,-370.6666666666667,Communication Services,0.6328309867592361,0.8460960960960962,0.9796561604584527,,
2010-02-01,195522,HLF,buy,rebalance,10.975227085567926,9.08,2010-02-01,99.65506193695677,0.3487927167793487,-376.3333333333333,Consumer Defensive,0.6392501316972778,0.8328328328328328,0.9722063037249283,,
2010-02-01,198047,TYL,buy,rebalance,5.24500325983983,19.0,2010-02-01,99.65506193695677,0.3487927167793487,-389.6666666666667,Technology,0.6935045257268979,0.7222222222222222,0.9974212034383955,,
2010-02-01,195349,TDG,buy,rebalance,4.778702500093832,20.854,2010-02-01,99.65506193695677,0.3487927167793487,-394.0,Industrials,0.6461038648808545,0.8225725725725725,0.956160458452722,,
2010-02-01,196456,BKNG,buy,rebalance,12.459997741554984,7.998,2010-02-01,99.65506193695677,0.3487927167793487,-398.6666666666667,Industrials,0.5785096033063096,0.9351851851851852,0.967621776504298,,
2010-03-01,197001,NUS,buy,rebalance,5.623658054596723,17.72,2010-03-01,99.65122072745393,0.34877927254608876,-297.0,Consumer Defensive,0.6573781034796704,0.9109109109109109,0.9335243553008596,,
2010-03-01,197207,CLB,buy,rebalance,1.9378725614502057,51.423,2010-03-01,99.65122072745393,0.34877927254608876,-324.6666666666667,Energy,0.6801097381792424,0.8330830830830831,0.9541547277936963,,
2010-03-01,124603,TCP,buy,rebalance,5.768188280125836,17.276,2010-03-01,99.65122072745393,0.34877927254608876,-338.6666666666667,Energy,0.7499298906465549,0.7975475475475475,0.9017191977077363,,
2010-03-01,199623,IBM,buy,rebalance,1.4336448622114248,69.509,2010-03-01,99.65122072745393,0.34877927254608876,-355.6666666666667,Technology,0.7175136851948061,0.7477477477477478,0.9636103151862464,,
2010-03-01,197110,TUPBQ,buy,rebalance,3.0871842599663535,32.279,2010-03-01,99.65122072745393,0.34877927254608876,-362.6666666666667,Consumer Cyclical,0.6277266829962388,0.9181681681681682,0.9191977077363896,,
2010-03-01,193488,WBD,buy,rebalance,6.452005226769436,15.445,2010-03-01,99.65122072745393,0.34877927254608876,-370.6666666666667,Communication Services,0.6328309867592361,0.8460960960960962,0.9796561604584527,,
2010-03-01,195522,HLF,buy,rebalance,10.425949019403008,9.558,2010-03-01,99.65122072745395,0.3487792725460888,-376.3333333333333,Consumer Defensive,0.6392501316972778,0.8328328328328328,0.9722063037249283,,
2010-03-01,198047,TYL,buy,rebalance,5.320406872795192,18.73,2010-03-01,99.65122072745395,0.3487792725460888,-389.3333333333333,Technology,0.6935045257268977,0.7222222222222222,0.9974212034383955,,
2010-03-01,195349,TDG,buy,rebalance,4.400583825456124,22.645,2010-03-01,99.65122072745393,0.34877927254608876,-393.6666666666667,Industrials,0.6461038648808545,0.8225725725725725,0.956160458452722,,
2010-03-01,196456,BKNG,buy,rebalance,10.664728245660738,9.344,2010-03-01,99.65122072745393,0.34877927254608876,-398.3333333333333,Industrials,0.5785096033063096,0.9351851851851852,0.967621776504298,,
2010-04-01,197001,NUS,buy,rebalance,5.3999794476782235,18.454,2010-04-01,99.65122072745393,0.34877927254608876,-393.0,Consumer Defensive,0.6569489002811462,0.8301355845484779,0.9345029239766082,,
2010-04-01,197916,STGW,buy,rebalance,18.09865977614492,5.506,2010-04-01,99.65122072745393,0.34877927254608876,-408.3333333333333,Communication Services,0.6187180738065152,0.8303914044512664,0.9941520467836257,,
2010-04-01,199059,AAPL,buy,rebalance,14.120904169966547,7.057,2010-04-01,99.65122072745393,0.34877927254608876,-416.6666666666667,Technology,0.6626929535702686,0.782808902532617,0.9558479532163743,,
2010-04-01,193488,WBD,buy,rebalance,5.894777919399818,16.905,2010-04-01,99.65122072745393,0.34877927254608876,-431.0,Communication Services,0.6420836844053048,0.778715784088002,0.9821637426900585,,
2010-04-01,196024,TPR,buy,rebalance,3.8164459701832154,26.111,2010-04-01,99.65122072745395,0.3487792725460888,-431.3333333333333,Consumer Cyclical,0.6151546177959186,0.8564850345356869,0.9497076023391813,,
2010-04-01,198326,NWL,buy,rebalance,11.085907300862601,8.989,2010-04-01,99.65122072745393,0.34877927254608876,-431.6666666666667,Consumer Defensive,0.6045339383695788,0.8779739063699156,0.947953216374269,,
2010-04-01,196456,BKNG,buy,rebalance,9.898800111995026,10.067,2010-04-01,99.65122072745393,0.34877927254608876,-460.3333333333333,Industrials,0.5838424967577402,0.8718342287029931,0.9698830409356726,,
2010-04-01,197603,WINA,buy,rebalance,6.207638492957947,16.053,2010-04-01,99.65122072745392,0.3487792725460887,-469.3333333333333,Consumer Cyclical,0.6380245206771379,0.8132514709644411,0.916374269005848,,
2010-04-01,194859,WCRX,buy,rebalance,7.029076724797485,14.177,2010-04-01,99.65122072745395,0.3487792725460888,-469.6666666666667,Healthcare,0.6094682819278014,0.8209260680480941,0.9649122807017544,,
2010-04-01,197065,SIRO,buy,rebalance,2.5910353803290156,38.46,2010-04-01,99.65122072745395,0.3487792725460888,-476.3333333333333,Healthcare,0.6219289783504081,0.8667178306472244,0.8842105263157894,,
2010-05-03,186263,CHTT,sell,delisted,4.193976309128498,93.49,2010-03-10,392.0948451404233,1.3723319579914814,,,,,,300.0,90.72251318243178
2010-05-03,197001,NUS,buy,rebalance,7.265002942534178,19.076,2010-05-03,138.58719613178198,0.48505518646123696,-390.6666666666667,Consumer Defensive,0.6569489002811463,0.8301355845484779,0.9345029239766082,,
2010-05-03,197916,STGW,buy,rebalance,20.734170576268994,6.684,2010-05-03,138.58719613178195,0.48505518646123685,-406.0,Communication Services,0.6187180738065152,0.8303914044512664,0.9941520467836257,,
2010-05-03,199059,AAPL,buy,rebalance,17.397338203839062,7.966,2010-05-03,138.58719613178198,0.48505518646123696,-413.6666666666667,Technology,0.6626929535702686,0.782808902532617,0.9558479532163743,,
2010-05-03,193488,WBD,buy,rebalance,7.042032323769409,19.68,2010-05-03,138.58719613178198,0.48505518646123696,-428.0,Communication Services,0.6420836844053048,0.778715784088002,0.9821637426900585,,
2010-05-03,196024,TPR,buy,rebalance,4.951134154970597,27.991,2010-05-03,138.58719613178198,0.48505518646123696,-428.3333333333333,Consumer Cyclical,0.6151546177959186,0.8564850345356869,0.9497076023391813,,
2010-05-03,198326,NWL,buy,rebalance,13.597644832396192,10.192,2010-05-03,138.58719613178198,0.48505518646123696,-428.6666666666667,Consumer Defensive,0.6045339383695788,0.8779739063699156,0.947953216374269,,
2010-05-03,196456,BKNG,buy,rebalance,13.148690335083678,10.54,2010-05-03,138.58719613178195,0.48505518646123685,-458.0,Industrials,0.5838424967577402,0.8718342287029931,0.9698830409356726,,
2010-05-03,197603,WINA,buy,rebalance,7.018139268333518,19.747,2010-05-03,138.58719613178198,0.48505518646123696,-465.3333333333333,Consumer Cyclical,0.6380245206771379,0.8132514709644411,0.916374269005848,,
2010-05-03,194859,WCRX,buy,rebalance,8.77745241191855,15.789,2010-05-03,138.58719613178198,0.48505518646123696,-466.6666666666667,Healthcare,0.6094682819278014,0.8209260680480941,0.9649122807017544,,
2010-05-03,197065,SIRO,buy,rebalance,3.278618313976389,42.27,2010-05-03,138.58719613178198,0.48505518646123696,-473.3333333333333,Healthcare,0.6219289783504081,0.8667178306472244,0.8842105263157894,,
2010-06-01,197001,NUS,buy,rebalance,5.6395710655039,17.67,2010-06-01,99.65122072745393,0.34877927254608876,-389.0,Consumer Defensive,0.6569489002811463,0.8301355845484779,0.9345029239766082,,
2010-06-01,197916,STGW,buy,rebalance,15.830217748602688,6.295,2010-06-01,99.65122072745392,0.3487792725460887,-404.6666666666667,Communication Services,0.6187180738065152,0.8303914044512664,0.9941520467836257,,
2010-06-01,199059,AAPL,buy,rebalance,12.774159816363792,7.801,2010-06-01,99.65122072745395,0.3487792725460888,-411.6666666666667,Technology,0.6626929535702686,0.782808902532617,0.9558479532163743,,
2010-06-01,193488,WBD,buy,rebalance,5.374930999323297,18.54,2010-06-01,99.65122072745392,0.3487792725460887,-426.3333333333333,Communication Services,0.6420836844053048,0.778715784088002,0.9821637426900585,,
2010-06-01,196024,TPR,buy,rebalance,3.8040624800524476,26.196,2010-06-01,99.65122072745392,0.3487792725460887,-427.0,Consumer Cyclical,0.6151546177959186,0.8564850345356869,0.9497076023391813,,
2010-06-01,198326,NWL,buy,rebalance,10.360908788464746,9.618,2010-06-01,99.65122072745393,0.34877927254608876,-427.3333333333333,Consumer Defensive,0.6045339383695788,0.8779739063699156,0.947953216374269,,
2010-06-01,196456,BKNG,buy,rebalance,13.750685901401123,7.247,2010-06-01,99.65122072745395,0.3487792725460888,-456.3333333333333,Industrials,0.5838424967577402,0.8718342287029931,0.9698830409356726,,
2010-06-01,197603,WINA,buy,rebalance,4.537025165154523,21.964,2010-06-01,99.65122072745393,0.34877927254608876,-463.3333333333333,Consumer Cyclical,0.6380245206771379,0.8132514709644411,0.916374269005848,,
2010-06-01,194859,WCRX,buy,rebalance,8.168132846512618,12.2,2010-06-01,99.65122072745393,0.34877927254608876,-465.0,Healthcare,0.6094682819278014,0.8209260680480941,0.9649122807017544,,
2010-06-01,197065,SIRO,buy,rebalance,2.994327545897053,33.28,2010-06-01,99.65122072745393,0.34877927254608876,-472.0,Healthcare,0.6219289783504081,0.8667178306472244,0.8842105263157894,,
2010-07-01,116231,SKIL2,sell,delisted,85.84433450397927,11.19,2010-05-26,960.598103099528,3.362093360848348,,,,,,564.6707453848356,392.565264353844
2010-07-01,188136,LNCR,buy,rebalance,6.578775512604659,29.647,2010-07-01,195.04095762219032,0.6826433516776661,-311.3333333333333,Healthcare,0.6903280966905572,0.8379078197824961,0.9344596562773084,,
2010-07-01,195522,HLF,buy,rebalance,18.13153831200059,10.757,2010-07-01,195.04095762219035,0.6826433516776662,-360.3333333333333,Consumer Defensive,0.6131794278147897,0.8845157949249094,0.9804835420914652,,
2010-07-01,197603,WINA,buy,rebalance,8.74740806486031,22.297,2010-07-01,195.04095762219032,0.6826433516776661,-377.6666666666667,Consumer Cyclical,0.6431163758337158,0.8218539616778872,0.9662103116807457,,
2010-07-01,197001,NUS,buy,rebalance,12.747775007986295,15.3,2010-07-01,195.04095762219032,0.6826433516776661,-378.0,Consumer Defensive,0.6376036618234334,0.8464526152252719,0.9539761141858433,,
2010-07-01,195349,TDG,buy,rebalance,8.967812663671449,21.749,2010-07-01,195.04095762219032,0.6826433516776661,-398.6666666666667,Industrials,0.6990831383990918,0.7371828068358364,0.9414506262743956,,
2010-07-01,199059,AAPL,buy,rebalance,26.24340118705467,7.432,2010-07-01,195.04095762219032,0.6826433516776661,-417.3333333333333,Technology,0.6432592599908625,0.7951838425686173,0.9568890183512962,,
2010-07-01,199324,SWK,buy,rebalance,5.89621686333294,33.079,2010-07-01,195.04095762219032,0.6826433516776661,-420.0,Industrials,0.672763262829459,0.7962195753495598,0.9027090008738713,,
2010-07-01,174689,RBI,buy,rebalance,14.49041289912261,13.46,2010-07-01,195.04095762219035,0.6826433516776662,-421.3333333333333,Consumer Cyclical,0.6470606167159833,0.8376488865872604,0.9006699679580542,,
2010-07-01,115441,WPZ1,buy,rebalance,5.6951253430137045,34.247,2010-07-01,195.04095762219035,0.6826433516776662,-444.0,Energy,0.6223993695382735,0.9528741584671155,0.8170696184095543,,
2010-07-01,194859,WCRX,buy,rebalance,15.899646011428226,12.267,2010-07-01,195.04095762219004,0.6826433516776651,-446.0,Healthcare,0.5800660441680738,0.8643190056965303,0.9982522575007282,,
2010-08-02,188136,LNCR,buy,rebalance,4.339265000106854,22.965,2010-08-02,99.6512207274539,0.34877927254608865,-310.0,Healthcare,0.6903280966905574,0.8379078197824961,0.9344596562773084,,
2010-08-02,195522,HLF,buy,rebalance,8.72679050069655,11.419,2010-08-02,99.65122072745392,0.3487792725460887,-359.0,Consumer Defensive,0.6131794278147897,0.8845157949249094,0.9804835420914652,,
2010-08-02,197603,WINA,buy,rebalance,4.173698304885822,23.876,2010-08-02,99.6512207274539,0.34877927254608865,-376.3333333333333,Consumer Cyclical,0.6431163758337158,0.8218539616778872,0.9662103116807457,,
2010-08-02,197001,NUS,buy,rebalance,5.44155631122448,18.313,2010-08-02,99.6512207274539,0.34877927254608865,-376.6666666666667,Consumer Defensive,0.6376036618234334,0.8464526152252719,0.9539761141858433,,
2010-08-02,195349,TDG,buy,rebalance,4.225553183541276,23.583,2010-08-02,99.6512207274539,0.34877927254608865,-397.3333333333333,Industrials,0.6990831383990918,0.7371828068358364,0.9414506262743956,,
2010-08-02,199059,AAPL,buy,rebalance,12.725222925227161,7.831,2010-08-02,99.6512207274539,0.34877927254608865,-415.6666666666667,Technology,0.6432592599908625,0.7951838425686173,0.9568890183512962,,
2010-08-02,199324,SWK,buy,rebalance,2.556929687923791,38.973,2010-08-02,99.6512207274539,0.34877927254608865,-418.0,Industrials,0.672763262829459,0.7962195753495598,0.9027090008738713,,
2010-08-02,174689,RBI,buy,rebalance,7.359765194051249,13.54,2010-08-02,99.6512207274539,0.34877927254608865,-419.6666666666667,Consumer Cyclical,0.6470606167159833,0.8376488865872604,0.9006699679580542,,
2010-08-02,115441,WPZ1,buy,rebalance,2.6221935301806147,38.003,2010-08-02,99.6512207274539,0.34877927254608865,-442.6666666666667,Energy,0.6223993695382735,0.9528741584671155,0.8170696184095543,,
2010-08-02,194859,WCRX,buy,rebalance,6.94772507337753,14.343,2010-08-02,99.65122072745392,0.3487792725460887,-444.6666666666667,Healthcare,0.5800660441680738,0.8643190056965303,0.9982522575007282,,
2010-09-01,185526,SY2,sell,delisted,20.64254604232977,64.98,2010-07-29,1341.3526418305885,4.69473424640706,,,,,,610.4163853406029,726.2415222435785
2010-09-01,188136,LNCR,buy,rebalance,10.605821585662577,21.955,2010-09-01,232.85081291322186,0.8149778451962765,-306.6666666666667,Healthcare,0.6903280966905572,0.8379078197824961,0.9344596562773084,,
2010-09-01,195522,HLF,buy,rebalance,17.71267403873588,13.146,2010-09-01,232.8508129132219,0.8149778451962766,-355.6666666666667,Consumer Defensive,0.6131794278147897,0.8845157949249094,0.9804835420914652,,
2010-09-01,197001,NUS,buy,rebalance,13.566232399977968,17.164,2010-09-01,232.85081291322186,0.8149778451962765,-372.6666666666667,Consumer Defensive,0.6376036618234334,0.8464526152252719,0.9539761141858433,,
2010-09-01,197603,WINA,buy,rebalance,9.992310557148086,23.303,2010-09-01,232.85081291322186,0.8149778451962765,-372.6666666666667,Consumer Cyclical,0.6431163758337157,0.8218539616778872,0.9662103116807457,,
2010-09-01,195349,TDG,buy,rebalance,9.091828234478227,25.611,2010-09-01,232.85081291322186,0.8149778451962765,-394.0,Industrials,0.6990831383990918,0.7371828068358364,0.9414506262743956,,
2010-09-01,199059,AAPL,buy,rebalance,31.10068290546572,7.487,2010-09-01,232.85081291322186,0.8149778451962765,-411.6666666666667,Technology,0.6432592599908625,0.7951838425686173,0.9568890183512962,,
2010-09-01,199324,SWK,buy,rebalance,6.17985649601162,37.679,2010-09-01,232.85081291322186,0.8149778451962765,-414.0,Industrials,0.672763262829459,0.7962195753495598,0.9027090008738713,,
2010-09-01,115441,WPZ1,buy,rebalance,6.76714850513592,34.409,2010-09-01,232.8508129132219,0.8149778451962766,-438.6666666666667,Energy,0.6223993695382735,0.9528741584671155,0.8170696184095543,,
2010-09-01,194859,WCRX,buy,rebalance,14.548629360401243,16.005,2010-09-01,232.8508129132219,0.8149778451962766,-441.3333333333333,Healthcare,0.5800660441680738,0.8643190056965303,0.9982522575007282,,
2010-09-01,188102,LZ1,buy,rebalance,2.4043906996119726,96.844,2010-09-01,232.85081291322186,0.8149778451962765,-471.6666666666667,Basic Materials,0.6556338235747027,0.8252200932159502,0.8464899504806291,,
2010-10-01,174689,RBI,sell,delisted,21.85017809317386,13.56,2010-08-05,296.28841494343754,1.0370094523020315,,,,,,295.723600973868,-0.47219548273244527
2010-10-01,197207,CLB,buy,rebalance,1.743645845405499,74.025,2010-10-01,129.07338370614207,0.45175684297149726,-268.0,Energy,0.661279548827167,0.8652389657874119,0.9849557522123894,,
2010-10-01,195812,COR,buy,rebalance,5.215929188803932,24.746,2010-10-01,129.0733837061421,0.4517568429714973,-286.0,Healthcare,0.6994993282634862,0.8231914337947245,0.9542772861356932,,
2010-10-01,197603,WINA,buy,rebalance,5.436271056991202,23.743,2010-10-01,129.0733837061421,0.4517568429714973,-311.6666666666667,Consumer Cyclical,0.6481890814703474,0.8555758683729433,0.9796460176991151,,
2010-10-01,199855,CHE,buy,rebalance,2.5064253006222126,51.497,2010-10-01,129.07338370614207,0.45175684297149726,-313.6666666666667,Healthcare,0.7085120665003876,0.7795769130321233,0.9643067846607669,,
2010-10-01,195522,HLF,buy,rebalance,9.098645404352325,14.186,2010-10-01,129.0733837061421,0.4517568429714973,-355.6666666666667,Consumer Defensive,0.6353473332529971,0.8409506398537477,0.9778761061946902,,
2010-10-01,199059,AAPL,buy,rebalance,15.274956651614447,8.45,2010-10-01,129.07338370614207,0.45175684297149726,-356.0,Technology,0.6505744780033758,0.8289370592844084,0.9616519174041298,,
2010-10-01,199890,BF.B,buy,rebalance,11.044184453336365,11.687,2010-10-01,129.0733837061421,0.4517568429714973,-358.3333333333333,Consumer Defensive,0.7152710394273875,0.7787934186471663,0.9129793510324484,,
2010-10-01,199660,HAS,buy,rebalance,4.8582273301017045,26.568,2010-10-01,129.0733837061421,0.4517568429714973,-370.3333333333333,Consumer Cyclical,0.6980175658642014,0.8302428832593366,0.8675516224188791,,
2010-10-01,195349,TDG,buy,rebalance,4.836564008923523,26.687,2010-10-01,129.07338370614207,0.45175684297149726,-395.0,Industrials,0.705057710666076,0.742491512144163,0.9300884955752212,,
2010-10-01,193222,DTV1,buy,rebalance,3.0856654005771476,41.83,2010-10-01,129.07338370614207,0.45175684297149726,-410.6666666666667,Communication Services,0.6926611438482404,0.7649516845129276,0.9050147492625369,,
2010-11-01,197207,CLB,buy,rebalance,1.535316006647366,64.906,2010-11-01,99.65122072745395,0.3487792725460888,-266.0,Energy,0.661279548827167,0.8652389657874119,0.9849557522123894,,
2010-11-01,195812,COR,buy,rebalance,3.788731683045165,26.302,2010-11-01,99.65122072745393,0.34877927254608876,-283.6666666666667,Healthcare,0.6994993282634862,0.8231914337947245,0.9542772861356932,,
2010-11-01,197603,WINA,buy,rebalance,4.278896505966505,23.289,2010-11-01,99.65122072745393,0.34877927254608876,-309.3333333333333,Consumer Cyclical,0.6481890814703474,0.8555758683729433,0.9796460176991151,,
2010-11-01,199855,CHE,buy,rebalance,1.8597197060214603,53.584,2010-11-01,99.65122072745393,0.34877927254608876,-310.3333333333333,Healthcare,0.7085120665003876,0.7795769130321233,0.9643067846607669,,
2010-11-01,195522,HLF,buy,rebalance,6.580244369219092,15.144,2010-11-01,99.65122072745393,0.34877927254608876,-353.0,Consumer Defensive,0.6353473332529971,0.8409506398537477,0.9778761061946902,,
2010-11-01,199059,AAPL,buy,rebalance,10.954294902435302,9.097,2010-11-01,99.65122072745395,0.3487792725460888,-353.3333333333333,Technology,0.6505744780033758,0.8289370592844084,0.9616519174041298,,
2010-11-01,199890,BF.B,buy,rebalance,8.681932455780967,11.478,2010-11-01,99.65122072745393,0.34877927254608876,-355.0,Consumer Defensive,0.7152710394273873,0.7787934186471663,0.9129793510324484,,
2010-11-01,199660,HAS,buy,rebalance,3.567380995469819,27.934,2010-11-01,99.65122072745393,0.34877927254608876,-367.6666666666667,Consumer Cyclical,0.6980175658642014,0.8302428832593366,0.8675516224188791,,
2010-11-01,195349,TDG,buy,rebalance,3.4692668405324443,28.724,2010-11-01,99.65122072745393,0.34877927254608876,-391.3333333333333,Industrials,0.705057710666076,0.742491512144163,0.9300884955752212,,
2010-11-01,193222,DTV1,buy,rebalance,2.2767014102685383,43.77,2010-11-01,99.65122072745393,0.34877927254608876,-406.6666666666667,Communication Services,0.6926611438482402,0.7649516845129276,0.9050147492625369,,
2010-12-01,197207,CLB,buy,rebalance,1.3741963253275682,72.516,2010-12-01,99.65122072745395,0.3487792725460888,-264.0,Energy,0.6612795488271669,0.8652389657874119,0.9849557522123894,,
2010-12-01,195812,COR,buy,rebalance,3.925130799096184,25.388,2010-12-01,99.65122072745393,0.34877927254608876,-281.3333333333333,Healthcare,0.6994993282634862,0.8231914337947245,0.9542772861356932,,
2010-12-01,197603,WINA,buy,rebalance,4.224836593354557,23.587,2010-12-01,99.65122072745395,0.3487792725460888,-307.3333333333333,Consumer Cyclical,0.6481890814703474,0.8555758683729433,0.9796460176991151,,
2010-12-01,199855,CHE,buy,rebalance,1.773658349840772,56.184,2010-12-01,99.65122072745393,0.34877927254608876,-308.0,Healthcare,0.7085120665003876,0.7795769130321233,0.9643067846607669,,
2010-12-01,195522,HLF,buy,rebalance,6.150171000892053,16.203,2010-12-01,99.65122072745393,0.34877927254608876,-350.6666666666667,Consumer Defensive,0.6353473332529969,0.8409506398537477,0.9778761061946902,,
2010-12-01,199059,AAPL,buy,rebalance,10.53061616056789,9.463,2010-12-01,99.65122072745393,0.34877927254608876,-351.0,Technology,0.6505744780033758,0.8289370592844084,0.9616519174041298,,
2010-12-01,199890,BF.B,buy,rebalance,7.924550356059956,12.575,2010-12-01,99.65122072745393,0.34877927254608876,-352.3333333333333,Consumer Defensive,0.7152710394273875,0.7787934186471663,0.9129793510324484,,
2010-12-01,199660,HAS,buy,rebalance,3.4844302502693774,28.599,2010-12-01,99.65122072745392,0.3487792725460887,-364.6666666666667,Consumer Cyclical,0.6980175658642014,0.8302428832593366,0.8675516224188791,,
2010-12-01,195349,TDG,buy,rebalance,3.3459094358343324,29.783,2010-12-01,99.65122072745393,0.34877927254608876,-389.0,Industrials,0.705057710666076,0.742491512144163,0.9300884955752212,,
2010-12-01,193222,DTV1,buy,rebalance,2.4169590280731006,41.23,2010-12-01,99.65122072745393,0.34877927254608876,-404.0,Communication Services,0.6926611438482402,0.7649516845129276,0.9050147492625369,,
2011-01-03,197997,AZO,buy,rebalance,0.3712787657505735,268.4,2011-01-03,99.65122072745392,0.3487792725460887,-246.33333333333334,Consumer Cyclical,0.6471057884030467,0.8629883843717001,0.9434639545318576,,
2011-01-03,197207,CLB,buy,rebalance,1.3339475895193555,74.704,2011-01-03,99.65122072745393,0.34877927254608876,-272.6666666666667,Energy,0.5961107190447109,0.8835797254487856,0.9814537840263237,,
2011-01-03,187636,ENDPQ,buy,rebalance,2.765017223292285,36.04,2011-01-03,99.65122072745395,0.3487792725460888,-291.3333333333333,Healthcare,0.6423764000697423,0.8482048574445618,0.919533353275501,,
2011-01-03,198615,MO,buy,rebalance,10.543986956666377,9.451,2011-01-03,99.65122072745393,0.34877927254608876,-294.3333333333333,Consumer Defensive,0.6685924392407893,0.7600316789862724,0.9943164822016153,,
2011-01-03,199670,GNI,buy,rebalance,2.006023446482284,49.676,2011-01-03,99.65122072745395,0.3487792725460888,-295.3333333333333,Basic Materials,0.5856591588110328,0.8825237592397043,0.9847442416990727,,
2011-01-03,195349,TDG,buy,rebalance,3.1386211252741396,31.75,2011-01-03,99.65122072745393,0.34877927254608876,-302.0,Industrials,0.6374087753391713,0.8397571277719112,0.9273107986838169,,
2011-01-03,198685,ROST,buy,rebalance,7.2801885394107195,13.688,2011-01-03,99.65122072745393,0.34877927254608876,-312.0,Consumer Cyclical,0.6337992224279959,0.8384371700105596,0.9231229434639545,,
2011-01-03,195522,HLF,buy,rebalance,6.1841393029324765,16.114,2011-01-03,99.65122072745393,0.34877927254608876,-323.0,Consumer Defensive,0.5900401062870018,0.8569165786694826,0.9757702662279389,,
2011-01-03,197671,INTU,buy,rebalance,2.287099693086088,43.571,2011-01-03,99.65122072745393,0.34877927254608876,-351.3333333333333,Technology,0.6178283723253416,0.821805702217529,0.9314986539036794,,
2011-01-03,199522,MOCO,buy,rebalance,9.10722178097733,10.942,2011-01-03,99.65122072745395,0.3487792725460888,-391.0,Technology,0.6060928985570186,0.8862196409714889,0.8423571642237512,,
2011-02-01,197997,AZO,buy,rebalance,0.3907891008919762,255.0,2011-02-01,99.65122072745393,0.34877927254608876,-240.33333333333334,Consumer Cyclical,0.6471057884030467,0.8629883843717001,0.9434639545318576,,
2011-02-01,197207,CLB,buy,rebalance,1.3016604716414428,76.557,2011-02-01,99.65122072745395,0.3487792725460888,-267.0,Energy,0.596110719044711,0.8835797254487856,0.9814537840263237,,
2011-02-01,187636,ENDPQ,buy,rebalance,2.892633402828851,34.45,2011-02-01,99.65122072745393,0.34877927254608876,-285.0,Healthcare,0.6423764000697423,0.8482048574445618,0.919533353275501,,
2011-02-01,198615,MO,buy,rebalance,10.95549920046767,9.096,2011-02-01,99.65122072745393,0.34877927254608876,-288.6666666666667,Consumer Defensive,0.6685924392407894,0.7600316789862724,0.9943164822016153,,
2011-02-01,199670,GNI,buy,rebalance,2.756603616250455,36.15,2011-02-01,99.65122072745393,0.34877927254608876,-289.3333333333333,Basic Materials,0.5856591588110326,0.8825237592397043,0.9847442416990727,,
2011-02-01,195349,TDG,buy,rebalance,2.9626358879609325,33.636,2011-02-01,99.65122072745393,0.34877927254608876,-295.3333333333333,Industrials,0.6374087753391711,0.8397571277719112,0.9273107986838169,,
2011-02-01,198685,ROST,buy,rebalance,7.08958599370048,14.056,2011-02-01,99.65122072745393,0.34877927254608876,-305.3333333333333,Consumer Cyclical,0.6337992224279959,0.8384371700105596,0.9231229434639545,,
2011-02-01,195522,HLF,buy,rebalance,6.319037458938106,15.77,2011-02-01,99.65122072745393,0.34877927254608876,-316.0,Consumer Defensive,0.5900401062870018,0.8569165786694826,0.9757702662279389,,
2011-02-01,197671,INTU,buy,rebalance,2.3957499874372865,41.595,2011-02-01,99.65122072745393,0.34877927254608876,-344.3333333333333,Technology,0.6178283723253416,0.821805702217529,0.9314986539036794,,
2011-02-01,199522,MOCO,buy,rebalance,9.214167427411367,10.815,2011-02-01,99.65122072745392,0.3487792725460887,-383.6666666666667,Technology,0.6060928985570186,0.8862196409714889,0.8423571642237512,,
2011-03-01,197997,AZO,buy,rebalance,0.37815429844965825,263.52,2011-03-01,99.65122072745393,0.34877927254608876,-238.0,Consumer Cyclical,0.6471057884030467,0.8629883843717001,0.9434639545318576,,
2011-03-01,197207,CLB,buy,rebalance,1.1860134337132409,84.022,2011-03-01,99.65122072745393,0.34877927254608876,-264.6666666666667,Energy,0.5961107190447109,0.8835797254487856,0.9814537840263237,,
2011-03-01,187636,ENDPQ,buy,rebalance,2.75203592177448,36.21,2011-03-01,99.65122072745393,0.34877927254608876,-282.6666666666667,Healthcare,0.6423764000697426,0.8482048574445618,0.919533353275501,,
2011-03-01,198615,MO,buy,rebalance,10.283923707683586,9.69,2011-03-01,99.65122072745395,0.3487792725460888,-285.0,Consumer Defensive,0.6685924392407893,0.7600316789862724,0.9943164822016153,,
2011-03-01,199670,GNI,buy,rebalance,2.3392305335083083,42.6,2011-03-01,99.65122072745393,0.34877927254608876,-286.6666666666667,Basic Materials,0.5856591588110326,0.8825237592397043,0.9847442416990727,,
2011-03-01,195349,TDG,buy,rebalance,2.851006229149255,34.953,2011-03-01,99.65122072745392,0.3487792725460887,-293.0,Industrials,0.6374087753391711,0.8397571277719112,0.9273107986838169,,
2011-03-01,198685,ROST,buy,rebalance,6.4834886615129435,15.37,2011-03-01,99.65122072745393,0.34877927254608876,-302.6666666666667,Consumer Cyclical,0.6337992224279959,0.8384371700105596,0.9231229434639545,,
2011-03-01,195522,HLF,buy,rebalance,5.6453218177800775,17.652,2011-03-01,99.65122072745393,0.34877927254608876,-313.6666666666667,Consumer Defensive,0.5900401062870018,0.8569165786694826,0.9757702662279389,,
2011-03-01,197671,INTU,buy,rebalance,2.2163924451736823,44.961,2011-03-01,99.65122072745393,0.34877927254608876,-341.6666666666667,Technology,0.6178283723253416,0.821805702217529,0.9314986539036794,,
2011-03-01,199522,MOCO,buy,rebalance,9.10722178097733,10.942,2011-03-01,99.65122072745395,0.3487792725460888,-380.6666666666667,Technology,0.6060928985570186,0.8862196409714889,0.8423571642237512,,
2011-04-01,197997,AZO,buy,rebalance,0.36280343949995975,274.67,2011-04-01,99.65122072745395,0.3487792725460888,-260.6666666666667,Consumer Cyclical,0.647340496494151,0.8394336094042212,0.9480048367593712,,
2011-04-01,116168,PPD1,buy,rebalance,1.5114700550197775,65.93,2011-04-01,99.65122072745395,0.3487792725460888,-273.3333333333333,Consumer Cyclical,0.6067181052137918,0.8567993588030991,0.9842805320435308,,
2011-04-01,195522,HLF,buy,rebalance,5.223357832448576,19.078,2011-04-01,99.65122072745393,0.34877927254608876,-294.0,Consumer Defensive,0.6169319629222219,0.826342506011221,0.9746070133010882,,
2011-04-01,187636,ENDPQ,buy,rebalance,2.564364918359597,38.86,2011-04-01,99.65122072745395,0.3487792725460888,-298.0,Healthcare,0.619095803069021,0.8674859738177932,0.9201934703748489,,
2011-04-01,124603,TCP,buy,rebalance,3.8514037538631034,25.874,2011-04-01,99.65122072745393,0.34877927254608876,-307.6666666666667,Energy,0.6735296042086371,0.7892065188351589,0.9328899637243047,,
2011-04-01,196855,AME,buy,rebalance,3.701616608872402,26.921,2011-04-01,99.65122072745393,0.34877927254608876,-314.0,Industrials,0.6214457825799266,0.8308843173924659,0.9407496977025392,,
2011-04-01,194920,IHS2,buy,rebalance,1.117166151653071,89.2,2011-04-01,99.65122072745395,0.3487792725460888,-333.3333333333333,Communication Services,0.6151311371632537,0.7803900614480364,0.9930471584038694,,
2011-04-01,197214,SAM,buy,rebalance,1.0818719002003467,92.11,2011-04-01,99.65122072745393,0.34877927254608876,-343.3333333333333,Consumer Defensive,0.5908618285423485,0.9198503873897943,0.8742442563482467,,
2011-04-01,198582,MIDD,buy,rebalance,3.9618025972032735,25.153,2011-04-01,99.65122072745393,0.34877927254608876,-345.3333333333333,Industrials,0.57160158082931,0.87790542345712,0.9664449818621523,,
2011-04-01,188702,QSFT,buy,rebalance,3.900243472698784,25.55,2011-04-01,99.65122072745393,0.34877927254608876,-346.6666666666667,Technology,0.6166213918478438,0.8183275447502004,0.9313784764207981,,
2011-05-02,197997,AZO,buy,rebalance,0.35440365860820094,281.18,2011-05-02,99.65122072745395,0.3487792725460888,-255.0,Consumer Cyclical,0.647340496494151,0.8394336094042212,0.9480048367593712,,
2011-05-02,116168,PPD1,buy,rebalance,1.511240836024476,65.94,2011-05-02,99.65122072745395,0.3487792725460888,-267.3333333333333,Consumer Cyclical,0.6067181052137918,0.8567993588030991,0.9842805320435308,,
2011-05-02,195522,HLF,buy,rebalance,4.702303733836067,21.192,2011-05-02,99.65122072745393,0.34877927254608876,-287.6666666666667,Consumer Defensive,0.6169319629222219,0.826342506011221,0.9746070133010882,,
2011-05-02,187636,ENDPQ,buy,rebalance,2.49003550043613,40.02,2011-05-02,99.65122072745393,0.34877927254608876,-291.3333333333333,Healthcare,0.619095803069021,0.8674859738177932,0.9201934703748489,,
2011-05-02,124603,TCP,buy,rebalance,4.134390769922994,24.103,2011-05-02,99.65122072745392,0.3487792725460887,-301.3333333333333,Energy,0.6735296042086371,0.7892065188351589,0.9328899637243047,,
2011-05-02,196855,AME,buy,rebalance,3.6260541710011625,27.482,2011-05-02,99.65122072745395,0.3487792725460888,-307.6666666666667,Industrials,0.6214457825799266,0.8308843173924659,0.9407496977025392,,
2011-05-02,194920,IHS2,buy,rebalance,1.1369220847399193,87.65,2011-05-02,99.65122072745393,0.34877927254608876,-326.0,Communication Services,0.6151311371632537,0.7803900614480364,0.9930471584038694,,
2011-05-02,197214,SAM,buy,rebalance,1.080347145787662,92.24,2011-05-02,99.65122072745395,0.3487792725460888,-337.0,Consumer Defensive,0.5908618285423485,0.9198503873897943,0.8742442563482467,,
2011-05-02,198582,MIDD,buy,rebalance,4.225911569800006,23.581,2011-05-02,99.65122072745395,0.3487792725460888,-338.3333333333333,Industrials,0.5716015808293099,0.87790542345712,0.9664449818621523,,
2011-05-02,188702,QSFT,buy,rebalance,3.900243472698784,25.55,2011-05-02,99.65122072745393,0.34877927254608876,-340.0,Technology,0.6166213918478438,0.8183275447502004,0.9313784764207981,,
2011-06-01,197997,AZO,buy,rebalance,0.3399789182472584,293.11,2011-06-01,99.65122072745392,0.3487792725460887,-251.33333333333334,Consumer Cyclical,0.647340496494151,0.8394336094042212,0.9480048367593712,,
2011-06-01,116168,PPD1,buy,rebalance,1.50280833550677,66.31,2011-06-01,99.65122072745393,0.34877927254608876,-263.6666666666667,Consumer Cyclical,0.6067181052137918,0.8567993588030991,0.9842805320435308,,
2011-06-01,195522,HLF,buy,rebalance,3.8743136241768954,25.721,2011-06-01,99.65122072745393,0.34877927254608876,-284.0,Consumer Defensive,0.6169319629222219,0.826342506011221,0.9746070133010882,,
2011-06-01,187636,ENDPQ,buy,rebalance,2.40123423439648,41.5,2011-06-01,99.65122072745392,0.3487792725460887,-288.3333333333333,Healthcare,0.619095803069021,0.8674859738177932,0.9201934703748489,,
2011-06-01,124603,TCP,buy,rebalance,4.296978169438745,23.191,2011-06-01,99.65122072745393,0.34877927254608876,-297.6666666666667,Energy,0.6735296042086371,0.7892065188351589,0.9328899637243047,,
2011-06-01,196855,AME,buy,rebalance,3.9251307990961837,25.388,2011-06-01,99.65122072745392,0.3487792725460887,-304.0,Industrials,0.6214457825799266,0.8308843173924659,0.9407496977025392,,
2011-06-01,194920,IHS2,buy,rebalance,1.152037233843398,86.5,2011-06-01,99.65122072745392,0.3487792725460887,-322.3333333333333,Communication Services,0.6151311371632537,0.7803900614480364,0.9930471584038694,,
2011-06-01,197214,SAM,buy,rebalance,1.2080400136677647,82.49,2011-06-01,99.6512207274539,0.34877927254608865,-335.0,Consumer Defensive,0.5908618285423484,0.9198503873897943,0.8742442563482467,,
2011-06-01,198582,MIDD,buy,rebalance,4.4584681100377574,22.351,2011-06-01,99.65122072745392,0.3487792725460887,-335.3333333333333,Industrials,0.57160158082931,0.87790542345712,0.9664449818621523,,
2011-06-01,188702,QSFT,buy,rebalance,4.5050280618197975,22.12,2011-06-01,99.65122072745393,0.34877927254608876,-336.3333333333333,Technology,0.6166213918478438,0.8183275447502004,0.9313784764207981,,
2011-07-01,193811,PM,buy,rebalance,3.04864994424248,32.687,2011-07-01,99.65122072745393,0.34877927254608876,-207.33333333333334,Consumer Defensive,0.6640670453183112,0.8278181329028786,0.9898234061658187,,
2011-07-01,195259,RAI,buy,rebalance,6.935636186487606,14.368,2011-07-01,99.65122072745393,0.34877927254608876,-207.33333333333334,Consumer Defensive,0.6676950070259208,0.8272800645682001,0.988027536665669,,
2011-07-01,194920,IHS2,buy,rebalance,1.188021229464162,83.88,2011-07-01,99.65122072745392,0.3487792725460887,-257.6666666666667,Communication Services,0.6113252757224844,0.8531073446327684,0.9868302903322359,,
2011-07-01,198040,SRCL,buy,rebalance,1.0924273265452085,91.22,2011-07-01,99.65122072745392,0.3487792725460887,-275.6666666666667,Industrials,0.6188174175286927,0.8356201237557169,0.9757557617479796,,
2011-07-01,187636,ENDPQ,buy,rebalance,2.4508416312703867,40.66,2011-07-01,99.65122072745392,0.3487792725460887,-281.6666666666667,Healthcare,0.612007265069293,0.901802528921173,0.9051182280754265,,
2011-07-01,116168,PPD1,buy,rebalance,1.4987399718371774,66.49,2011-07-01,99.65122072745392,0.3487792725460887,-294.6666666666667,Consumer Cyclical,0.6121433432068271,0.8194780737153619,0.9871296019155942,,
2011-07-01,197935,BIIB,buy,rebalance,0.996422529246907,100.009,2011-07-01,99.65122072745392,0.3487792725460887,-313.0,Healthcare,0.5956714966074994,0.9211729889695991,0.8886560909907213,,
2011-07-01,198047,TYL,buy,rebalance,3.6853262103348343,27.04,2011-07-01,99.65122072745392,0.3487792725460887,-331.6666666666667,Technology,0.6154884130382547,0.7721280602636534,0.9982041304998504,,
2011-07-01,197997,AZO,buy,rebalance,0.33482703019774857,297.62,2011-07-01,99.65122072745393,0.34877927254608876,-338.0,Consumer Cyclical,0.6464273448254951,0.7643260694108152,0.9482190960790182,,
2011-07-01,198582,MIDD,buy,rebalance,3.8933862366655174,25.595,2011-07-01,99.65122072745392,0.3487792725460887,-338.3333333333333,Industrials,0.5797811744713273,0.8528383104654291,0.9724633343310386,,
2011-08-01,116168,PPD1,sell,delisted,28.555243742763768,66.49,2011-06-30,1898.6381564563628,6.64523354759727,,,,,,1300.0,591.9929229087656
2011-08-01,193811,PM,buy,rebalance,8.32175291221784,34.631,2011-08-01,288.19062510301603,1.0086671878605562,-206.66666666666666,Consumer Defensive,0.6640670453183112,0.8278181329028786,0.9898234061658187,,
2011-08-01,195259,RAI,buy,rebalance,21.49874114905006,13.405,2011-08-01,288.19062510301603,1.0086671878605562,-206.66666666666666,Consumer Defensive,0.6676950070259209,0.8272800645682001,0.988027536665669,,
2011-08-01,194920,IHS2,buy,rebalance,3.9289792106750654,73.35,2011-08-01,288.19062510301603,1.0086671878605562,-257.0,Communication Services,0.6113252757224844,0.8531073446327684,0.9868302903322359,,
2011-08-01,198040,SRCL,buy,rebalance,3.536515217855148,81.49,2011-08-01,288.19062510301603,1.0086671878605562,-275.0,Industrials,0.6188174175286927,0.8356201237557169,0.9757557617479796,,
2011-08-01,187636,ENDPQ,buy,rebalance,7.852605588638038,36.7,2011-08-01,288.19062510301603,1.0086671878605562,-281.3333333333333,Healthcare,0.612007265069293,0.901802528921173,0.9051182280754265,,
2011-08-01,197935,BIIB,buy,rebalance,3.0384790779151265,94.847,2011-08-01,288.190625103016,1.008667187860556,-312.3333333333333,Healthcare,0.5956714966074994,0.9211729889695991,0.8886560909907213,,
2011-08-01,198047,TYL,buy,rebalance,10.949491835220973,26.32,2011-08-01,288.19062510301603,1.0086671878605562,-331.0,Technology,0.6154884130382547,0.7721280602636534,0.9982041304998504,,
2011-08-01,197997,AZO,buy,rebalance,1.0210473874331834,282.25,2011-08-01,288.190625103016,1.008667187860556,-337.3333333333333,Consumer Cyclical,0.6464273448254951,0.7643260694108152,0.9482190960790182,,
2011-08-01,198582,MIDD,buy,rebalance,13.048565838224034,22.086,2011-08-01,288.190625103016,1.008667187860556,-337.6666666666667,Industrials,0.5797811744713273,0.8528383104654291,0.9724633343310386,,
2011-08-01,197494,MPAA,buy,rebalance,22.585472186756693,12.76,2011-08-01,288.1906251030154,1.008667187860554,-347.0,Consumer Cyclical,0.5195768475114083,0.9521119182136132,0.9901227177491769,,
2011-09-01,193811,PM,buy,rebalance,2.9364456838594384,33.936,2011-09-01,99.6512207274539,0.34877927254608865,-204.33333333333334,Consumer Defensive,0.6640670453183111,0.8278181329028786,0.9898234061658187,,
2011-09-01,195259,RAI,buy,rebalance,6.950632679602003,14.337,2011-09-01,99.65122072745392,0.3487792725460887,-204.33333333333334,Consumer Defensive,0.6676950070259209,0.8272800645682001,0.988027536665669,,
2011-09-01,194920,IHS2,buy,rebalance,1.2913207299138774,77.17,2011-09-01,99.65122072745392,0.3487792725460887,-254.66666666666666,Communication Services,0.6113252757224842,0.8531073446327684,0.9868302903322359,,
2011-09-01,198040,SRCL,buy,rebalance,1.1655113535374726,85.5,2011-09-01,99.6512207274539,0.34877927254608865,-272.3333333333333,Industrials,0.6188174175286927,0.8356201237557169,0.9757557617479796,,
2011-09-01,187636,ENDPQ,buy,rebalance,3.1327010602783374,31.81,2011-09-01,99.6512207274539,0.34877927254608865,-280.0,Healthcare,0.612007265069293,0.901802528921173,0.9051182280754265,,
2011-09-01,197935,BIIB,buy,rebalance,1.1549211989181527,86.284,2011-09-01,99.65122072745389,0.34877927254608865,-310.3333333333333,Healthcare,0.5956714966074994,0.9211729889695991,0.8886560909907213,,
2011-09-01,198047,TYL,buy,rebalance,3.926368034966663,25.38,2011-09-01,99.6512207274539,0.34877927254608865,-327.6666666666667,Technology,0.6154884130382547,0.7721280602636534,0.9982041304998504,,
2011-09-01,197997,AZO,buy,rebalance,0.3193437613441881,312.05,2011-09-01,99.6512207274539,0.34877927254608865,-334.3333333333333,Consumer Cyclical,0.6464273448254951,0.7643260694108152,0.9482190960790182,,
2011-09-01,198582,MIDD,buy,rebalance,4.774168577945379,20.873,2011-09-01,99.6512207274539,0.34877927254608865,-334.3333333333333,Industrials,0.5797811744713272,0.8528383104654291,0.9724633343310386,,
2011-09-01,197494,MPAA,buy,rebalance,10.015198063060694,9.95,2011-09-01,99.6512207274539,0.34877927254608865,-343.6666666666667,Consumer Cyclical,0.5195768475114083,0.9521119182136132,0.9901227177491769,,
2011-10-03,197892,TNH,buy,rebalance,1.23202636772976,80.884,2011-10-03,99.65122072745392,0.3487792725460887,-200.66666666666666,Basic Materials,0.6068159693225923,0.9271397616468039,0.9742962056303549,,
2011-10-03,195522,HLF,buy,rebalance,4.148504255753461,24.021,2011-10-03,99.65122072745389,0.34877927254608865,-264.3333333333333,Consumer Defensive,0.5659014748559603,0.9360780065005417,0.9825581395348837,,
2011-10-03,188048,KCI,buy,rebalance,1.523951991549991,65.39,2011-10-03,99.65122072745392,0.3487792725460887,-275.3333333333333,Industrials,0.6243232546946418,0.9149512459371615,0.8837209302325582,,
2011-10-03,197302,SHPG,buy,rebalance,1.1610031308539228,85.832,2011-10-03,99.65122072745389,0.34877927254608865,-281.0,Healthcare,0.6099080592831495,0.8274647887323944,0.9987760097919217,,
2011-10-03,195259,RAI,buy,rebalance,6.849822706038899,14.548,2011-10-03,99.6512207274539,0.34877927254608865,-289.0,Consumer Defensive,0.688280113448242,0.7489165763813651,0.9868421052631579,,
2011-10-03,199551,SPGI,buy,rebalance,3.271973362472219,30.456,2011-10-03,99.6512207274539,0.34877927254608865,-310.0,Financial Services,0.6234556678149473,0.7946912242686891,0.9828641370869033,,
2011-10-03,194695,VIAB,buy,rebalance,3.294473047059439,30.248,2011-10-03,99.65122072745392,0.3487792725460887,-323.6666666666667,Communication Services,0.5994811947925242,0.8228602383531961,0.9840881272949816,,
2011-10-03,197997,AZO,buy,rebalance,0.3195178297019812,311.88,2011-10-03,99.6512207274539,0.34877927254608865,-324.6666666666667,Consumer Cyclical,0.6685442102751925,0.7527085590465872,0.9541003671970624,,
2011-10-03,198685,ROST,buy,rebalance,6.033617142616489,16.516,2011-10-03,99.65122072745392,0.3487792725460887,-326.6666666666667,Consumer Cyclical,0.6393838553539658,0.8066088840736728,0.9210526315789473,,
2011-10-03,199059,AAPL,buy,rebalance,8.894253902843083,11.204,2011-10-03,99.6512207274539,0.34877927254608865,-341.6666666666667,Technology,0.5994916674764184,0.8114842903575298,0.9782741738066095,,
2011-11-01,188102,LZ1,sell,delisted,2.4043906996119726,134.97,2011-09-16,324.5206127266279,1.1358221445431977,,,,,,233.66579075841813,89.71899982366662
2011-11-01,197892,TNH,buy,rebalance,1.2914801237222557,102.113,2011-11-01,131.8769098736507,0.46156918455777746,-198.33333333333334,Basic Materials,0.6068159693225924,0.9271397616468039,0.9742962056303549,,
2011-11-01,195522,HLF,buy,rebalance,4.803209130013502,27.456,2011-11-01,131.8769098736507,0.46156918455777746,-263.3333333333333,Consumer Defensive,0.5659014748559603,0.9360780065005417,0.9825581395348837,,
2011-11-01,188048,KCI,buy,rebalance,1.928024998152788,68.4,2011-11-01,131.8769098736507,0.46156918455777746,-273.0,Industrials,0.6243232546946419,0.9149512459371615,0.8837209302325582,,
2011-11-01,197302,SHPG,buy,rebalance,1.4782086878029312,89.214,2011-11-01,131.8769098736507,0.46156918455777746,-277.6666666666667,Healthcare,0.6099080592831494,0.8274647887323944,0.9987760097919217,,
2011-11-01,195259,RAI,buy,rebalance,8.935960826240054,14.758,2011-11-01,131.8769098736507,0.46156918455777746,-284.6666666666667,Consumer Defensive,0.688280113448242,0.7489165763813651,0.9868421052631579,,
2011-11-01,199551,SPGI,buy,rebalance,4.149290811869575,31.783,2011-11-01,131.8769098736507,0.46156918455777746,-306.0,Financial Services,0.6234556678149472,0.7946912242686891,0.9828641370869033,,
2011-11-01,197997,AZO,buy,rebalance,0.40494030728544445,325.67,2011-11-01,131.8769098736507,0.46156918455777746,-320.0,Consumer Cyclical,0.6685442102751926,0.7527085590465872,0.9541003671970624,,
2011-11-01,194695,VIAB,buy,rebalance,3.79294514865687,34.769,2011-11-01,131.8769098736507,0.46156918455777746,-320.3333333333333,Communication Services,0.5994811947925242,0.8228602383531961,0.9840881272949816,,
2011-11-01,198685,ROST,buy,rebalance,7.011372740371668,18.809,2011-11-01,131.8769098736507,0.46156918455777746,-322.6666666666667,Consumer Cyclical,0.6393838553539659,0.8066088840736728,0.9210526315789473,,
2011-11-01,199059,AAPL,buy,rebalance,11.12040727495157,11.859,2011-11-01,131.87690987365065,0.4615691845577773,-337.6666666666667,Technology,0.5994916674764185,0.8114842903575298,0.9782741738066095,,
2011-12-01,197892,TNH,buy,rebalance,0.9754903893833283,102.155,2011-12-01,99.6512207274539,0.34877927254608865,-196.0,Basic Materials,0.6068159693225924,0.9271397616468039,0.9742962056303549,,
2011-12-01,195522,HLF,buy,rebalance,3.754614397628345,26.541,2011-12-01,99.6512207274539,0.34877927254608865,-260.3333333333333,Consumer Defensive,0.5659014748559604,0.9360780065005417,0.9825581395348837,,
2011-12-01,197302,SHPG,buy,rebalance,1.0273004002706505,97.003,2011-12-01,99.65122072745392,0.3487792725460887,-275.3333333333333,Healthcare,0.6099080592831493,0.8274647887323944,0.9987760097919217,,
2011-12-01,195259,RAI,buy,rebalance,6.143725075675334,16.22,2011-12-01,99.65122072745392,0.3487792725460887,-280.6666666666667,Consumer Defensive,0.688280113448242,0.7489165763813651,0.9868421052631579,,
2011-12-01,199551,SPGI,buy,rebalance,3.034723657077501,32.837,2011-12-01,99.6512207274539,0.34877927254608865,-302.6666666666667,Financial Services,0.6234556678149471,0.7946912242686891,0.9828641370869033,,
2011-12-01,197997,AZO,buy,rebalance,0.2972001811137903,335.3,2011-12-01,99.6512207274539,0.34877927254608865,-316.0,Consumer Cyclical,0.6685442102751925,0.7527085590465872,0.9541003671970624,,
2011-12-01,194695,VIAB,buy,rebalance,2.8009225006311174,35.578,2011-12-01,99.6512207274539,0.34877927254608865,-316.6666666666667,Communication Services,0.5994811947925242,0.8228602383531961,0.9840881272949816,,
2011-12-01,198685,ROST,buy,rebalance,4.983059342306926,19.998,2011-12-01,99.6512207274539,0.34877927254608865,-319.3333333333333,Consumer Cyclical,0.6393838553539658,0.8066088840736728,0.9210526315789473,,
2011-12-01,199059,AAPL,buy,rebalance,8.589141590023608,11.602,2011-12-01,99.6512207274539,0.34877927254608865,-333.6666666666667,Technology,0.5994916674764184,0.8114842903575298,0.9782741738066095,,
2011-12-01,198798,MLAB,buy,rebalance,2.640396935095888,37.741,2011-12-01,99.6512207274539,0.34877927254608865,-344.3333333333333,Technology,0.6037627798425008,0.8206933911159263,0.9446144430844553,,
2012-01-03,188048,KCI,sell,delisted,3.451976989702779,68.47,2011-11-04,236.35686448494928,0.8272490256973225,,,,,,232.3384790582085,3.1911364010434795
2012-01-03,193634,LO,buy,rebalance,3.833069780686659,32.121,2012-01-03,123.12203442543618,0.43092712048902665,-155.33333333333334,Consumer Defensive,0.6061755293666143,0.9042553191489362,0.9848812095032398,,
2012-01-03,197892,TNH,buy,rebalance,1.1199530124658768,109.935,2012-01-03,123.12203442543617,0.4309271204890266,-189.0,Basic Materials,0.5389797750270284,0.9694489907255864,0.9867324899722308,,
2012-01-03,195522,HLF,buy,rebalance,4.943270342692262,24.907,2012-01-03,123.12203442543617,0.4309271204890266,-192.0,Consumer Defensive,0.5422956019695832,0.9631751227495908,0.9833384757790805,,
2012-01-03,197997,AZO,buy,rebalance,0.38500901974869806,319.79,2012-01-03,123.12203442543615,0.43092712048902654,-194.0,Consumer Cyclical,0.6205596372081151,0.8797054009819967,0.9527923480407282,,
2012-01-03,197302,SHPG,buy,rebalance,1.2327859824520757,99.873,2012-01-03,123.12203442543617,0.4309271204890266,-232.0,Healthcare,0.5726281721128716,0.8657937806873978,0.9978401727861771,,
2012-01-03,197603,WINA,buy,rebalance,2.9549051869689724,41.667,2012-01-03,123.12203442543618,0.43092712048902665,-234.66666666666666,Consumer Cyclical,0.5542359297679154,0.9012547735951991,0.9885837704412218,,
2012-01-03,199059,AAPL,buy,rebalance,10.010735378928057,12.299,2012-01-03,123.12203442543617,0.4309271204890266,-248.33333333333334,Technology,0.5802771774391386,0.8622476813966176,0.9753162604134527,,
2012-01-03,199623,IBM,buy,rebalance,1.1845377129855992,103.941,2012-01-03,123.12203442543617,0.4309271204890266,-248.33333333333334,Technology,0.6119060227380878,0.8254228041462084,0.9639000308546745,,
2012-01-03,195812,COR,buy,rebalance,3.9711661213209957,31.004,2012-01-03,123.12203442543615,0.43092712048902654,-252.0,Healthcare,0.5919435534417342,0.842607746863066,0.9731564331996297,,
2012-01-03,199551,SPGI,buy,rebalance,3.5138569715299,35.039,2012-01-03,123.12203442543618,0.43092712048902665,-282.0,Financial Services,0.5717586275118837,0.8363338788870703,0.9793273680962666,,
2012-02-01,193634,LO,buy,rebalance,3.2685391212101123,30.488,2012-02-01,99.6512207274539,0.34877927254608865,-153.0,Consumer Defensive,0.6061755293666143,0.9042553191489362,0.9848812095032398,,
2012-02-01,197892,TNH,buy,rebalance,0.7962924369322852,125.144,2012-02-01,99.6512207274539,0.34877927254608865,-187.0,Basic Materials,0.5389797750270284,0.9694489907255864,0.9867324899722308,,
2012-02-01,195522,HLF,buy,rebalance,3.633723042862234,27.424,2012-02-01,99.6512207274539,0.34877927254608865,-189.66666666666666,Consumer Defensive,0.5422956019695832,0.9631751227495908,0.9833384757790805,,
2012-02-01,197997,AZO,buy,rebalance,0.28230607305434685,352.99,2012-02-01,99.6512207274539,0.34877927254608865,-190.66666666666666,Consumer Cyclical,0.6205596372081151,0.8797054009819967,0.9527923480407282,,
2012-02-01,197302,SHPG,buy,rebalance,1.0349287629554451,96.288,2012-02-01,99.65122072745389,0.34877927254608865,-228.66666666666666,Healthcare,0.5726281721128716,0.8657937806873978,0.9978401727861771,,
2012-02-01,197603,WINA,buy,rebalance,2.045344322313867,48.721,2012-02-01,99.65122072745392,0.3487792725460887,-231.33333333333334,Consumer Cyclical,0.5542359297679154,0.9012547735951991,0.9885837704412218,,
2012-02-01,199059,AAPL,buy,rebalance,7.303666133645112,13.644,2012-02-01,99.6512207274539,0.34877927254608865,-244.66666666666666,Technology,0.5802771774391386,0.8622476813966176,0.9753162604134527,,
2012-02-01,199623,IBM,buy,rebalance,0.9272727509603311,107.467,2012-02-01,99.6512207274539,0.34877927254608865,-244.66666666666666,Technology,0.6119060227380878,0.8254228041462084,0.9639000308546745,,
2012-02-01,195812,COR,buy,rebalance,3.073662771890253,32.421,2012-02-01,99.65122072745389,0.34877927254608865,-248.0,Healthcare,0.5919435534417342,0.842607746863066,0.9731564331996297,,
2012-02-01,199551,SPGI,buy,rebalance,2.8352696027386095,35.147,2012-02-01,99.6512207274539,0.34877927254608865,-278.0,Financial Services,0.5717586275118836,0.8363338788870703,0.9793273680962666,,
2012-03-01,193634,LO,buy,rebalance,2.6734063240094947,37.275,2012-03-01,99.65122072745392,0.3487792725460887,-152.0,Consumer Defensive,0.6061755293666143,0.9042553191489362,0.9848812095032398,,
2012-03-01,197892,TNH,buy,rebalance,0.6562002141922805,151.861,2012-03-01,99.6512207274539,0.34877927254608865,-186.66666666666666,Basic Materials,0.5389797750270284,0.9694489907255864,0.9867324899722308,,
2012-03-01,195522,HLF,buy,rebalance,3.1002464215366925,32.143,2012-03-01,99.6512207274539,0.34877927254608865,-189.33333333333334,Consumer Defensive,0.5422956019695832,0.9631751227495908,0.9833384757790805,,
2012-03-01,197997,AZO,buy,rebalance,0.2633210567790242,378.44,2012-03-01,99.6512207274539,0.34877927254608865,-189.66666666666666,Consumer Cyclical,0.6205596372081151,0.8797054009819967,0.9527923480407282,,
2012-03-01,197302,SHPG,buy,rebalance,0.9762453537310818,102.076,2012-03-01,99.6512207274539,0.34877927254608865,-227.33333333333334,Healthcare,0.5726281721128716,0.8657937806873978,0.9978401727861771,,
2012-03-01,197603,WINA,buy,rebalance,2.259613630698939,44.101,2012-03-01,99.65122072745392,0.3487792725460887,-230.0,Consumer Cyclical,0.5542359297679154,0.9012547735951991,0.9885837704412218,,
2012-03-01,199059,AAPL,buy,rebalance,6.1195787722582855,16.284,2012-03-01,99.65122072745392,0.3487792725460887,-243.33333333333334,Technology,0.5802771774391386,0.8622476813966176,0.9753162604134527,,
2012-03-01,199623,IBM,buy,rebalance,0.9007205742075645,110.635,2012-03-01,99.6512207274539,0.34877927254608865,-243.66666666666666,Technology,0.6119060227380878,0.8254228041462084,0.9639000308546745,,
2012-03-01,195812,COR,buy,rebalance,3.2688607750517926,30.485,2012-03-01,99.65122072745389,0.34877927254608865,-247.0,Healthcare,0.5919435534417341,0.842607746863066,0.9731564331996297,,
2012-03-01,199551,SPGI,buy,rebalance,2.774254474595042,35.92,2012-03-01,99.65122072745392,0.3487792725460887,-276.6666666666667,Financial Services,0.5717586275118836,0.8363338788870703,0.9793273680962666,,
2012-04-02,193811,PM,buy,rebalance,2.2077991121821583,45.136,2012-04-02,99.6512207274539,0.34877927254608865,-139.0,Consumer Defensive,0.6141045756019392,0.9005494505494506,0.9916096954630205,,
2012-04-02,193634,LO,buy,rebalance,2.6342546915713845,37.829,2012-04-02,99.6512207274539,0.34877927254608865,-145.66666666666666,Consumer Defensive,0.5792014973420724,0.953021978021978,0.9742075823492853,,
2012-04-02,195164,DPZ,buy,rebalance,3.1597190921254965,31.538,2012-04-02,99.6512207274539,0.34877927254608865,-157.0,Consumer Cyclical,0.5563725006195808,0.9807692307692307,0.9757613424487259,,
2012-04-02,198685,ROST,buy,rebalance,3.917569710557609,25.437,2012-04-02,99.6512207274539,0.34877927254608865,-160.0,Consumer Cyclical,0.6171341801761321,0.9379120879120879,0.925419515226849,,
2012-04-02,197858,PDLI,buy,rebalance,31.695680892956076,3.144,2012-04-02,99.6512207274539,0.34877927254608865,-196.66666666666666,Healthcare,0.5665816808882389,0.9112637362637362,0.9968924798011187,,
2012-04-02,199670,GNI,buy,rebalance,2.4970236726334045,39.908,2012-04-02,99.65122072745392,0.3487792725460887,-202.0,Basic Materials,0.5869527999538112,0.8755494505494505,0.9922311995027968,,
2012-04-02,199891,BMY,buy,rebalance,4.7796642873736825,20.849,2012-04-02,99.6512207274539,0.34877927254608865,-216.33333333333334,Healthcare,0.6232199677503076,0.9178571428571428,0.8828464885021753,,
2012-04-02,198798,MLAB,buy,rebalance,2.135139285384254,46.672,2012-04-02,99.6512207274539,0.34877927254608865,-217.0,Technology,0.5678336168916266,0.9458791208791208,0.9338098197638285,,
2012-04-02,194849,EXPE,buy,rebalance,3.293601954238958,30.256,2012-04-02,99.6512207274539,0.34877927254608865,-245.33333333333334,Industrials,0.5225941712751698,0.9478021978021978,0.9981354878806712,,
2012-04-02,199150,GWW,buy,rebalance,0.5732121965144864,173.847,2012-04-02,99.65122072745392,0.3487792725460887,-245.33333333333334,Industrials,0.568506192731954,0.9516483516483516,0.8986948415164698,,
2012-05-01,188220,MHS,sell,delisted,6.163465831349562,70.3,2012-03-30,433.2916479438742,1.5165207678035597,,,,,,299.99999999999994,131.77512717607067
2012-05-01,193811,PM,buy,rebalance,3.1393020579176882,45.449,2012-05-01,142.678139230301,0.4993734873060536,-136.0,Consumer Defensive,0.6141045756019393,0.9005494505494506,0.9916096954630205,,
2012-05-01,193634,LO,buy,rebalance,3.722556335584977,38.328,2012-05-01,142.678139230301,0.4993734873060536,-143.33333333333334,Consumer Defensive,0.5792014973420724,0.953021978021978,0.9742075823492853,,
2012-05-01,195164,DPZ,buy,rebalance,4.8760513731690995,29.261,2012-05-01,142.678139230301,0.4993734873060536,-156.0,Consumer Cyclical,0.5563725006195808,0.9807692307692307,0.9757613424487259,,
2012-05-01,198685,ROST,buy,rebalance,5.256148065216467,27.145,2012-05-01,142.678139230301,0.4993734873060536,-157.0,Consumer Cyclical,0.6171341801761321,0.9379120879120879,0.925419515226849,,
2012-05-01,197858,PDLI,buy,rebalance,46.97996023388245,3.037,2012-05-01,142.678139230301,0.4993734873060536,-193.66666666666666,Healthcare,0.566581680888239,0.9112637362637362,0.9968924798011187,,
2012-05-01,199670,GNI,buy,rebalance,5.155115772312787,27.677,2012-05-01,142.678139230301,0.4993734873060536,-198.0,Basic Materials,0.5869527999538112,0.8755494505494505,0.9922311995027968,,
2012-05-01,199891,BMY,buy,rebalance,6.849975477953863,20.829,2012-05-01,142.678139230301,0.4993734873060536,-212.66666666666666,Healthcare,0.6232199677503077,0.9178571428571428,0.8828464885021753,,
2012-05-01,198798,MLAB,buy,rebalance,3.032479048465484,47.05,2012-05-01,142.678139230301,0.4993734873060536,-213.66666666666666,Technology,0.5678336168916266,0.9458791208791208,0.9338098197638285,,
2012-05-01,194849,EXPE,buy,rebalance,3.7746538064578696,37.799,2012-05-01,142.678139230301,0.4993734873060536,-242.33333333333334,Industrials,0.5225941712751698,0.9478021978021978,0.9981354878806712,,
2012-05-01,199150,GWW,buy,rebalance,0.8616245907429153,165.592,2012-05-01,142.67813923030084,0.49937348730605297,-242.33333333333334,Industrials,0.568506192731954,0.9516483516483516,0.8986948415164698,,
2012-06-01,193811,PM,buy,rebalance,2.383544315141932,41.808,2012-06-01,99.6512207274539,0.34877927254608865,-133.66666666666666,Consumer Defensive,0.6141045756019393,0.9005494505494506,0.9916096954630205,,
2012-06-01,193634,LO,buy,rebalance,2.8585301835132073,34.861,2012-06-01,99.65122072745392,0.3487792725460887,-141.33333333333334,Consumer Defensive,0.5792014973420724,0.953021978021978,0.9742075823492853,,
2012-06-01,195164,DPZ,buy,rebalance,4.043137936765282,24.647,2012-06-01,99.6512207274539,0.34877927254608865,-155.0,Consumer Cyclical,0.5563725006195808,0.9807692307692307,0.9757613424487259,,
2012-06-01,198685,ROST,buy,rebalance,3.714448364673248,26.828,2012-06-01,99.65122072745389,0.34877927254608865,-155.33333333333334,Consumer Cyclical,0.6171341801761319,0.9379120879120879,0.925419515226849,,
2012-06-01,197858,PDLI,buy,rebalance,32.449111275628105,3.071,2012-06-01,99.65122072745392,0.3487792725460887,-191.0,Healthcare,0.566581680888239,0.9112637362637362,0.9968924798011187,,
2012-06-01,199670,GNI,buy,rebalance,3.7615589886552128,26.492,2012-06-01,99.6512207274539,0.34877927254608865,-195.0,Basic Materials,0.5869527999538112,0.8755494505494505,0.9922311995027968,,
2012-06-01,199891,BMY,buy,rebalance,4.811511792161359,20.711,2012-06-01,99.6512207274539,0.34877927254608865,-210.33333333333334,Healthcare,0.6232199677503076,0.9178571428571428,0.8828464885021753,,
2012-06-01,198798,MLAB,buy,rebalance,2.465271899645092,40.422,2012-06-01,99.6512207274539,0.34877927254608865,-211.66666666666666,Technology,0.5678336168916266,0.9458791208791208,0.9338098197638285,,
2012-06-01,194849,EXPE,buy,rebalance,2.4536779043029053,40.613,2012-06-01,99.65122072745389,0.34877927254608865,-239.66666666666666,Industrials,0.5225941712751698,0.9478021978021978,0.9981354878806712,,
2012-06-01,199150,GWW,buy,rebalance,0.6617649997838675,150.584,2012-06-01,99.6512207274539,0.34877927254608865,-240.33333333333334,Industrials,0.5685061927319541,0.9516483516483516,0.8986948415164698,,
2012-07-02,193811,PM,buy,rebalance,2.1970901474436437,45.356,2012-07-02,99.6512207274539,0.34877927254608865,-145.66666666666666,Consumer Defensive,0.6290746145691735,0.8804736987055908,0.9907206928549335,,
2012-07-02,197997,AZO,buy,rebalance,0.2736017262298992,364.22,2012-07-02,99.65122072745389,0.34877927254608865,-164.0,Consumer Cyclical,0.6138059833894924,0.9121454144863674,0.9526755335601609,,
2012-07-02,199059,AAPL,buy,rebalance,5.623340710312843,17.721,2012-07-02,99.65122072745389,0.34877927254608865,-171.33333333333334,Technology,0.5560992303177174,0.9592398788212614,0.9888648314259202,,
2012-07-02,195318,NSR1,buy,rebalance,2.9386971609393666,33.91,2012-07-02,99.65122072745392,0.3487792725460887,-174.66666666666666,Communication Services,0.6078215712031906,0.9113191958138254,0.949582431178472,,
2012-07-02,198685,ROST,buy,rebalance,3.6186803953610975,27.538,2012-07-02,99.6512207274539,0.34877927254608865,-176.0,Consumer Cyclical,0.60210636138721,0.9361057559900854,0.9294772656974946,,
2012-07-02,195259,RAI,buy,rebalance,5.401150174929751,18.45,2012-07-02,99.6512207274539,0.34877927254608865,-180.66666666666666,Consumer Defensive,0.627765318903281,0.8479757642522721,0.9922672440457779,,
2012-07-02,198798,MLAB,buy,rebalance,2.3326050590448237,42.721,2012-07-02,99.6512207274539,0.34877927254608865,-187.66666666666666,Technology,0.5645063804436964,0.9804461580831727,0.9334982987936901,,
2012-07-02,193960,V,buy,rebalance,3.48699071759584,28.578,2012-07-02,99.65122072745392,0.3487792725460887,-192.0,Financial Services,0.5697086369794105,0.9462957862847701,0.9542220847510052,,
2012-07-02,195751,ABCO,buy,rebalance,1.944793534883956,51.24,2012-07-02,99.6512207274539,0.34877927254608865,-218.66666666666666,Healthcare,0.5263522266649858,0.9724593775819333,0.9901020723785957,,
2012-07-02,199747,EFX,buy,rebalance,2.4178973340965184,41.214,2012-07-02,99.6512207274539,0.34877927254608865,-239.33333333333334,Industrials,0.5772761136134593,0.873588543101074,0.9706155273739561,,
2012-08-01,193811,PM,buy,rebalance,2.1573263926102766,46.192,2012-08-01,99.65122072745389,0.34877927254608865,-143.33333333333334,Consumer Defensive,0.6290746145691735,0.8804736987055908,0.9907206928549335,,
2012-08-01,197997,AZO,buy,rebalance,0.27469531859705576,362.77,2012-08-01,99.65122072745392,0.3487792725460887,-161.66666666666666,Consumer Cyclical,0.6138059833894924,0.9121454144863674,0.9526755335601609,,
2012-08-01,199059,AAPL,buy,rebalance,5.490727903876461,18.149,2012-08-01,99.6512207274539,0.34877927254608865,-170.0,Technology,0.5560992303177174,0.9592398788212614,0.9888648314259202,,
2012-08-01,195318,NSR1,buy,rebalance,2.8751073493206554,34.66,2012-08-01,99.6512207274539,0.34877927254608865,-172.33333333333334,Communication Services,0.6078215712031906,0.9113191958138254,0.949582431178472,,
2012-08-01,198685,ROST,buy,rebalance,3.460472296678609,28.797,2012-08-01,99.6512207274539,0.34877927254608865,-175.0,Consumer Cyclical,0.60210636138721,0.9361057559900854,0.9294772656974946,,
2012-08-01,195259,RAI,buy,rebalance,5.284854726742357,18.856,2012-08-01,99.65122072745389,0.34877927254608865,-178.0,Consumer Defensive,0.6277653189032808,0.8479757642522721,0.9922672440457779,,
2012-08-01,198798,MLAB,buy,rebalance,2.3381876798482817,42.619,2012-08-01,99.65122072745392,0.3487792725460887,-186.66666666666666,Technology,0.5645063804436964,0.9804461580831727,0.9334982987936901,,
2012-08-01,193960,V,buy,rebalance,3.4639606760099384,28.768,2012-08-01,99.6512207274539,0.34877927254608865,-190.66666666666666,Financial Services,0.5697086369794105,0.9462957862847701,0.9542220847510052,,
2012-08-01,195751,ABCO,buy,rebalance,2.2720296563486984,43.86,2012-08-01,99.6512207274539,0.34877927254608865,-217.33333333333334,Healthcare,0.5263522266649858,0.9724593775819333,0.9901020723785957,,
2012-08-01,199747,EFX,buy,rebalance,2.512574587818106,39.661,2012-08-01,99.6512207274539,0.34877927254608865,-236.66666666666666,Industrials,0.5772761136134593,0.873588543101074,0.9706155273739561,,
2012-09-04,193811,PM,buy,rebalance,2.181649861581407,45.677,2012-09-04,99.65122072745392,0.3487792725460887,-140.66666666666666,Consumer Defensive,0.6290746145691735,0.8804736987055908,0.9907206928549335,,
2012-09-04,197997,AZO,buy,rebalance,0.27813782719508184,358.28,2012-09-04,99.65122072745392,0.3487792725460887,-159.0,Consumer Cyclical,0.6138059833894924,0.9121454144863674,0.9526755335601609,,
2012-09-04,199059,AAPL,buy,rebalance,4.91546493994248,20.273,2012-09-04,99.6512207274539,0.34877927254608865,-168.66666666666666,Technology,0.5560992303177174,0.9592398788212614,0.9888648314259202,,
2012-09-04,195318,NSR1,buy,rebalance,2.593732970521965,38.42,2012-09-04,99.6512207274539,0.34877927254608865,-169.66666666666666,Communication Services,0.6078215712031906,0.9113191958138254,0.949582431178472,,
2012-09-04,198685,ROST,buy,rebalance,3.2865413649765474,30.321,2012-09-04,99.6512207274539,0.34877927254608865,-172.33333333333334,Consumer Cyclical,0.60210636138721,0.9361057559900854,0.9294772656974946,,
2012-09-04,195259,RAI,buy,rebalance,5.291870889886565,18.831,2012-09-04,99.6512207274539,0.34877927254608865,-175.33333333333334,Consumer Defensive,0.6277653189032808,0.8479757642522721,0.9922672440457779,,
2012-09-04,198798,MLAB,buy,rebalance,2.2467245508286493,44.354,2012-09-04,99.6512207274539,0.34877927254608865,-186.0,Technology,0.5645063804436963,0.9804461580831727,0.9334982987936901,,
2012-09-04,193960,V,buy,rebalance,3.4296262640230557,29.056,2012-09-04,99.6512207274539,0.34877927254608865,-188.33333333333334,Financial Services,0.5697086369794105,0.9462957862847701,0.9542220847510052,,
2012-09-04,195751,ABCO,buy,rebalance,2.1738922497263067,45.84,2012-09-04,99.6512207274539,0.34877927254608865,-215.66666666666666,Healthcare,0.5263522266649859,0.9724593775819333,0.9901020723785957,,
2012-09-04,199747,EFX,buy,rebalance,2.4920904475818118,39.987,2012-09-04,99.65122072745392,0.3487792725460887,-233.66666666666666,Industrials,0.5772761136134593,0.873588543101074,0.9706155273739561,,
2012-10-01,188136,LNCR,sell,delisted,21.52386209837409,41.49,2012-08-13,893.0250384615409,3.1255876346153935,,,,,,529.3893917322861,360.5100590946395
2012-10-01,199357,SHW,buy,rebalance,4.360518345150449,43.19,2012-10-01,188.33078732704786,0.6591577556446675,-144.66666666666666,Basic Materials,0.5825307763707376,0.9629219701162147,0.9645100502512562,,
2012-10-01,198685,ROST,buy,rebalance,6.522956058709057,28.872,2012-10-01,188.3307873270479,0.6591577556446676,-159.66666666666666,Consumer Cyclical,0.5954973428719393,0.9640287769784173,0.926821608040201,,
2012-10-01,193249,ASPS,buy,rebalance,0.28842489900200763,652.963,2012-10-01,188.3307873270479,0.6591577556446676,-161.33333333333334,Real Estate,0.5551772748271199,0.9858882125069175,0.9736180904522613,,
2012-10-01,199747,EFX,buy,rebalance,4.61674275799887,40.793,2012-10-01,188.33078732704791,0.6591577556446677,-171.33333333333334,Industrials,0.5779800989178037,0.9418926397343663,0.9714195979899497,,
2012-10-01,199059,AAPL,buy,rebalance,9.508774478796722,19.806,2012-10-01,188.3307873270479,0.6591577556446676,-183.33333333333334,Technology,0.5804985486186507,0.9142224681793027,0.9880653266331658,,
2012-10-01,199196,TJX,buy,rebalance,9.985725733141457,18.86,2012-10-01,188.3307873270479,0.6591577556446676,-192.66666666666666,Consumer Cyclical,0.5933295992795561,0.9443829551743221,0.9214824120603015,,
2012-10-01,199781,DG,buy,rebalance,4.2574099676066535,44.236,2012-10-01,188.33078732704791,0.6591577556446677,-195.33333333333334,Consumer Defensive,0.5929765009060907,0.9438295517432208,0.9205402010050251,,
2012-10-01,195243,BGS,buy,rebalance,16.298640184080302,11.555,2012-10-01,188.3307873270479,0.6591577556446676,-221.66666666666666,Consumer Defensive,0.5653597669576819,0.9219701162147206,0.964824120603015,,
2012-10-01,198928,UTMD,buy,rebalance,7.045671056006281,26.73,2012-10-01,188.3307873270479,0.6591577556446676,-225.33333333333334,Healthcare,0.6155382321132362,0.8536247924737134,0.9597989949748744,,
2012-10-01,196736,RTN,buy,rebalance,4.003971156710772,47.036,2012-10-01,188.3307873270479,0.6591577556446676,-232.66666666666666,Industrials,0.6056812295593407,0.8868289983397897,0.925251256281407,,
2012-11-01,188702,QSFT,sell,delisted,12.305515007217366,28.0,2012-09-27,344.55442020208625,1.2059404707073018,,,,,,300.00000000000006,43.348479731378916
2012-11-01,199357,SHW,buy,rebalance,3.199022985891157,41.846,2012-11-01,133.86631586760134,0.46853210553660474,-143.66666666666666,Basic Materials,0.5825307763707376,0.9629219701162147,0.9645100502512562,,
2012-11-01,198685,ROST,buy,rebalance,5.368611023364802,24.935,2012-11-01,133.86631586760134,0.46853210553660474,-158.0,Consumer Cyclical,0.5954973428719393,0.9640287769784173,0.926821608040201,,
2012-11-01,193249,ASPS,buy,rebalance,0.1644161522928269,814.192,2012-11-01,133.86631586760134,0.46853210553660474,-160.33333333333334,Real Estate,0.5551772748271199,0.9858882125069175,0.9736180904522613,,
2012-11-01,199747,EFX,buy,rebalance,3.0692020329145575,43.616,2012-11-01,133.86631586760134,0.46853210553660474,-168.33333333333334,Industrials,0.5779800989178037,0.9418926397343663,0.9714195979899497,,
2012-11-01,199059,AAPL,buy,rebalance,7.471052342203445,17.918,2012-11-01,133.86631586760132,0.4685321055366046,-180.33333333333334,Technology,0.5804985486186507,0.9142224681793027,0.9880653266331658,,
2012-11-01,199196,TJX,buy,rebalance,7.619895028893518,17.568,2012-11-01,133.86631586760134,0.46853210553660474,-189.0,Consumer Cyclical,0.5933295992795561,0.9443829551743221,0.9214824120603015,,
2012-11-01,199781,DG,buy,rebalance,3.220185125871433,41.571,2012-11-01,133.86631586760134,0.46853210553660474,-191.66666666666666,Consumer Defensive,0.5929765009060906,0.9438295517432208,0.9205402010050251,,
2012-11-01,195243,BGS,buy,rebalance,11.56212781720516,11.578,2012-11-01,133.86631586760134,0.46853210553660474,-218.66666666666666,Consumer Defensive,0.5653597669576819,0.9219701162147206,0.964824120603015,,
2012-11-01,198928,UTMD,buy,rebalance,4.9742239843787655,26.912,2012-11-01,133.86631586760134,0.46853210553660474,-221.33333333333334,Healthcare,0.6155382321132362,0.8536247924737134,0.9597989949748744,,
2012-11-01,196736,RTN,buy,rebalance,2.7673767570256405,48.373,2012-11-01,133.8663158676013,0.4685321055366045,-228.66666666666666,Industrials,0.6056812295593407,0.8868289983397897,0.925251256281407,,
2012-12-03,199357,SHW,buy,rebalance,2.24066242585452,44.474,2012-12-03,99.65122072745392,0.3487792725460887,-143.66666666666666,Basic Materials,0.5825307763707376,0.9629219701162147,0.9645100502512562,,
2012-12-03,198685,ROST,buy,rebalance,4.040351148534459,24.664,2012-12-03,99.6512207274539,0.34877927254608865,-158.0,Consumer Cyclical,0.5954973428719393,0.9640287769784173,0.926821608040201,,
2012-12-03,193249,ASPS,buy,rebalance,0.1297043723146108,768.295,2012-12-03,99.65122072745389,0.34877927254608865,-160.0,Real Estate,0.5551772748271199,0.9858882125069175,0.9736180904522613,,
2012-12-03,199747,EFX,buy,rebalance,2.1477944851489084,46.397,2012-12-03,99.6512207274539,0.34877927254608865,-168.0,Industrials,0.5779800989178036,0.9418926397343663,0.9714195979899497,,
2012-12-03,199059,AAPL,buy,rebalance,5.633195066560424,17.69,2012-12-03,99.6512207274539,0.34877927254608865,-179.66666666666666,Technology,0.5804985486186507,0.9142224681793027,0.9880653266331658,,
2012-12-03,199196,TJX,buy,rebalance,5.431768272509207,18.346,2012-12-03,99.65122072745392,0.3487792725460887,-188.66666666666666,Consumer Cyclical,0.5933295992795561,0.9443829551743221,0.9214824120603015,,
2012-12-03,199781,DG,buy,rebalance,2.3843427460270354,41.794,2012-12-03,99.65122072745392,0.3487792725460887,-191.33333333333334,Consumer Defensive,0.5929765009060907,0.9438295517432208,0.9205402010050251,,
2012-12-03,195243,BGS,buy,rebalance,9.175142319073188,10.861,2012-12-03,99.6512207274539,0.34877927254608865,-218.0,Consumer Defensive,0.5653597669576819,0.9219701162147206,0.964824120603015,,
2012-12-03,198928,UTMD,buy,rebalance,3.59595917752071,27.712,2012-12-03,99.6512207274539,0.34877927254608865,-219.0,Healthcare,0.6155382321132362,0.8536247924737134,0.9597989949748744,,
2012-12-03,196736,RTN,buy,rebalance,2.0874611573055826,47.738,2012-12-03,99.6512207274539,0.34877927254608865,-227.0,Industrials,0.6056812295593407,0.8868289983397897,0.925251256281407,,
2013-01-02,199357,SHW,buy,rebalance,2.176741387668281,45.78,2013-01-02,99.6512207274539,0.34877927254608865,-185.33333333333334,Basic Materials,0.605274128855438,0.9275524475524476,0.9587694259435459,,
2013-01-02,199196,TJX,buy,rebalance,5.542645348876685,17.979,2013-01-02,99.65122072745392,0.3487792725460887,-195.33333333333334,Consumer Cyclical,0.637761916779572,0.9034965034965035,0.929908024104028,,
2013-01-02,195349,TDG,buy,rebalance,1.5059651618904641,66.171,2013-01-02,99.65122072745392,0.3487792725460887,-244.66666666666666,Industrials,0.5908005118870879,0.9015384615384615,0.9524262607040913,,
2013-01-02,197859,GILD,buy,rebalance,3.8698000360162284,25.751,2013-01-02,99.6512207274539,0.34877927254608865,-249.0,Healthcare,0.5491797534195412,0.946013986013986,0.9879479860450364,,
2013-01-02,197858,PDLI,buy,rebalance,26.230908325205032,3.799,2013-01-02,99.65122072745392,0.3487792725460887,-253.0,Healthcare,0.6016819536763516,0.8430769230769231,0.9892166190929274,,
2013-01-02,199747,EFX,buy,rebalance,2.0944370568413357,47.579,2013-01-02,99.65122072745392,0.3487792725460887,-262.6666666666667,Industrials,0.6295863581136992,0.8111888111888111,0.9711385981604821,,
2013-01-02,195656,CMCSA,buy,rebalance,7.600581246850271,13.111,2013-01-02,99.6512207274539,0.34877927254608865,-264.0,Communication Services,0.6284288177949451,0.8858741258741258,0.8940691405011101,,
2013-01-02,194557,QVCAQ,buy,rebalance,0.25703973485755016,387.688,2013-01-02,99.6512207274539,0.34877927254608865,-266.3333333333333,Consumer Cyclical,0.6084431266384701,0.8212587412587412,0.9825562955915002,,
2013-01-02,199059,AAPL,buy,rebalance,6.014317142099941,16.569,2013-01-02,99.65122072745392,0.3487792725460887,-289.0,Technology,0.54785158154541,0.9130069930069931,0.9838249286393911,,
2013-01-02,193573,SNI,buy,rebalance,1.7957439808165698,55.493,2013-01-02,99.65122072745392,0.3487792725460887,-315.0,Communication Services,0.5838369137347333,0.8646153846153846,0.9359340310815096,,
2013-02-01,199357,SHW,buy,rebalance,2.0816180800353843,47.872,2013-02-01,99.65122072745392,0.3487792725460887,-184.0,Basic Materials,0.605274128855438,0.9275524475524476,0.9587694259435459,,
2013-02-01,199196,TJX,buy,rebalance,5.282053468008794,18.866,2013-02-01,99.6512207274539,0.34877927254608865,-193.66666666666666,Consumer Cyclical,0.6377619167795718,0.9034965034965035,0.929908024104028,,
2013-02-01,195349,TDG,buy,rebalance,1.5454833469417004,64.479,2013-02-01,99.6512207274539,0.34877927254608865,-243.0,Industrials,0.590800511887088,0.9015384615384615,0.9524262607040913,,
2013-02-01,197859,GILD,buy,rebalance,3.580712207238732,27.83,2013-02-01,99.6512207274539,0.34877927254608865,-247.66666666666666,Healthcare,0.5491797534195412,0.946013986013986,0.9879479860450364,,
2013-02-01,197858,PDLI,buy,rebalance,28.007650569829654,3.558,2013-02-01,99.6512207274539,0.34877927254608865,-251.0,Healthcare,0.6016819536763516,0.8430769230769231,0.9892166190929274,,
2013-02-01,199747,EFX,buy,rebalance,1.9340363071800857,51.525,2013-02-01,99.65122072745392,0.3487792725460887,-260.3333333333333,Industrials,0.6295863581136992,0.8111888111888111,0.9711385981604821,,
2013-02-01,195656,CMCSA,buy,rebalance,7.584961236676351,13.138,2013-02-01,99.6512207274539,0.34877927254608865,-262.0,Communication Services,0.6284288177949451,0.8858741258741258,0.8940691405011101,,
2013-02-01,194557,QVCAQ,buy,rebalance,0.24451287137149771,407.55,2013-02-01,99.65122072745389,0.34877927254608865,-264.6666666666667,Consumer Cyclical,0.60844312663847,0.8212587412587412,0.9825562955915002,,
2013-02-01,199059,AAPL,buy,rebalance,7.279124961830088,13.69,2013-02-01,99.6512207274539,0.34877927254608865,-287.3333333333333,Technology,0.54785158154541,0.9130069930069931,0.9838249286393911,,
2013-02-01,193573,SNI,buy,rebalance,1.7165854876223714,58.052,2013-02-01,99.6512207274539,0.34877927254608865,-312.0,Communication Services,0.5838369137347335,0.8646153846153846,0.9359340310815096,,
2013-03-01,199357,SHW,buy,rebalance,2.0923262167983263,47.627,2013-03-01,99.65122072745389,0.34877927254608865,-182.33333333333334,Basic Materials,0.605274128855438,0.9275524475524476,0.9587694259435459,,
2013-03-01,199196,TJX,buy,rebalance,5.305959252832858,18.781,2013-03-01,99.6512207274539,0.34877927254608865,-192.0,Consumer Cyclical,0.637761916779572,0.9034965034965035,0.929908024104028,,
2013-03-01,195349,TDG,buy,rebalance,1.4776716499222085,67.438,2013-03-01,99.6512207274539,0.34877927254608865,-241.33333333333334,Industrials,0.5908005118870878,0.9015384615384615,0.9524262607040913,,
2013-03-01,197859,GILD,buy,rebalance,3.342542539410791,29.813,2013-03-01,99.6512207274539,0.34877927254608865,-245.33333333333334,Healthcare,0.5491797534195412,0.946013986013986,0.9879479860450364,,
2013-03-01,197858,PDLI,buy,rebalance,27.12335893507183,3.674,2013-03-01,99.6512207274539,0.34877927254608865,-248.33333333333334,Healthcare,0.6016819536763516,0.8430769230769231,0.9892166190929274,,
2013-03-01,199747,EFX,buy,rebalance,2.044127604665721,48.75,2013-03-01,99.6512207274539,0.34877927254608865,-257.3333333333333,Industrials,0.6295863581136992,0.8111888111888111,0.9711385981604821,,
2013-03-01,195656,CMCSA,buy,rebalance,7.3138510625654245,13.625,2013-03-01,99.6512207274539,0.34877927254608865,-260.0,Communication Services,0.6284288177949451,0.8858741258741258,0.8940691405011101,,
2013-03-01,194557,QVCAQ,buy,rebalance,0.250619866574419,397.619,2013-03-01,99.6512207274539,0.34877927254608865,-261.6666666666667,Consumer Cyclical,0.60844312663847,0.8212587412587412,0.9825562955915002,,
2013-03-01,199059,AAPL,buy,rebalance,7.627341808454184,13.065,2013-03-01,99.6512207274539,0.34877927254608865,-284.3333333333333,Technology,0.54785158154541,0.9130069930069931,0.9838249286393911,,
2013-03-01,193573,SNI,buy,rebalance,1.655115943520029,60.208,2013-03-01,99.6512207274539,0.34877927254608865,-309.3333333333333,Communication Services,0.5838369137347335,0.8646153846153846,0.9359340310815096,,
2013-04-01,199357,SHW,buy,rebalance,2.028771366018321,49.119,2013-04-01,99.6512207274539,0.34877927254608865,-135.33333333333334,Basic Materials,0.6348579725754072,0.9331641285956007,0.9546915167095116,,
2013-04-01,193488,WBD,buy,rebalance,2.5558148429713747,38.99,2013-04-01,99.6512207274539,0.34877927254608865,-228.33333333333334,Communication Services,0.5885283789200887,0.9058093626621545,0.9582262210796915,,
2013-04-01,199499,NRC,buy,rebalance,6.7780724205859,14.702,2013-04-01,99.6512207274539,0.34877927254608865,-242.66666666666666,Healthcare,0.571118654744592,0.88917089678511,0.9993573264781491,,
2013-04-01,199747,EFX,buy,rebalance,2.012424183679751,49.518,2013-04-01,99.65122072745392,0.3487792725460887,-249.0,Industrials,0.6085789355259476,0.8468697123519459,0.9665809768637532,,
2013-04-01,198439,FISV,buy,rebalance,4.581033454119151,21.753,2013-04-01,99.65122072745389,0.34877927254608865,-252.33333333333334,Technology,0.6224039310345476,0.8045685279187818,0.9881105398457584,,
2013-04-01,196744,CHH,buy,rebalance,2.716032181178902,36.69,2013-04-01,99.6512207274539,0.34877927254608865,-254.66666666666666,Consumer Cyclical,0.6282832569826046,0.7887760857304005,0.9945372750642674,,
2013-04-01,196101,TWX,buy,rebalance,1.9912720951053853,50.044,2013-04-01,99.65122072745389,0.34877927254608865,-263.0,Communication Services,0.6063726123977877,0.8482797518330514,0.955655526992288,,
2013-04-01,199553,MKC,buy,rebalance,3.5777553846068253,27.853,2013-04-01,99.6512207274539,0.34877927254608865,-268.6666666666667,Consumer Defensive,0.6559078954221512,0.7777777777777778,0.9656169665809768,,
2013-04-01,196904,MMS,buy,rebalance,2.861485160874484,34.825,2013-04-01,99.65122072745392,0.3487792725460887,-293.0,Industrials,0.5806804449568709,0.9289340101522843,0.8875321336760925,,
2013-04-01,197638,PZZA,buy,rebalance,4.17632206225447,23.861,2013-04-01,99.6512207274539,0.34877927254608865,-307.3333333333333,Consumer Cyclical,0.6030589730539507,0.8584320360970107,0.9042416452442159,,
2013-05-01,199357,SHW,buy,rebalance,1.877201106290928,53.085,2013-05-01,99.65122072745392,0.3487792725460887,-132.0,Basic Materials,0.6348579725754072,0.9331641285956007,0.9546915167095116,,
2013-05-01,193488,WBD,buy,rebalance,2.550581538967338,39.07,2013-05-01,99.6512207274539,0.34877927254608865,-224.33333333333334,Communication Services,0.5885283789200888,0.9058093626621545,0.9582262210796915,,
2013-05-01,199499,NRC,buy,rebalance,6.546956226756055,15.221,2013-05-01,99.6512207274539,0.34877927254608865,-238.66666666666666,Healthcare,0.5711186547445919,0.88917089678511,0.9993573264781491,,
2013-05-01,199747,EFX,buy,rebalance,1.8615262035316058,53.532,2013-05-01,99.65122072745392,0.3487792725460887,-245.0,Industrials,0.6085789355259477,0.8468697123519459,0.9665809768637532,,
2013-05-01,198439,FISV,buy,rebalance,4.585249193735513,21.733,2013-05-01,99.6512207274539,0.34877927254608865,-248.33333333333334,Technology,0.6224039310345476,0.8045685279187818,0.9881105398457584,,
2013-05-01,196744,CHH,buy,rebalance,2.9461690139384435,33.824,2013-05-01,99.6512207274539,0.34877927254608865,-250.33333333333334,Consumer Cyclical,0.6282832569826047,0.7887760857304005,0.9945372750642674,,
2013-05-01,196101,TWX,buy,rebalance,1.9290195460123871,51.659,2013-05-01,99.6512207274539,0.34877927254608865,-259.0,Communication Services,0.6063726123977877,0.8482797518330514,0.955655526992288,,
2013-05-01,199553,MKC,buy,rebalance,3.606370176876589,27.632,2013-05-01,99.65122072745392,0.3487792725460887,-264.0,Consumer Defensive,0.6559078954221512,0.7777777777777778,0.9656169665809768,,
2013-05-01,196904,MMS,buy,rebalance,2.954204337941833,33.732,2013-05-01,99.6512207274539,0.34877927254608865,-289.0,Industrials,0.5806804449568709,0.9289340101522843,0.8875321336760925,,
2013-05-01,197638,PZZA,buy,rebalance,4.08088868206945,24.419,2013-05-01,99.65122072745389,0.34877927254608865,-303.0,Consumer Cyclical,0.6030589730539506,0.8584320360970107,0.9042416452442159,,
2013-06-03,188187,CPICQ,sell,delisted,27.083893776884455,0.016,2013-05-01,0.4333423004301513,0.0015166980515055296,,,,,,1099.1367899762133,-1098.7049643738346
2013-06-03,199357,SHW,buy,rebalance,1.811140933343125,55.045,2013-06-03,99.69425267587232,0.3489298843655531,-130.66666666666666,Basic Materials,0.6348579725754072,0.9331641285956007,0.9546915167095116,,
2013-06-03,193488,WBD,buy,rebalance,2.523585689808184,39.505,2013-06-03,99.69425267587232,0.3489298843655531,-222.33333333333334,Communication Services,0.5885283789200887,0.9058093626621545,0.9582262210796915,,
2013-06-03,199499,NRC,buy,rebalance,8.395305488494511,11.875,2013-06-03,99.69425267587232,0.3489298843655531,-236.66666666666666,Healthcare,0.571118654744592,0.88917089678511,0.9993573264781491,,
2013-06-03,199747,EFX,buy,rebalance,1.8571954671362207,53.68,2013-06-03,99.69425267587233,0.34892988436555317,-242.66666666666666,Industrials,0.6085789355259477,0.8468697123519459,0.9665809768637532,,
2013-06-03,198439,FISV,buy,rebalance,4.572711341889383,21.802,2013-06-03,99.69425267587233,0.34892988436555317,-245.66666666666666,Technology,0.6224039310345476,0.8045685279187818,0.9881105398457584,,
2013-06-03,196744,CHH,buy,rebalance,2.9376271525436053,33.937,2013-06-03,99.69425267587232,0.3489298843655531,-247.66666666666666,Consumer Cyclical,0.6282832569826047,0.7887760857304005,0.9945372750642674,,
2013-06-03,196101,TWX,buy,rebalance,1.949361633801422,51.142,2013-06-03,99.69425267587232,0.3489298843655531,-256.3333333333333,Communication Services,0.6063726123977877,0.8482797518330514,0.955655526992288,,
2013-06-03,199553,MKC,buy,rebalance,3.7268879504998997,26.75,2013-06-03,99.69425267587232,0.3489298843655531,-261.6666666666667,Consumer Defensive,0.6559078954221513,0.7777777777777778,0.9656169665809768,,
2013-06-03,196904,MMS,buy,rebalance,3.0639330221855166,32.538,2013-06-03,99.69425267587232,0.3489298843655531,-287.3333333333333,Industrials,0.5806804449568708,0.9289340101522843,0.8875321336760925,,
2013-06-03,197638,PZZA,buy,rebalance,3.96556295448975,25.14,2013-06-03,99.69425267587232,0.3489298843655531,-300.6666666666667,Consumer Cyclical,0.6030589730539506,0.8584320360970107,0.9042416452442159,,
2013-07-01,196101,TWX,buy,rebalance,1.9585538664987012,50.88,2013-07-01,99.65122072745392,0.3487792725460887,-215.66666666666666,Communication Services,0.6202429935803325,0.871131119864941,0.9613801836024058,,
2013-07-01,195812,COR,buy,rebalance,2.171334395072426,45.894,2013-07-01,99.65122072745392,0.3487792725460887,-235.0,Healthcare,0.6250856566023137,0.8230163196398425,0.9930357708135485,,
2013-07-01,199747,EFX,buy,rebalance,1.9151542430275772,52.033,2013-07-01,99.65122072745393,0.34877927254608876,-238.66666666666666,Industrials,0.6489863278748255,0.7993809791783906,0.9882874327318771,,
2013-07-01,194557,QVCAQ,buy,rebalance,0.2236563852441425,445.555,2013-07-01,99.65122072745392,0.3487792725460887,-262.3333333333333,Consumer Cyclical,0.5875385932294567,0.8550928531232415,0.9857549857549858,,
2013-07-01,199877,CPB,buy,rebalance,3.4093270631035586,29.229,2013-07-01,99.65122072745392,0.3487792725460887,-270.0,Consumer Defensive,0.6341954940319822,0.8171074845244795,0.9509338398227287,,
2013-07-01,196366,ZD,buy,rebalance,3.129552814755792,31.842,2013-07-01,99.65122072745393,0.34877927254608876,-282.3333333333333,Communication Services,0.582626838264977,0.8989870568373663,0.9237100348211459,,
2013-07-01,198928,UTMD,buy,rebalance,2.210983131669009,45.071,2013-07-01,99.6512207274539,0.34877927254608865,-304.6666666666667,Healthcare,0.5990585415883922,0.8196398424310636,0.9623298512187402,,
2013-07-01,195852,FIS,buy,rebalance,2.9060459224710256,34.291,2013-07-01,99.65122072745393,0.34877927254608876,-307.6666666666667,Technology,0.6270512384055414,0.7701181767023073,0.97340930674264,,
2013-07-01,199615,RYN,buy,rebalance,4.604741958664291,21.641,2013-07-01,99.6512207274539,0.34877927254608865,-310.0,Real Estate,0.6681003223983041,0.8078221722003377,0.8923710034821146,,
2013-07-01,193203,ACN,buy,rebalance,1.7764407574061238,56.096,2013-07-01,99.65122072745392,0.3487792725460887,-314.0,Technology,0.5961387174480411,0.8224535734383793,0.9550490661601773,,
2013-08-01,196101,TWX,buy,rebalance,1.8107210220491683,55.034,2013-08-01,99.65122072745393,0.34877927254608876,-214.66666666666666,Communication Services,0.6202429935803325,0.871131119864941,0.9613801836024058,,
2013-08-01,195812,COR,buy,rebalance,2.031376808697283,49.056,2013-08-01,99.65122072745392,0.3487792725460887,-233.66666666666666,Healthcare,0.6250856566023136,0.8230163196398425,0.9930357708135485,,
2013-08-01,199747,EFX,buy,rebalance,1.7640194141979062,56.491,2013-08-01,99.65122072745392,0.3487792725460887,-236.66666666666666,Industrials,0.6489863278748255,0.7993809791783906,0.9882874327318771,,
2013-08-01,194557,QVCAQ,buy,rebalance,0.20821661100526526,478.594,2013-08-01,99.65122072745392,0.3487792725460887,-261.3333333333333,Consumer Cyclical,0.5875385932294567,0.8550928531232415,0.9857549857549858,,
2013-08-01,199877,CPB,buy,rebalance,3.2180850199397377,30.966,2013-08-01,99.65122072745392,0.3487792725460887,-268.3333333333333,Consumer Defensive,0.6341954940319822,0.8171074845244795,0.9509338398227287,,
2013-08-01,196366,ZD,buy,rebalance,2.883092834378368,34.564,2013-08-01,99.65122072745392,0.3487792725460887,-281.3333333333333,Communication Services,0.582626838264977,0.8989870568373663,0.9237100348211459,,
2013-08-01,198928,UTMD,buy,rebalance,2.1798363934694063,45.715,2013-08-01,99.65122072745392,0.3487792725460887,-303.0,Healthcare,0.5990585415883922,0.8196398424310636,0.9623298512187402,,
2013-08-01,195852,FIS,buy,rebalance,2.812702044298567,35.429,2013-08-01,99.65122072745393,0.34877927254608876,-305.6666666666667,Technology,0.6270512384055414,0.7701181767023073,0.97340930674264,,
2013-08-01,199615,RYN,buy,rebalance,4.232193184721563,23.546,2013-08-01,99.65122072745392,0.3487792725460887,-308.0,Real Estate,0.6681003223983041,0.8078221722003377,0.8923710034821146,,
2013-08-01,193203,ACN,buy,rebalance,1.7111618367926011,58.236,2013-08-01,99.65122072745392,0.3487792725460887,-312.6666666666667,Technology,0.596138717448041,0.8224535734383793,0.9550490661601773,,
2013-09-03,196101,TWX,buy,rebalance,1.8521498936389036,53.803,2013-09-03,99.65122072745392,0.3487792725460887,-213.66666666666666,Communication Services,0.6202429935803325,0.871131119864941,0.9613801836024058,,
2013-09-03,195812,COR,buy,rebalance,2.0736909942244077,48.055,2013-09-03,99.65122072745392,0.3487792725460887,-232.33333333333334,Healthcare,0.6250856566023136,0.8230163196398425,0.9930357708135485,,
2013-09-03,199747,EFX,buy,rebalance,1.9135361239597888,52.077,2013-09-03,99.65122072745392,0.3487792725460887,-235.0,Industrials,0.6489863278748255,0.7993809791783906,0.9882874327318771,,
2013-09-03,194557,QVCAQ,buy,rebalance,0.22895589287673046,435.242,2013-09-03,99.65122072745392,0.3487792725460887,-260.0,Consumer Cyclical,0.5875385932294567,0.8550928531232415,0.9857549857549858,,
2013-09-03,199877,CPB,buy,rebalance,3.5772416529940023,27.857,2013-09-03,99.65122072745392,0.3487792725460887,-266.6666666666667,Consumer Defensive,0.6341954940319822,0.8171074845244795,0.9509338398227287,,
2013-09-03,196366,ZD,buy,rebalance,2.675775219576122,37.242,2013-09-03,99.65122072745393,0.34877927254608876,-280.0,Communication Services,0.5826268382649769,0.8989870568373663,0.9237100348211459,,
2013-09-03,198928,UTMD,buy,rebalance,2.473348739822634,40.29,2013-09-03,99.65122072745392,0.3487792725460887,-301.6666666666667,Healthcare,0.5990585415883922,0.8196398424310636,0.9623298512187402,,
2013-09-03,195852,FIS,buy,rebalance,2.834221294865015,35.16,2013-09-03,99.65122072745392,0.3487792725460887,-303.6666666666667,Technology,0.6270512384055413,0.7701181767023073,0.97340930674264,,
2013-09-03,199615,RYN,buy,rebalance,4.606444817059766,21.633,2013-09-03,99.65122072745392,0.3487792725460887,-305.6666666666667,Real Estate,0.6681003223983041,0.8078221722003377,0.8923710034821146,,
2013-09-03,193203,ACN,buy,rebalance,1.752602415228089,56.859,2013-09-03,99.65122072745392,0.3487792725460887,-311.0,Technology,0.596138717448041,0.8224535734383793,0.9550490661601773,,
2013-10-01,195812,COR,buy,rebalance,1.9047579319810755,52.317,2013-10-01,99.65122072745393,0.34877927254608876,-209.66666666666666,Healthcare,0.63614213471271,0.817771509167842,0.99234205488194,,
2013-10-01,199902,HRB,buy,rebalance,5.687855064352393,17.52,2013-10-01,99.65122072745392,0.3487792725460887,-225.66666666666666,Consumer Cyclical,0.5708819100353116,0.9165021156558533,0.9703254626675175,,
2013-10-01,195164,DPZ,buy,rebalance,1.6632931754482227,59.912,2013-10-01,99.65122072745392,0.3487792725460887,-259.3333333333333,Consumer Cyclical,0.556113237649637,0.9018335684062059,0.9881940012763242,,
2013-10-01,196469,LIFE2,buy,rebalance,1.330989992352797,74.87,2013-10-01,99.65122072745392,0.3487792725460887,-271.0,Healthcare,0.5976959371975528,0.8854724964739069,0.9052329291640077,,
2013-10-01,199990,BYI,buy,rebalance,1.35561448411718,73.51,2013-10-01,99.6512207274539,0.34877927254608865,-291.3333333333333,Technology,0.5909843101641903,0.8507757404795486,0.9323548181238035,,
2013-10-01,195920,FLO,buy,rebalance,7.503291975563129,13.281,2013-10-01,99.65122072745392,0.3487792725460887,-298.6666666666667,Consumer Defensive,0.5890356327223593,0.9038081805359661,0.8714103382259094,,
2013-10-01,198047,TYL,buy,rebalance,1.1146668985173818,89.4,2013-10-01,99.65122072745393,0.34877927254608876,-299.6666666666667,Technology,0.536147374985759,0.9083215796897038,0.99617102744097,,
2013-10-01,196101,TWX,buy,rebalance,1.7043719765932461,58.468,2013-10-01,99.65122072745392,0.3487792725460887,-321.3333333333333,Communication Services,0.6169498496295436,0.7661495063469675,0.9530950861518825,,
2013-10-01,198326,NWL,buy,rebalance,5.848419550880563,17.039,2013-10-01,99.65122072745393,0.34877927254608876,-332.6666666666667,Consumer Defensive,0.5892334389659889,0.8352609308885754,0.9090619017230377,,
2013-10-01,196366,ZD,buy,rebalance,2.6235051792189847,37.984,2013-10-01,99.65122072745392,0.3487792725460887,-341.3333333333333,Communication Services,0.5777253363652953,0.8369534555712271,0.923739629865986,,
2013-11-01,198189,BMC,sell,delisted,8.833788888380255,46.3,2013-09-10,409.00442553200577,1.43151548936202,,,,,,300.00539238348813,107.56751765915561
2013-11-01,194859,WCRX,sell,delisted,61.370662428435644,23.11,2013-09-27,1418.2760087211477,4.963966030524017,,,,,,868.4616430505291,544.8503996400946
2013-11-01,195812,COR,buy,rebalance,5.057384975110668,55.583,2013-11-01,281.10462907157626,0.9838662017505169,-208.0,Healthcare,0.63614213471271,0.817771509167842,0.99234205488194,,
2013-11-01,199902,HRB,buy,rebalance,15.473365391730953,18.167,2013-11-01,281.10462907157626,0.9838662017505169,-224.0,Consumer Cyclical,0.5708819100353114,0.9165021156558533,0.9703254626675175,,
2013-11-01,195164,DPZ,buy,rebalance,4.876478949979638,57.645,2013-11-01,281.10462907157626,0.9838662017505169,-257.6666666666667,Consumer Cyclical,0.5561132376496369,0.9018335684062059,0.9881940012763242,,
2013-11-01,196469,LIFE2,buy,rebalance,3.7296620548172514,75.37,2013-11-01,281.10462907157626,0.9838662017505169,-269.6666666666667,Healthcare,0.5976959371975528,0.8854724964739069,0.9052329291640077,,
2013-11-01,199990,BYI,buy,rebalance,3.9151062544787782,71.8,2013-11-01,281.10462907157626,0.9838662017505169,-289.6666666666667,Technology,0.5909843101641903,0.8507757404795486,0.9323548181238035,,
2013-11-01,195920,FLO,buy,rebalance,18.369249759627277,15.303,2013-11-01,281.10462907157626,0.9838662017505169,-297.3333333333333,Consumer Defensive,0.5890356327223591,0.9038081805359661,0.8714103382259094,,
2013-11-01,198047,TYL,buy,rebalance,2.9743374147876014,94.51,2013-11-01,281.1046290715762,0.9838662017505168,-297.6666666666667,Technology,0.536147374985759,0.9083215796897038,0.99617102744097,,
2013-11-01,196101,TWX,buy,rebalance,4.658986824973089,60.336,2013-11-01,281.10462907157626,0.9838662017505169,-318.6666666666667,Communication Services,0.6169498496295436,0.7661495063469675,0.9530950861518825,,
2013-11-01,198326,NWL,buy,rebalance,15.396244335172323,18.258,2013-11-01,281.10462907157626,0.9838662017505169,-331.0,Consumer Defensive,0.589233438965989,0.8352609308885754,0.9090619017230377,,
2013-11-01,196366,ZD,buy,rebalance,6.821934404493914,41.206,2013-11-01,281.1046290715762,0.9838662017505168,-339.3333333333333,Communication Services,0.5777253363652954,0.8369534555712271,0.923739629865986,,
2013-12-02,195812,COR,buy,rebalance,1.6731232492856598,59.56,2013-12-02,99.6512207274539,0.34877927254608865,-206.33333333333334,Healthcare,0.63614213471271,0.817771509167842,0.99234205488194,,
2013-12-02,199902,HRB,buy,rebalance,5.573957977819326,17.878,2013-12-02,99.65122072745392,0.3487792725460887,-222.33333333333334,Consumer Cyclical,0.5708819100353115,0.9165021156558533,0.9703254626675175,,
2013-12-02,195164,DPZ,buy,rebalance,1.6863456031586466,59.093,2013-12-02,99.6512207274539,0.34877927254608865,-256.0,Consumer Cyclical,0.5561132376496369,0.9018335684062059,0.9881940012763242,,
2013-12-02,196469,LIFE2,buy,rebalance,1.3162227014589079,75.71,2013-12-02,99.6512207274539,0.34877927254608865,-267.0,Healthcare,0.5976959371975528,0.8854724964739069,0.9052329291640077,,
2013-12-02,199990,BYI,buy,rebalance,1.338139126191136,74.47,2013-12-02,99.65122072745389,0.34877927254608865,-287.6666666666667,Technology,0.5909843101641902,0.8507757404795486,0.9323548181238035,,
2013-12-02,195920,FLO,buy,rebalance,7.475710482179587,13.33,2013-12-02,99.6512207274539,0.34877927254608865,-295.0,Consumer Defensive,0.5890356327223591,0.9038081805359661,0.8714103382259094,,
2013-12-02,198047,TYL,buy,rebalance,0.9862551536763053,101.04,2013-12-02,99.6512207274539,0.34877927254608865,-296.3333333333333,Technology,0.536147374985759,0.9083215796897038,0.99617102744097,,
2013-12-02,196101,TWX,buy,rebalance,1.7246066374901166,57.782,2013-12-02,99.6512207274539,0.34877927254608865,-316.0,Communication Services,0.6169498496295436,0.7661495063469675,0.9530950861518825,,
2013-12-02,198326,NWL,buy,rebalance,5.381897857391117,18.516,2013-12-02,99.6512207274539,0.34877927254608865,-328.3333333333333,Consumer Defensive,0.5892334389659889,0.8352609308885754,0.9090619017230377,,
2013-12-02,196366,ZD,buy,rebalance,2.8997881777230874,34.365,2013-12-02,99.6512207274539,0.34877927254608865,-337.3333333333333,Communication Services,0.5777253363652954,0.8369534555712271,0.923739629865986,,
2014-01-02,195812,COR,buy,rebalance,1.6970575736964222,58.72,2014-01-02,99.6512207274539,0.34877927254608865,-268.0,Healthcare,0.653975763711027,0.7647225368063421,0.9929464571978198,,
2014-01-02,193176,TW2,buy,rebalance,0.8628408957109921,115.492,2014-01-02,99.6512207274539,0.34877927254608865,-277.6666666666667,Industrials,0.5978974656614989,0.9026047565118913,0.9185636421930106,,
2014-01-02,195878,NOC,buy,rebalance,1.0841671188321156,91.915,2014-01-02,99.6512207274539,0.34877927254608865,-291.6666666666667,Industrials,0.6667765697245724,0.8103057757644394,0.9079833279897404,,
2014-01-02,194695,VIAB,buy,rebalance,1.3296048023623568,74.948,2014-01-02,99.6512207274539,0.34877927254608865,-306.3333333333333,Communication Services,0.6308634332967482,0.7576443941109853,0.9842898364860532,,
2014-01-02,194210,BR,buy,rebalance,3.18853296411397,31.253,2014-01-02,99.6512207274539,0.34877927254608865,-352.6666666666667,Technology,0.6458491523431469,0.7157417893544734,0.9666559794806028,,
2014-01-02,195164,DPZ,buy,rebalance,1.6724493274612966,59.584,2014-01-02,99.6512207274539,0.34877927254608865,-357.3333333333333,Consumer Cyclical,0.5829871276659506,0.7941676104190261,0.9890990702148125,,
2014-01-02,194504,HBI,buy,rebalance,7.5959463928236834,13.119,2014-01-02,99.6512207274539,0.34877927254608865,-364.3333333333333,Consumer Cyclical,0.6054302040167497,0.9048697621744054,0.8076306508496313,,
2014-01-02,198331,PSKY,buy,rebalance,2.0073569431229763,49.643,2014-01-02,99.65122072745392,0.3487792725460887,-365.0,Communication Services,0.5724588517931606,0.8278595696489242,0.969220904135941,,
2014-01-02,198877,DST,buy,rebalance,2.3199520586546982,42.954,2014-01-02,99.6512207274539,0.34877927254608865,-371.6666666666667,Technology,0.641662246834968,0.6896942242355606,0.9804424495030458,,
2014-01-02,196469,LIFE2,buy,rebalance,1.314313119591848,75.82,2014-01-02,99.6512207274539,0.34877927254608865,-383.0,Healthcare,0.6342911351376503,0.7842582106455266,0.874639307470343,,
2014-02-03,195812,COR,buy,rebalance,1.8199474153493544,54.755,2014-02-03,99.6512207274539,0.34877927254608865,-266.3333333333333,Healthcare,0.653975763711027,0.7647225368063421,0.9929464571978198,,
2014-02-03,193176,TW2,buy,rebalance,0.9560245668676923,104.235,2014-02-03,99.6512207274539,0.34877927254608865,-276.6666666666667,Industrials,0.5978974656614989,0.9026047565118913,0.9185636421930106,,
2014-02-03,195878,NOC,buy,rebalance,1.0839784265095986,91.931,2014-02-03,99.6512207274539,0.34877927254608865,-290.0,Industrials,0.6667765697245724,0.8103057757644394,0.9079833279897404,,
2014-02-03,194695,VIAB,buy,rebalance,1.4671204264748894,67.923,2014-02-03,99.65122072745392,0.3487792725460887,-304.6666666666667,Communication Services,0.6308634332967482,0.7576443941109853,0.9842898364860532,,
2014-02-03,194210,BR,buy,rebalance,3.5509824583064504,28.063,2014-02-03,99.65122072745392,0.3487792725460887,-350.3333333333333,Technology,0.645849152343147,0.7157417893544734,0.9666559794806028,,
2014-02-03,195164,DPZ,buy,rebalance,1.7060935939230923,58.409,2014-02-03,99.6512207274539,0.34877927254608865,-355.3333333333333,Consumer Cyclical,0.5829871276659506,0.7941676104190261,0.9890990702148125,,
2014-02-03,194504,HBI,buy,rebalance,7.75616599684417,12.848,2014-02-03,99.6512207274539,0.34877927254608865,-363.3333333333333,Consumer Cyclical,0.6054302040167497,0.9048697621744054,0.8076306508496313,,
2014-02-03,198331,PSKY,buy,rebalance,2.2547565555130307,44.196,2014-02-03,99.6512207274539,0.34877927254608865,-363.6666666666667,Communication Services,0.5724588517931606,0.8278595696489242,0.969220904135941,,
2014-02-03,198877,DST,buy,rebalance,2.4051171946866967,41.433,2014-02-03,99.6512207274539,0.34877927254608865,-369.0,Technology,0.641662246834968,0.6896942242355606,0.9804424495030458,,
2014-02-03,196469,LIFE2,buy,rebalance,1.3105105303452642,76.04,2014-02-03,99.6512207274539,0.34877927254608865,-381.0,Healthcare,0.6342911351376503,0.7842582106455266,0.874639307470343,,
2014-03-03,195812,COR,buy,rebalance,1.7510625863651428,56.909,2014-03-03,99.6512207274539,0.34877927254608865,-264.6666666666667,Healthcare,0.653975763711027,0.7647225368063421,0.9929464571978198,,
2014-03-03,193176,TW2,buy,rebalance,1.008564553691148,98.805,2014-03-03,99.65122072745389,0.34877927254608865,-275.0,Industrials,0.5978974656614989,0.9026047565118913,0.9185636421930106,,
2014-03-03,195878,NOC,buy,rebalance,1.0092489287554327,98.738,2014-03-03,99.65122072745392,0.3487792725460887,-288.3333333333333,Industrials,0.6667765697245724,0.8103057757644394,0.9079833279897404,,
2014-03-03,194695,VIAB,buy,rebalance,1.3458560664404995,74.043,2014-03-03,99.65122072745392,0.3487792725460887,-303.0,Communication Services,0.6308634332967482,0.7576443941109853,0.9842898364860532,,
2014-03-03,194210,BR,buy,rebalance,3.306387760956034,30.139,2014-03-03,99.65122072745392,0.3487792725460887,-348.6666666666667,Technology,0.645849152343147,0.7157417893544734,0.9666559794806028,,
2014-03-03,195164,DPZ,buy,rebalance,1.4635436080343946,68.089,2014-03-03,99.65122072745389,0.34877927254608865,-353.6666666666667,Consumer Cyclical,0.5829871276659506,0.7941676104190261,0.9890990702148125,,
2014-03-03,194504,HBI,buy,rebalance,7.12048736887845,13.995,2014-03-03,99.6512207274539,0.34877927254608865,-361.6666666666667,Consumer Cyclical,0.6054302040167497,0.9048697621744054,0.8076306508496313,,
2014-03-03,198331,PSKY,buy,rebalance,1.92518103487991,51.762,2014-03-03,99.6512207274539,0.34877927254608865,-362.3333333333333,Communication Services,0.5724588517931605,0.8278595696489242,0.969220904135941,,
2014-03-03,198877,DST,buy,rebalance,2.2159981482233073,44.969,2014-03-03,99.6512207274539,0.34877927254608865,-367.3333333333333,Technology,0.641662246834968,0.6896942242355606,0.9804424495030458,,
2014-03-03,195920,FLO,buy,rebalance,7.965088380421541,12.511,2014-03-03,99.65122072745389,0.34877927254608865,-384.3333333333333,Consumer Defensive,0.6170650953594272,0.8066251415628539,0.8739980763065085,,
2014-04-01,196469,LIFE2,sell,delisted,9.001698398566068,76.04,2014-02-03,684.4891462269638,2.3957120117943735,,,,,,682.0884952733268,0.0049389418427381315
2014-04-01,197300,LMT,buy,rebalance,1.42866719024595,117.328,2014-04-01,167.62266409717682,0.5866793243401189,-174.0,Industrials,0.6745786518875224,0.8767826583000571,0.946911196911197,,
2014-04-01,194210,BR,buy,rebalance,5.529546219475385,30.314,2014-04-01,167.62266409717682,0.5866793243401189,-229.33333333333334,Technology,0.6438399608774068,0.8288648031945237,0.9671814671814671,,
2014-04-01,195878,NOC,buy,rebalance,1.6575297058893366,101.128,2014-04-01,167.62266409717682,0.5866793243401189,-243.66666666666666,Industrials,0.6801439233048311,0.8422703936109527,0.9095881595881596,,
2014-04-01,197377,MCK,buy,rebalance,1.0404301689984845,161.109,2014-04-01,167.62266409717685,0.586679324340119,-313.6666666666667,Healthcare,0.6227766048386124,0.820593268682259,0.9157014157014157,,
2014-04-01,195812,COR,buy,rebalance,3.016532250525066,55.568,2014-04-01,167.62266409717685,0.586679324340119,-321.6666666666667,Healthcare,0.6001705555480527,0.7789503707929264,0.9954954954954955,,
2014-04-01,195164,DPZ,buy,rebalance,2.459144463963981,68.163,2014-04-01,167.62266409717682,0.5866793243401189,-335.6666666666667,Consumer Cyclical,0.5782959178141257,0.8157444381061039,0.9897039897039897,,
2014-04-01,197638,PZZA,buy,rebalance,4.09245011101777,40.959,2014-04-01,167.62266409717682,0.5866793243401189,-339.0,Consumer Cyclical,0.6106850447341515,0.8302909298345693,0.8963963963963963,,
2014-04-01,194695,VIAB,buy,rebalance,2.2348496626470165,75.004,2014-04-01,167.62266409717682,0.5866793243401189,-345.0,Communication Services,0.6334644908814218,0.7270393610952652,0.971042471042471,,
2014-04-01,193634,LO,buy,rebalance,3.2628552760628513,51.373,2014-04-01,167.62266409717685,0.586679324340119,-353.0,Consumer Defensive,0.6658654389369271,0.6762692527096407,0.9816602316602316,,
2014-04-01,196643,MANH,buy,rebalance,4.669154988779299,35.9,2014-04-01,167.62266409717682,0.5866793243401189,-356.3333333333333,Technology,0.5544701547411228,0.8736451796919567,0.9594594594594594,,
2014-05-01,197300,LMT,buy,rebalance,0.853821549861659,116.712,2014-05-01,99.65122072745395,0.3487792725460888,-173.33333333333334,Industrials,0.6745786518875223,0.8767826583000571,0.946911196911197,,
2014-05-01,194210,BR,buy,rebalance,3.258918854321864,30.578,2014-05-01,99.65122072745395,0.3487792725460888,-227.66666666666666,Technology,0.6438399608774068,0.8288648031945237,0.9671814671814671,,
2014-05-01,195878,NOC,buy,rebalance,1.0126847832632535,98.403,2014-05-01,99.65122072745395,0.3487792725460888,-242.33333333333334,Industrials,0.6801439233048311,0.8422703936109527,0.9095881595881596,,
2014-05-01,197377,MCK,buy,rebalance,0.6473632902896953,153.934,2014-05-01,99.65122072745396,0.34877927254608887,-311.6666666666667,Healthcare,0.6227766048386124,0.820593268682259,0.9157014157014157,,
2014-05-01,195812,COR,buy,rebalance,1.8220771375080715,54.691,2014-05-01,99.65122072745395,0.3487792725460888,-318.6666666666667,Healthcare,0.6001705555480527,0.7789503707929264,0.9954954954954955,,
2014-05-01,195164,DPZ,buy,rebalance,1.600822822930987,62.25,2014-05-01,99.65122072745395,0.3487792725460888,-333.6666666666667,Consumer Cyclical,0.5782959178141257,0.8157444381061039,0.9897039897039897,,
2014-05-01,199209,WLY,buy,rebalance,2.489911067099444,40.022,2014-05-01,99.65122072745395,0.3487792725460888,-337.0,Consumer Cyclical,0.6218806640884071,0.7458642327438677,0.9678249678249679,,
2014-05-01,194695,VIAB,buy,rebalance,1.3798476955850116,72.219,2014-05-01,99.65122072745395,0.3487792725460888,-341.0,Communication Services,0.6334644908814218,0.7270393610952652,0.971042471042471,,
2014-05-01,193634,LO,buy,rebalance,1.7743531342803667,56.162,2014-05-01,99.65122072745395,0.3487792725460888,-348.6666666666667,Consumer Defensive,0.6658654389369272,0.6762692527096407,0.9816602316602316,,
2014-05-01,195852,FIS,buy,rebalance,2.3212490269614245,42.93,2014-05-01,99.65122072745396,0.34877927254608887,-353.0,Technology,0.6175173381964805,0.7350256702795208,0.9681467181467182,,
2014-06-02,197300,LMT,buy,rebalance,0.8404137561982722,118.574,2014-06-02,99.65122072745392,0.3487792725460887,-172.66666666666666,Industrials,0.6745786518875223,0.8767826583000571,0.946911196911197,,
2014-06-02,194210,BR,buy,rebalance,2.9985622943295507,33.233,2014-06-02,99.65122072745395,0.3487792725460888,-226.66666666666666,Technology,0.6438399608774068,0.8288648031945237,0.9671814671814671,,
2014-06-02,195878,NOC,buy,rebalance,0.9956758395693011,100.084,2014-06-02,99.65122072745393,0.34877927254608876,-241.0,Industrials,0.6801439233048311,0.8422703936109527,0.9095881595881596,,
2014-06-02,197377,MCK,buy,rebalance,0.5736015330051628,173.729,2014-06-02,99.65122072745393,0.34877927254608876,-310.0,Healthcare,0.6227766048386125,0.820593268682259,0.9157014157014157,,
2014-06-02,195812,COR,buy,rebalance,1.6089126164885923,61.937,2014-06-02,99.65122072745393,0.34877927254608876,-317.0,Healthcare,0.6001705555480527,0.7789503707929264,0.9954954954954955,,
2014-06-02,195164,DPZ,buy,rebalance,1.5747166765818708,63.282,2014-06-02,99.65122072745395,0.3487792725460888,-332.0,Consumer Cyclical,0.5782959178141257,0.8157444381061039,0.9897039897039897,,
2014-06-02,199209,WLY,buy,rebalance,2.572308227347804,38.74,2014-06-02,99.65122072745393,0.34877927254608876,-335.0,Consumer Cyclical,0.6218806640884071,0.7458642327438677,0.9678249678249679,,
2014-06-02,194695,VIAB,buy,rebalance,1.3289132880026397,74.987,2014-06-02,99.65122072745395,0.3487792725460888,-339.0,Communication Services,0.6334644908814218,0.7270393610952652,0.971042471042471,,
2014-06-02,193634,LO,buy,rebalance,1.7113381543440485,58.23,2014-06-02,99.65122072745393,0.34877927254608876,-346.6666666666667,Consumer Defensive,0.6658654389369271,0.6762692527096407,0.9816602316602316,,
2014-06-02,195852,FIS,buy,rebalance,2.2981232583241993,43.362,2014-06-02,99.65122072745393,0.34877927254608876,-351.0,Technology,0.6175173381964805,0.7350256702795208,0.9681467181467182,,
2014-07-01,197300,LMT,buy,rebalance,0.8585663515680937,116.067,2014-07-01,99.65122072745392,0.3487792725460887,-160.0,Industrials,0.6694171360899167,0.8997715591090806,0.9484924623115578,,
2014-07-01,195878,NOC,buy,rebalance,1.0083298329163186,98.828,2014-07-01,99.65122072745393,0.34877927254608876,-252.66666666666666,Industrials,0.6610169946979692,0.8406624785836665,0.9199120603015075,,
2014-07-01,194210,BR,buy,rebalance,2.9731545403065285,33.517,2014-07-01,99.65122072745392,0.3487792725460887,-273.6666666666667,Technology,0.6568125453615943,0.7681324957167333,0.9707914572864321,,
2014-07-01,198439,FISV,buy,rebalance,3.256043807464595,30.605,2014-07-01,99.65122072745393,0.34877927254608876,-278.0,Technology,0.6732584237514498,0.7255853797829811,0.9940326633165829,,
2014-07-01,199576,VGR,buy,rebalance,21.39356391744395,4.658,2014-07-01,99.65122072745392,0.3487792725460887,-291.6666666666667,Consumer Defensive,0.6231436234453943,0.8092518560822387,0.9550879396984925,,
2014-07-01,199209,WLY,buy,rebalance,2.333752241860748,42.7,2014-07-01,99.65122072745395,0.3487792725460888,-297.3333333333333,Consumer Cyclical,0.6301884966835664,0.7824100513992005,0.9645100502512562,,
2014-07-01,199915,BCR,buy,rebalance,0.6947192276089398,143.441,2014-07-01,99.65122072745393,0.34877927254608876,-307.3333333333333,Healthcare,0.6557336732493015,0.7581382067390063,0.9491206030150754,,
2014-07-01,199416,PPG,buy,rebalance,1.1893256877769363,83.788,2014-07-01,99.65122072745393,0.34877927254608876,-308.6666666666667,Basic Materials,0.6135249956420353,0.8235294117647058,0.9431532663316583,,
2014-07-01,197942,IDXX,buy,rebalance,1.4578483026472668,68.355,2014-07-01,99.65122072745393,0.34877927254608876,-336.0,Healthcare,0.6275563439170931,0.7715591090805254,0.940640703517588,,
2014-07-01,194291,TWC,buy,rebalance,0.6960342301281968,143.17,2014-07-01,99.65122072745392,0.3487792725460887,-359.6666666666667,Communication Services,0.6314083926361855,0.8041119360365505,0.8793969849246231,,
2014-08-01,197300,LMT,buy,rebalance,0.8252757432976997,120.749,2014-08-01,99.65122072745393,0.34877927254608876,-157.66666666666666,Industrials,0.6694171360899167,0.8997715591090806,0.9484924623115578,,
2014-08-01,195878,NOC,buy,rebalance,0.9799317618638038,101.692,2014-08-01,99.65122072745393,0.34877927254608876,-250.0,Industrials,0.6610169946979692,0.8406624785836665,0.9199120603015075,,
2014-08-01,194210,BR,buy,rebalance,3.0590379643742,32.576,2014-08-01,99.65122072745395,0.3487792725460888,-271.0,Technology,0.6568125453615943,0.7681324957167333,0.9707914572864321,,
2014-08-01,198439,FISV,buy,rebalance,3.2438548413884747,30.72,2014-08-01,99.65122072745393,0.34877927254608876,-275.3333333333333,Technology,0.6732584237514498,0.7255853797829811,0.9940326633165829,,
2014-08-01,199576,VGR,buy,rebalance,21.434979721973313,4.649,2014-08-01,99.65122072745393,0.34877927254608876,-288.6666666666667,Consumer Defensive,0.6231436234453943,0.8092518560822387,0.9550879396984925,,
2014-08-01,199209,WLY,buy,rebalance,2.380412792381194,41.863,2014-08-01,99.65122072745393,0.34877927254608876,-294.6666666666667,Consumer Cyclical,0.6301884966835664,0.7824100513992005,0.9645100502512562,,
2014-08-01,199915,BCR,buy,rebalance,0.6766795961528804,147.265,2014-08-01,99.65122072745393,0.34877927254608876,-304.3333333333333,Healthcare,0.6557336732493015,0.7581382067390063,0.9491206030150754,,
2014-08-01,199416,PPG,buy,rebalance,1.2521042472697042,79.587,2014-08-01,99.65122072745395,0.3487792725460888,-305.3333333333333,Basic Materials,0.6135249956420353,0.8235294117647058,0.9431532663316583,,
2014-08-01,197942,IDXX,buy,rebalance,1.598639941083724,62.335,2014-08-01,99.65122072745393,0.34877927254608876,-333.0,Healthcare,0.627556343917093,0.7715591090805254,0.940640703517588,,
2014-08-01,194291,TWC,buy,rebalance,0.7082481341813771,140.701,2014-08-01,99.65122072745393,0.34877927254608876,-356.6666666666667,Communication Services,0.6314083926361855,0.8041119360365505,0.8793969849246231,,
2014-09-02,197300,LMT,buy,rebalance,0.7875450134150026,126.534,2014-09-02,99.65122072745395,0.3487792725460888,-156.33333333333334,Industrials,0.6694171360899165,0.8997715591090806,0.9484924623115578,,
2014-09-02,195878,NOC,buy,rebalance,0.9393083299788286,106.09,2014-09-02,99.65122072745393,0.34877927254608876,-248.33333333333334,Industrials,0.6610169946979692,0.8406624785836665,0.9199120603015075,,
2014-09-02,194210,BR,buy,rebalance,2.896080116465283,34.409,2014-09-02,99.65122072745393,0.34877927254608876,-269.0,Technology,0.6568125453615943,0.7681324957167333,0.9707914572864321,,
2014-09-02,198439,FISV,buy,rebalance,3.082791051119998,32.325,2014-09-02,99.65122072745395,0.3487792725460888,-273.3333333333333,Technology,0.6732584237514498,0.7255853797829811,0.9940326633165829,,
2014-09-02,199576,VGR,buy,rebalance,18.460767085486093,5.398,2014-09-02,99.65122072745393,0.34877927254608876,-286.3333333333333,Consumer Defensive,0.6231436234453943,0.8092518560822387,0.9550879396984925,,
2014-09-02,199209,WLY,buy,rebalance,2.343025574932495,42.531,2014-09-02,99.65122072745393,0.34877927254608876,-292.3333333333333,Consumer Cyclical,0.6301884966835664,0.7824100513992005,0.9645100502512562,,
2014-09-02,199915,BCR,buy,rebalance,0.6772268408754158,147.146,2014-09-02,99.65122072745393,0.34877927254608876,-302.3333333333333,Healthcare,0.6557336732493015,0.7581382067390063,0.9491206030150754,,
2014-09-02,199416,PPG,buy,rebalance,1.2065042766203031,82.595,2014-09-02,99.65122072745393,0.34877927254608876,-303.0,Basic Materials,0.6135249956420353,0.8235294117647058,0.9431532663316583,,
2014-09-02,197942,IDXX,buy,rebalance,1.6070185571271398,62.01,2014-09-02,99.65122072745393,0.34877927254608876,-330.6666666666667,Healthcare,0.627556343917093,0.7715591090805254,0.940640703517588,,
2014-09-02,194291,TWC,buy,rebalance,0.6977204162287426,142.824,2014-09-02,99.65122072745395,0.3487792725460888,-354.0,Communication Services,0.6314083926361855,0.8041119360365505,0.8793969849246231,,
2014-10-01,196724,MAR,buy,rebalance,1.6482173458063833,60.46,2014-10-01,99.65122072745393,0.34877927254608876,-214.66666666666666,Consumer Cyclical,0.6077337970415803,0.8896140749148694,0.99328,,
2014-10-01,194210,BR,buy,rebalance,2.991720577845445,33.309,2014-10-01,99.65122072745393,0.34877927254608876,-232.66666666666666,Technology,0.6347194609468992,0.8422247446083996,0.97216,,
2014-10-01,199209,WLY,buy,rebalance,2.54225268451079,39.198,2014-10-01,99.65122072745393,0.34877927254608876,-250.66666666666666,Consumer Cyclical,0.6452734438906058,0.8121452894438138,0.96416,,
2014-10-01,192873,NLSN,buy,rebalance,2.8282687383622047,35.234,2014-10-01,99.65122072745393,0.34877927254608876,-251.0,Industrials,0.6131087148698315,0.8513053348467651,0.98336,,
2014-10-01,199812,TAP,buy,rebalance,1.8412671740628208,54.121,2014-10-01,99.65122072745393,0.34877927254608876,-270.6666666666667,Consumer Defensive,0.6306376733391007,0.833427922814983,0.94816,,
2014-10-01,197300,LMT,buy,rebalance,0.7694361968578505,129.512,2014-10-01,99.65122072745393,0.34877927254608876,-275.3333333333333,Industrials,0.6361341580599694,0.8135641316685585,0.9552,,
2014-10-01,195812,COR,buy,rebalance,1.5311876081721845,65.081,2014-10-01,99.65122072745395,0.3487792725460888,-282.6666666666667,Healthcare,0.6330922744520228,0.7803632236095346,0.98688,,
2014-10-01,198439,FISV,buy,rebalance,3.098607609684513,32.16,2014-10-01,99.65122072745393,0.34877927254608876,-289.0,Technology,0.6505986209154974,0.7360953461975028,0.9952,,
2014-10-01,197302,SHPG,buy,rebalance,0.3936682826454419,253.135,2014-10-01,99.65122072745393,0.34877927254608876,-302.3333333333333,Healthcare,0.5542797517185977,0.9580022701475596,0.96992,,
2014-10-01,193748,KDP,buy,rebalance,11.763808372972958,8.471,2014-10-01,99.65122072745393,0.34877927254608876,-304.3333333333333,Consumer Defensive,0.6448984120289083,0.786038592508513,0.9376,,
2014-11-03,196724,MAR,buy,rebalance,1.4772992473123407,67.455,2014-11-03,99.65122072745395,0.3487792725460888,-214.0,Consumer Cyclical,0.6077337970415803,0.8896140749148694,0.99328,,
2014-11-03,194210,BR,buy,rebalance,2.7980912205159187,35.614,2014-11-03,99.65122072745392,0.3487792725460887,-231.66666666666666,Technology,0.6347194609468992,0.8422247446083996,0.97216,,
2014-11-03,199209,WLY,buy,rebalance,2.4121032296723532,41.313,2014-11-03,99.65122072745393,0.34877927254608876,-249.0,Consumer Cyclical,0.6452734438906058,0.8121452894438138,0.96416,,
2014-11-03,192873,NLSN,buy,rebalance,2.938263916481024,33.915,2014-11-03,99.65122072745393,0.34877927254608876,-250.33333333333334,Industrials,0.6131087148698318,0.8513053348467651,0.98336,,
2014-11-03,199812,TAP,buy,rebalance,1.7926105545503495,55.59,2014-11-03,99.65122072745393,0.34877927254608876,-269.6666666666667,Consumer Defensive,0.6306376733391007,0.833427922814983,0.94816,,
2014-11-03,197300,LMT,buy,rebalance,0.7175605452921976,138.875,2014-11-03,99.65122072745395,0.3487792725460888,-273.6666666666667,Industrials,0.6361341580599694,0.8135641316685585,0.9552,,
2014-11-03,195812,COR,buy,rebalance,1.351294606108264,73.745,2014-11-03,99.65122072745393,0.34877927254608876,-281.0,Healthcare,0.6330922744520228,0.7803632236095346,0.98688,,
2014-11-03,198439,FISV,buy,rebalance,2.8606637211842667,34.835,2014-11-03,99.65122072745393,0.34877927254608876,-287.3333333333333,Technology,0.6505986209154974,0.7360953461975028,0.9952,,
2014-11-03,199546,CVS,buy,rebalance,1.6169009220595794,61.631,2014-11-03,99.65122072745393,0.34877927254608876,-300.6666666666667,Healthcare,0.6616343011496485,0.7834846765039728,0.92096,,
2014-11-03,193748,KDP,buy,rebalance,10.755663327302097,9.265,2014-11-03,99.65122072745393,0.34877927254608876,-302.6666666666667,Consumer Defensive,0.6448984120289083,0.786038592508513,0.9376,,
2014-12-01,196724,MAR,buy,rebalance,1.4420888067994257,69.102,2014-12-01,99.65122072745392,0.3487792725460887,-213.0,Consumer Cyclical,0.6077337970415803,0.8896140749148694,0.99328,,
2014-12-01,194210,BR,buy,rebalance,2.731667234853452,36.48,2014-12-01,99.65122072745392,0.3487792725460887,-230.66666666666666,Technology,0.634719460946899,0.8422247446083996,0.97216,,
2014-12-01,199209,WLY,buy,rebalance,2.375079741817907,41.957,2014-12-01,99.65122072745393,0.34877927254608876,-248.0,Consumer Cyclical,0.6452734438906058,0.8121452894438138,0.96416,,
2014-12-01,192873,NLSN,buy,rebalance,2.915653950712562,34.178,2014-12-01,99.65122072745393,0.34877927254608876,-249.33333333333334,Industrials,0.6131087148698315,0.8513053348467651,0.98336,,
2014-12-01,199812,TAP,buy,rebalance,1.7534041969886145,56.833,2014-12-01,99.65122072745392,0.3487792725460887,-268.6666666666667,Consumer Defensive,0.6306376733391009,0.833427922814983,0.94816,,
2014-12-01,197300,LMT,buy,rebalance,0.7106117727457442,140.233,2014-12-01,99.65122072745395,0.3487792725460888,-272.6666666666667,Industrials,0.6361341580599694,0.8135641316685585,0.9552,,
2014-12-01,195812,COR,buy,rebalance,1.2884822954157478,77.34,2014-12-01,99.65122072745393,0.34877927254608876,-279.3333333333333,Healthcare,0.6330922744520228,0.7803632236095346,0.98688,,
2014-12-01,198439,FISV,buy,rebalance,2.798798503790309,35.605,2014-12-01,99.65122072745395,0.3487792725460888,-285.6666666666667,Technology,0.6505986209154974,0.7360953461975028,0.9952,,
2014-12-01,199546,CVS,buy,rebalance,1.5444533760183181,64.522,2014-12-01,99.65122072745393,0.34877927254608876,-299.0,Healthcare,0.6616343011496485,0.7834846765039728,0.92096,,
2014-12-01,193748,KDP,buy,rebalance,10.239541792792226,9.732,2014-12-01,99.65122072745393,0.34877927254608876,-301.3333333333333,Consumer Defensive,0.6448984120289083,0.786038592508513,0.9376,,
2015-01-02,199990,BYI,sell,delisted,6.608859864787094,83.27,2014-11-21,550.3197609408213,1.9261191632928747,,,,,,482.08849527332677,66.30514650420162
2015-01-02,193748,KDP,buy,rebalance,16.07954528655259,9.596,2015-01-02,154.29931656975867,0.5400476079941554,-179.0,Consumer Defensive,0.6651898297845814,0.8844319775596073,0.9684713375796178,,
2015-01-02,198615,MO,buy,rebalance,6.624847218657794,23.291,2015-01-02,154.29931656975867,0.5400476079941554,-188.66666666666666,Consumer Defensive,0.6974371675429241,0.8134642356241234,0.9993630573248408,,
2015-01-02,199689,GD,buy,rebalance,1.433156083461126,107.664,2015-01-02,154.29931656975867,0.5400476079941554,-210.66666666666666,Industrials,0.6489128172218952,0.9298737727910238,0.9165605095541401,,
2015-01-02,197300,LMT,buy,rebalance,1.0877256111505318,141.855,2015-01-02,154.29931656975867,0.5400476079941554,-215.0,Industrials,0.6723406617527486,0.8437587657784011,0.9627388535031847,,
2015-01-02,199855,CHE,buy,rebalance,1.5457291062155885,99.823,2015-01-02,154.29931656975867,0.5400476079941554,-226.33333333333334,Healthcare,0.6179463150878635,0.9004207573632539,0.9898089171974522,,
2015-01-02,197942,IDXX,buy,rebalance,2.0946082477398855,73.665,2015-01-02,154.29931656975867,0.5400476079941554,-228.66666666666666,Healthcare,0.6387771883784847,0.8889200561009818,0.9592356687898089,,
2015-01-02,199059,AAPL,buy,rebalance,6.38339055807375,24.172,2015-01-02,154.2993165697587,0.5400476079941555,-237.66666666666666,Technology,0.6112175083438945,0.9023842917251051,0.993312101910828,,
2015-01-02,196724,MAR,buy,rebalance,2.2242946024183174,69.37,2015-01-02,154.2993165697587,0.5400476079941555,-264.3333333333333,Consumer Cyclical,0.6109731170689726,0.8774193548387097,0.9926751592356687,,
2015-01-02,196853,JLL,buy,rebalance,1.046657644228154,147.421,2015-01-02,154.2993165697587,0.5400476079941555,-290.6666666666667,Real Estate,0.6326013880569309,0.8431977559607293,0.9563694267515923,,
2015-01-02,198336,CDNS,buy,rebalance,8.19433439032175,18.83,2015-01-02,154.29931656975853,0.5400476079941549,-294.6666666666667,Technology,0.6255721765942981,0.8676016830294531,0.939171974522293,,
2015-02-02,193748,KDP,buy,rebalance,9.471649151929846,10.521,2015-02-02,99.65122072745392,0.3487792725460887,-177.33333333333334,Consumer Defensive,0.6651898297845814,0.8844319775596073,0.9684713375796178,,
2015-02-02,198615,MO,buy,rebalance,3.8944513337288535,25.588,2015-02-02,99.6512207274539,0.34877927254608865,-187.0,Consumer Defensive,0.6974371675429241,0.8134642356241234,0.9993630573248408,,
2015-02-02,199689,GD,buy,rebalance,0.9371881945589571,106.33,2015-02-02,99.6512207274539,0.34877927254608865,-208.66666666666666,Industrials,0.6489128172218951,0.9298737727910238,0.9165605095541401,,
2015-02-02,197300,LMT,buy,rebalance,0.7172558245458556,138.934,2015-02-02,99.65122072745389,0.34877927254608865,-213.33333333333334,Industrials,0.6723406617527486,0.8437587657784011,0.9627388535031847,,
2015-02-02,199855,CHE,buy,rebalance,1.0162891950094224,98.054,2015-02-02,99.6512207274539,0.34877927254608865,-224.66666666666666,Healthcare,0.6179463150878634,0.9004207573632539,0.9898089171974522,,
2015-02-02,197942,IDXX,buy,rebalance,1.259335533014709,79.13,2015-02-02,99.6512207274539,0.34877927254608865,-226.66666666666666,Healthcare,0.6387771883784849,0.8889200561009818,0.9592356687898089,,
2015-02-02,199059,AAPL,buy,rebalance,3.799421256956455,26.228,2015-02-02,99.6512207274539,0.34877927254608865,-236.0,Technology,0.6112175083438945,0.9023842917251051,0.993312101910828,,
2015-02-02,196724,MAR,buy,rebalance,1.4931706183501738,66.738,2015-02-02,99.6512207274539,0.34877927254608865,-262.6666666666667,Consumer Cyclical,0.6109731170689727,0.8774193548387097,0.9926751592356687,,
2015-02-02,196853,JLL,buy,rebalance,0.7053205982762071,141.285,2015-02-02,99.65122072745392,0.3487792725460887,-288.6666666666667,Real Estate,0.6326013880569309,0.8431977559607293,0.9563694267515923,,
2015-02-02,198336,CDNS,buy,rebalance,5.567107303209716,17.9,2015-02-02,99.6512207274539,0.34877927254608865,-292.6666666666667,Technology,0.6255721765942981,0.8676016830294531,0.939171974522293,,
2015-03-02,193748,KDP,buy,rebalance,9.387773973382373,10.615,2015-03-02,99.65122072745389,0.34877927254608865,-177.0,Consumer Defensive,0.6651898297845814,0.8844319775596073,0.9684713375796178,,
2015-03-02,198615,MO,buy,rebalance,3.7083663563357363,26.872,2015-03-02,99.6512207274539,0.34877927254608865,-186.66666666666666,Consumer Defensive,0.6974371675429241,0.8134642356241234,0.9993630573248408,,
2015-03-02,199689,GD,buy,rebalance,0.9125151845378316,109.205,2015-03-02,99.6512207274539,0.34877927254608865,-208.66666666666666,Industrials,0.6489128172218951,0.9298737727910238,0.9165605095541401,,
2015-03-02,197300,LMT,buy,rebalance,0.6639431056529675,150.09,2015-03-02,99.6512207274539,0.34877927254608865,-213.0,Industrials,0.6723406617527486,0.8437587657784011,0.9627388535031847,,
2015-03-02,199855,CHE,buy,rebalance,0.8871844655809933,112.323,2015-03-02,99.6512207274539,0.34877927254608865,-224.33333333333334,Healthcare,0.6179463150878635,0.9004207573632539,0.9898089171974522,,
2015-03-02,197942,IDXX,buy,rebalance,1.2498585316374502,79.73,2015-03-02,99.6512207274539,0.34877927254608865,-226.33333333333334,Healthcare,0.6387771883784846,0.8889200561009818,0.9592356687898089,,
2015-03-02,199059,AAPL,buy,rebalance,3.4779848083014766,28.652,2015-03-02,99.65122072745392,0.3487792725460887,-236.0,Technology,0.6112175083438945,0.9023842917251051,0.993312101910828,,
2015-03-02,196724,MAR,buy,rebalance,1.3134296467352995,75.871,2015-03-02,99.6512207274539,0.34877927254608865,-262.3333333333333,Consumer Cyclical,0.6109731170689728,0.8774193548387097,0.9926751592356687,,
2015-03-02,196853,JLL,buy,rebalance,0.6279219957621545,158.7,2015-03-02,99.6512207274539,0.34877927254608865,-288.3333333333333,Real Estate,0.6326013880569309,0.8431977559607293,0.9563694267515923,,
2015-03-02,198336,CDNS,buy,rebalance,5.360474487759759,18.59,2015-03-02,99.65122072745392,0.3487792725460887,-292.3333333333333,Technology,0.6255721765942981,0.8676016830294531,0.939171974522293,,
2015-04-01,196224,GTIV,sell,delisted,23.021218894476164,19.19,2015-02-02,441.7771905849976,1.5462201670474915,,,,,,365.0555261152483,75.1754443027018
2015-04-01,115441,WPZ1,sell,delisted,15.084467378330238,48.15,2015-02-02,726.317104266601,2.5421098649331033,,,,,,529.3893917322862,194.38560266938168
2015-04-01,198615,MO,buy,rebalance,8.924630056523055,24.163,2015-04-01,215.64583605576658,0.754760426195183,-66.0,Consumer Defensive,0.6960707827031459,0.9394449116904963,0.9984015345268542,,
2015-04-01,193748,KDP,buy,rebalance,20.370851696180484,10.586,2015-04-01,215.6458360557666,0.7547604261951831,-96.0,Consumer Defensive,0.6882663434754036,0.9428090832632464,0.967071611253197,,
2015-04-01,199357,SHW,buy,rebalance,2.520522652482194,85.556,2015-04-01,215.6458360557666,0.7547604261951831,-163.33333333333334,Basic Materials,0.6457003991327328,0.9229044014578077,0.9843350383631714,,
2015-04-01,199546,CVS,buy,rebalance,2.936274012904968,73.442,2015-04-01,215.64583605576664,0.7547604261951832,-196.33333333333334,Healthcare,0.698118473025992,0.8873002523128679,0.920076726342711,,
2015-04-01,194210,BR,buy,rebalance,4.800129906639213,44.925,2015-04-01,215.6458360557666,0.7547604261951831,-199.0,Technology,0.6562651925788192,0.895991028875806,0.9581202046035806,,
2015-04-01,198439,FISV,buy,rebalance,5.419598795068274,39.79,2015-04-01,215.6458360557666,0.7547604261951831,-201.66666666666666,Technology,0.6853690624240601,0.8247827305859265,0.995843989769821,,
2015-04-01,197079,FDS,buy,rebalance,1.520710238323954,141.806,2015-04-01,215.64583605576664,0.7547604261951832,-203.66666666666666,Financial Services,0.6269611216125661,0.9184188393608074,0.9881713554987213,,
2015-04-01,196724,MAR,buy,rebalance,3.0015009333263727,71.846,2015-04-01,215.64583605576658,0.754760426195183,-205.66666666666666,Consumer Cyclical,0.6160644483067822,0.9282310064479955,0.9952046035805626,,
2015-04-01,199928,ADP,buy,rebalance,3.248069587537153,66.392,2015-04-01,215.64583605576664,0.7547604261951832,-212.33333333333334,Industrials,0.6862550484675263,0.847210541070928,0.9571611253196931,,
2015-04-01,193404,BAH,buy,rebalance,9.173295731485725,23.508,2015-04-01,215.6458360557664,0.7547604261951825,-213.33333333333334,Industrials,0.6112552660123874,0.9514998598261845,0.9737851662404092,,
2015-05-01,198615,MO,buy,rebalance,4.094975168582449,24.335,2015-05-01,99.6512207274539,0.34877927254608865,-65.66666666666667,Consumer Defensive,0.6960707827031459,0.9394449116904963,0.9984015345268542,,
2015-05-01,193748,KDP,buy,rebalance,9.726815102728542,10.245,2015-05-01,99.6512207274539,0.34877927254608865,-95.66666666666667,Consumer Defensive,0.6882663434754036,0.9428090832632464,0.967071611253197,,
2015-05-01,199357,SHW,buy,rebalance,1.179848932968517,84.461,2015-05-01,99.6512207274539,0.34877927254608865,-162.33333333333334,Basic Materials,0.6457003991327327,0.9229044014578077,0.9843350383631714,,
2015-05-01,199546,CVS,buy,rebalance,1.3764360994427183,72.398,2015-05-01,99.65122072745392,0.3487792725460887,-195.33333333333334,Healthcare,0.698118473025992,0.8873002523128679,0.920076726342711,,
2015-05-01,194210,BR,buy,rebalance,2.2410151511784897,44.467,2015-05-01,99.6512207274539,0.34877927254608865,-198.0,Technology,0.6562651925788192,0.895991028875806,0.9581202046035806,,
2015-05-01,198439,FISV,buy,rebalance,2.5337203337771146,39.33,2015-05-01,99.65122072745392,0.3487792725460887,-200.66666666666666,Technology,0.6853690624240601,0.8247827305859265,0.995843989769821,,
2015-05-01,197079,FDS,buy,rebalance,0.7069668600659349,140.956,2015-05-01,99.65122072745392,0.3487792725460887,-202.66666666666666,Financial Services,0.626961121612566,0.9184188393608074,0.9881713554987213,,
2015-05-01,196724,MAR,buy,rebalance,1.3761319734782487,72.414,2015-05-01,99.6512207274539,0.34877927254608865,-204.66666666666666,Consumer Cyclical,0.6160644483067822,0.9282310064479955,0.9952046035805626,,
2015-05-01,199928,ADP,buy,rebalance,1.4875314703087565,66.991,2015-05-01,99.6512207274539,0.34877927254608865,-211.33333333333334,Industrials,0.6862550484675263,0.847210541070928,0.9571611253196931,,
2015-05-01,193404,BAH,buy,rebalance,4.410321784795482,22.595,2015-05-01,99.6512207274539,0.34877927254608865,-213.0,Industrials,0.6112552660123874,0.9514998598261845,0.9737851662404092,,
2015-06-01,199670,GNI,sell,delisted,79.82416279214658,8.1,2015-04-06,646.5757186163872,2.263015015157355,,,,,,2143.182905101095,-1498.8702014998653
2015-06-01,199010,IGT1,sell,delisted,8.187115660295724,17.68,2015-04-06,144.7482048740284,0.5066187170590994,,,,,,300.0,-155.7584138430307
2015-06-01,198615,MO,buy,rebalance,7.246660634752139,24.595,2015-06-01,178.23161831172885,0.623810664091051,-65.33333333333333,Consumer Defensive,0.6960707827031459,0.9394449116904963,0.9984015345268542,,
2015-06-01,193748,KDP,buy,rebalance,17.285580284330216,10.311,2015-06-01,178.23161831172885,0.623810664091051,-95.33333333333333,Consumer Defensive,0.6882663434754036,0.9428090832632464,0.967071611253197,,
2015-06-01,199357,SHW,buy,rebalance,2.060933827219029,86.481,2015-06-01,178.23161831172885,0.623810664091051,-162.0,Basic Materials,0.6457003991327328,0.9229044014578077,0.9843350383631714,,
2015-06-01,199546,CVS,buy,rebalance,2.412578080996925,73.876,2015-06-01,178.23161831172885,0.623810664091051,-194.33333333333334,Healthcare,0.698118473025992,0.8873002523128679,0.920076726342711,,
2015-06-01,194210,BR,buy,rebalance,4.012689247624307,44.417,2015-06-01,178.23161831172885,0.623810664091051,-197.0,Technology,0.6562651925788192,0.895991028875806,0.9581202046035806,,
2015-06-01,198439,FISV,buy,rebalance,4.424816740608959,40.28,2015-06-01,178.23161831172888,0.6238106640910511,-198.0,Technology,0.6853690624240601,0.8247827305859265,0.995843989769821,,
2015-06-01,197079,FDS,buy,rebalance,1.2036414724213,148.077,2015-06-01,178.23161831172885,0.623810664091051,-201.33333333333334,Financial Services,0.6269611216125661,0.9184188393608074,0.9881713554987213,,
2015-06-01,196724,MAR,buy,rebalance,2.5479495405602335,69.951,2015-06-01,178.23161831172888,0.6238106640910511,-203.66666666666666,Consumer Cyclical,0.6160644483067822,0.9282310064479955,0.9952046035805626,,
2015-06-01,199928,ADP,buy,rebalance,2.6832816691767736,66.423,2015-06-01,178.23161831172882,0.6238106640910509,-209.0,Industrials,0.6862550484675264,0.847210541070928,0.9571611253196931,,
2015-06-01,193404,BAH,buy,rebalance,8.615633891416293,20.687,2015-06-01,178.23161831172885,0.623810664091051,-212.0,Industrials,0.6112552660123874,0.9514998598261845,0.9737851662404092,,
2015-07-01,197079,FDS,buy,rebalance,0.6804778700754144,146.443,2015-07-01,99.65122072745392,0.3487792725460887,-156.66666666666666,Financial Services,0.6608383400350859,0.8981069042316259,0.9814986123959297,,
2015-07-01,193748,KDP,buy,rebalance,9.845985646423664,10.121,2015-07-01,99.6512207274539,0.34877927254608865,-171.66666666666666,Consumer Defensive,0.6861970148633892,0.8644209354120267,0.9842738205365402,,
2015-07-01,194210,BR,buy,rebalance,2.345507243031914,42.486,2015-07-01,99.6512207274539,0.34877927254608865,-176.66666666666666,Technology,0.6611106298562853,0.9011692650334076,0.9574468085106383,,
2015-07-01,199357,SHW,buy,rebalance,1.1827757290919374,84.252,2015-07-01,99.6512207274539,0.34877927254608865,-177.66666666666666,Basic Materials,0.6469129956927097,0.8983853006681515,0.9818069688559975,,
2015-07-01,199229,GHC,buy,rebalance,0.16034630633163666,621.475,2015-07-01,99.65122072745389,0.34877927254608865,-208.33333333333334,Consumer Defensive,0.6275393364869384,0.9064587973273942,0.9765649090348443,,
2015-07-01,199855,CHE,buy,rebalance,0.7853354931630065,126.89,2015-07-01,99.6512207274539,0.34877927254608865,-217.66666666666666,Healthcare,0.6384241313096275,0.8702672605790646,0.9858156028368794,,
2015-07-01,199747,EFX,buy,rebalance,1.126206101978368,88.484,2015-07-01,99.6512207274539,0.34877927254608865,-226.33333333333334,Industrials,0.6638914666310252,0.8204342984409799,0.9987665741597287,,
2015-07-01,199546,CVS,buy,rebalance,1.3080677945899806,76.182,2015-07-01,99.6512207274539,0.34877927254608865,-231.66666666666666,Healthcare,0.695351325548708,0.8608017817371938,0.9222941720629048,,
2015-07-01,198439,FISV,buy,rebalance,2.3695451367840663,42.055,2015-07-01,99.6512207274539,0.34877927254608865,-234.66666666666666,Technology,0.6780191762173324,0.8009465478841871,0.9959913660191181,,
2015-07-01,198229,SBUX,buy,rebalance,2.332386675891256,42.725,2015-07-01,99.65122072745392,0.3487792725460887,-241.66666666666666,Consumer Cyclical,0.6335231690549002,0.8794543429844098,0.9620721554116559,,
2015-08-03,193634,LO,sell,delisted,25.7389030012631,71.4,2015-06-11,1837.7576742901856,6.43215186001565,,,,,,1034.9398176850493,796.3857047451206
2015-08-03,197079,FDS,buy,rebalance,1.9110080098275737,147.642,2015-08-03,282.1450445869626,0.9875076560543692,-153.66666666666666,Financial Services,0.6608383400350859,0.8981069042316259,0.9814986123959297,,
2015-08-03,193748,KDP,buy,rebalance,25.78786624503817,10.941,2015-08-03,282.1450445869626,0.9875076560543692,-168.66666666666666,Consumer Defensive,0.6861970148633892,0.8644209354120267,0.9842738205365402,,
2015-08-03,194210,BR,buy,rebalance,6.316774382907864,44.666,2015-08-03,282.1450445869626,0.9875076560543692,-173.66666666666666,Technology,0.6611106298562853,0.9011692650334076,0.9574468085106383,,
2015-08-03,199357,SHW,buy,rebalance,3.3801160219829725,83.472,2015-08-03,282.1450445869627,0.9875076560543694,-174.66666666666666,Basic Materials,0.6469129956927095,0.8983853006681515,0.9818069688559975,,
2015-08-03,199229,GHC,buy,rebalance,0.4554796456623541,619.446,2015-08-03,282.1450445869626,0.9875076560543692,-205.33333333333334,Consumer Defensive,0.6275393364869384,0.9064587973273942,0.9765649090348443,,
2015-08-03,199855,CHE,buy,rebalance,1.982664431485409,142.306,2015-08-03,282.1450445869626,0.9875076560543692,-214.66666666666666,Healthcare,0.6384241313096275,0.8702672605790646,0.9858156028368794,,
2015-08-03,199747,EFX,buy,rebalance,3.0760891017091065,91.722,2015-08-03,282.1450445869626,0.9875076560543692,-222.66666666666666,Industrials,0.6638914666310252,0.8204342984409799,0.9987665741597287,,
2015-08-03,199546,CVS,buy,rebalance,3.4591435614168167,81.565,2015-08-03,282.1450445869626,0.9875076560543692,-228.66666666666666,Healthcare,0.6953513255487079,0.8608017817371938,0.9222941720629048,,
2015-08-03,198439,FISV,buy,rebalance,6.462323513214903,43.66,2015-08-03,282.1450445869626,0.9875076560543692,-231.0,Technology,0.6780191762173324,0.8009465478841871,0.9959913660191181,,
2015-08-03,198229,SBUX,buy,rebalance,6.115772414855911,46.134,2015-08-03,282.1450445869626,0.9875076560543692,-238.33333333333334,Consumer Cyclical,0.6335231690549002,0.8794543429844098,0.9620721554116559,,
2015-09-01,193222,DTV1,sell,delisted,7.779325838918786,93.55,2015-07-24,727.7559322308524,2.5471457628079834,,,,,,329.5251405491136,395.68364591893084
2015-09-01,197079,FDS,buy,rebalance,1.2587525284360699,136.579,2015-09-01,171.91916158127,0.601717065534445,-152.0,Financial Services,0.6608383400350859,0.8981069042316259,0.9814986123959297,,
2015-09-01,193748,KDP,buy,rebalance,16.797182372376163,10.235,2015-09-01,171.91916158127003,0.6017170655344452,-167.0,Consumer Defensive,0.6861970148633892,0.8644209354120267,0.9842738205365402,,
2015-09-01,194210,BR,buy,rebalance,4.09721548096449,41.96,2015-09-01,171.91916158127,0.601717065534445,-172.0,Technology,0.6611106298562853,0.9011692650334076,0.9574468085106383,,
2015-09-01,199357,SHW,buy,rebalance,2.2999218940638126,74.75,2015-09-01,171.91916158127,0.601717065534445,-173.0,Basic Materials,0.6469129956927095,0.8983853006681515,0.9818069688559975,,
2015-09-01,199229,GHC,buy,rebalance,0.29695095514842434,578.948,2015-09-01,171.91916158126998,0.6017170655344449,-203.33333333333334,Consumer Defensive,0.6275393364869384,0.9064587973273942,0.9765649090348443,,
2015-09-01,199855,CHE,buy,rebalance,1.351353258774328,127.22,2015-09-01,171.91916158127,0.601717065534445,-213.0,Healthcare,0.6384241313096275,0.8702672605790646,0.9858156028368794,,
2015-09-01,199747,EFX,buy,rebalance,2.001853302064159,85.88,2015-09-01,171.91916158126998,0.6017170655344449,-220.66666666666666,Industrials,0.6638914666310252,0.8204342984409799,0.9987665741597287,,
2015-09-01,199546,CVS,buy,rebalance,2.3715931851025642,72.491,2015-09-01,171.91916158126998,0.6017170655344449,-226.66666666666666,Healthcare,0.695351325548708,0.8608017817371938,0.9222941720629048,,
2015-09-01,198439,FISV,buy,rebalance,4.149129035387232,41.435,2015-09-01,171.91916158126998,0.6017170655344449,-228.66666666666666,Technology,0.6780191762173324,0.8009465478841871,0.9959913660191181,,
2015-09-01,198229,SBUX,buy,rebalance,4.042208308792873,42.531,2015-09-01,171.91916158126966,0.6017170655344438,-236.33333333333334,Consumer Cyclical,0.6335231690549001,0.8794543429844098,0.9620721554116559,,
2015-10-01,199014,OCR,sell,delisted,1.9222843504524287,97.9,2015-08-17,188.19163790929278,0.6586707326825247,,,,,,100.0,87.53296717661024
2015-10-01,195259,RAI,buy,rebalance,2.874261872953577,41.172,2015-10-01,118.33910983324466,0.4141868844163563,-145.33333333333334,Consumer Defensive,0.654884538766339,0.9107488256424426,0.9946439823566477,,
2015-10-01,197712,MD,buy,rebalance,1.5467142835347625,76.51,2015-10-01,118.33910983324469,0.4141868844163564,-153.66666666666666,Healthcare,0.6661815335986825,0.8919591047250621,0.9892879647132955,,
2015-10-01,199385,ROL,buy,rebalance,11.522795504697633,10.27,2015-10-01,118.33910983324469,0.4141868844163564,-166.0,Consumer Cyclical,0.6561922208493494,0.8958275766786405,0.9864524259609325,,
2015-10-01,199747,EFX,buy,rebalance,1.3339846223494796,88.711,2015-10-01,118.33910983324468,0.41418688441635637,-191.66666666666666,Industrials,0.6849278303477876,0.8317214700193424,0.9974795211090107,,
2015-10-01,197079,FDS,buy,rebalance,0.8308055366384536,142.439,2015-10-01,118.33910983324468,0.41418688441635637,-194.33333333333334,Financial Services,0.667275346267358,0.8554849405913235,0.984247006931317,,
2015-10-01,199855,CHE,buy,rebalance,0.9420928553035488,125.613,2015-10-01,118.33910983324468,0.41418688441635637,-200.33333333333334,Healthcare,0.6554548256854127,0.8698535507046146,0.982356647763075,,
2015-10-01,197603,WINA,buy,rebalance,1.4150148848303223,83.631,2015-10-01,118.33910983324469,0.4141868844163564,-202.0,Consumer Cyclical,0.62689654743624,0.9021829234595192,0.9959042218021424,,
2015-10-01,199229,GHC,buy,rebalance,0.22732952046681215,520.562,2015-10-01,118.33910983324466,0.4141868844163563,-206.33333333333334,Consumer Defensive,0.6188640661491573,0.9292622271345675,0.9757403906742281,,
2015-10-01,198439,FISV,buy,rebalance,2.7045848436348914,43.755,2015-10-01,118.33910983324468,0.41418688441635637,-252.66666666666666,Technology,0.632465892533707,0.8507875103619784,0.9873976055450535,,
2015-10-01,195349,TDG,buy,rebalance,0.8746682077315272,135.296,2015-10-01,118.33910983324469,0.4141868844163564,-267.0,Industrials,0.6625481218332745,0.8319977894445979,0.946124763705104,,
2015-11-02,195259,RAI,buy,rebalance,2.2046242500708817,45.201,2015-11-02,99.65122072745392,0.3487792725460887,-145.0,Consumer Defensive,0.654884538766339,0.9107488256424426,0.9946439823566477,,
2015-11-02,197712,MD,buy,rebalance,1.380210813399639,72.2,2015-11-02,99.65122072745393,0.34877927254608876,-153.33333333333334,Healthcare,0.6661815335986825,0.8919591047250621,0.9892879647132955,,
2015-11-02,199385,ROL,buy,rebalance,9.76207099602801,10.208,2015-11-02,99.65122072745393,0.34877927254608876,-165.66666666666666,Consumer Cyclical,0.6561922208493494,0.8958275766786405,0.9864524259609325,,
2015-11-02,199747,EFX,buy,rebalance,1.0264010045263465,97.088,2015-11-02,99.65122072745393,0.34877927254608876,-190.33333333333334,Industrials,0.6849278303477876,0.8317214700193424,0.9974795211090107,,
2015-11-02,197079,FDS,buy,rebalance,0.6387079908181895,156.02,2015-11-02,99.65122072745393,0.34877927254608876,-193.0,Financial Services,0.6672753462673581,0.8554849405913235,0.984247006931317,,
2015-11-02,199855,CHE,buy,rebalance,0.6649177335521047,149.87,2015-11-02,99.65122072745393,0.34877927254608876,-199.0,Healthcare,0.6554548256854127,0.8698535507046146,0.982356647763075,,
2015-11-02,197603,WINA,buy,rebalance,1.2150365265799419,82.015,2015-11-02,99.65122072745393,0.34877927254608876,-201.66666666666666,Consumer Cyclical,0.62689654743624,0.9021829234595192,0.9959042218021424,,
2015-11-02,199229,GHC,buy,rebalance,0.1915408241775838,520.261,2015-11-02,99.65122072745392,0.3487792725460887,-205.66666666666666,Consumer Defensive,0.6188640661491572,0.9292622271345675,0.9757403906742281,,
2015-11-02,198439,FISV,buy,rebalance,2.0595478087724284,48.385,2015-11-02,99.65122072745395,0.3487792725460888,-251.66666666666666,Technology,0.632465892533707,0.8507875103619784,0.9873976055450535,,
2015-11-02,195349,TDG,buy,rebalance,0.6987870126604346,142.606,2015-11-02,99.65122072745393,0.34877927254608876,-265.3333333333333,Industrials,0.6625481218332745,0.8319977894445979,0.946124763705104,,
2015-12-01,195259,RAI,buy,rebalance,2.2892012755841566,43.531,2015-12-01,99.65122072745392,0.3487792725460887,-144.33333333333334,Consumer Defensive,0.654884538766339,0.9107488256424426,0.9946439823566477,,
2015-12-01,197712,MD,buy,rebalance,1.379828589413652,72.22,2015-12-01,99.65122072745395,0.3487792725460888,-152.66666666666666,Healthcare,0.6661815335986825,0.8919591047250621,0.9892879647132955,,
2015-12-01,199385,ROL,buy,rebalance,9.399285109173169,10.602,2015-12-01,99.65122072745395,0.3487792725460888,-165.0,Consumer Cyclical,0.6561922208493494,0.8958275766786405,0.9864524259609325,,
2015-12-01,199747,EFX,buy,rebalance,0.9795753494819956,101.729,2015-12-01,99.65122072745393,0.34877927254608876,-189.66666666666666,Industrials,0.6849278303477876,0.8317214700193424,0.9974795211090107,,
2015-12-01,197079,FDS,buy,rebalance,0.6514471607152688,152.969,2015-12-01,99.65122072745395,0.3487792725460888,-192.33333333333334,Financial Services,0.6672753462673581,0.8554849405913235,0.984247006931317,,
2015-12-01,199855,CHE,buy,rebalance,0.6555138845379156,152.02,2015-12-01,99.65122072745393,0.34877927254608876,-198.0,Healthcare,0.6554548256854127,0.8698535507046146,0.982356647763075,,
2015-12-01,197603,WINA,buy,rebalance,1.2806664875270386,77.812,2015-12-01,99.65122072745392,0.3487792725460887,-200.66666666666666,Consumer Cyclical,0.62689654743624,0.9021829234595192,0.9959042218021424,,
2015-12-01,199229,GHC,buy,rebalance,0.2044559583408473,487.397,2015-12-01,99.65122072745395,0.3487792725460888,-204.66666666666666,Consumer Defensive,0.6188640661491572,0.9292622271345675,0.9757403906742281,,
2015-12-01,198439,FISV,buy,rebalance,2.050436640482591,48.6,2015-12-01,99.65122072745392,0.3487792725460887,-250.66666666666666,Technology,0.632465892533707,0.8507875103619784,0.9873976055450535,,
2015-12-01,195349,TDG,buy,rebalance,0.6666659133341847,149.477,2015-12-01,99.65122072745393,0.34877927254608876,-264.3333333333333,Industrials,0.6625481218332746,0.8319977894445979,0.946124763705104,,
2016-01-04,199354,SIAL,sell,delisted,9.271489799335047,139.76,2015-11-18,1295.783414355066,4.535241950242731,,,,,,500.00539238348796,791.2427800213352
2016-01-04,199849,CHDN,buy,rebalance,10.535514828796993,21.672,2016-01-04,228.32567736968844,0.7991398707939096,-146.0,Consumer Cyclical,0.688364533155541,0.9446914952751528,0.946031746031746,,
2016-01-04,199747,EFX,buy,rebalance,2.3073920950106963,98.954,2016-01-04,228.32567736968844,0.7991398707939096,-160.66666666666666,Industrials,0.6788599343243183,0.8979988882712618,0.9961904761904762,,
2016-01-04,196510,LII,buy,rebalance,2.077633396450207,109.897,2016-01-04,228.3256773696884,0.7991398707939095,-193.66666666666666,Basic Materials,0.6844266301919177,0.9177320733740967,0.9307936507936508,,
2016-01-04,194210,BR,buy,rebalance,5.2385095528309185,43.586,2016-01-04,228.3256773696884,0.7991398707939095,-194.0,Technology,0.6874186352448942,0.8829905503057254,0.966984126984127,,
2016-01-04,198546,JKHY,buy,rebalance,3.389985262270254,67.353,2016-01-04,228.3256773696884,0.7991398707939095,-194.33333333333334,Technology,0.7227521780056707,0.8365758754863813,0.9828571428571429,,
2016-01-04,195259,RAI,buy,rebalance,5.310516975687602,42.995,2016-01-04,228.3256773696884,0.7991398707939095,-207.0,Consumer Defensive,0.6394923913304454,0.9168982768204558,0.9968253968253968,,
2016-01-04,199841,CLX,buy,rebalance,2.5085771756101916,91.018,2016-01-04,228.3256773696884,0.7991398707939095,-211.0,Consumer Defensive,0.7079391844951258,0.831017231795442,0.979047619047619,,
2016-01-04,197712,MD,buy,rebalance,3.213591518222216,71.05,2016-01-04,228.32567736968844,0.7991398707939096,-237.0,Healthcare,0.6793008954315131,0.8312951639799889,0.9923809523809524,,
2016-01-04,199855,CHE,buy,rebalance,1.6243192027267312,140.567,2016-01-04,228.32567736968844,0.7991398707939096,-243.33333333333334,Healthcare,0.6368290013987269,0.896609227348527,0.986031746031746,,
2016-01-04,197603,WINA,buy,rebalance,2.9748111131771813,76.753,2016-01-04,228.3256773696882,0.7991398707939087,-258.0,Consumer Cyclical,0.6639269694748267,0.8290717065036132,0.9965079365079365,,
2016-02-01,199849,CHDN,buy,rebalance,4.506454154906793,22.113,2016-02-01,99.6512207274539,0.34877927254608865,-145.66666666666666,Consumer Cyclical,0.6883645331555411,0.9446914952751528,0.946031746031746,,
2016-02-01,199747,EFX,buy,rebalance,1.0308711424524803,96.667,2016-02-01,99.65122072745392,0.3487792725460887,-159.33333333333334,Industrials,0.6788599343243183,0.8979988882712618,0.9961904761904762,,
2016-02-01,196510,LII,buy,rebalance,0.9488514013830677,105.023,2016-02-01,99.65122072745392,0.3487792725460887,-192.33333333333334,Basic Materials,0.6844266301919177,0.9177320733740967,0.9307936507936508,,
2016-02-01,198546,JKHY,buy,rebalance,1.3920490141571524,71.586,2016-02-01,99.65122072745392,0.3487792725460887,-192.33333333333334,Technology,0.7227521780056707,0.8365758754863813,0.9828571428571429,,
2016-02-01,194210,BR,buy,rebalance,2.223910837721304,44.809,2016-02-01,99.6512207274539,0.34877927254608865,-192.66666666666666,Technology,0.6874186352448943,0.8829905503057254,0.966984126984127,,
2016-02-01,195259,RAI,buy,rebalance,2.0973464257667147,47.513,2016-02-01,99.65122072745392,0.3487792725460887,-205.0,Consumer Defensive,0.6394923913304454,0.9168982768204558,0.9968253968253968,,
2016-02-01,199841,CLX,buy,rebalance,1.0342520651311757,96.351,2016-02-01,99.65122072745392,0.3487792725460887,-208.66666666666666,Consumer Defensive,0.7079391844951257,0.831017231795442,0.979047619047619,,
2016-02-01,197712,MD,buy,rebalance,1.4330057625460726,69.54,2016-02-01,99.6512207274539,0.34877927254608865,-234.66666666666666,Healthcare,0.6793008954315132,0.8312951639799889,0.9923809523809524,,
2016-02-01,199855,CHE,buy,rebalance,0.7353790917825541,135.51,2016-02-01,99.6512207274539,0.34877927254608865,-241.33333333333334,Healthcare,0.6368290013987269,0.896609227348527,0.986031746031746,,
2016-02-01,197603,WINA,buy,rebalance,1.293080136604865,77.065,2016-02-01,99.65122072745392,0.3487792725460887,-255.33333333333334,Consumer Cyclical,0.6639269694748267,0.8290717065036132,0.9965079365079365,,
2016-03-01,193176,TW2,sell,delisted,11.038247288117523,123.0,2016-01-04,1357.7044164384554,4.7519654575345935,,,,,,631.7417125272963,721.2107384536245
2016-03-01,199415,PCP,sell,delisted,2.01090898950586,234.95,2016-01-29,472.4630670844018,1.6536207347954064,,,,,,299.99999999999994,170.80944634960645
2016-03-01,199849,CHDN,buy,rebalance,12.893073086490649,21.825,2016-03-01,281.3913201126584,0.9848696203943044,-144.66666666666666,Consumer Cyclical,0.688364533155541,0.9446914952751528,0.946031746031746,,
2016-03-01,199747,EFX,buy,rebalance,2.9136775193905153,96.576,2016-03-01,281.3913201126584,0.9848696203943044,-157.66666666666666,Industrials,0.6788599343243185,0.8979988882712618,0.9961904761904762,,
2016-03-01,198546,JKHY,buy,rebalance,3.8507193994205737,73.075,2016-03-01,281.39132011265843,0.9848696203943046,-190.33333333333334,Technology,0.7227521780056707,0.8365758754863813,0.9828571428571429,,
2016-03-01,194210,BR,buy,rebalance,5.877134445428235,47.879,2016-03-01,281.39132011265843,0.9848696203943046,-190.66666666666666,Technology,0.6874186352448942,0.8829905503057254,0.966984126984127,,
2016-03-01,196510,LII,buy,rebalance,2.4601229234982944,114.381,2016-03-01,281.39132011265843,0.9848696203943046,-191.0,Basic Materials,0.6844266301919177,0.9177320733740967,0.9307936507936508,,
2016-03-01,195259,RAI,buy,rebalance,5.859023468312791,48.027,2016-03-01,281.39132011265843,0.9848696203943046,-203.33333333333334,Consumer Defensive,0.6394923913304454,0.9168982768204558,0.9968253968253968,,
2016-03-01,199841,CLX,buy,rebalance,3.068038859891388,91.717,2016-03-01,281.39132011265843,0.9848696203943046,-206.66666666666666,Consumer Defensive,0.7079391844951258,0.831017231795442,0.979047619047619,,
2016-03-01,197712,MD,buy,rebalance,4.156444905652266,67.7,2016-03-01,281.3913201126584,0.9848696203943044,-232.0,Healthcare,0.6793008954315131,0.8312951639799889,0.9923809523809524,,
2016-03-01,199855,CHE,buy,rebalance,2.268662786918574,124.034,2016-03-01,281.3913201126584,0.9848696203943044,-239.33333333333334,Healthcare,0.6368290013987269,0.896609227348527,0.986031746031746,,
2016-03-01,197603,WINA,buy,rebalance,3.451087483138425,81.537,2016-03-01,281.3913201126578,0.9848696203943024,-252.66666666666666,Consumer Cyclical,0.6639269694748267,0.8290717065036132,0.9965079365079365,,
2016-04-01,197065,SIRO,sell,delisted,8.863981240202458,109.97,2016-02-26,974.7720169850643,3.411702059447725,,,,,,339.0722513182433,632.2880636073733
2016-04-01,197066,VRSN,buy,rebalance,2.2313799779188273,88.039,2016-04-01,196.44846187599563,0.6875696165659847,-119.0,Technology,0.6614129466043258,0.972369522746302,0.9919639987142398,,
2016-04-01,193748,KDP,buy,rebalance,15.580019182805588,12.609,2016-04-01,196.44846187599566,0.6875696165659848,-142.33333333333334,Consumer Defensive,0.7274062287862515,0.8936645269327379,0.9678559948569592,,
2016-04-01,199841,CLX,buy,rebalance,2.1097855495580173,93.113,2016-04-01,196.44846187599566,0.6875696165659848,-147.66666666666666,Consumer Defensive,0.7255166655950758,0.8811052190901479,0.9765348762455802,,
2016-04-01,197997,AZO,buy,rebalance,0.24391415678668443,805.4,2016-04-01,196.44846187599563,0.6875696165659847,-163.33333333333334,Consumer Cyclical,0.7076011880116492,0.9076193134245046,0.9469623915139826,,
2016-04-01,197849,ROP,buy,rebalance,1.1348317921528503,173.108,2016-04-01,196.44846187599563,0.6875696165659847,-165.66666666666666,Technology,0.688778983369093,0.9073402176946693,0.9681774349083896,,
2016-04-01,198804,PAYX,buy,rebalance,5.025285528394445,39.092,2016-04-01,196.44846187599563,0.6875696165659847,-177.0,Industrials,0.7035581665115583,0.8704995813564053,0.9781420765027322,,
2016-04-01,195878,NOC,buy,rebalance,1.1565452429440806,169.858,2016-04-01,196.44846187599563,0.6875696165659847,-184.66666666666666,Industrials,0.6803171935115265,0.9095729835333519,0.9585342333654774,,
2016-04-01,199122,DHR,buy,rebalance,3.2323893356807183,60.775,2016-04-01,196.44846187599566,0.6875696165659848,-199.33333333333334,Healthcare,0.7027475582751311,0.8464973485905666,0.9829636772741883,,
2016-04-01,199849,CHDN,buy,rebalance,8.331147662255965,23.58,2016-04-01,196.44846187599563,0.6875696165659847,-230.0,Consumer Cyclical,0.6619836193031776,0.8905944739045493,0.9639987142397943,,
2016-04-01,197600,SIRI,buy,rebalance,6.253731317479885,31.413,2016-04-01,196.44846187599563,0.6875696165659847,-234.66666666666666,Communication Services,0.6830612240411443,0.8244487859335752,0.994535519125683,,
2016-05-02,197066,VRSN,buy,rebalance,1.1512918888055583,86.556,2016-05-02,99.6512207274539,0.34877927254608865,-117.33333333333333,Technology,0.6614129466043257,0.972369522746302,0.9919639987142398,,
2016-05-02,193748,KDP,buy,rebalance,7.837912594577152,12.714,2016-05-02,99.65122072745392,0.3487792725460887,-139.66666666666666,Consumer Defensive,0.7274062287862515,0.8936645269327379,0.9678559948569592,,
2016-05-02,199841,CLX,buy,rebalance,1.0672609346312443,93.371,2016-05-02,99.6512207274539,0.34877927254608865,-144.66666666666666,Consumer Defensive,0.7255166655950758,0.8811052190901479,0.9765348762455802,,
2016-05-02,197997,AZO,buy,rebalance,0.1285855386299697,774.98,2016-05-02,99.6512207274539,0.34877927254608865,-160.33333333333334,Consumer Cyclical,0.7076011880116491,0.9076193134245046,0.9469623915139826,,
2016-05-02,197849,ROP,buy,rebalance,0.5978774304931987,166.675,2016-05-02,99.6512207274539,0.34877927254608865,-163.0,Technology,0.688778983369093,0.9073402176946693,0.9681774349083896,,
2016-05-02,198804,PAYX,buy,rebalance,2.6252330337325507,37.959,2016-05-02,99.6512207274539,0.34877927254608865,-174.0,Industrials,0.7035581665115583,0.8704995813564053,0.9781420765027322,,
2016-05-02,195878,NOC,buy,rebalance,0.5641454743092142,176.641,2016-05-02,99.6512207274539,0.34877927254608865,-182.0,Industrials,0.6803171935115265,0.9095729835333519,0.9585342333654774,,
2016-05-02,199122,DHR,buy,rebalance,1.6100563993901393,61.893,2016-05-02,99.65122072745389,0.34877927254608865,-195.33333333333334,Healthcare,0.7027475582751311,0.8464973485905666,0.9829636772741883,,
2016-05-02,199849,CHDN,buy,rebalance,4.748235609065322,20.987,2016-05-02,99.6512207274539,0.34877927254608865,-227.33333333333334,Consumer Cyclical,0.6619836193031776,0.8905944739045493,0.9639987142397943,,
2016-05-02,197600,SIRI,buy,rebalance,3.1643344572416456,31.492,2016-05-02,99.6512207274539,0.34877927254608865,-230.66666666666666,Communication Services,0.6830612240411443,0.8244487859335752,0.994535519125683,,
2016-06-01,197066,VRSN,buy,rebalance,1.1883754186089548,83.855,2016-06-01,99.6512207274539,0.34877927254608865,-116.66666666666667,Technology,0.6614129466043258,0.972369522746302,0.9919639987142398,,
2016-06-01,193748,KDP,buy,rebalance,7.813330776811504,12.754,2016-06-01,99.65122072745392,0.3487792725460887,-136.33333333333334,Consumer Defensive,0.7274062287862515,0.8936645269327379,0.9678559948569592,,
2016-06-01,199841,CLX,buy,rebalance,1.0431842715852637,95.526,2016-06-01,99.6512207274539,0.34877927254608865,-141.33333333333334,Consumer Defensive,0.7255166655950758,0.8811052190901479,0.9765348762455802,,
2016-06-01,197997,AZO,buy,rebalance,0.1309907600755227,760.75,2016-06-01,99.6512207274539,0.34877927254608865,-157.0,Consumer Cyclical,0.7076011880116491,0.9076193134245046,0.9469623915139826,,
2016-06-01,197849,ROP,buy,rebalance,0.6210733607195632,160.45,2016-06-01,99.6512207274539,0.34877927254608865,-159.66666666666666,Technology,0.688778983369093,0.9073402176946693,0.9681774349083896,,
2016-06-01,198804,PAYX,buy,rebalance,2.5149842446925756,39.623,2016-06-01,99.65122072745392,0.3487792725460887,-170.66666666666666,Industrials,0.7035581665115583,0.8704995813564053,0.9781420765027322,,
2016-06-01,195878,NOC,buy,rebalance,0.5487069655882844,181.611,2016-06-01,99.6512207274539,0.34877927254608865,-178.33333333333334,Industrials,0.6803171935115265,0.9095729835333519,0.9585342333654774,,
2016-06-01,199122,DHR,buy,rebalance,1.5870808696977798,62.789,2016-06-01,99.6512207274539,0.34877927254608865,-192.0,Healthcare,0.7027475582751312,0.8464973485905666,0.9829636772741883,,
2016-06-01,199849,CHDN,buy,rebalance,4.97832945633481,20.017,2016-06-01,99.6512207274539,0.34877927254608865,-223.66666666666666,Consumer Cyclical,0.6619836193031775,0.8905944739045493,0.9639987142397943,,
2016-06-01,197600,SIRI,buy,rebalance,3.124940284344254,31.889,2016-06-01,99.65122072745392,0.3487792725460887,-227.0,Communication Services,0.6830612240411443,0.8244487859335752,0.994535519125683,,
2016-07-01,194291,TWC,sell,delisted,2.1020027805383164,209.56,2016-05-17,440.4957026896096,1.5417349594136336,,,,,,300.0,138.95396773019593
2016-07-01,198615,MO,buy,rebalance,4.1187281187685585,34.815,2016-07-01,143.39351945492734,0.5018773180922457,-102.33333333333333,Consumer Defensive,0.7269349441497528,0.9063199105145414,0.9984121943474119,,
2016-07-01,198546,JKHY,buy,rebalance,1.8551701225829604,77.294,2016-07-01,143.39351945492734,0.5018773180922457,-130.33333333333334,Technology,0.7146289117816798,0.9177852348993288,0.9685614480787551,,
2016-07-01,199877,CPB,buy,rebalance,3.0956481823563258,46.321,2016-07-01,143.39351945492737,0.5018773180922458,-135.33333333333334,Consumer Defensive,0.70843900617789,0.9628076062639821,0.9237853286757701,,
2016-07-01,197300,LMT,buy,rebalance,0.7497033960637608,191.267,2016-07-01,143.39351945492734,0.5018773180922457,-138.33333333333334,Industrials,0.7251053329786876,0.9074384787472036,0.9606224198158145,,
2016-07-01,195878,NOC,buy,rebalance,0.7592020048017585,188.874,2016-07-01,143.39351945492731,0.5018773180922456,-151.66666666666666,Industrials,0.6991707176892676,0.9312080536912751,0.9539536360749444,,
2016-07-01,194210,BR,buy,rebalance,2.6102397279498923,54.935,2016-07-01,143.39351945492734,0.5018773180922457,-158.0,Technology,0.6924020089405342,0.9258948545861297,0.9622102254684026,,
2016-07-01,199296,TFX,buy,rebalance,0.8537005450768743,167.967,2016-07-01,143.39351945492737,0.5018773180922458,-202.33333333333334,Healthcare,0.6984687957137711,0.9278523489932886,0.9079072721498889,,
2016-07-01,197675,ATR,buy,rebalance,2.076241159720366,69.064,2016-07-01,143.39351945492734,0.5018773180922457,-209.66666666666666,Healthcare,0.7072085997063313,0.9149888143176734,0.9025087329310892,,
2016-07-01,196055,VC,buy,rebalance,2.1953812152447694,65.316,2016-07-01,143.39351945492737,0.5018773180922458,-233.33333333333334,Consumer Cyclical,0.650818455327336,0.8996085011185683,0.989838043823436,,
2016-07-01,196510,LII,buy,rebalance,1.1294741442304974,126.956,2016-07-01,143.39351945492703,0.5018773180922447,-234.0,Basic Materials,0.6908073108602426,0.9068791946308725,0.9098126389329946,,
2016-08-01,198615,MO,buy,rebalance,2.9202678679947804,34.124,2016-08-01,99.65122072745389,0.34877927254608865,-100.66666666666667,Consumer Defensive,0.7269349441497528,0.9063199105145414,0.9984121943474119,,
2016-08-01,198546,JKHY,buy,rebalance,1.2579683489125164,79.216,2016-08-01,99.65122072745389,0.34877927254608865,-129.0,Technology,0.7146289117816798,0.9177852348993288,0.9685614480787551,,
2016-08-01,199877,CPB,buy,rebalance,2.2797222897020015,43.712,2016-08-01,99.6512207274539,0.34877927254608865,-134.0,Consumer Defensive,0.70843900617789,0.9628076062639821,0.9237853286757701,,
2016-08-01,197300,LMT,buy,rebalance,0.5097822810109266,195.478,2016-08-01,99.65122072745392,0.3487792725460887,-136.66666666666666,Industrials,0.7251053329786876,0.9074384787472036,0.9606224198158145,,
2016-08-01,195878,NOC,buy,rebalance,0.5400506212129389,184.522,2016-08-01,99.6512207274539,0.34877927254608865,-150.0,Industrials,0.6991707176892676,0.9312080536912751,0.9539536360749444,,
2016-08-01,194210,BR,buy,rebalance,1.7285854173958595,57.649,2016-08-01,99.6512207274539,0.34877927254608865,-156.0,Technology,0.6924020089405342,0.9258948545861297,0.9622102254684026,,
2016-08-01,199296,TFX,buy,rebalance,0.5893976017900783,169.073,2016-08-01,99.6512207274539,0.34877927254608865,-200.33333333333334,Healthcare,0.6984687957137712,0.9278523489932886,0.9079072721498889,,
2016-08-01,197675,ATR,buy,rebalance,1.4714965923045127,67.721,2016-08-01,99.6512207274539,0.34877927254608865,-207.66666666666666,Healthcare,0.7072085997063313,0.9149888143176734,0.9025087329310892,,
2016-08-01,196055,VC,buy,rebalance,1.4493879734626915,68.754,2016-08-01,99.6512207274539,0.34877927254608865,-230.33333333333334,Consumer Cyclical,0.650818455327336,0.8996085011185683,0.989838043823436,,
2016-08-01,196510,LII,buy,rebalance,0.7160343802045966,139.171,2016-08-01,99.65122072745392,0.3487792725460887,-231.0,Basic Materials,0.6908073108602425,0.9068791946308725,0.9098126389329946,,
2016-09-01,194920,IHS2,sell,delisted,9.814446640289493,117.25,2016-07-12,1150.743868573943,4.0276035400088,,,,,,789.1992922908767,357.5169727430575
2016-09-01,198615,MO,buy,rebalance,6.394538661030431,33.454,2016-09-01,213.92289636611204,0.7487301372813921,-99.33333333333333,Consumer Defensive,0.7269349441497528,0.9063199105145414,0.9984121943474119,,
2016-09-01,198546,JKHY,buy,rebalance,2.737232049519686,78.153,2016-09-01,213.922896366112,0.748730137281392,-127.66666666666667,Technology,0.7146289117816798,0.9177852348993288,0.9685614480787551,,
2016-09-01,199877,CPB,buy,rebalance,5.335933161211046,40.091,2016-09-01,213.92289636611204,0.7487301372813921,-133.0,Consumer Defensive,0.70843900617789,0.9628076062639821,0.9237853286757701,,
2016-09-01,197300,LMT,buy,rebalance,1.136968495504231,188.152,2016-09-01,213.92289636611204,0.7487301372813921,-135.33333333333334,Industrials,0.7251053329786876,0.9074384787472036,0.9606224198158145,,
2016-09-01,195878,NOC,buy,rebalance,1.1809483914328964,181.145,2016-09-01,213.92289636611204,0.7487301372813921,-148.33333333333334,Industrials,0.6991707176892676,0.9312080536912751,0.9539536360749444,,
2016-09-01,194210,BR,buy,rebalance,3.628764017609446,58.952,2016-09-01,213.92289636611204,0.7487301372813921,-154.66666666666666,Technology,0.6924020089405342,0.9258948545861297,0.9622102254684026,,
2016-09-01,199296,TFX,buy,rebalance,1.2370419205701233,172.931,2016-09-01,213.922896366112,0.748730137281392,-198.66666666666666,Healthcare,0.6984687957137711,0.9278523489932886,0.9079072721498889,,
2016-09-01,197675,ATR,buy,rebalance,3.1333454860063576,68.273,2016-09-01,213.92289636611204,0.7487301372813921,-206.0,Healthcare,0.7072085997063313,0.9149888143176734,0.9025087329310892,,
2016-09-01,196055,VC,buy,rebalance,3.037641945446325,70.424,2016-09-01,213.922896366112,0.748730137281392,-228.33333333333334,Consumer Cyclical,0.650818455327336,0.8996085011185683,0.989838043823436,,
2016-09-01,196510,LII,buy,rebalance,1.4771640406443312,144.82,2016-09-01,213.92289636611204,0.7487301372813921,-229.33333333333334,Basic Materials,0.6908073108602426,0.9068791946308725,0.9098126389329946,,
2016-10-03,198546,JKHY,buy,rebalance,1.312754850842497,75.91,2016-10-03,99.65122072745395,0.3487792725460888,-160.0,Technology,0.7225871860253334,0.8851501668520578,0.9662775616083009,,
2016-10-03,198804,PAYX,buy,rebalance,2.3652707205490957,42.131,2016-10-03,99.65122072745395,0.3487792725460888,-167.66666666666666,Industrials,0.7149973703275346,0.8754171301446051,0.9782749675745784,,
2016-10-03,198615,MO,buy,rebalance,3.113419587198236,32.007,2016-10-03,99.65122072745395,0.3487792725460888,-171.0,Consumer Defensive,0.7273961216635163,0.8442714126807565,0.9980544747081712,,
2016-10-03,193889,MSCI,buy,rebalance,1.3324137013966297,74.79,2016-10-03,99.65122072745395,0.3487792725460888,-178.33333333333334,Financial Services,0.6764204415982452,0.9151835372636262,0.9795719844357976,,
2016-10-03,199747,EFX,buy,rebalance,0.8159304746295315,122.132,2016-10-03,99.65122072745395,0.3487792725460888,-181.0,Industrials,0.6870726673552373,0.8781979977753059,0.998378728923476,,
2016-10-03,194210,BR,buy,rebalance,1.74627566332172,57.065,2016-10-03,99.65122072745395,0.3487792725460888,-214.66666666666666,Technology,0.7057187969272501,0.8759733036707452,0.940337224383917,,
2016-10-03,199242,VAL1,buy,rebalance,0.9503716630342277,104.855,2016-10-03,99.65122072745395,0.3487792725460888,-223.33333333333334,Basic Materials,0.6843119209492994,0.9115684093437152,0.9244487678339819,,
2016-10-03,196997,DGX,buy,rebalance,1.436786780389203,69.357,2016-10-03,99.65122072745395,0.3487792725460888,-224.0,Healthcare,0.6872447138597286,0.8637374860956618,0.9711413748378729,,
2016-10-03,198251,SMG,buy,rebalance,1.66665920836671,59.791,2016-10-03,99.65122072745395,0.3487792725460888,-230.33333333333334,Basic Materials,0.7063427732431748,0.8768075639599555,0.9212062256809338,,
2016-10-03,199877,CPB,buy,rebalance,2.5912375049393854,38.457,2016-10-03,99.65122072745395,0.3487792725460888,-233.33333333333334,Consumer Defensive,0.7057504987606767,0.8743047830923248,0.9225032425421531,,
2016-11-01,198546,JKHY,buy,rebalance,1.391971235192819,71.59,2016-11-01,99.65122072745392,0.3487792725460887,-157.66666666666666,Technology,0.7225871860253334,0.8851501668520578,0.9662775616083009,,
2016-11-01,198804,PAYX,buy,rebalance,2.4835814157973766,40.124,2016-11-01,99.65122072745395,0.3487792725460888,-165.0,Industrials,0.7149973703275346,0.8754171301446051,0.9782749675745784,,
2016-11-01,198615,MO,buy,rebalance,2.988311414143819,33.347,2016-11-01,99.65122072745395,0.3487792725460888,-168.66666666666666,Consumer Defensive,0.7273961216635164,0.8442714126807565,0.9980544747081712,,
2016-11-01,193889,MSCI,buy,rebalance,1.4052800756917578,70.912,2016-11-01,99.65122072745395,0.3487792725460888,-176.0,Financial Services,0.6764204415982452,0.9151835372636262,0.9795719844357976,,
2016-11-01,199747,EFX,buy,rebalance,0.8840990172333224,112.715,2016-11-01,99.65122072745393,0.34877927254608876,-178.33333333333334,Industrials,0.6870726673552373,0.8781979977753059,0.998378728923476,,
2016-11-01,194210,BR,buy,rebalance,1.8402471002835392,54.151,2016-11-01,99.65122072745393,0.34877927254608876,-211.66666666666666,Technology,0.7057187969272501,0.8759733036707452,0.940337224383917,,
2016-11-01,199242,VAL1,buy,rebalance,1.0115848211090643,98.51,2016-11-01,99.65122072745393,0.34877927254608876,-220.33333333333334,Basic Materials,0.6843119209492994,0.9115684093437152,0.9244487678339819,,
2016-11-01,196997,DGX,buy,rebalance,1.4999581661667458,66.436,2016-11-01,99.65122072745393,0.34877927254608876,-221.0,Healthcare,0.6872447138597287,0.8637374860956618,0.9711413748378729,,
2016-11-01,198251,SMG,buy,rebalance,1.5835500441363113,62.929,2016-11-01,99.65122072745393,0.34877927254608876,-227.33333333333334,Basic Materials,0.7063427732431748,0.8768075639599555,0.9212062256809338,,
2016-11-01,199877,CPB,buy,rebalance,2.6314027126341153,37.87,2016-11-01,99.65122072745395,0.3487792725460888,-230.33333333333334,Consumer Defensive,0.7057504987606767,0.8743047830923248,0.9225032425421531,,
2016-12-01,198546,JKHY,buy,rebalance,1.3212837540102618,75.42,2016-12-01,99.65122072745395,0.3487792725460888,-156.33333333333334,Technology,0.7225871860253334,0.8851501668520578,0.9662775616083009,,
2016-12-01,198804,PAYX,buy,rebalance,2.2969049378230713,43.385,2016-12-01,99.65122072745395,0.3487792725460888,-163.66666666666666,Industrials,0.7149973703275346,0.8754171301446051,0.9782749675745784,,
2016-12-01,198615,MO,buy,rebalance,3.1113781918150973,32.028,2016-12-01,99.65122072745393,0.34877927254608876,-167.0,Consumer Defensive,0.7273961216635163,0.8442714126807565,0.9980544747081712,,
2016-12-01,193889,MSCI,buy,rebalance,1.4375121999863527,69.322,2016-12-01,99.65122072745395,0.3487792725460888,-174.33333333333334,Financial Services,0.6764204415982452,0.9151835372636262,0.9795719844357976,,
2016-12-01,199747,EFX,buy,rebalance,0.977356029104099,101.96,2016-12-01,99.65122072745393,0.34877927254608876,-177.0,Industrials,0.6870726673552373,0.8781979977753059,0.998378728923476,,
2016-12-01,194210,BR,buy,rebalance,1.8385155663527901,54.202,2016-12-01,99.65122072745393,0.34877927254608876,-210.33333333333334,Technology,0.7057187969272501,0.8759733036707452,0.940337224383917,,
2016-12-01,199242,VAL1,buy,rebalance,0.9845888364649488,101.211,2016-12-01,99.65122072745393,0.34877927254608876,-219.0,Basic Materials,0.6843119209492994,0.9115684093437152,0.9244487678339819,,
2016-12-01,196997,DGX,buy,rebalance,1.3812630220729634,72.145,2016-12-01,99.65122072745393,0.34877927254608876,-219.66666666666666,Healthcare,0.6872447138597287,0.8637374860956618,0.9711413748378729,,
2016-12-01,198251,SMG,buy,rebalance,1.5242783395658028,65.376,2016-12-01,99.65122072745393,0.34877927254608876,-226.0,Basic Materials,0.706342773243175,0.8768075639599555,0.9212062256809338,,
2016-12-01,199877,CPB,buy,rebalance,2.4591881133076834,40.522,2016-12-01,99.65122072745395,0.3487792725460888,-229.0,Consumer Defensive,0.7057504987606767,0.8743047830923248,0.9225032425421531,,
2017-01-03,195164,DPZ,buy,rebalance,0.7031556641790427,141.72,2017-01-03,99.65122072745393,0.34877927254608876,-190.66666666666666,Consumer Cyclical,0.665927956283177,0.9110050533408197,0.9905073649754501,,
2017-01-03,198804,PAYX,buy,rebalance,2.2073589705937295,45.145,2017-01-03,99.65122072745393,0.34877927254608876,-213.0,Industrials,0.7203668920921401,0.8200449185850646,0.9754500818330606,,
2017-01-03,199634,ITW,buy,rebalance,1.0181478490672178,97.875,2017-01-03,99.65122072745395,0.3487792725460888,-213.33333333333334,Industrials,0.7201925285067639,0.8489612577203818,0.9440261865793781,,
2017-01-03,198621,LCII,buy,rebalance,1.167778619629385,85.334,2017-01-03,99.65122072745393,0.34877927254608876,-290.6666666666667,Consumer Cyclical,0.6318913191594578,0.9620999438517687,0.9027823240589198,,
2017-01-03,198251,SMG,buy,rebalance,1.4525570043649632,68.604,2017-01-03,99.65122072745393,0.34877927254608876,-294.3333333333333,Basic Materials,0.7071389182262224,0.8065693430656934,0.9175122749590835,,
2017-01-03,197942,IDXX,buy,rebalance,0.847374325913724,117.6,2017-01-03,99.65122072745393,0.34877927254608876,-296.0,Healthcare,0.636305399139759,0.9008983717012914,0.9551554828150572,,
2017-01-03,192976,SPB1,buy,rebalance,0.8441727862651334,118.046,2017-01-03,99.65122072745393,0.34877927254608876,-297.3333333333333,Consumer Defensive,0.6686517482228281,0.9014598540145985,0.8841243862520458,,
2017-01-03,194210,BR,buy,rebalance,1.780980836192053,55.953,2017-01-03,99.65122072745395,0.3487792725460888,-302.3333333333333,Technology,0.7035137290533302,0.7526670409882089,0.9770867430441899,,
2017-01-03,196997,DGX,buy,rebalance,1.3065585515596425,76.27,2017-01-03,99.65122072745393,0.34877927254608876,-309.0,Healthcare,0.6910914075379267,0.7860752386299832,0.9509001636661211,,
2017-01-03,197845,SNPS,buy,rebalance,1.6784776945840312,59.37,2017-01-03,99.65122072745393,0.34877927254608876,-309.0,Technology,0.6920148884029903,0.7521055586749017,0.9882160392798691,,
2017-02-01,195164,DPZ,buy,rebalance,0.6516005095529018,152.933,2017-02-01,99.65122072745393,0.34877927254608876,-188.66666666666666,Consumer Cyclical,0.6659279562831769,0.9110050533408197,0.9905073649754501,,
2017-02-01,198804,PAYX,buy,rebalance,2.285893029486946,43.594,2017-02-01,99.65122072745392,0.3487792725460887,-211.0,Industrials,0.7203668920921401,0.8200449185850646,0.9754500818330606,,
2017-02-01,199634,ITW,buy,rebalance,0.9831608824903207,101.358,2017-02-01,99.65122072745393,0.34877927254608876,-211.66666666666666,Industrials,0.7201925285067639,0.8489612577203818,0.9440261865793781,,
2017-02-01,198621,LCII,buy,rebalance,1.2556224576313433,79.364,2017-02-01,99.65122072745393,0.34877927254608876,-289.3333333333333,Consumer Cyclical,0.6318913191594578,0.9620999438517687,0.9027823240589198,,
2017-02-01,198251,SMG,buy,rebalance,1.5142031078004274,65.811,2017-02-01,99.65122072745395,0.3487792725460888,-291.6666666666667,Basic Materials,0.7071389182262224,0.8065693430656934,0.9175122749590835,,
2017-02-01,197942,IDXX,buy,rebalance,0.811492025467866,122.8,2017-02-01,99.65122072745395,0.3487792725460888,-293.6666666666667,Healthcare,0.636305399139759,0.9008983717012914,0.9551554828150572,,
2017-02-01,192976,SPB1,buy,rebalance,0.7724601428429436,129.005,2017-02-01,99.65122072745393,0.34877927254608876,-295.3333333333333,Consumer Defensive,0.6686517482228282,0.9014598540145985,0.8841243862520458,,
2017-02-01,194210,BR,buy,rebalance,1.7826056442963387,55.902,2017-02-01,99.65122072745393,0.34877927254608876,-298.6666666666667,Technology,0.7035137290533302,0.7526670409882089,0.9770867430441899,,
2017-02-01,197845,SNPS,buy,rebalance,1.59136411254318,62.62,2017-02-01,99.65122072745393,0.34877927254608876,-305.3333333333333,Technology,0.6920148884029903,0.7521055586749017,0.9882160392798691,,
2017-02-01,196997,DGX,buy,rebalance,1.298793378091572,76.726,2017-02-01,99.65122072745395,0.3487792725460888,-306.3333333333333,Healthcare,0.6910914075379267,0.7860752386299832,0.9509001636661211,,
2017-03-01,195164,DPZ,buy,rebalance,0.5940354016169841,167.753,2017-03-01,99.65122072745392,0.3487792725460887,-187.66666666666666,Consumer Cyclical,0.6659279562831769,0.9110050533408197,0.9905073649754501,,
2017-03-01,198804,PAYX,buy,rebalance,2.129754663976361,46.79,2017-03-01,99.65122072745393,0.34877927254608876,-209.0,Industrials,0.7203668920921401,0.8200449185850646,0.9754500818330606,,
2017-03-01,199634,ITW,buy,rebalance,0.9245713133804097,107.781,2017-03-01,99.65122072745393,0.34877927254608876,-210.0,Industrials,0.7201925285067639,0.8489612577203818,0.9440261865793781,,
2017-03-01,198621,LCII,buy,rebalance,1.2114618905072385,82.257,2017-03-01,99.65122072745392,0.3487792725460887,-287.3333333333333,Consumer Cyclical,0.631891319159458,0.9620999438517687,0.9027823240589198,,
2017-03-01,198251,SMG,buy,rebalance,1.4841639594217408,67.143,2017-03-01,99.65122072745395,0.3487792725460888,-288.6666666666667,Basic Materials,0.7071389182262225,0.8065693430656934,0.9175122749590835,,
2017-03-01,197942,IDXX,buy,rebalance,0.6778533482583086,147.01,2017-03-01,99.65122072745393,0.34877927254608876,-291.3333333333333,Healthcare,0.636305399139759,0.9008983717012914,0.9551554828150572,,
2017-03-01,192976,SPB1,buy,rebalance,0.7392085093425756,134.808,2017-03-01,99.65122072745393,0.34877927254608876,-293.3333333333333,Consumer Defensive,0.6686517482228281,0.9014598540145985,0.8841243862520458,,
2017-03-01,194210,BR,buy,rebalance,1.6631543756772524,59.917,2017-03-01,99.65122072745393,0.34877927254608876,-295.6666666666667,Technology,0.7035137290533302,0.7526670409882089,0.9770867430441899,,
2017-03-01,197845,SNPS,buy,rebalance,1.3794465770688529,72.24,2017-03-01,99.65122072745392,0.3487792725460887,-302.6666666666667,Technology,0.6920148884029902,0.7521055586749017,0.9882160392798691,,
2017-03-01,196997,DGX,buy,rebalance,1.2215752271189313,81.576,2017-03-01,99.65122072745393,0.34877927254608876,-303.0,Healthcare,0.6910914075379265,0.7860752386299832,0.9509001636661211,,
2017-04-03,198724,TTC,buy,rebalance,1.8219771954410708,54.694,2017-04-03,99.65122072745393,0.34877927254608876,-327.3333333333333,Industrials,0.7148180214551433,0.759217243335224,0.9326732673267327,,
2017-04-03,198757,THO,buy,rebalance,1.273677075722516,78.239,2017-04-03,99.65122072745393,0.34877927254608876,-327.3333333333333,Consumer Cyclical,0.6292453023584624,0.9194554736245036,0.9141914191419142,,
2017-04-03,197638,PZZA,buy,rebalance,1.536523332471728,64.855,2017-04-03,99.65122072745393,0.34877927254608876,-333.6666666666667,Consumer Cyclical,0.6328828380703637,0.893930799773114,0.927062706270627,,
2017-04-03,197832,PRSU,buy,rebalance,2.333533643861323,42.704,2017-04-03,99.65122072745393,0.34877927254608876,-347.3333333333333,Industrials,0.650683340870708,0.8403289846851957,0.9293729372937294,,
2017-04-03,196110,CPLA,buy,rebalance,1.2321177666046879,80.878,2017-04-03,99.65122072745395,0.3487792725460888,-362.0,Consumer Defensive,0.6195370064623862,0.9245604083947816,0.8920792079207921,,
2017-04-03,196997,DGX,buy,rebalance,1.2208419078401707,81.625,2017-04-03,99.65122072745393,0.34877927254608876,-374.6666666666667,Healthcare,0.7140394922004557,0.6999432785025524,0.9485148514851485,,
2017-04-03,191548,SAIC,buy,rebalance,1.58153947416169,63.009,2017-04-03,99.65122072745392,0.3487792725460887,-377.6666666666667,Technology,0.6035283322110151,0.8944980147475894,0.9455445544554455,,
2017-04-03,197942,IDXX,buy,rebalance,0.6417518078790181,155.28,2017-04-03,99.65122072745393,0.34877927254608876,-378.3333333333333,Healthcare,0.6210040462765288,0.8513896766874646,0.9514851485148514,,
2017-04-03,197999,ESE,buy,rebalance,1.803837896015023,55.244,2017-04-03,99.65122072745393,0.34877927254608876,-383.3333333333333,Technology,0.6834886015864469,0.8746454906409529,0.7881188118811882,,
2017-04-03,197168,SGU,buy,rebalance,18.271217588458736,5.454,2017-04-03,99.65122072745395,0.3487792725460888,-390.3333333333333,Energy,0.640186319952892,0.7855927396483268,0.972937293729373,,
2017-05-01,198724,TTC,buy,rebalance,1.7430074289416837,57.172,2017-05-01,99.65122072745393,0.34877927254608876,-323.6666666666667,Industrials,0.7148180214551433,0.759217243335224,0.9326732673267327,,
2017-05-01,198757,THO,buy,rebalance,1.2502505580258947,79.705,2017-05-01,99.65122072745393,0.34877927254608876,-324.3333333333333,Consumer Cyclical,0.6292453023584624,0.9194554736245036,0.9141914191419142,,
2017-05-01,197638,PZZA,buy,rebalance,1.5660305301880144,63.633,2017-05-01,99.65122072745393,0.34877927254608876,-331.0,Consumer Cyclical,0.6328828380703638,0.893930799773114,0.927062706270627,,
2017-05-01,197832,PRSU,buy,rebalance,2.2362878016079963,44.561,2017-05-01,99.65122072745392,0.3487792725460887,-344.0,Industrials,0.650683340870708,0.8403289846851957,0.9293729372937294,,
2017-05-01,196110,CPLA,buy,rebalance,1.070850660098583,93.058,2017-05-01,99.65122072745395,0.3487792725460888,-358.6666666666667,Consumer Defensive,0.6195370064623862,0.9245604083947816,0.8920792079207921,,
2017-05-01,196997,DGX,buy,rebalance,1.125951603627564,88.504,2017-05-01,99.65122072745393,0.34877927254608876,-370.6666666666667,Healthcare,0.7140394922004556,0.6999432785025524,0.9485148514851485,,
2017-05-01,191548,SAIC,buy,rebalance,1.5658336721210215,63.641,2017-05-01,99.65122072745393,0.34877927254608876,-374.6666666666667,Technology,0.6035283322110151,0.8944980147475894,0.9455445544554455,,
2017-05-01,197942,IDXX,buy,rebalance,0.6086314098054965,163.73,2017-05-01,99.65122072745393,0.34877927254608876,-375.0,Healthcare,0.6210040462765288,0.8513896766874646,0.9514851485148514,,
2017-05-01,197999,ESE,buy,rebalance,1.735449064409431,57.421,2017-05-01,99.65122072745393,0.34877927254608876,-380.6666666666667,Technology,0.6834886015864468,0.8746454906409529,0.7881188118811882,,
2017-05-01,197168,SGU,buy,rebalance,17.826694226735945,5.59,2017-05-01,99.65122072745393,0.34877927254608876,-386.6666666666667,Energy,0.640186319952892,0.7855927396483268,0.972937293729373,,
2017-06-01,198724,TTC,buy,rebalance,1.6490901689192747,60.428,2017-06-01,99.65122072745393,0.34877927254608876,-320.6666666666667,Industrials,0.7148180214551433,0.759217243335224,0.9326732673267327,,
2017-06-01,198757,THO,buy,rebalance,1.3009297745098425,76.6,2017-06-01,99.65122072745393,0.34877927254608876,-321.3333333333333,Consumer Cyclical,0.6292453023584624,0.9194554736245036,0.9141914191419142,,
2017-06-01,197638,PZZA,buy,rebalance,1.4991007119694006,66.474,2017-06-01,99.65122072745395,0.3487792725460888,-327.6666666666667,Consumer Cyclical,0.6328828380703637,0.893930799773114,0.927062706270627,,
2017-06-01,197832,PRSU,buy,rebalance,2.2736366498768836,43.829,2017-06-01,99.65122072745393,0.34877927254608876,-340.6666666666667,Industrials,0.6506833408707079,0.8403289846851957,0.9293729372937294,,
2017-06-01,196110,CPLA,buy,rebalance,1.1556578497657857,86.229,2017-06-01,99.65122072745393,0.34877927254608876,-356.6666666666667,Consumer Defensive,0.6195370064623861,0.9245604083947816,0.8920792079207921,,
2017-06-01,196997,DGX,buy,rebalance,1.0905384307760504,91.378,2017-06-01,99.65122072745393,0.34877927254608876,-367.0,Healthcare,0.7140394922004557,0.6999432785025524,0.9485148514851485,,
2017-06-01,191548,SAIC,buy,rebalance,1.49171774811691,66.803,2017-06-01,99.65122072745393,0.34877927254608876,-371.3333333333333,Technology,0.6035283322110151,0.8944980147475894,0.9455445544554455,,
2017-06-01,197942,IDXX,buy,rebalance,0.5922806581126534,168.25,2017-06-01,99.65122072745393,0.34877927254608876,-371.6666666666667,Healthcare,0.6210040462765289,0.8513896766874646,0.9514851485148514,,
2017-06-01,197999,ESE,buy,rebalance,1.7621789695394152,56.55,2017-06-01,99.65122072745393,0.34877927254608876,-377.3333333333333,Technology,0.6834886015864468,0.8746454906409529,0.7881188118811882,,
2017-06-01,197168,SGU,buy,rebalance,16.29885847684886,6.114,2017-06-01,99.65122072745393,0.34877927254608876,-383.3333333333333,Energy,0.640186319952892,0.7855927396483268,0.972937293729373,,
2017-07-03,199242,VAL1,sell,delisted,2.946545320608241,112.99,2017-05-31,332.9301557755251,1.165255545214338,,,,,,300.00000000000006,31.76490023031073
2017-07-03,199385,ROL,buy,rebalance,8.336180780774269,15.92,2017-07-03,132.71199802992635,0.4644919931047422,-208.0,Consumer Cyclical,0.7081489879612987,0.8308528906697196,0.9793915603532876,,
2017-07-03,197845,SNPS,buy,rebalance,1.8401552694110699,72.12,2017-07-03,132.71199802992638,0.4644919931047423,-210.33333333333334,Technology,0.7027142855089082,0.8391528334287349,0.9744847890088322,,
2017-07-03,199059,AAPL,buy,rebalance,3.9900182805666202,33.261,2017-07-03,132.71199802992638,0.4644919931047423,-212.0,Technology,0.6851509710205894,0.8709215798511735,0.9672881910369644,,
2017-07-03,199181,LHX,buy,rebalance,1.4317061117635943,92.695,2017-07-03,132.71199802992638,0.4644919931047423,-268.0,Industrials,0.7054049777105582,0.8279908414424728,0.921164540399084,,
2017-07-03,198724,TTC,buy,rebalance,2.1700923559795005,61.155,2017-07-03,132.71199802992635,0.4644919931047422,-271.3333333333333,Industrials,0.6977592722785804,0.8231253577561534,0.9385017991494929,,
2017-07-03,197942,IDXX,buy,rebalance,0.8329901960201253,159.32,2017-07-03,132.71199802992635,0.4644919931047422,-273.3333333333333,Healthcare,0.6228430393187193,0.9247281053234115,0.971540726202159,,
2017-07-03,195164,DPZ,buy,rebalance,0.7031434507071932,188.741,2017-07-03,132.71199802992635,0.4644919931047422,-287.6666666666667,Consumer Cyclical,0.6589050261170829,0.8328563251287923,0.9800457965325482,,
2017-07-03,199855,CHE,buy,rebalance,0.6702050734529175,198.017,2017-07-03,132.71199802992635,0.4644919931047422,-289.0,Healthcare,0.6698640355740018,0.8179736691471093,0.9757932613673536,,
2017-07-03,196101,TWX,buy,rebalance,1.3307262484325157,99.729,2017-07-03,132.71199802992635,0.4644919931047422,-291.6666666666667,Communication Services,0.7039177306382781,0.7784773898111047,0.9564932940791626,,
2017-07-03,191635,PF,buy,rebalance,2.265328383687122,58.584,2017-07-03,132.71199802992635,0.4644919931047422,-330.0,Consumer Defensive,0.7043867122727068,0.8005151688609045,0.8907425580634609,,
2017-08-01,199522,MOCO,sell,delisted,27.428610989366025,30.0,2017-06-21,822.8583296809808,2.8800041538834327,,,,,,300.00000000000006,519.9783255270972
2017-08-01,199385,ROL,buy,rebalance,10.558482961884076,17.177,2017-08-01,181.36306183628278,0.6347707164269898,-207.33333333333334,Consumer Cyclical,0.7081489879612987,0.8308528906697196,0.9793915603532876,,
2017-08-01,197845,SNPS,buy,rebalance,2.362421021704869,76.77,2017-08-01,181.36306183628278,0.6347707164269898,-209.66666666666666,Technology,0.7027142855089082,0.8391528334287349,0.9744847890088322,,
2017-08-01,199059,AAPL,buy,rebalance,5.214729055932683,34.779,2017-08-01,181.36306183628278,0.6347707164269898,-211.66666666666666,Technology,0.6851509710205894,0.8709215798511735,0.9672881910369644,,
2017-08-01,199181,LHX,buy,rebalance,1.852193282504573,97.918,2017-08-01,181.36306183628278,0.6347707164269898,-267.3333333333333,Industrials,0.7054049777105582,0.8279908414424728,0.921164540399084,,
2017-08-01,198724,TTC,buy,rebalance,2.869668699941183,63.2,2017-08-01,181.36306183628278,0.6347707164269898,-270.6666666666667,Industrials,0.6977592722785804,0.8231253577561534,0.9385017991494929,,
2017-08-01,197942,IDXX,buy,rebalance,1.1725049252410318,154.68,2017-08-01,181.3630618362828,0.6347707164269899,-272.6666666666667,Healthcare,0.6228430393187194,0.9247281053234115,0.971540726202159,,
2017-08-01,195164,DPZ,buy,rebalance,1.0818667603378855,167.639,2017-08-01,181.3630618362828,0.6347707164269899,-287.0,Consumer Cyclical,0.6589050261170829,0.8328563251287923,0.9800457965325482,,
2017-08-01,199855,CHE,buy,rebalance,0.9476099160681477,191.39,2017-08-01,181.36306183628278,0.6347707164269898,-288.3333333333333,Healthcare,0.6698640355740018,0.8179736691471093,0.9757932613673536,,
2017-08-01,196101,TWX,buy,rebalance,1.7929755401404104,101.152,2017-08-01,181.36306183628278,0.6347707164269898,-290.3333333333333,Communication Services,0.7039177306382781,0.7784773898111047,0.9564932940791626,,
2017-08-01,191635,PF,buy,rebalance,3.1497032325989958,57.581,2017-08-01,181.36306183628278,0.6347707164269898,-329.3333333333333,Consumer Defensive,0.7043867122727068,0.8005151688609045,0.8907425580634609,,
2017-09-01,195259,RAI,sell,delisted,248.0470946509668,65.4,2017-07-24,16222.27999017323,56.777979965606306,,,,,,3450.9288650164945,12714.57314519113
2017-09-01,199385,ROL,buy,rebalance,97.14141800878832,17.609,2017-09-01,1710.5632297167538,5.986971304008638,-205.0,Consumer Cyclical,0.7081489879612987,0.8308528906697196,0.9793915603532876,,
2017-09-01,197845,SNPS,buy,rebalance,21.273016163620866,80.41,2017-09-01,1710.5632297167538,5.986971304008638,-207.33333333333334,Technology,0.7027142855089082,0.8391528334287349,0.9744847890088322,,
2017-09-01,199059,AAPL,buy,rebalance,44.804946034804175,38.178,2017-09-01,1710.5632297167538,5.986971304008638,-209.0,Technology,0.6851509710205894,0.8709215798511735,0.9672881910369644,,
2017-09-01,199181,LHX,buy,rebalance,16.4338178245019,104.088,2017-09-01,1710.5632297167538,5.986971304008638,-264.6666666666667,Industrials,0.7054049777105581,0.8279908414424728,0.921164540399084,,
2017-09-01,198724,TTC,buy,rebalance,31.94508057812303,53.547,2017-09-01,1710.5632297167538,5.986971304008638,-267.6666666666667,Industrials,0.6977592722785804,0.8231253577561534,0.9385017991494929,,
2017-09-01,197942,IDXX,buy,rebalance,11.03731597442737,154.98,2017-09-01,1710.5632297167538,5.986971304008638,-270.0,Healthcare,0.6228430393187194,0.9247281053234115,0.971540726202159,,
2017-09-01,195164,DPZ,buy,rebalance,10.362841935194519,165.067,2017-09-01,1710.5632297167538,5.986971304008638,-284.3333333333333,Consumer Cyclical,0.6589050261170829,0.8328563251287923,0.9800457965325482,,
2017-09-01,199855,CHE,buy,rebalance,8.945337560749456,191.224,2017-09-01,1710.563229716754,5.986971304008639,-285.0,Healthcare,0.6698640355740018,0.8179736691471093,0.9757932613673536,,
2017-09-01,196101,TWX,buy,rebalance,17.047330427106832,100.342,2017-09-01,1710.5632297167538,5.986971304008638,-286.0,Communication Services,0.7039177306382781,0.7784773898111047,0.9564932940791626,,
2017-09-01,191635,PF,buy,rebalance,29.029991679396403,58.924,2017-09-01,1710.5632297167535,5.986971304008637,-326.0,Consumer Defensive,0.7043867122727068,0.8005151688609045,0.8907425580634609,,
2017-10-02,195318,NSR1,sell,delisted,8.407537480781986,33.5,2017-08-07,281.65250560619654,0.9857837696216879,,,,,,300.0,-19.33327816342512
2017-10-02,199385,ROL,buy,rebalance,7.044212738093587,18.117,2017-10-02,127.62000217604152,0.44667000761614534,-203.0,Consumer Cyclical,0.6903188203549562,0.8730569948186528,0.974025974025974,,
2017-10-02,196724,MAR,buy,rebalance,1.2449274443581388,102.512,2017-10-02,127.62000217604152,0.44667000761614534,-219.0,Consumer Cyclical,0.6671172633090628,0.8690270581462292,0.9996669996669997,,
2017-10-02,198724,TTC,buy,rebalance,2.3557861328713847,54.173,2017-10-02,127.62000217604152,0.44667000761614534,-223.66666666666666,Industrials,0.692596793650467,0.8886010362694301,0.9277389277389277,,
2017-10-02,199900,BA,buy,rebalance,0.5260554587261294,242.598,2017-10-02,127.62000217604154,0.4466700076161454,-229.66666666666666,Industrials,0.6846326657695874,0.9484743811168682,0.8691308691308691,,
2017-10-02,197849,ROP,buy,rebalance,0.5438159249005711,234.675,2017-10-02,127.62000217604152,0.44667000761614534,-246.66666666666666,Technology,0.7025256247384141,0.8013816925734024,0.99000999000999,,
2017-10-02,195805,MA,buy,rebalance,0.9517701356286704,134.087,2017-10-02,127.62000217604152,0.44667000761614534,-265.3333333333333,Financial Services,0.7008413576614215,0.8082901554404145,0.9660339660339661,,
2017-10-02,199059,AAPL,buy,rebalance,3.565302477330396,35.795,2017-10-02,127.62000217604154,0.4466700076161454,-269.0,Technology,0.6793661242063196,0.8376511226252159,0.9657009657009658,,
2017-10-02,199855,CHE,buy,rebalance,0.6473145332611806,197.153,2017-10-02,127.62000217604154,0.4466700076161454,-285.3333333333333,Healthcare,0.6652027940862228,0.8192285549798504,0.9916749916749916,,
2017-10-02,196997,DGX,buy,rebalance,1.6231272375046617,78.626,2017-10-02,127.62000217604154,0.4466700076161454,-296.6666666666667,Healthcare,0.713399220000158,0.7841105354058722,0.9427239427239428,,
2017-10-02,196101,TWX,buy,rebalance,1.2535853421873553,101.804,2017-10-02,127.62000217604152,0.44667000761614534,-345.0,Communication Services,0.7095354651051236,0.7251007484168106,0.9590409590409591,,
2017-11-01,199385,ROL,buy,rebalance,5.754863751874218,17.316,2017-11-01,99.65122072745396,0.34877927254608887,-200.33333333333334,Consumer Cyclical,0.6903188203549562,0.8730569948186528,0.974025974025974,,
2017-11-01,196724,MAR,buy,rebalance,0.8941900408949325,111.443,2017-11-01,99.65122072745396,0.34877927254608887,-216.33333333333334,Consumer Cyclical,0.6671172633090628,0.8690270581462292,0.9996669996669997,,
2017-11-01,198724,TTC,buy,rebalance,1.793449368790115,55.564,2017-11-01,99.65122072745395,0.3487792725460888,-221.0,Industrials,0.692596793650467,0.8886010362694301,0.9277389277389277,,
2017-11-01,199689,GD,buy,rebalance,0.5998351946804267,166.131,2017-11-01,99.65122072745396,0.34877927254608887,-227.0,Industrials,0.7225440539420993,0.8517559009786989,0.9257409257409257,,
2017-11-01,197849,ROP,buy,rebalance,0.4069473026133903,244.875,2017-11-01,99.65122072745395,0.3487792725460888,-243.33333333333334,Technology,0.7025256247384142,0.8013816925734024,0.99000999000999,,
2017-11-01,195805,MA,buy,rebalance,0.7068114133037369,140.987,2017-11-01,99.65122072745395,0.3487792725460888,-262.0,Financial Services,0.7008413576614215,0.8082901554404145,0.9660339660339661,,
2017-11-01,199059,AAPL,buy,rebalance,2.5657514541428452,38.839,2017-11-01,99.65122072745396,0.34877927254608887,-265.6666666666667,Technology,0.6793661242063196,0.8376511226252159,0.9657009657009658,,
2017-11-01,199855,CHE,buy,rebalance,0.45827398942949354,217.449,2017-11-01,99.65122072745395,0.3487792725460888,-282.0,Healthcare,0.6652027940862228,0.8192285549798504,0.9916749916749916,,
2017-11-01,196997,DGX,buy,rebalance,1.2738073235348386,78.231,2017-11-01,99.65122072745395,0.3487792725460888,-291.6666666666667,Healthcare,0.7133992200001579,0.7841105354058722,0.9427239427239428,,
2017-11-01,196101,TWX,buy,rebalance,1.021529463844081,97.551,2017-11-01,99.65122072745395,0.3487792725460888,-339.6666666666667,Communication Services,0.7095354651051237,0.7251007484168106,0.9590409590409591,,
2017-12-01,198253,LDR,sell,delisted,19.374513877200123,67.2,2017-10-18,1301.9673325478484,4.55688566391747,,,,,,665.0555261152483,632.3549207686826
2017-12-01,199385,ROL,buy,rebalance,12.312560801548305,18.594,2017-12-01,228.93975554398918,0.8012891444039622,-198.66666666666666,Consumer Cyclical,0.6903188203549562,0.8730569948186528,0.974025974025974,,
2017-12-01,196724,MAR,buy,rebalance,1.9408088736445874,117.961,2017-12-01,228.93975554398918,0.8012891444039622,-214.66666666666666,Consumer Cyclical,0.6671172633090628,0.8690270581462292,0.9996669996669997,,
2017-12-01,198724,TTC,buy,rebalance,3.9730620679934954,57.623,2017-12-01,228.93975554398918,0.8012891444039622,-220.0,Industrials,0.692596793650467,0.8886010362694301,0.9277389277389277,,
2017-12-01,199689,GD,buy,rebalance,1.3711348410441881,166.971,2017-12-01,228.93975554398915,0.801289144403962,-225.0,Industrials,0.7225440539420993,0.8517559009786989,0.9257409257409257,,
2017-12-01,197849,ROP,buy,rebalance,0.9263527927134274,247.141,2017-12-01,228.93975554398915,0.801289144403962,-241.33333333333334,Technology,0.7025256247384141,0.8013816925734024,0.99000999000999,,
2017-12-01,195805,MA,buy,rebalance,1.6151636439213595,141.744,2017-12-01,228.93975554398918,0.8012891444039622,-259.6666666666667,Financial Services,0.7008413576614216,0.8082901554404145,0.9660339660339661,,
2017-12-01,199059,AAPL,buy,rebalance,5.730513767965487,39.951,2017-12-01,228.93975554398918,0.8012891444039622,-263.3333333333333,Technology,0.6793661242063197,0.8376511226252159,0.9657009657009658,,
2017-12-01,199855,CHE,buy,rebalance,0.9535183487879599,240.1,2017-12-01,228.93975554398918,0.8012891444039622,-279.6666666666667,Healthcare,0.6652027940862228,0.8192285549798504,0.9916749916749916,,
2017-12-01,196997,DGX,buy,rebalance,2.7462334977987064,83.365,2017-12-01,228.93975554398915,0.801289144403962,-289.6666666666667,Healthcare,0.7133992200001579,0.7841105354058722,0.9427239427239428,,
2017-12-01,196101,TWX,buy,rebalance,2.529134184818868,90.521,2017-12-01,228.93975554398878,0.8012891444039607,-337.6666666666667,Communication Services,0.7095354651051237,0.7251007484168106,0.9590409590409591,,
2018-01-02,195751,ABCO,sell,delisted,6.390715440958961,53.825,2017-11-17,343.9802586096161,1.2039309051336564,,,,,,299.99999999999994,42.776327704482526
2018-01-02,199385,ROL,buy,rebalance,7.204118672320413,18.574,2018-01-02,133.80930021967936,0.46833255076887775,-171.66666666666666,Consumer Cyclical,0.7097763104623678,0.8742411101474414,0.9785666443402545,,
2018-01-02,199900,BA,buy,rebalance,0.47310690914248915,282.831,2018-01-02,133.80930021967936,0.46833255076887775,-241.0,Industrials,0.692736211597862,0.9291702804278693,0.8727394507702613,,
2018-01-02,197849,ROP,buy,rebalance,0.5415100533365682,247.104,2018-01-02,133.80930021967936,0.46833255076887775,-241.66666666666666,Technology,0.6947484024090869,0.8190228389708009,0.9912926992632284,,
2018-01-02,199181,LHX,buy,rebalance,1.1046842640464245,121.129,2018-01-02,133.80930021967936,0.46833255076887775,-244.66666666666666,Industrials,0.6975669730391041,0.8378143972246314,0.9601473543201607,,
2018-01-02,199357,SHW,buy,rebalance,1.0491144319234729,127.545,2018-01-02,133.80930021967936,0.46833255076887775,-254.0,Basic Materials,0.677919641537331,0.8719283029777393,0.9484259879437374,,
2018-01-02,191883,ABBV,buy,rebalance,1.959570919230861,68.285,2018-01-02,133.80930021967933,0.46833255076887764,-254.33333333333334,Healthcare,0.6574089217172765,0.8904307603353571,0.971868720696584,,
2018-01-02,197845,SNPS,buy,rebalance,1.5553795213260415,86.03,2018-01-02,133.80930021967936,0.46833255076887775,-261.0,Technology,0.7038482011811437,0.8094825093957791,0.9634963161419959,,
2018-01-02,196859,MTD,buy,rebalance,0.21371873537722302,626.1,2018-01-02,133.80930021967933,0.46833255076887764,-264.6666666666667,Healthcare,0.6792851756723377,0.8832032379300376,0.9233087742799732,,
2018-01-02,199849,CHDN,buy,rebalance,3.475837083920289,38.497,2018-01-02,133.80930021967936,0.46833255076887775,-266.0,Consumer Cyclical,0.7009918157137974,0.8542931483087598,0.9125920964501004,,
2018-01-02,195805,MA,buy,rebalance,0.9302260766352859,143.846,2018-01-02,133.80930021967933,0.46833255076887764,-285.3333333333333,Financial Services,0.6970041059842997,0.792714657415438,0.9685197588747488,,
2018-02-01,199915,BCR,sell,delisted,6.899198492675196,331.24,2017-12-28,2285.290508713732,7.998516780498062,,,,,,600.0,1677.291991933234
2018-02-01,199385,ROL,buy,rebalance,16.68554374273008,19.573,2018-02-01,326.5861476764558,1.1430515168675954,-169.33333333333334,Consumer Cyclical,0.7097763104623678,0.8742411101474414,0.9785666443402545,,
2018-02-01,197849,ROP,buy,rebalance,1.2225509486830848,267.135,2018-02-01,326.5861476764558,1.1430515168675954,-238.33333333333334,Technology,0.6947484024090869,0.8190228389708009,0.9912926992632284,,
2018-02-01,199900,BA,buy,rebalance,0.9602791798657899,340.095,2018-02-01,326.5861476764558,1.1430515168675954,-239.0,Industrials,0.692736211597862,0.9291702804278693,0.8727394507702613,,
2018-02-01,199181,LHX,buy,rebalance,2.4292696088639807,134.438,2018-02-01,326.5861476764558,1.1430515168675954,-241.33333333333334,Industrials,0.6975669730391041,0.8378143972246314,0.9601473543201607,,
2018-02-01,199357,SHW,buy,rebalance,2.5703099115893613,127.061,2018-02-01,326.5861476764559,1.1430515168675957,-251.66666666666666,Basic Materials,0.677919641537331,0.8719283029777393,0.9484259879437374,,
2018-02-01,191883,ABBV,buy,rebalance,4.016901561768395,81.303,2018-02-01,326.5861476764558,1.1430515168675954,-252.0,Healthcare,0.6574089217172765,0.8904307603353571,0.971868720696584,,
2018-02-01,197845,SNPS,buy,rebalance,3.573934642990324,91.38,2018-02-01,326.58614767645577,1.1430515168675952,-257.0,Technology,0.7038482011811437,0.8094825093957791,0.9634963161419959,,
2018-02-01,196859,MTD,buy,rebalance,0.4773883552008534,684.11,2018-02-01,326.5861476764558,1.1430515168675954,-262.3333333333333,Healthcare,0.6792851756723378,0.8832032379300376,0.9233087742799732,,
2018-02-01,199849,CHDN,buy,rebalance,7.774749980394606,42.006,2018-02-01,326.5861476764558,1.1430515168675954,-263.0,Consumer Cyclical,0.7009918157137975,0.8542931483087598,0.9125920964501004,,
2018-02-01,195805,MA,buy,rebalance,1.9912818135484571,164.008,2018-02-01,326.58614767645537,1.1430515168675939,-281.3333333333333,Financial Services,0.6970041059842997,0.792714657415438,0.9685197588747488,,
2018-03-01,199385,ROL,buy,rebalance,5.0458869171833465,19.749,2018-03-01,99.6512207274539,0.34877927254608865,-169.0,Consumer Cyclical,0.7097763104623678,0.8742411101474414,0.9785666443402545,,
2018-03-01,197849,ROP,buy,rebalance,0.3922272675396214,254.065,2018-03-01,99.6512207274539,0.34877927254608865,-237.33333333333334,Technology,0.694748402409087,0.8190228389708009,0.9912926992632284,,
2018-03-01,199900,BA,buy,rebalance,0.2975418262169622,334.915,2018-03-01,99.65122072745389,0.34877927254608865,-238.33333333333334,Industrials,0.692736211597862,0.9291702804278693,0.8727394507702613,,
2018-03-01,199181,LHX,buy,rebalance,0.7645658617848646,130.337,2018-03-01,99.65122072745389,0.34877927254608865,-240.66666666666666,Industrials,0.697566973039104,0.8378143972246314,0.9601473543201607,,
2018-03-01,191883,ABBV,buy,rebalance,1.2525921455007027,79.556,2018-03-01,99.6512207274539,0.34877927254608865,-251.0,Healthcare,0.6574089217172765,0.8904307603353571,0.971868720696584,,
2018-03-01,199357,SHW,buy,rebalance,0.8134195914378037,122.509,2018-03-01,99.6512207274539,0.34877927254608865,-251.33333333333334,Basic Materials,0.677919641537331,0.8719283029777393,0.9484259879437374,,
2018-03-01,197845,SNPS,buy,rebalance,1.1788858479528441,84.53,2018-03-01,99.65122072745392,0.3487792725460887,-255.66666666666666,Technology,0.7038482011811437,0.8094825093957791,0.9634963161419959,,
2018-03-01,196859,MTD,buy,rebalance,0.16715235709185958,596.17,2018-03-01,99.65122072745392,0.3487792725460887,-261.6666666666667,Healthcare,0.6792851756723378,0.8832032379300376,0.9233087742799732,,
2018-03-01,199849,CHDN,buy,rebalance,2.4051752444355547,41.432,2018-03-01,99.6512207274539,0.34877927254608865,-262.3333333333333,Consumer Cyclical,0.7009918157137975,0.8542931483087598,0.9125920964501004,,
2018-03-01,195805,MA,buy,rebalance,0.6056389106987031,164.539,2018-03-01,99.6512207274539,0.34877927254608865,-279.6666666666667,Financial Services,0.6970041059842997,0.792714657415438,0.9685197588747488,,
2018-04-02,195805,MA,buy,rebalance,0.6123113362383954,162.746,2018-04-02,99.6512207274539,0.34877927254608865,-217.0,Financial Services,0.6717615659518341,0.8760186263096624,0.9710144927536232,,
2018-04-02,198821,TSS,buy,rebalance,1.1851248228275426,84.085,2018-04-02,99.65122072745392,0.3487792725460887,-236.33333333333334,Financial Services,0.6547108926024796,0.8748544819557625,0.9858442871587462,,
2018-04-02,197192,EL,buy,rebalance,0.748581886474263,133.12,2018-04-02,99.6512207274539,0.34877927254608865,-245.0,Consumer Defensive,0.6870954976490166,0.9027939464493597,0.8854061341422312,,
2018-04-02,198546,JKHY,buy,rebalance,0.9221244295432826,108.067,2018-04-02,99.6512207274539,0.34877927254608865,-245.33333333333334,Technology,0.7170181255385292,0.7866705471478463,0.9774182676103809,,
2018-04-02,199849,CHDN,buy,rebalance,2.5874697044492487,38.513,2018-04-02,99.65122072745392,0.3487792725460887,-246.0,Consumer Cyclical,0.6790638149276242,0.8859138533178114,0.9147286821705426,,
2018-04-02,186763,HLT,buy,rebalance,1.3292678208739033,74.967,2018-04-02,99.6512207274539,0.34877927254608865,-253.66666666666666,Consumer Cyclical,0.6550225647059146,0.8498253783469151,0.9979777553083923,,
2018-04-02,197849,ROP,buy,rebalance,0.38209823898563616,260.8,2018-04-02,99.65122072745392,0.3487792725460887,-259.0,Technology,0.6865862779722905,0.7974388824214202,0.9949443882709808,,
2018-04-02,196855,AME,buy,rebalance,1.411170566549421,70.616,2018-04-02,99.6512207274539,0.34877927254608865,-268.6666666666667,Industrials,0.7039436170961688,0.8172293364377182,0.9342770475227502,,
2018-04-02,199900,BA,buy,rebalance,0.3226869658323664,308.817,2018-04-02,99.65122072745389,0.34877927254608865,-270.6666666666667,Industrials,0.6572966377910157,0.9385913853317811,0.8736097067745198,,
2018-04-02,196859,MTD,buy,rebalance,0.17710105340060767,562.68,2018-04-02,99.65122072745392,0.3487792725460887,-274.6666666666667,Healthcare,0.6771269208314646,0.8550640279394645,0.9228176609369734,,
2018-05-01,197892,TNH,sell,delisted,6.071442544425787,83.96,2018-03-29,509.7583160299891,1.784154106104962,,,,,,655.8914406041337,-147.91727868024952
2018-05-01,193573,SNI,sell,delisted,5.167445411958971,90.04,2018-03-06,465.27678489278577,1.6284687471247503,,,,,,300.0,163.648316145661
2018-05-01,195805,MA,buy,rebalance,1.1476185252118427,171.202,2018-05-01,196.47458675331788,0.6876610536366126,-215.66666666666666,Financial Services,0.6717615659518341,0.8760186263096624,0.9710144927536232,,
2018-05-01,198821,TSS,buy,rebalance,2.345741144169129,83.758,2018-05-01,196.47458675331788,0.6876610536366126,-235.0,Financial Services,0.6547108926024796,0.8748544819557625,0.9858442871587462,,
2018-05-01,198546,JKHY,buy,rebalance,1.7870911375493939,109.941,2018-05-01,196.4745867533179,0.6876610536366127,-243.0,Technology,0.7170181255385292,0.7866705471478463,0.9774182676103809,,
2018-05-01,197192,EL,buy,rebalance,1.5038238557467882,130.65,2018-05-01,196.47458675331788,0.6876610536366126,-243.66666666666666,Consumer Defensive,0.6870954976490167,0.9027939464493597,0.8854061341422312,,
2018-05-01,199849,CHDN,buy,rebalance,4.383636473746495,44.82,2018-05-01,196.47458675331788,0.6876610536366126,-244.33333333333334,Consumer Cyclical,0.6790638149276244,0.8859138533178114,0.9147286821705426,,
2018-05-01,186763,HLT,buy,rebalance,2.5172590582224177,78.051,2018-05-01,196.47458675331794,0.6876610536366128,-251.66666666666666,Consumer Cyclical,0.6550225647059146,0.8498253783469151,0.9979777553083923,,
2018-05-01,197849,ROP,buy,rebalance,0.7800665693408791,251.869,2018-05-01,196.47458675331788,0.6876610536366126,-256.6666666666667,Technology,0.6865862779722905,0.7974388824214202,0.9949443882709808,,
2018-05-01,196855,AME,buy,rebalance,2.999245691416589,65.508,2018-05-01,196.4745867533179,0.6876610536366127,-266.3333333333333,Industrials,0.7039436170961688,0.8172293364377182,0.9342770475227502,,
2018-05-01,199900,BA,buy,rebalance,0.6225095186676189,315.617,2018-05-01,196.4745867533179,0.6876610536366127,-269.0,Industrials,0.6572966377910155,0.9385913853317811,0.8736097067745198,,
2018-05-01,196859,MTD,buy,rebalance,0.3463816275048798,567.22,2018-05-01,196.4745867533179,0.6876610536366127,-272.3333333333333,Healthcare,0.6771269208314648,0.8550640279394645,0.9228176609369734,,
2018-06-01,198877,DST,sell,delisted,6.941067401564703,83.99,2018-04-16,582.9802510574193,2.0404308787009677,,,,,,299.99999999999994,280.93982017871843
2018-06-01,195805,MA,buy,rebalance,0.8489978227203203,185.563,2018-06-01,157.5425829774508,0.5513990404210778,-215.66666666666666,Financial Services,0.6717615659518341,0.8760186263096624,0.9710144927536232,,
2018-06-01,198821,TSS,buy,rebalance,1.8410099209742539,85.574,2018-06-01,157.5425829774508,0.5513990404210778,-235.0,Financial Services,0.6547108926024796,0.8748544819557625,0.9858442871587462,,
2018-06-01,197192,EL,buy,rebalance,1.1746827944484268,134.115,2018-06-01,157.54258297745076,0.5513990404210777,-243.0,Consumer Defensive,0.6870954976490167,0.9027939464493597,0.8854061341422312,,
2018-06-01,198546,JKHY,buy,rebalance,1.3897668731856383,113.359,2018-06-01,157.54258297745076,0.5513990404210777,-243.0,Technology,0.7170181255385292,0.7866705471478463,0.9774182676103809,,
2018-06-01,199849,CHDN,buy,rebalance,3.2883713493800912,47.909,2018-06-01,157.5425829774508,0.5513990404210778,-244.0,Consumer Cyclical,0.6790638149276244,0.8859138533178114,0.9147286821705426,,
2018-06-01,186763,HLT,buy,rebalance,1.956054468872385,80.541,2018-06-01,157.54258297745076,0.5513990404210777,-251.66666666666666,Consumer Cyclical,0.6550225647059145,0.8498253783469151,0.9979777553083923,,
2018-06-01,197849,ROP,buy,rebalance,0.5926775500910437,265.815,2018-06-01,157.5425829774508,0.5513990404210778,-256.6666666666667,Technology,0.6865862779722905,0.7974388824214202,0.9949443882709808,,
2018-06-01,196855,AME,buy,rebalance,2.244516070344077,70.19,2018-06-01,157.54258297745076,0.5513990404210777,-266.0,Industrials,0.7039436170961688,0.8172293364377182,0.9342770475227502,,
2018-06-01,199900,BA,buy,rebalance,0.458844963906528,343.346,2018-06-01,157.54258297745076,0.5513990404210777,-268.3333333333333,Industrials,0.6572966377910157,0.9385913853317811,0.8736097067745198,,
2018-06-01,196859,MTD,buy,rebalance,0.2768762442485948,569.0,2018-06-01,157.54258297745045,0.5513990404210766,-272.0,Healthcare,0.6771269208314648,0.8550640279394645,0.9228176609369734,,
2018-07-02,199855,CHE,buy,rebalance,0.31971157565490793,311.691,2018-07-02,99.6512207274539,0.34877927254608865,-197.66666666666666,Healthcare,0.6736916183581437,0.8908879860708068,0.964215364412344,,
2018-07-02,194210,BR,buy,rebalance,0.988573958388678,100.803,2018-07-02,99.6512207274539,0.34877927254608865,-221.33333333333334,Technology,0.683440225485867,0.8557748113755078,0.9622455679579777,,
2018-07-02,197192,EL,buy,rebalance,0.7724900831585574,129.0,2018-07-02,99.6512207274539,0.34877927254608865,-232.0,Consumer Defensive,0.6819453585849734,0.916715031921068,0.8883782009192384,,
2018-07-02,199385,ROL,buy,rebalance,4.683958671090665,21.275,2018-07-02,99.6512207274539,0.34877927254608865,-232.0,Consumer Cyclical,0.672311599602429,0.838943702843877,0.9881812212738017,,
2018-07-02,199181,LHX,buy,rebalance,0.794780915342345,125.382,2018-07-02,99.6512207274539,0.34877927254608865,-233.0,Industrials,0.6833433598947384,0.8496807893209518,0.9566644780039396,,
2018-07-02,199849,CHDN,buy,rebalance,2.1121048881425555,47.181,2018-07-02,99.6512207274539,0.34877927254608865,-248.66666666666666,Consumer Cyclical,0.6659845936245079,0.905977945443993,0.9100459619172685,,
2018-07-02,199615,RYN,buy,rebalance,3.9695355611637155,25.104,2018-07-02,99.65122072745392,0.3487792725460887,-259.0,Real Estate,0.7104238247509964,0.7745211839814278,0.9757058437294813,,
2018-07-02,198821,TSS,buy,rebalance,1.167669151501651,85.342,2018-07-02,99.6512207274539,0.34877927254608865,-261.0,Financial Services,0.666295889842741,0.8203714451538016,0.98456992777413,,
2018-07-02,193889,MSCI,buy,rebalance,0.6521207290538895,152.811,2018-07-02,99.65122072745392,0.3487792725460887,-263.0,Financial Services,0.6601464027620371,0.8676726639582124,0.9448456992777413,,
2018-07-02,199655,HEI,buy,rebalance,1.3798859095151266,72.217,2018-07-02,99.65122072745389,0.34877927254608865,-291.6666666666667,Industrials,0.6570404458665924,0.8801508995937318,0.9087327642810243,,
2018-08-01,198006,OA,sell,delisted,6.516045425149063,134.5,2018-06-06,876.4081096825489,3.067428383888921,,,,,,299.99999999999994,573.34068129866
2018-08-01,196101,TWX,sell,delisted,44.554324702692476,98.77,2018-06-15,4400.630650884936,15.402207278097276,,,,,,3571.6639183021184,813.5645253047201
2018-08-01,199855,CHE,buy,rebalance,2.031015397879951,307.075,2018-08-01,623.6740533039858,2.1828591865639506,-196.0,Healthcare,0.6736916183581437,0.8908879860708068,0.964215364412344,,
2018-08-01,194210,BR,buy,rebalance,6.371237353573801,97.889,2018-08-01,623.6740533039858,2.1828591865639506,-219.66666666666666,Technology,0.683440225485867,0.8557748113755078,0.9622455679579777,,
2018-08-01,197192,EL,buy,rebalance,5.133542294048777,121.49,2018-08-01,623.6740533039858,2.1828591865639506,-230.0,Consumer Defensive,0.6819453585849735,0.916715031921068,0.8883782009192384,,
2018-08-01,199385,ROL,buy,rebalance,27.78677002913726,22.445,2018-08-01,623.6740533039858,2.1828591865639506,-230.33333333333334,Consumer Cyclical,0.672311599602429,0.838943702843877,0.9881812212738017,,
2018-08-01,199181,LHX,buy,rebalance,4.429220101726352,140.809,2018-08-01,623.6740533039858,2.1828591865639506,-231.33333333333334,Industrials,0.6833433598947384,0.8496807893209518,0.9566644780039396,,
2018-08-01,199849,CHDN,buy,rebalance,13.877618506574972,44.941,2018-08-01,623.6740533039858,2.1828591865639506,-246.66666666666666,Consumer Cyclical,0.6659845936245079,0.905977945443993,0.9100459619172685,,
2018-08-01,199615,RYN,buy,rebalance,27.32895374015099,22.821,2018-08-01,623.6740533039858,2.1828591865639506,-257.3333333333333,Real Estate,0.7104238247509964,0.7745211839814278,0.9757058437294813,,
2018-08-01,198821,TSS,buy,rebalance,6.829245908019642,91.324,2018-08-01,623.6740533039857,2.18285918656395,-259.3333333333333,Financial Services,0.6662958898427411,0.8203714451538016,0.98456992777413,,
2018-08-01,193889,MSCI,buy,rebalance,4.185001632627769,149.026,2018-08-01,623.6740533039858,2.1828591865639506,-261.3333333333333,Financial Services,0.6601464027620371,0.8676726639582124,0.9448456992777413,,
2018-08-01,199655,HEI,buy,rebalance,8.244967191993783,75.643,2018-08-01,623.6740533039857,2.18285918656395,-289.3333333333333,Industrials,0.6570404458665924,0.8801508995937318,0.9087327642810243,,
2018-09-04,192976,SPB1,sell,delisted,2.3558414384506525,82.95,2018-07-13,195.41704731948164,0.6839596656181858,,,,,,300.00000000000006,-105.26691234613659
2018-09-04,196110,CPLA,sell,delisted,3.4586262764690563,104.0,2018-07-31,359.69713275278184,1.2589399646347366,,,,,,300.00000000000006,58.438192788147035
2018-09-04,199855,CHE,buy,rebalance,0.49900510076754867,310.168,2018-09-04,154.77541409486903,0.5417139493320416,-194.0,Healthcare,0.6736916183581437,0.8908879860708068,0.964215364412344,,
2018-09-04,194210,BR,buy,rebalance,1.302669837686376,118.814,2018-09-04,154.77541409486906,0.5417139493320418,-217.66666666666666,Technology,0.683440225485867,0.8557748113755078,0.9622455679579777,,
2018-09-04,197192,EL,buy,rebalance,1.2363043492784607,125.192,2018-09-04,154.77541409486903,0.5417139493320416,-228.0,Consumer Defensive,0.6819453585849735,0.916715031921068,0.8883782009192384,,
2018-09-04,199385,ROL,buy,rebalance,6.3717185004680355,24.291,2018-09-04,154.77541409486906,0.5417139493320418,-228.66666666666666,Consumer Cyclical,0.672311599602429,0.838943702843877,0.9881812212738017,,
2018-09-04,199181,LHX,buy,rebalance,1.1097477869266221,139.469,2018-09-04,154.77541409486906,0.5417139493320418,-229.33333333333334,Industrials,0.6833433598947384,0.8496807893209518,0.9566644780039396,,
2018-09-04,199849,CHDN,buy,rebalance,3.417505665721677,45.289,2018-09-04,154.77541409486903,0.5417139493320416,-244.66666666666666,Consumer Cyclical,0.6659845936245078,0.905977945443993,0.9100459619172685,,
2018-09-04,199615,RYN,buy,rebalance,6.910850781160432,22.396,2018-09-04,154.77541409486903,0.5417139493320416,-255.0,Real Estate,0.7104238247509964,0.7745211839814278,0.9757058437294813,,
2018-09-04,198821,TSS,buy,rebalance,1.5873587415503725,97.505,2018-09-04,154.77541409486906,0.5417139493320418,-257.6666666666667,Financial Services,0.6662958898427409,0.8203714451538016,0.98456992777413,,
2018-09-04,193889,MSCI,buy,rebalance,0.9259007076660308,167.162,2018-09-04,154.77541409486906,0.5417139493320418,-259.3333333333333,Financial Services,0.6601464027620371,0.8676726639582124,0.9448456992777413,,
2018-09-04,196736,RTN,buy,rebalance,0.8037525528643102,192.566,2018-09-04,154.77541409486878,0.5417139493320408,-287.0,Industrials,0.7070782211800748,0.8110853163087638,0.9067629678266579,,
2018-10-01,199855,CHE,buy,rebalance,0.3210702664140254,310.372,2018-10-01,99.6512207274539,0.34877927254608865,-223.33333333333334,Healthcare,0.671178772524654,0.8552325581395349,0.9798319327731092,,
2018-10-01,193748,KDP,buy,rebalance,5.250051142060687,18.981,2018-10-01,99.6512207274539,0.34877927254608865,-229.66666666666666,Consumer Defensive,0.6880497549644562,0.8354651162790697,0.9721008403361344,,
2018-10-01,194210,BR,buy,rebalance,0.8777987097658109,113.524,2018-10-01,99.65122072745392,0.3487792725460887,-244.33333333333334,Technology,0.6647228177097854,0.8465116279069768,0.9778151260504202,,
2018-10-01,199223,WDFC,buy,rebalance,0.6606637764938768,150.835,2018-10-01,99.6512207274539,0.34877927254608865,-271.6666666666667,Basic Materials,0.6934408923830481,0.836046511627907,0.9183193277310925,,
2018-10-01,195805,MA,buy,rebalance,0.46827700948973655,212.804,2018-10-01,99.6512207274539,0.34877927254608865,-278.6666666666667,Financial Services,0.6540432394596334,0.8450581395348837,0.9650420168067226,,
2018-10-01,198073,PTC,buy,rebalance,0.9412602316752045,105.87,2018-10-01,99.6512207274539,0.34877927254608865,-298.3333333333333,Technology,0.6098352713957839,0.9034883720930232,0.9915966386554622,,
2018-10-01,193889,MSCI,buy,rebalance,0.604192130910454,164.933,2018-10-01,99.6512207274539,0.34877927254608865,-305.0,Financial Services,0.6577647258731194,0.8290697674418605,0.945546218487395,,
2018-10-01,187525,TMX,buy,rebalance,2.4454287295080714,40.75,2018-10-01,99.65122072745392,0.3487792725460887,-306.6666666666667,Consumer Cyclical,0.6467707500779284,0.8130813953488372,0.9878991596638655,,
2018-10-01,197640,CPRT,buy,rebalance,7.5734321878289945,13.158,2018-10-01,99.6512207274539,0.34877927254608865,-308.0,Industrials,0.6532801763331018,0.9122093023255814,0.8645378151260504,,
2018-10-01,199238,VFC,buy,rebalance,1.435379484731061,69.425,2018-10-01,99.6512207274539,0.34877927254608865,-311.3333333333333,Consumer Cyclical,0.6734130074597403,0.8168604651162791,0.9263865546218487,,
2018-11-01,199855,CHE,buy,rebalance,0.33516712989948105,297.318,2018-11-01,99.6512207274539,0.34877927254608865,-221.0,Healthcare,0.671178772524654,0.8552325581395349,0.9798319327731092,,
2018-11-01,193748,KDP,buy,rebalance,4.542609323401281,21.937,2018-11-01,99.65122072745392,0.3487792725460887,-227.0,Consumer Defensive,0.6880497549644562,0.8354651162790697,0.9721008403361344,,
2018-11-01,194210,BR,buy,rebalance,0.9782771217255742,101.864,2018-11-01,99.6512207274539,0.34877927254608865,-242.0,Technology,0.6647228177097855,0.8465116279069768,0.9778151260504202,,
2018-11-01,199223,WDFC,buy,rebalance,0.6785272137995282,146.864,2018-11-01,99.6512207274539,0.34877927254608865,-268.6666666666667,Basic Materials,0.6934408923830481,0.836046511627907,0.9183193277310925,,
2018-11-01,195805,MA,buy,rebalance,0.5240801531854842,190.145,2018-11-01,99.65122072745389,0.34877927254608865,-276.0,Financial Services,0.6540432394596335,0.8450581395348837,0.9650420168067226,,
2018-11-01,197671,INTU,buy,rebalance,0.4964836569818443,200.714,2018-11-01,99.6512207274539,0.34877927254608865,-296.6666666666667,Technology,0.6368263491033507,0.8494186046511628,0.9784873949579832,,
2018-11-01,193889,MSCI,buy,rebalance,0.7375507599488859,135.111,2018-11-01,99.6512207274539,0.34877927254608865,-302.0,Financial Services,0.6577647258731194,0.8290697674418605,0.945546218487395,,
2018-11-01,187525,TMX,buy,rebalance,2.3239557072633836,42.88,2018-11-01,99.65122072745389,0.34877927254608865,-303.6666666666667,Consumer Cyclical,0.6467707500779284,0.8130813953488372,0.9878991596638655,,
2018-11-01,197640,CPRT,buy,rebalance,7.946668319573677,12.54,2018-11-01,99.6512207274539,0.34877927254608865,-306.0,Industrials,0.6532801763331018,0.9122093023255814,0.8645378151260504,,
2018-11-01,199238,VFC,buy,rebalance,1.5753390253640531,63.257,2018-11-01,99.6512207274539,0.34877927254608865,-308.0,Consumer Cyclical,0.6734130074597403,0.8168604651162791,0.9263865546218487,,
2018-12-03,191635,PF,sell,delisted,34.44502329568252,66.66,2018-10-25,2296.1052528901964,8.036368385115688,,,,,,2031.724523596503,256.34436090857776
2018-12-03,199855,CHE,buy,rebalance,1.0650382354579992,307.651,2018-12-03,327.66007817688893,1.1468102736191113,-219.0,Healthcare,0.671178772524654,0.8552325581395349,0.9798319327731092,,
2018-12-03,193748,KDP,buy,rebalance,15.032347487126161,21.797,2018-12-03,327.66007817688893,1.1468102736191113,-225.0,Consumer Defensive,0.6880497549644563,0.8354651162790697,0.9721008403361344,,
2018-12-03,194210,BR,buy,rebalance,3.5873358095961043,91.338,2018-12-03,327.66007817688893,1.1468102736191113,-240.0,Technology,0.6647228177097855,0.8465116279069768,0.9778151260504202,,
2018-12-03,199223,WDFC,buy,rebalance,2.0936211098559077,156.504,2018-12-03,327.66007817688893,1.1468102736191113,-266.3333333333333,Basic Materials,0.6934408923830482,0.836046511627907,0.9183193277310925,,
2018-12-03,195805,MA,buy,rebalance,1.6398664633569509,199.809,2018-12-03,327.660078176889,1.1468102736191115,-273.6666666666667,Financial Services,0.6540432394596335,0.8450581395348837,0.9650420168067226,,
2018-12-03,197671,INTU,buy,rebalance,1.6236067497987658,201.81,2018-12-03,327.66007817688893,1.1468102736191113,-294.6666666666667,Technology,0.6368263491033506,0.8494186046511628,0.9784873949579832,,
2018-12-03,193889,MSCI,buy,rebalance,2.2019426644056916,148.805,2018-12-03,327.660078176889,1.1468102736191115,-299.0,Financial Services,0.6577647258731192,0.8290697674418605,0.945546218487395,,
2018-12-03,187525,TMX,buy,rebalance,7.453595954888284,43.96,2018-12-03,327.660078176889,1.1468102736191115,-301.3333333333333,Consumer Cyclical,0.6467707500779284,0.8130813953488372,0.9878991596638655,,
2018-12-03,197640,CPRT,buy,rebalance,25.830514637515883,12.685,2018-12-03,327.660078176889,1.1468102736191115,-303.3333333333333,Industrials,0.6532801763331018,0.9122093023255814,0.8645378151260504,,
2018-12-03,199238,VFC,buy,rebalance,5.310191854286409,61.704,2018-12-03,327.6600781768886,1.1468102736191101,-305.3333333333333,Consumer Cyclical,0.6734130074597403,0.8168604651162791,0.9263865546218487,,
2019-01-02,195845,COL,sell,delisted,15.903358448975393,141.04,2018-11-26,2243.009675643489,7.8505338647522125,,,,,,767.3950774489172,1467.7640643298196
2019-01-02,199553,MKC,buy,rebalance,5.526012302465431,58.34,2019-01-02,322.3875577258333,1.1283564520404166,-206.66666666666666,Consumer Defensive,0.7098089583096567,0.839513325608343,0.9797639123102867,,
2019-01-02,199196,TJX,buy,rebalance,8.006446076735541,40.266,2019-01-02,322.3875577258333,1.1283564520404166,-234.33333333333334,Consumer Cyclical,0.7145683896872359,0.8829663962920047,0.8951096121416526,,
2019-01-02,197804,USPH,buy,rebalance,3.5664313040083333,90.395,2019-01-02,322.3875577258333,1.1283564520404166,-240.66666666666666,Healthcare,0.6480921585024827,0.9504634994206257,0.9204047217537943,,
2019-01-02,199385,ROL,buy,rebalance,14.897761447589339,21.64,2019-01-02,322.3875577258333,1.1283564520404166,-242.66666666666666,Consumer Cyclical,0.7025383538289546,0.8053302433371958,0.9871838111298482,,
2019-01-02,197267,CBZ,buy,rebalance,16.224839342014757,19.87,2019-01-02,322.38755772583323,1.1283564520404163,-250.33333333333334,Industrials,0.6890005210638986,0.8899188876013905,0.9038785834738617,,
2019-01-02,198546,JKHY,buy,rebalance,2.844253114117121,113.347,2019-01-02,322.3875577258333,1.1283564520404166,-263.0,Technology,0.7108935375509304,0.7879490150637312,0.9730185497470489,,
2019-01-02,199855,CHE,buy,rebalance,1.1966650868611692,269.405,2019-01-02,322.3875577258333,1.1283564520404166,-271.0,Healthcare,0.6656169329255394,0.8392236384704519,0.9794266441821248,,
2019-01-02,199120,CHD,buy,rebalance,5.492121937407721,58.7,2019-01-02,322.38755772583323,1.1283564520404163,-286.0,Consumer Defensive,0.6923092266072857,0.7815758980301275,0.9811129848229342,,
2019-01-02,199223,WDFC,buy,rebalance,2.038763020861659,158.129,2019-01-02,322.38755772583323,1.1283564520404163,-288.3333333333333,Basic Materials,0.681517573125025,0.8360370799536501,0.9342327150084317,,
2019-01-02,193889,MSCI,buy,rebalance,2.3826552978126116,135.306,2019-01-02,322.38755772583323,1.1283564520404163,-293.6666666666667,Financial Services,0.6732916453416518,0.8647161066048668,0.9092748735244519,,
2019-02-01,192161,ESRX,sell,delisted,32.4027133457872,92.33,2018-12-20,2991.742523216532,10.471098831257862,,,,,,630.0798760943837,2351.1915482908908
2019-02-01,199553,MKC,buy,rebalance,7.494541766388761,52.937,2019-02-01,396.7385574873218,1.3885849512056265,-205.0,Consumer Defensive,0.7098089583096567,0.839513325608343,0.9797639123102867,,
2019-02-01,199196,TJX,buy,rebalance,8.998583716739363,44.089,2019-02-01,396.73855748732177,1.3885849512056263,-233.66666666666666,Consumer Cyclical,0.7145683896872359,0.8829663962920047,0.8951096121416526,,
2019-02-01,197804,USPH,buy,rebalance,4.221386394213015,93.983,2019-02-01,396.7385574873218,1.3885849512056265,-239.0,Healthcare,0.6480921585024827,0.9504634994206257,0.9204047217537943,,
2019-02-01,199385,ROL,buy,rebalance,17.5245619279704,22.639,2019-02-01,396.7385574873219,1.3885849512056265,-241.0,Consumer Cyclical,0.7025383538289546,0.8053302433371958,0.9871838111298482,,
2019-02-01,197267,CBZ,buy,rebalance,20.314314259463483,19.53,2019-02-01,396.7385574873218,1.3885849512056265,-249.0,Industrials,0.6890005210638986,0.8899188876013905,0.9038785834738617,,
2019-02-01,198546,JKHY,buy,rebalance,3.2194704050711414,123.231,2019-02-01,396.7385574873218,1.3885849512056265,-261.6666666666667,Technology,0.7108935375509304,0.7879490150637312,0.9730185497470489,,
2019-02-01,199855,CHE,buy,rebalance,1.3596715359927405,291.79,2019-02-01,396.73855748732177,1.3885849512056263,-268.6666666666667,Healthcare,0.6656169329255394,0.8392236384704519,0.9794266441821248,,
2019-02-01,199120,CHD,buy,rebalance,6.73362680098647,58.919,2019-02-01,396.7385574873218,1.3885849512056265,-284.0,Consumer Defensive,0.6923092266072857,0.7815758980301275,0.9811129848229342,,
2019-02-01,199223,WDFC,buy,rebalance,2.4704136932882625,160.596,2019-02-01,396.7385574873218,1.3885849512056265,-286.3333333333333,Basic Materials,0.681517573125025,0.8360370799536501,0.9342327150084317,,
2019-02-01,193889,MSCI,buy,rebalance,2.4926400284443835,159.164,2019-02-01,396.7385574873218,1.3885849512056265,-291.6666666666667,Financial Services,0.6732916453416518,0.8647161066048668,0.9092748735244519,,
2019-03-01,197302,SHPG,sell,delisted,7.304140600711549,179.2,2019-01-07,1308.9019956475095,4.581156984766284,,,,,,755.8914406041337,548.4293980586095
2019-03-01,199553,MKC,buy,rebalance,3.9046469846529073,58.809,2019-03-01,229.6283845204528,0.8036993458215849,-204.66666666666666,Consumer Defensive,0.7098089583096567,0.839513325608343,0.9797639123102867,,
2019-03-01,199196,TJX,buy,rebalance,4.876890400774191,47.085,2019-03-01,229.62838452045278,0.8036993458215848,-233.0,Consumer Cyclical,0.714568389687236,0.8829663962920047,0.8951096121416526,,
2019-03-01,197804,USPH,buy,rebalance,2.3350218578258595,98.341,2019-03-01,229.62838452045284,0.803699345821585,-238.33333333333334,Healthcare,0.6480921585024827,0.9504634994206257,0.9204047217537943,,
2019-03-01,199385,ROL,buy,rebalance,9.51511973316425,24.133,2019-03-01,229.62838452045284,0.803699345821585,-240.66666666666666,Consumer Cyclical,0.7025383538289546,0.8053302433371958,0.9871838111298482,,
2019-03-01,197267,CBZ,buy,rebalance,10.981749618386074,20.91,2019-03-01,229.6283845204528,0.8036993458215849,-248.33333333333334,Industrials,0.6890005210638985,0.8899188876013905,0.9038785834738617,,
2019-03-01,198546,JKHY,buy,rebalance,1.875282846226646,122.45,2019-03-01,229.6283845204528,0.8036993458215849,-261.3333333333333,Technology,0.7108935375509304,0.7879490150637312,0.9730185497470489,,
2019-03-01,199855,CHE,buy,rebalance,0.7148121033624167,321.243,2019-03-01,229.62838452045284,0.803699345821585,-268.0,Healthcare,0.6656169329255394,0.8392236384704519,0.9794266441821248,,
2019-03-01,199120,CHD,buy,rebalance,3.82975674244822,59.959,2019-03-01,229.62838452045284,0.803699345821585,-283.6666666666667,Consumer Defensive,0.6923092266072857,0.7815758980301275,0.9811129848229342,,
2019-03-01,199223,WDFC,buy,rebalance,1.4466238141825494,158.734,2019-03-01,229.6283845204528,0.8036993458215849,-285.6666666666667,Basic Materials,0.6815175731250249,0.8360370799536501,0.9342327150084317,,
2019-03-01,193889,MSCI,buy,rebalance,1.306689036893769,175.733,2019-03-01,229.6283845204527,0.8036993458215844,-290.6666666666667,Financial Services,0.6732916453416516,0.8647161066048668,0.9092748735244519,,
2019-04-01,199120,CHD,buy,rebalance,1.5144332263560416,65.801,2019-04-01,99.6512207274539,0.34877927254608865,-203.66666666666666,Consumer Defensive,0.6860947721861946,0.8705539358600584,0.9861064046086072,,
2019-04-01,193404,BAH,buy,rebalance,1.9465790386860298,51.193,2019-04-01,99.65122072745392,0.3487792725460887,-223.0,Industrials,0.6842379128346132,0.8877551020408163,0.9488309047780413,,
2019-04-01,197603,WINA,buy,rebalance,0.6165810995455603,161.619,2019-04-01,99.6512207274539,0.34877927254608865,-227.33333333333334,Consumer Cyclical,0.6834872048784947,0.8457725947521866,0.9932226363944425,,
2019-04-01,199223,WDFC,buy,rebalance,0.6514003185217278,152.98,2019-04-01,99.6512207274539,0.34877927254608865,-235.66666666666666,Basic Materials,0.6825268972915159,0.8935860058309038,0.931209759403592,,
2019-04-01,199584,MZTI,buy,rebalance,0.7512059155512715,132.655,2019-04-01,99.65122072745392,0.3487792725460887,-256.3333333333333,Consumer Defensive,0.6958708310964401,0.9166180758017493,0.8681802778719079,,
2019-04-01,199137,MRK,buy,rebalance,1.5657352616459093,63.645,2019-04-01,99.6512207274539,0.34877927254608865,-264.6666666666667,Healthcare,0.7042911326903174,0.8965014577259475,0.8685191460521857,,
2019-04-01,199499,NRC,buy,rebalance,3.005254100770648,33.159,2019-04-01,99.65122072745392,0.3487792725460887,-276.0,Healthcare,0.6361086397848278,0.8740524781341108,0.9935615045747205,,
2019-04-01,196816,YUM,buy,rebalance,1.1324903199965213,87.993,2019-04-01,99.65122072745389,0.34877927254608865,-281.0,Consumer Cyclical,0.7100130291114014,0.7670553935860058,0.9854286682480515,,
2019-04-01,198439,FISV,buy,rebalance,1.1157901772192802,89.31,2019-04-01,99.65122072745392,0.3487792725460887,-287.3333333333333,Technology,0.7022092494970609,0.7693877551020408,0.989495086411386,,
2019-04-01,197066,VRSN,buy,rebalance,0.5456215066276126,182.638,2019-04-01,99.6512207274539,0.34877927254608865,-294.6666666666667,Technology,0.616517389823238,0.9189504373177843,0.9739071501186038,,
2019-05-01,199120,CHD,buy,rebalance,1.4800858591886572,67.328,2019-05-01,99.65122072745392,0.3487792725460887,-202.33333333333334,Consumer Defensive,0.6860947721861949,0.8705539358600584,0.9861064046086072,,
2019-05-01,193404,BAH,buy,rebalance,1.9492443856474369,51.123,2019-05-01,99.6512207274539,0.34877927254608865,-221.66666666666666,Industrials,0.6842379128346133,0.8877551020408163,0.9488309047780413,,
2019-05-01,197603,WINA,buy,rebalance,0.6658774287854243,149.654,2019-05-01,99.65122072745389,0.34877927254608865,-225.33333333333334,Consumer Cyclical,0.6834872048784947,0.8457725947521866,0.9932226363944425,,
2019-05-01,199223,WDFC,buy,rebalance,0.6653927921279215,149.763,2019-05-01,99.6512207274539,0.34877927254608865,-234.33333333333334,Basic Materials,0.682526897291516,0.8935860058309038,0.931209759403592,,
2019-05-01,199584,MZTI,buy,rebalance,0.7710197663947349,129.246,2019-05-01,99.65122072745392,0.3487792725460887,-254.66666666666666,Consumer Defensive,0.6958708310964401,0.9166180758017493,0.8681802778719079,,
2019-05-01,199137,MRK,buy,rebalance,1.6568496255292027,60.145,2019-05-01,99.6512207274539,0.34877927254608865,-263.0,Healthcare,0.7042911326903174,0.8965014577259475,0.8685191460521857,,
2019-05-01,199499,NRC,buy,rebalance,2.918984760170301,34.139,2019-05-01,99.65122072745392,0.3487792725460887,-273.3333333333333,Healthcare,0.6361086397848277,0.8740524781341108,0.9935615045747205,,
2019-05-01,196816,YUM,buy,rebalance,1.1173916342698516,89.182,2019-05-01,99.6512207274539,0.34877927254608865,-277.6666666666667,Consumer Cyclical,0.7100130291114013,0.7670553935860058,0.9854286682480515,,
2019-05-01,198439,FISV,buy,rebalance,1.1596790495456057,85.93,2019-05-01,99.6512207274539,0.34877927254608865,-283.6666666666667,Technology,0.7022092494970609,0.7693877551020408,0.989495086411386,,
2019-05-01,197066,VRSN,buy,rebalance,0.5218242980591092,190.967,2019-05-01,99.65122072745392,0.3487792725460887,-292.3333333333333,Technology,0.616517389823238,0.9189504373177843,0.9739071501186038,,
2019-06-03,199120,CHD,buy,rebalance,1.430188164350559,69.677,2019-06-03,99.6512207274539,0.34877927254608865,-201.0,Consumer Defensive,0.6860947721861949,0.8705539358600584,0.9861064046086072,,
2019-06-03,193404,BAH,buy,rebalance,1.8134890032293702,54.95,2019-06-03,99.6512207274539,0.34877927254608865,-220.33333333333334,Industrials,0.6842379128346132,0.8877551020408163,0.9488309047780413,,
2019-06-03,197603,WINA,buy,rebalance,0.7263261447055291,137.199,2019-06-03,99.6512207274539,0.34877927254608865,-224.0,Consumer Cyclical,0.6834872048784947,0.8457725947521866,0.9932226363944425,,
2019-06-03,199223,WDFC,buy,rebalance,0.7090746260945794,140.537,2019-06-03,99.6512207274539,0.34877927254608865,-233.0,Basic Materials,0.682526897291516,0.8935860058309038,0.931209759403592,,
2019-06-03,199584,MZTI,buy,rebalance,0.7896230673881658,126.201,2019-06-03,99.6512207274539,0.34877927254608865,-253.33333333333334,Consumer Defensive,0.6958708310964401,0.9166180758017493,0.8681802778719079,,
2019-06-03,199137,MRK,buy,rebalance,1.6250484447254478,61.322,2019-06-03,99.65122072745392,0.3487792725460887,-261.6666666666667,Healthcare,0.7042911326903174,0.8965014577259475,0.8685191460521857,,
2019-06-03,199499,NRC,buy,rebalance,2.3113425042318947,43.114,2019-06-03,99.6512207274539,0.34877927254608865,-271.3333333333333,Healthcare,0.6361086397848278,0.8740524781341108,0.9935615045747205,,
2019-06-03,196816,YUM,buy,rebalance,1.089536864790338,91.462,2019-06-03,99.6512207274539,0.34877927254608865,-275.3333333333333,Consumer Cyclical,0.7100130291114014,0.7670553935860058,0.9854286682480515,,
2019-06-03,198439,FISV,buy,rebalance,1.2052639178453544,82.68,2019-06-03,99.6512207274539,0.34877927254608865,-281.3333333333333,Technology,0.702209249497061,0.7693877551020408,0.989495086411386,,
2019-06-03,197066,VRSN,buy,rebalance,0.5359090752654178,185.948,2019-06-03,99.6512207274539,0.34877927254608865,-290.3333333333333,Technology,0.616517389823238,0.9189504373177843,0.9739071501186038,,
2019-07-01,199553,MKC,buy,rebalance,1.4822654022438815,67.229,2019-07-01,99.6512207274539,0.34877927254608865,-132.33333333333334,Consumer Defensive,0.7055790321574832,0.925072886297376,0.973141172617098,,
2019-07-01,199411,PG,buy,rebalance,1.0844502805220742,91.891,2019-07-01,99.65122072745392,0.3487792725460887,-153.33333333333334,Consumer Defensive,0.723945585532823,0.897667638483965,0.955781198820832,,
2019-07-01,198804,PAYX,buy,rebalance,1.489866649634511,66.886,2019-07-01,99.65122072745389,0.34877927254608865,-176.33333333333334,Industrials,0.718248656557243,0.8749271137026239,0.9649525057320668,,
2019-07-01,199928,ADP,buy,rebalance,0.6994737040939866,142.466,2019-07-01,99.65122072745389,0.34877927254608865,-194.0,Industrials,0.6934576576860134,0.8895043731778426,0.9646249590566656,,
2019-07-01,199575,LLY,buy,rebalance,0.9657623345426994,103.184,2019-07-01,99.6512207274539,0.34877927254608865,-208.33333333333334,Healthcare,0.6940162253183843,0.9072886297376094,0.9279397314117261,,
2019-07-01,196816,YUM,buy,rebalance,1.036004706693703,96.188,2019-07-01,99.6512207274539,0.34877927254608865,-211.33333333333334,Consumer Cyclical,0.7203625087848774,0.8282798833819242,0.9783819194235178,,
2019-07-01,197603,WINA,buy,rebalance,0.691436565739123,144.122,2019-07-01,99.6512207274539,0.34877927254608865,-222.33333333333334,Consumer Cyclical,0.6699945919058049,0.8848396501457726,0.9855879462823453,,
2019-07-01,197849,ROP,buy,rebalance,0.2787555896663195,357.486,2019-07-01,99.6512207274539,0.34877927254608865,-226.66666666666666,Technology,0.6945575918039629,0.8341107871720117,0.9924664264657713,,
2019-07-01,197079,FDS,buy,rebalance,0.37346893004225185,266.826,2019-07-01,99.6512207274539,0.34877927254608865,-235.0,Financial Services,0.6894633675992493,0.8667638483965014,0.9561087454962333,,
2019-07-01,198325,FICO,buy,rebalance,0.3146152071966089,316.74,2019-07-01,99.6512207274539,0.34877927254608865,-237.33333333333334,Technology,0.6252389861632528,0.9358600583090378,0.9996724533245988,,
2019-08-01,199553,MKC,buy,rebalance,1.460626174092399,68.225,2019-08-01,99.6512207274539,0.34877927254608865,-131.0,Consumer Defensive,0.7055790321574833,0.925072886297376,0.973141172617098,,
2019-08-01,199411,PG,buy,rebalance,1.0198880411783466,97.708,2019-08-01,99.65122072745389,0.34877927254608865,-151.66666666666666,Consumer Defensive,0.723945585532823,0.897667638483965,0.955781198820832,,
2019-08-01,198804,PAYX,buy,rebalance,1.4723009976871033,67.684,2019-08-01,99.6512207274539,0.34877927254608865,-174.33333333333334,Industrials,0.7182486565572431,0.8749271137026239,0.9649525057320668,,
2019-08-01,199928,ADP,buy,rebalance,0.7083689638494844,140.677,2019-08-01,99.65122072745392,0.3487792725460887,-192.0,Industrials,0.6934576576860134,0.8895043731778426,0.9646249590566656,,
2019-08-01,199575,LLY,buy,rebalance,0.9852507907364216,101.143,2019-08-01,99.65122072745389,0.34877927254608865,-206.33333333333334,Healthcare,0.6940162253183841,0.9072886297376094,0.9279397314117261,,
2019-08-01,196816,YUM,buy,rebalance,0.9700020512148375,102.733,2019-08-01,99.6512207274539,0.34877927254608865,-209.0,Consumer Cyclical,0.7203625087848774,0.8282798833819242,0.9783819194235178,,
2019-08-01,197603,WINA,buy,rebalance,0.7057801783902452,141.193,2019-08-01,99.6512207274539,0.34877927254608865,-220.66666666666666,Consumer Cyclical,0.6699945919058049,0.8848396501457726,0.9855879462823453,,
2019-08-01,197849,ROP,buy,rebalance,0.288195052671097,345.777,2019-08-01,99.6512207274539,0.34877927254608865,-224.33333333333334,Technology,0.6945575918039629,0.8341107871720117,0.9924664264657713,,
2019-08-01,197079,FDS,buy,rebalance,0.383238550008668,260.024,2019-08-01,99.65122072745389,0.34877927254608865,-232.33333333333334,Financial Services,0.6894633675992494,0.8667638483965014,0.9561087454962333,,
2019-08-01,198325,FICO,buy,rebalance,0.27695511722146104,359.81,2019-08-01,99.6512207274539,0.34877927254608865,-236.33333333333334,Technology,0.6252389861632528,0.9358600583090378,0.9996724533245988,,
2019-09-03,199553,MKC,buy,rebalance,1.4013474810852595,71.111,2019-09-03,99.65122072745389,0.34877927254608865,-129.66666666666666,Consumer Defensive,0.7055790321574832,0.925072886297376,0.973141172617098,,
2019-09-03,199411,PG,buy,rebalance,0.9809735856774089,101.584,2019-09-03,99.6512207274539,0.34877927254608865,-150.0,Consumer Defensive,0.723945585532823,0.897667638483965,0.955781198820832,,
2019-09-03,198804,PAYX,buy,rebalance,1.5246514799182054,65.36,2019-09-03,99.6512207274539,0.34877927254608865,-172.0,Industrials,0.7182486565572431,0.8749271137026239,0.9649525057320668,,
2019-09-03,199928,ADP,buy,rebalance,0.6960439534494712,143.168,2019-09-03,99.6512207274539,0.34877927254608865,-190.0,Industrials,0.6934576576860134,0.8895043731778426,0.9646249590566656,,
2019-09-03,199575,LLY,buy,rebalance,0.9498734222424355,104.91,2019-09-03,99.6512207274539,0.34877927254608865,-204.66666666666666,Healthcare,0.6940162253183843,0.9072886297376094,0.9279397314117261,,
2019-09-03,196816,YUM,buy,rebalance,0.9683901571120064,102.904,2019-09-03,99.6512207274539,0.34877927254608865,-206.66666666666666,Consumer Cyclical,0.7203625087848774,0.8282798833819242,0.9783819194235178,,
2019-09-03,197603,WINA,buy,rebalance,0.7553855771822069,131.921,2019-09-03,99.6512207274539,0.34877927254608865,-218.0,Consumer Cyclical,0.6699945919058049,0.8848396501457726,0.9855879462823453,,
2019-09-03,197849,ROP,buy,rebalance,0.28744687627807414,346.677,2019-09-03,99.65122072745392,0.3487792725460887,-222.0,Technology,0.6945575918039629,0.8341107871720117,0.9924664264657713,,
2019-09-03,197079,FDS,buy,rebalance,0.3951042591735381,252.215,2019-09-03,99.6512207274539,0.34877927254608865,-229.66666666666666,Financial Services,0.6894633675992493,0.8667638483965014,0.9561087454962333,,
2019-09-03,198325,FICO,buy,rebalance,0.2831000588848122,352.0,2019-09-03,99.6512207274539,0.34877927254608865,-234.33333333333334,Technology,0.6252389861632528,0.9358600583090378,0.9996724533245988,,
2019-10-01,197333,APU,sell,delisted,48.700618704998845,31.22,2019-08-21,1520.4333159700639,5.321516605895224,,,,,,715.5445158242068,799.567283539962
2019-10-01,196816,YUM,buy,rebalance,2.5180232385535137,99.536,2019-10-01,250.63396107266254,0.8772188637543189,-109.33333333333333,Consumer Cyclical,0.7171674539211409,0.9272097053726169,0.9859437751004017,,
2019-10-01,199652,HSY,buy,rebalance,1.9142153702478562,130.933,2019-10-01,250.63396107266254,0.8772188637543189,-128.66666666666666,Consumer Defensive,0.7116052096878919,0.9404968226458694,0.9591700133868809,,
2019-10-01,199120,CHD,buy,rebalance,3.6060365025417602,69.504,2019-10-01,250.63396107266252,0.8772188637543188,-132.66666666666666,Consumer Defensive,0.7021268878009326,0.9220103986135182,0.9892904953145917,,
2019-10-01,193422,VRSK,buy,rebalance,1.6765037731117645,149.498,2019-10-01,250.63396107266254,0.8772188637543189,-164.33333333333334,Industrials,0.7187633093582959,0.8792605430387059,0.9795850066934404,,
2019-10-01,198229,SBUX,buy,rebalance,3.3868081168690805,74.003,2019-10-01,250.63396107266257,0.877218863754319,-167.66666666666666,Consumer Cyclical,0.6875963436426713,0.9702484113229347,0.9226907630522089,,
2019-10-01,199137,MRK,buy,rebalance,3.871751491838332,64.734,2019-10-01,250.63396107266257,0.877218863754319,-200.33333333333334,Healthcare,0.713677312419109,0.8908145580589255,0.9354082998661312,,
2019-10-01,199499,NRC,buy,rebalance,5.151777206015674,48.65,2019-10-01,250.63396107266252,0.8772188637543188,-200.33333333333334,Healthcare,0.6312386058078425,0.9673599075678798,0.9983266398929049,,
2019-10-01,197849,ROP,buy,rebalance,0.7572411908547041,330.983,2019-10-01,250.63396107266252,0.8772188637543188,-213.0,Technology,0.6912930315253766,0.8570190641247833,0.9956492637215528,,
2019-10-01,199760,ECL,buy,rebalance,1.3752659131310911,182.244,2019-10-01,250.63396107266257,0.877218863754319,-214.33333333333334,Basic Materials,0.7212099276117127,0.9205661467359908,0.8741633199464525,,
2019-10-01,198566,HON,buy,rebalance,1.8415968218952985,136.096,2019-10-01,250.63396107266254,0.8772188637543189,-215.66666666666666,Industrials,0.7174301419733461,0.8616406701328712,0.9467871485943775,,
2019-11-01,198821,TSS,sell,delisted,28.504273228392567,133.27,2019-09-17,3798.7644931478776,13.295675726017572,,,,,,1636.4302703595772,2149.0385470622828
2019-11-01,196816,YUM,buy,rebalance,5.427577444279139,87.862,2019-11-01,476.8778094092537,1.669072332932388,-108.33333333333333,Consumer Cyclical,0.7171674539211409,0.9272097053726169,0.9859437751004017,,
2019-11-01,199652,HSY,buy,rebalance,3.9430615705943692,120.941,2019-11-01,476.87780940925364,1.6690723329323878,-127.66666666666667,Consumer Defensive,0.7116052096878919,0.9404968226458694,0.9591700133868809,,
2019-11-01,199120,CHD,buy,rebalance,7.53754420802715,63.267,2019-11-01,476.8778094092537,1.669072332932388,-131.66666666666666,Consumer Defensive,0.7021268878009326,0.9220103986135182,0.9892904953145917,,
2019-11-01,193422,VRSK,buy,rebalance,3.433220850888429,138.901,2019-11-01,476.8778094092537,1.669072332932388,-163.33333333333334,Industrials,0.7187633093582959,0.8792605430387059,0.9795850066934404,,
2019-11-01,198229,SBUX,buy,rebalance,6.699603953487688,71.18,2019-11-01,476.87780940925364,1.6690723329323878,-167.0,Consumer Cyclical,0.6875963436426713,0.9702484113229347,0.9226907630522089,,
2019-11-01,199499,NRC,buy,rebalance,9.375178103433603,50.866,2019-11-01,476.87780940925364,1.6690723329323878,-199.0,Healthcare,0.6312386058078425,0.9673599075678798,0.9983266398929049,,
2019-11-01,199137,MRK,buy,rebalance,7.251350425905566,65.764,2019-11-01,476.87780940925364,1.6690723329323878,-199.33333333333334,Healthcare,0.713677312419109,0.8908145580589255,0.9354082998661312,,
2019-11-01,197849,ROP,buy,rebalance,1.4528814011231599,328.229,2019-11-01,476.87780940925364,1.6690723329323878,-212.0,Technology,0.6912930315253766,0.8570190641247833,0.9956492637215528,,
2019-11-01,199760,ECL,buy,rebalance,2.683566453066373,177.703,2019-11-01,476.8778094092537,1.669072332932388,-213.33333333333334,Basic Materials,0.7212099276117127,0.9205661467359908,0.8741633199464525,,
2019-11-01,198566,HON,buy,rebalance,3.2666443542391885,145.984,2019-11-01,476.8778094092537,1.669072332932388,-214.66666666666666,Industrials,0.7174301419733459,0.8616406701328712,0.9467871485943775,,
2019-12-02,196816,YUM,buy,rebalance,1.1191233629155688,89.044,2019-12-02,99.6512207274539,0.34877927254608865,-108.0,Consumer Cyclical,0.7171674539211409,0.9272097053726169,0.9859437751004017,,
2019-12-02,199652,HSY,buy,rebalance,0.7872339373653378,126.584,2019-12-02,99.65122072745392,0.3487792725460887,-127.33333333333333,Consumer Defensive,0.7116052096878919,0.9404968226458694,0.9591700133868809,,
2019-12-02,199120,CHD,buy,rebalance,1.5466587106542589,64.43,2019-12-02,99.6512207274539,0.34877927254608865,-131.0,Consumer Defensive,0.7021268878009326,0.9220103986135182,0.9892904953145917,,
2019-12-02,193422,VRSK,buy,rebalance,0.7137419296040189,139.618,2019-12-02,99.65122072745392,0.3487792725460887,-162.33333333333334,Industrials,0.7187633093582959,0.8792605430387059,0.9795850066934404,,
2019-12-02,198229,SBUX,buy,rebalance,1.370737159073081,72.699,2019-12-02,99.65122072745392,0.3487792725460887,-166.66666666666666,Consumer Cyclical,0.6875963436426713,0.9702484113229347,0.9226907630522089,,
2019-12-02,199499,NRC,buy,rebalance,1.8157359558225632,54.882,2019-12-02,99.6512207274539,0.34877927254608865,-198.33333333333334,Healthcare,0.6312386058078425,0.9673599075678798,0.9983266398929049,,
2019-12-02,199137,MRK,buy,rebalance,1.4787241538426161,67.39,2019-12-02,99.6512207274539,0.34877927254608865,-198.66666666666666,Healthcare,0.713677312419109,0.8908145580589255,0.9354082998661312,,
2019-12-02,197849,ROP,buy,rebalance,0.2935131032996003,339.512,2019-12-02,99.65122072745389,0.34877927254608865,-210.66666666666666,Technology,0.6912930315253766,0.8570190641247833,0.9956492637215528,,
2019-12-02,199760,ECL,buy,rebalance,0.5783990801881379,172.288,2019-12-02,99.6512207274539,0.34877927254608865,-212.66666666666666,Basic Materials,0.7212099276117128,0.9205661467359908,0.8741633199464525,,
2019-12-02,198566,HON,buy,rebalance,0.6862275556925813,145.216,2019-12-02,99.65122072745389,0.34877927254608865,-213.66666666666666,Industrials,0.7174301419733461,0.8616406701328712,0.9467871485943775,,
2020-01-02,199652,HSY,buy,rebalance,0.8145698790826406,122.336,2020-01-02,99.65122072745392,0.3487792725460887,-168.33333333333334,Consumer Defensive,0.7320927567394591,0.8770562770562771,0.9692513368983957,,
2020-01-02,197300,LMT,buy,rebalance,0.29730747071700175,335.179,2020-01-02,99.65122072745392,0.3487792725460887,-187.0,Industrials,0.7210863845207939,0.8926406926406927,0.9411764705882353,,
2020-01-02,199855,CHE,buy,rebalance,0.23143216955410414,430.585,2020-01-02,99.65122072745393,0.34877927254608876,-248.33333333333334,Healthcare,0.6825765479954118,0.8715728715728716,0.9719251336898396,,
2020-01-02,193422,VRSK,buy,rebalance,0.6889126908223568,144.65,2020-01-02,99.65122072745392,0.3487792725460887,-250.33333333333334,Industrials,0.7134915835183029,0.8233766233766234,0.9655748663101604,,
2020-01-02,199411,PG,buy,rebalance,0.958553489105944,103.96,2020-01-02,99.65122072745393,0.34877927254608876,-254.33333333333334,Consumer Defensive,0.7141794754693,0.8603174603174604,0.9177807486631016,,
2020-01-02,197197,DIS,buy,rebalance,0.6935974102820566,143.673,2020-01-02,99.65122072745392,0.3487792725460887,-263.0,Communication Services,0.7011234084912729,0.8790764790764791,0.9141042780748663,,
2020-01-02,199551,SPGI,buy,rebalance,0.3988394004772963,249.853,2020-01-02,99.65122072745392,0.3487792725460887,-264.6666666666667,Financial Services,0.690173115102985,0.8331890331890331,0.9852941176470589,,
2020-01-02,199940,AWI,buy,rebalance,1.1158776382367213,89.303,2020-01-02,99.65122072745392,0.3487792725460887,-266.6666666666667,Basic Materials,0.6674533187803082,0.950937950937951,0.8900401069518716,,
2020-01-02,197845,SNPS,buy,rebalance,0.697495770472835,142.87,2020-01-02,99.65122072745393,0.34877927254608876,-274.3333333333333,Technology,0.6320195439654134,0.9333333333333333,0.9739304812834224,,
2020-01-02,199357,SHW,buy,rebalance,0.5553425400407594,179.441,2020-01-02,99.65122072745392,0.3487792725460887,-277.3333333333333,Basic Materials,0.688723559429239,0.8753246753246753,0.9268048128342246,,
2020-02-03,194695,VIAB,sell,delisted,18.974532637859838,24.22,2019-12-04,459.56318048896526,1.6084711317113785,,,,,,1000.5478224797254,-542.5931131224716
2020-02-03,199652,HSY,buy,rebalance,1.1055164096240349,131.42,2020-02-03,145.28696655279066,0.5085043829347673,-164.66666666666666,Consumer Defensive,0.7320927567394591,0.8770562770562771,0.9692513368983957,,
2020-02-03,197300,LMT,buy,rebalance,0.40841691653489315,355.732,2020-02-03,145.28696655279063,0.5085043829347672,-183.33333333333334,Industrials,0.7210863845207939,0.8926406926406927,0.9411764705882353,,
2020-02-03,199855,CHE,buy,rebalance,0.3154325407793177,460.596,2020-02-03,145.28696655279063,0.5085043829347672,-244.66666666666666,Healthcare,0.6825765479954117,0.8715728715728716,0.9719251336898396,,
2020-02-03,193422,VRSK,buy,rebalance,0.9186888479809204,158.146,2020-02-03,145.28696655279063,0.5085043829347672,-246.33333333333334,Industrials,0.7134915835183031,0.8233766233766234,0.9655748663101604,,
2020-02-03,199411,PG,buy,rebalance,1.370347348218206,106.022,2020-02-03,145.28696655279066,0.5085043829347673,-250.0,Consumer Defensive,0.7141794754693002,0.8603174603174604,0.9177807486631016,,
2020-02-03,197197,DIS,buy,rebalance,1.060457844681839,137.004,2020-02-03,145.28696655279066,0.5085043829347673,-258.6666666666667,Communication Services,0.701123408491273,0.8790764790764791,0.9141042780748663,,
2020-02-03,199551,SPGI,buy,rebalance,0.5464237309563484,265.887,2020-02-03,145.28696655279063,0.5085043829347672,-261.3333333333333,Financial Services,0.6901731151029851,0.8331890331890331,0.9852941176470589,,
2020-02-03,199940,AWI,buy,rebalance,1.5335820909759719,94.737,2020-02-03,145.28696655279063,0.5085043829347672,-264.6666666666667,Basic Materials,0.6674533187803083,0.950937950937951,0.8900401069518716,,
2020-02-03,197845,SNPS,buy,rebalance,0.9669038104138868,150.26,2020-02-03,145.28696655279063,0.5085043829347672,-272.3333333333333,Technology,0.6320195439654133,0.9333333333333333,0.9739304812834224,,
2020-02-03,199357,SHW,buy,rebalance,0.805355660737968,180.401,2020-02-03,145.28696655279018,0.5085043829347656,-273.3333333333333,Basic Materials,0.688723559429239,0.8753246753246753,0.9268048128342246,,
2020-03-02,199652,HSY,buy,rebalance,0.7659645402920384,130.099,2020-03-02,99.6512207274539,0.34877927254608865,-163.66666666666666,Consumer Defensive,0.7320927567394591,0.8770562770562771,0.9692513368983957,,
2020-03-02,197300,LMT,buy,rebalance,0.30934902688169413,322.132,2020-03-02,99.65122072745389,0.34877927254608865,-182.33333333333334,Industrials,0.7210863845207939,0.8926406926406927,0.9411764705882353,,
2020-03-02,199855,CHE,buy,rebalance,0.22647129708046257,440.017,2020-03-02,99.6512207274539,0.34877927254608865,-243.33333333333334,Healthcare,0.6825765479954118,0.8715728715728716,0.9719251336898396,,
2020-03-02,193422,VRSK,buy,rebalance,0.6381925936460359,156.146,2020-03-02,99.6512207274539,0.34877927254608865,-245.33333333333334,Industrials,0.713491583518303,0.8233766233766234,0.9655748663101604,,
2020-03-02,199411,PG,buy,rebalance,0.9835490310453613,101.318,2020-03-02,99.65122072745392,0.3487792725460887,-248.66666666666666,Consumer Defensive,0.7141794754693,0.8603174603174604,0.9177807486631016,,
2020-03-02,197197,DIS,buy,rebalance,0.8567357669041302,116.315,2020-03-02,99.6512207274539,0.34877927254608865,-257.3333333333333,Communication Services,0.7011234084912729,0.8790764790764791,0.9141042780748663,,
2020-03-02,199551,SPGI,buy,rebalance,0.38212168203361363,260.784,2020-03-02,99.65122072745389,0.34877927254608865,-260.0,Financial Services,0.690173115102985,0.8331890331890331,0.9852941176470589,,
2020-03-02,199940,AWI,buy,rebalance,1.0248598301772416,97.234,2020-03-02,99.6512207274539,0.34877927254608865,-263.6666666666667,Basic Materials,0.6674533187803082,0.950937950937951,0.8900401069518716,,
2020-03-02,197845,SNPS,buy,rebalance,0.7036024904854473,141.63,2020-03-02,99.6512207274539,0.34877927254608865,-271.3333333333333,Technology,0.6320195439654133,0.9333333333333333,0.9739304812834224,,
2020-03-02,199357,SHW,buy,rebalance,0.5884057483405206,169.358,2020-03-02,99.65122072745389,0.34877927254608865,-271.6666666666667,Basic Materials,0.688723559429239,0.8753246753246753,0.9268048128342246,,
2020-04-01,199551,SPGI,buy,rebalance,0.4717775865899108,211.225,2020-04-01,99.6512207274539,0.34877927254608865,-163.66666666666666,Financial Services,0.6988872809669282,0.9028871391076115,0.9860828241683639,,
2020-04-01,199855,CHE,buy,rebalance,0.2544453229550887,391.641,2020-04-01,99.6512207274539,0.34877927254608865,-197.0,Healthcare,0.6914968837020492,0.8883056284631088,0.9772572980312287,,
2020-04-01,199652,HSY,buy,rebalance,0.8863953170388079,112.423,2020-04-01,99.6512207274539,0.34877927254608865,-197.33333333333334,Consumer Defensive,0.7276091480961221,0.8413531641878098,0.9708078750848609,,
2020-04-01,194725,LDOS,buy,rebalance,1.241342112030269,80.277,2020-04-01,99.6512207274539,0.34877927254608865,-198.66666666666666,Technology,0.6766216487582812,0.9250510352872557,0.9606245756958588,,
2020-04-01,166332,INFO1,buy,rebalance,1.7367193699341903,57.379,2020-04-01,99.6512207274539,0.34877927254608865,-201.0,Industrials,0.6950590661830857,0.8675998833479148,0.9942294636795656,,
2020-04-01,186763,HLT,buy,rebalance,1.6026765210758454,62.178,2020-04-01,99.6512207274539,0.34877927254608865,-215.0,Consumer Cyclical,0.6705664194392066,0.89472149314669,0.9904955872369314,,
2020-04-01,195563,CPAY,buy,rebalance,0.5752870380294071,173.22,2020-04-01,99.65122072745389,0.34877927254608865,-237.33333333333334,Technology,0.6547252368381203,0.905220180810732,0.9854039375424304,,
2020-04-01,196744,CHH,buy,rebalance,1.7833712861493594,55.878,2020-04-01,99.6512207274539,0.34877927254608865,-243.66666666666666,Consumer Cyclical,0.7146675097533478,0.8197725284339458,0.9626612355736592,,
2020-04-01,199499,NRC,buy,rebalance,2.5613329750540768,38.906,2020-04-01,99.6512207274539,0.34877927254608865,-248.66666666666666,Healthcare,0.6334945267904522,0.9320501603966171,0.9959266802443992,,
2020-04-01,193213,TT,buy,rebalance,1.3396322035766182,74.387,2020-04-01,99.65122072745389,0.34877927254608865,-250.0,Basic Materials,0.7063868452963016,0.8524351122776319,0.9365241004752206,,
2020-05-01,199551,SPGI,buy,rebalance,0.3864637381132498,257.854,2020-05-01,99.6512207274539,0.34877927254608865,-162.66666666666666,Financial Services,0.6988872809669283,0.9028871391076115,0.9860828241683639,,
2020-05-01,199855,CHE,buy,rebalance,0.23854557380089267,417.745,2020-05-01,99.6512207274539,0.34877927254608865,-195.66666666666666,Healthcare,0.691496883702049,0.8883056284631088,0.9772572980312287,,
2020-05-01,199652,HSY,buy,rebalance,0.8805055951177726,113.175,2020-05-01,99.65122072745392,0.3487792725460887,-196.33333333333334,Consumer Defensive,0.7276091480961222,0.8413531641878098,0.9708078750848609,,
2020-05-01,194725,LDOS,buy,rebalance,1.105148283547232,90.17,2020-05-01,99.6512207274539,0.34877927254608865,-197.66666666666666,Technology,0.6766216487582811,0.9250510352872557,0.9606245756958588,,
2020-05-01,166332,INFO1,buy,rebalance,1.5467067226586875,64.428,2020-05-01,99.65122072745392,0.3487792725460887,-199.66666666666666,Industrials,0.6950590661830855,0.8675998833479148,0.9942294636795656,,
2020-05-01,186763,HLT,buy,rebalance,1.4026493170167345,71.045,2020-05-01,99.6512207274539,0.34877927254608865,-214.0,Consumer Cyclical,0.6705664194392066,0.89472149314669,0.9904955872369314,,
2020-05-01,195563,CPAY,buy,rebalance,0.42799991722481595,232.83,2020-05-01,99.6512207274539,0.34877927254608865,-236.33333333333334,Technology,0.6547252368381203,0.905220180810732,0.9854039375424304,,
2020-05-01,196744,CHH,buy,rebalance,1.4665374647160252,67.95,2020-05-01,99.65122072745392,0.3487792725460887,-242.33333333333334,Consumer Cyclical,0.7146675097533478,0.8197725284339458,0.9626612355736592,,
2020-05-01,199499,NRC,buy,rebalance,2.1521082568990564,46.304,2020-05-01,99.65122072745392,0.3487792725460887,-248.0,Healthcare,0.6334945267904522,0.9320501603966171,0.9959266802443992,,
2020-05-01,193213,TT,buy,rebalance,1.2482616084709628,79.832,2020-05-01,99.65122072745389,0.34877927254608865,-248.66666666666666,Basic Materials,0.7063868452963017,0.8524351122776319,0.9365241004752206,,
2020-06-01,196736,RTN,sell,delisted,16.633694451888495,116.96,2020-04-02,1945.4769030928783,6.809169160825074,,,,,,878.6473134835194,1060.0204204485337
2020-06-01,199551,SPGI,buy,rebalance,0.9904648465597756,295.661,2020-06-01,292.84182699870985,1.0249463944954844,-161.66666666666666,Financial Services,0.6988872809669283,0.9028871391076115,0.9860828241683639,,
2020-06-01,199855,CHE,buy,rebalance,0.636968538941778,459.743,2020-06-01,292.84182699870985,1.0249463944954844,-194.66666666666666,Healthcare,0.691496883702049,0.8883056284631088,0.9772572980312287,,
2020-06-01,199652,HSY,buy,rebalance,2.4986504010128825,117.2,2020-06-01,292.84182699870985,1.0249463944954844,-195.66666666666666,Consumer Defensive,0.7276091480961222,0.8413531641878098,0.9708078750848609,,
2020-06-01,194725,LDOS,buy,rebalance,2.9997523816220713,97.622,2020-06-01,292.84182699870985,1.0249463944954844,-196.0,Technology,0.6766216487582811,0.9250510352872557,0.9606245756958588,,
2020-06-01,166332,INFO1,buy,rebalance,4.244884210049863,68.987,2020-06-01,292.84182699870985,1.0249463944954844,-198.66666666666666,Industrials,0.6950590661830857,0.8675998833479148,0.9942294636795656,,
2020-06-01,186763,HLT,buy,rebalance,3.624728642142714,80.79,2020-06-01,292.84182699870985,1.0249463944954844,-213.0,Consumer Cyclical,0.6705664194392066,0.89472149314669,0.9904955872369314,,
2020-06-01,195563,CPAY,buy,rebalance,1.1883367568831305,246.43,2020-06-01,292.84182699870985,1.0249463944954844,-235.33333333333334,Technology,0.6547252368381203,0.905220180810732,0.9854039375424304,,
2020-06-01,196744,CHH,buy,rebalance,3.718437501570839,78.754,2020-06-01,292.84182699870985,1.0249463944954844,-240.33333333333334,Consumer Cyclical,0.7146675097533479,0.8197725284339458,0.9626612355736592,,
2020-06-01,199499,NRC,buy,rebalance,6.087048722665402,48.109,2020-06-01,292.84182699870985,1.0249463944954844,-247.0,Healthcare,0.6334945267904522,0.9320501603966171,0.9959266802443992,,
2020-06-01,193213,TT,buy,rebalance,3.521426491085977,83.16,2020-06-01,292.84182699870985,1.0249463944954844,-247.33333333333334,Basic Materials,0.7063868452963016,0.8524351122776319,0.9365241004752206,,
2020-07-01,197912,CTXS,buy,rebalance,0.6799717556052047,146.552,2020-07-01,99.65122072745396,0.34877927254608887,-87.0,Technology,0.7154388828742753,0.9429150970733121,0.9986863711001642,,
2020-07-01,199877,CPB,buy,rebalance,2.5537843911599896,39.021,2020-07-01,99.65122072745396,0.34877927254608887,-119.0,Consumer Defensive,0.7178218802015389,0.9191538684439293,0.9809523809523809,,
2020-07-01,199841,CLX,buy,rebalance,0.55619803380936,179.165,2020-07-01,99.65122072745397,0.3487792725460889,-139.33333333333334,Consumer Defensive,0.7368146640336455,0.8933642422486235,0.9638752052545156,,
2020-07-01,199575,LLY,buy,rebalance,0.6525862184349516,152.702,2020-07-01,99.65122072745397,0.3487792725460889,-149.66666666666666,Healthcare,0.72239127227796,0.9136482179078528,0.9467980295566503,,
2020-07-01,199855,CHE,buy,rebalance,0.22147668739710621,449.94,2020-07-01,99.65122072745397,0.3487792725460889,-149.66666666666666,Healthcare,0.703969197148768,0.9165459287163141,0.9743842364532019,,
2020-07-01,199059,AAPL,buy,rebalance,1.1315901198852407,88.063,2020-07-01,99.65122072745396,0.34877927254608887,-154.66666666666666,Technology,0.6933539921364248,0.9423355549116198,0.961247947454844,,
2020-07-01,199551,SPGI,buy,rebalance,0.32977110137715876,302.183,2020-07-01,99.65122072745396,0.34877927254608887,-205.0,Financial Services,0.6769976201741577,0.9040857722399305,0.9858784893267651,,
2020-07-01,193404,BAH,buy,rebalance,1.4121904730029613,70.565,2020-07-01,99.65122072745396,0.34877927254608887,-205.66666666666666,Industrials,0.7260906877470656,0.8901767603593161,0.9087027914614122,,
2020-07-01,193889,MSCI,buy,rebalance,0.31246267340432443,318.922,2020-07-01,99.65122072745396,0.34877927254608887,-238.33333333333334,Financial Services,0.6516112251800912,0.9379889886989279,0.9527093596059113,,
2020-07-01,197774,FCN,buy,rebalance,0.8636784601096721,115.38,2020-07-01,99.65122072745396,0.34877927254608887,-255.66666666666666,Industrials,0.6865344541965118,0.9336424224862359,0.8827586206896552,,
2020-08-03,197912,CTXS,buy,rebalance,0.7263102631700261,137.202,2020-08-03,99.65122072745392,0.3487792725460887,-85.0,Technology,0.7154388828742752,0.9429150970733121,0.9986863711001642,,
2020-08-03,199877,CPB,buy,rebalance,2.51574614949014,39.611,2020-08-03,99.65122072745392,0.3487792725460887,-117.0,Consumer Defensive,0.717821880201539,0.9191538684439293,0.9809523809523809,,
2020-08-03,199841,CLX,buy,rebalance,0.5239451335344644,190.194,2020-08-03,99.6512207274539,0.34877927254608865,-136.66666666666666,Consumer Defensive,0.7368146640336456,0.8933642422486235,0.9638752052545156,,
2020-08-03,199575,LLY,buy,rebalance,0.6972517543202765,142.92,2020-08-03,99.65122072745392,0.3487792725460887,-147.33333333333334,Healthcare,0.72239127227796,0.9136482179078528,0.9467980295566503,,
2020-08-03,199855,CHE,buy,rebalance,0.20274505244543126,491.51,2020-08-03,99.65122072745392,0.3487792725460887,-147.66666666666666,Healthcare,0.703969197148768,0.9165459287163141,0.9743842364532019,,
2020-08-03,199059,AAPL,buy,rebalance,0.9455561844922518,105.389,2020-08-03,99.65122072745392,0.3487792725460887,-152.0,Technology,0.6933539921364248,0.9423355549116198,0.961247947454844,,
2020-08-03,199551,SPGI,buy,rebalance,0.31457448750857503,316.781,2020-08-03,99.6512207274539,0.34877927254608865,-202.0,Financial Services,0.6769976201741577,0.9040857722399305,0.9858784893267651,,
2020-08-03,193404,BAH,buy,rebalance,1.3438595974195773,74.153,2020-08-03,99.65122072745392,0.3487792725460887,-203.0,Industrials,0.7260906877470656,0.8901767603593161,0.9087027914614122,,
2020-08-03,193889,MSCI,buy,rebalance,0.2864347452082883,347.902,2020-08-03,99.65122072745392,0.3487792725460887,-235.33333333333334,Financial Services,0.6516112251800912,0.9379889886989279,0.9527093596059113,,
2020-08-03,197774,FCN,buy,rebalance,0.8212561457677099,121.34,2020-08-03,99.65122072745392,0.3487792725460887,-252.66666666666666,Industrials,0.6865344541965118,0.9336424224862359,0.8827586206896552,,
2020-09-01,197912,CTXS,buy,rebalance,0.6994049742241292,142.48,2020-09-01,99.65122072745392,0.3487792725460887,-84.33333333333333,Technology,0.7154388828742753,0.9429150970733121,0.9986863711001642,,
2020-09-01,199877,CPB,buy,rebalance,2.433009930354361,40.958,2020-09-01,99.6512207274539,0.34877927254608865,-115.66666666666667,Consumer Defensive,0.7178218802015391,0.9191538684439293,0.9809523809523809,,
2020-09-01,199841,CLX,buy,rebalance,0.552203638057275,180.461,2020-09-01,99.65122072745392,0.3487792725460887,-135.33333333333334,Consumer Defensive,0.7368146640336455,0.8933642422486235,0.9638752052545156,,
2020-09-01,199575,LLY,buy,rebalance,0.719934839849541,138.417,2020-09-01,99.65122072745392,0.3487792725460887,-146.0,Healthcare,0.72239127227796,0.9136482179078528,0.9467980295566503,,
2020-09-01,199855,CHE,buy,rebalance,0.19769400304612458,504.068,2020-09-01,99.65122072745392,0.3487792725460887,-146.33333333333334,Healthcare,0.7039691971487683,0.9165459287163141,0.9743842364532019,,
2020-09-01,199059,AAPL,buy,rebalance,0.7662590310379466,130.049,2020-09-01,99.65122072745392,0.3487792725460887,-151.33333333333334,Technology,0.6933539921364248,0.9423355549116198,0.961247947454844,,
2020-09-01,199551,SPGI,buy,rebalance,0.2988929869060198,333.401,2020-09-01,99.6512207274539,0.34877927254608865,-200.66666666666666,Financial Services,0.6769976201741577,0.9040857722399305,0.9858784893267651,,
2020-09-01,193404,BAH,buy,rebalance,1.2648020095376697,78.788,2020-09-01,99.65122072745392,0.3487792725460887,-201.66666666666666,Industrials,0.7260906877470656,0.8901767603593161,0.9087027914614122,,
2020-09-01,193889,MSCI,buy,rebalance,0.2815380028632444,353.953,2020-09-01,99.65122072745393,0.34877927254608876,-234.0,Financial Services,0.6516112251800912,0.9379889886989279,0.9527093596059113,,
2020-09-01,197774,FCN,buy,rebalance,0.8642027640920468,115.31,2020-09-01,99.65122072745392,0.3487792725460887,-252.0,Industrials,0.6865344541965118,0.9336424224862359,0.8827586206896552,,
2020-10-01,197912,CTXS,buy,rebalance,0.7278114850930397,136.919,2020-10-01,99.65122072745392,0.3487792725460887,-124.66666666666667,Technology,0.7142686940508217,0.9129806302399538,0.9939718687206965,,
2020-10-01,199385,ROL,buy,rebalance,3.0028090377705636,33.186,2020-10-01,99.65122072745392,0.3487792725460887,-162.66666666666666,Consumer Cyclical,0.7209572698034536,0.8806013298641225,0.9725385130609511,,
2020-10-01,191883,ABBV,buy,rebalance,1.4433211292593588,69.043,2020-10-01,99.65122072745392,0.3487792725460887,-172.0,Healthcare,0.712385067103965,0.8707718993928881,0.9943067649028801,,
2020-10-01,199059,AAPL,buy,rebalance,0.8803577992424857,113.194,2020-10-01,99.65122072745393,0.34877927254608876,-190.33333333333334,Technology,0.6829877266543154,0.9199190517490604,0.9691895512391159,,
2020-10-01,199841,CLX,buy,rebalance,0.5742229255763994,173.541,2020-10-01,99.65122072745393,0.34877927254608876,-193.0,Consumer Defensive,0.7382476414059266,0.8508239375542064,0.9547890154052244,,
2020-10-01,167098,RBA,buy,rebalance,1.8262511587335322,54.566,2020-10-01,99.65122072745392,0.3487792725460887,-216.33333333333334,Industrials,0.7264465664939513,0.8910089621277826,0.8968519758874749,,
2020-10-01,197961,REGN,buy,rebalance,0.1770252321861396,562.921,2020-10-01,99.6512207274539,0.34877927254608865,-217.33333333333334,Healthcare,0.6822385589754004,0.9352413992483377,0.9249832551908909,,
2020-10-01,196550,EBAY,buy,rebalance,2.0950975680652157,47.564,2020-10-01,99.65122072745392,0.3487792725460887,-219.0,Consumer Cyclical,0.7093921435537563,0.8427291124602486,0.9799062290689886,,
2020-10-01,198010,MNST,buy,rebalance,4.892057964037993,20.37,2020-10-01,99.65122072745392,0.3487792725460887,-237.0,Consumer Defensive,0.7098164078834304,0.8412836079791848,0.9608171466845278,,
2020-10-01,197247,POOL,buy,rebalance,0.32875714077975,303.115,2020-10-01,99.65122072745392,0.3487792725460887,-253.0,Industrials,0.7024989396578825,0.8872506504770165,0.9092431346282652,,
2020-11-02,197912,CTXS,buy,rebalance,0.8853557880809729,112.555,2020-11-02,99.65122072745392,0.3487792725460887,-123.66666666666667,Technology,0.7142686940508217,0.9129806302399538,0.9939718687206965,,
2020-11-02,199385,ROL,buy,rebalance,2.7786638242047212,35.863,2020-11-02,99.65122072745392,0.3487792725460887,-161.33333333333334,Consumer Cyclical,0.7209572698034535,0.8806013298641225,0.9725385130609511,,
2020-11-02,191883,ABBV,buy,rebalance,1.4058946787919742,70.881,2020-11-02,99.65122072745392,0.3487792725460887,-170.66666666666666,Healthcare,0.712385067103965,0.8707718993928881,0.9943067649028801,,
2020-11-02,199059,AAPL,buy,rebalance,0.9452691657967,105.421,2020-11-02,99.65122072745392,0.3487792725460887,-189.33333333333334,Technology,0.6829877266543154,0.9199190517490604,0.9691895512391159,,
2020-11-02,199841,CLX,buy,rebalance,0.5625816945975539,177.132,2020-11-02,99.65122072745392,0.3487792725460887,-191.33333333333334,Consumer Defensive,0.7382476414059266,0.8508239375542064,0.9547890154052244,,
2020-11-02,167098,RBA,buy,rebalance,1.7511241275669764,56.907,2020-11-02,99.65122072745392,0.3487792725460887,-214.66666666666666,Industrials,0.7264465664939513,0.8910089621277826,0.8968519758874749,,
2020-11-02,197961,REGN,buy,rebalance,0.18333741900771594,543.54,2020-11-02,99.65122072745392,0.3487792725460887,-216.33333333333334,Healthcare,0.6822385589754004,0.9352413992483377,0.9249832551908909,,
2020-11-02,196550,EBAY,buy,rebalance,2.292466372068691,43.469,2020-11-02,99.65122072745393,0.34877927254608876,-217.33333333333334,Consumer Cyclical,0.7093921435537563,0.8427291124602486,0.9799062290689886,,
2020-11-02,198010,MNST,buy,rebalance,5.115565745762521,19.48,2020-11-02,99.65122072745392,0.3487792725460887,-235.33333333333334,Consumer Defensive,0.7098164078834304,0.8412836079791848,0.9608171466845278,,
2020-11-02,197247,POOL,buy,rebalance,0.30206401534840427,329.901,2020-11-02,99.65122072745392,0.3487792725460887,-251.33333333333334,Industrials,0.7024989396578825,0.8872506504770165,0.9092431346282652,,
2020-12-01,197912,CTXS,buy,rebalance,0.80668345633078,123.532,2020-12-01,99.6512207274539,0.34877927254608865,-122.66666666666667,Technology,0.7142686940508217,0.9129806302399538,0.9939718687206965,,
2020-12-01,199385,ROL,buy,rebalance,2.797776987126001,35.618,2020-12-01,99.65122072745392,0.3487792725460887,-160.33333333333334,Consumer Cyclical,0.7209572698034536,0.8806013298641225,0.9725385130609511,,
2020-12-01,191883,ABBV,buy,rebalance,1.192513770612392,83.564,2020-12-01,99.65122072745392,0.3487792725460887,-169.33333333333334,Healthcare,0.712385067103965,0.8707718993928881,0.9943067649028801,,
2020-12-01,199059,AAPL,buy,rebalance,0.8363720507226696,119.147,2020-12-01,99.65122072745392,0.3487792725460887,-188.33333333333334,Technology,0.6829877266543154,0.9199190517490604,0.9691895512391159,,
2020-12-01,199841,CLX,buy,rebalance,0.5949610771108704,167.492,2020-12-01,99.6512207274539,0.34877927254608865,-190.33333333333334,Consumer Defensive,0.7382476414059266,0.8508239375542064,0.9547890154052244,,
2020-12-01,167098,RBA,buy,rebalance,1.5864744675059925,62.813,2020-12-01,99.65122072745392,0.3487792725460887,-213.66666666666666,Industrials,0.7264465664939513,0.8910089621277826,0.8968519758874749,,
2020-12-01,196550,EBAY,buy,rebalance,2.1653894117221624,46.02,2020-12-01,99.65122072745392,0.3487792725460887,-216.0,Consumer Cyclical,0.7093921435537563,0.8427291124602486,0.9799062290689886,,
2020-12-01,197961,REGN,buy,rebalance,0.1956450528371698,509.347,2020-12-01,99.65122072745392,0.3487792725460887,-216.0,Healthcare,0.6822385589754004,0.9352413992483377,0.9249832551908909,,
2020-12-01,198010,MNST,buy,rebalance,4.59857963670761,21.67,2020-12-01,99.65122072745392,0.3487792725460887,-234.0,Consumer Defensive,0.7098164078834304,0.8412836079791848,0.9608171466845278,,
2020-12-01,197247,POOL,buy,rebalance,0.3051273029019774,326.589,2020-12-01,99.6512207274539,0.34877927254608865,-250.0,Industrials,0.7024989396578825,0.8872506504770165,0.9092431346282652,,
2021-01-04,199385,ROL,buy,rebalance,2.806602284894213,35.506,2021-01-04,99.65122072745392,0.3487792725460887,-189.33333333333334,Consumer Cyclical,0.7256052718790413,0.8421662322618013,0.9753415528157281,,
2021-01-04,199059,AAPL,buy,rebalance,0.793136218202941,125.642,2021-01-04,99.6512207274539,0.34877927254608865,-220.33333333333334,Technology,0.6684591572730106,0.893136403127715,0.9730089970009996,,
2021-01-04,199122,DHR,buy,rebalance,0.5186466985924311,192.137,2021-01-04,99.65122072745393,0.34877927254608876,-224.66666666666666,Healthcare,0.7260315434900234,0.8494063133507095,0.9303565478173942,,
2021-01-04,196901,LOGI,buy,rebalance,1.0919245767948755,91.262,2021-01-04,99.65122072745393,0.34877927254608876,-226.66666666666666,Technology,0.6661710950047337,0.9139878366637706,0.9480173275574808,,
2021-01-04,199120,CHD,buy,rebalance,1.232254890346782,80.869,2021-01-04,99.65122072745392,0.3487792725460887,-234.0,Consumer Defensive,0.7288012063151875,0.7920648711265567,0.975674775074975,,
2021-01-04,199905,BIO,buy,rebalance,0.1732281415837255,575.26,2021-01-04,99.65122072745392,0.3487792725460887,-235.66666666666666,Healthcare,0.6916088830000021,0.8349261511728931,0.9836721092969011,,
2021-01-04,193422,VRSK,buy,rebalance,0.5098605292837681,195.448,2021-01-04,99.65122072745392,0.3487792725460887,-238.0,Industrials,0.7286585720074473,0.7738198667825079,0.9930023325558147,,
2021-01-04,199557,MAS,buy,rebalance,2.0500148267322347,48.61,2021-01-04,99.65122072745393,0.34877927254608876,-257.0,Basic Materials,0.6990410562908683,0.8187083695337388,0.967344218593802,,
2021-01-04,198010,MNST,buy,rebalance,4.399612394148076,22.65,2021-01-04,99.65122072745392,0.3487792725460887,-270.0,Consumer Defensive,0.7078158243185371,0.7961193165363452,0.9626791069643452,,
2021-01-04,196550,EBAY,buy,rebalance,2.124170714459828,46.913,2021-01-04,99.6512207274539,0.34877927254608865,-277.6666666666667,Consumer Cyclical,0.6959222060795217,0.7862728062554301,0.9826724425191603,,
2021-02-01,197858,PDLI,sell,delisted,192.48667023257315,2.47,2020-12-30,475.4420754744557,1.664047264160595,,,,,,643.177512717607,-169.3994845073119
2021-02-01,199385,ROL,buy,rebalance,4.366916820566023,33.631,2021-02-01,146.86377959245593,0.5140232285735957,-188.33333333333334,Consumer Cyclical,0.7256052718790414,0.8421662322618013,0.9753415528157281,,
2021-02-01,199059,AAPL,buy,rebalance,1.1276828778166845,130.235,2021-02-01,146.86377959245593,0.5140232285735957,-219.33333333333334,Technology,0.6684591572730106,0.893136403127715,0.9730089970009996,,
2021-02-01,199122,DHR,buy,rebalance,0.705814576298466,208.077,2021-02-01,146.8637795924559,0.5140232285735956,-223.66666666666666,Healthcare,0.7260315434900234,0.8494063133507095,0.9303565478173942,,
2021-02-01,196901,LOGI,buy,rebalance,1.4956492208531673,98.194,2021-02-01,146.86377959245593,0.5140232285735957,-226.0,Technology,0.6661710950047337,0.9139878366637706,0.9480173275574808,,
2021-02-01,199120,CHD,buy,rebalance,1.8725220842837131,78.431,2021-02-01,146.8637795924559,0.5140232285735956,-233.0,Consumer Defensive,0.7288012063151874,0.7920648711265567,0.975674775074975,,
2021-02-01,199905,BIO,buy,rebalance,0.24821487897589228,591.68,2021-02-01,146.86377959245593,0.5140232285735957,-234.66666666666666,Healthcare,0.691608883000002,0.8349261511728931,0.9836721092969011,,
2021-02-01,193422,VRSK,buy,rebalance,0.8198817582536283,179.128,2021-02-01,146.86377959245593,0.5140232285735957,-237.0,Industrials,0.7286585720074473,0.7738198667825079,0.9930023325558147,,
2021-02-01,199557,MAS,buy,rebalance,2.9369818936597523,50.005,2021-02-01,146.86377959245593,0.5140232285735957,-256.0,Basic Materials,0.6990410562908682,0.8187083695337388,0.967344218593802,,
2021-02-01,198010,MNST,buy,rebalance,6.656866086141597,22.062,2021-02-01,146.86377959245593,0.5140232285735957,-269.0,Consumer Defensive,0.7078158243185371,0.7961193165363452,0.9626791069643452,,
2021-02-01,196550,EBAY,buy,rebalance,2.7573838682823757,53.262,2021-02-01,146.8637795924559,0.5140232285735956,-276.6666666666667,Consumer Cyclical,0.6959222060795217,0.7862728062554301,0.9826724425191603,,
2021-03-01,199385,ROL,buy,rebalance,3.1434724686115243,31.701,2021-03-01,99.65122072745393,0.34877927254608876,-188.33333333333334,Consumer Cyclical,0.7256052718790413,0.8421662322618013,0.9753415528157281,,
2021-03-01,199059,AAPL,buy,rebalance,0.8019831696453606,124.256,2021-03-01,99.65122072745393,0.34877927254608876,-219.33333333333334,Technology,0.6684591572730106,0.893136403127715,0.9730089970009996,,
2021-03-01,199122,DHR,buy,rebalance,0.5130393319885188,194.237,2021-03-01,99.65122072745393,0.34877927254608876,-223.66666666666666,Healthcare,0.7260315434900234,0.8494063133507095,0.9303565478173942,,
2021-03-01,196901,LOGI,buy,rebalance,1.0003937349662082,99.612,2021-03-01,99.65122072745393,0.34877927254608876,-225.66666666666666,Technology,0.6661710950047337,0.9139878366637706,0.9480173275574808,,
2021-03-01,199120,CHD,buy,rebalance,1.3520096156005472,73.706,2021-03-01,99.65122072745393,0.34877927254608876,-233.0,Consumer Defensive,0.7288012063151874,0.7920648711265567,0.975674775074975,,
2021-03-01,199905,BIO,buy,rebalance,0.16683613046618775,597.3,2021-03-01,99.65122072745393,0.34877927254608876,-234.66666666666666,Healthcare,0.691608883000002,0.8349261511728931,0.9836721092969011,,
2021-03-01,193422,VRSK,buy,rebalance,0.6192555398453523,160.921,2021-03-01,99.65122072745393,0.34877927254608876,-237.0,Industrials,0.7286585720074472,0.7738198667825079,0.9930023325558147,,
2021-03-01,199557,MAS,buy,rebalance,2.014784082641608,49.46,2021-03-01,99.65122072745393,0.34877927254608876,-256.0,Basic Materials,0.6990410562908682,0.8187083695337388,0.967344218593802,,
2021-03-01,198010,MNST,buy,rebalance,4.552986737673227,21.887,2021-03-01,99.65122072745392,0.3487792725460887,-269.0,Consumer Defensive,0.7078158243185371,0.7961193165363452,0.9626791069643452,,
2021-03-01,196550,EBAY,buy,rebalance,1.8646960335220886,53.441,2021-03-01,99.65122072745395,0.3487792725460888,-276.6666666666667,Consumer Cyclical,0.6959222060795217,0.7862728062554301,0.9826724425191603,,
2021-04-01,196550,EBAY,buy,rebalance,1.7278660851256902,57.673,2021-04-01,99.65122072745393,0.34877927254608876,-232.0,Consumer Cyclical,0.6910052580772907,0.8231015420424789,0.9837855724685639,,
2021-04-01,198073,PTC,buy,rebalance,0.6926476730899697,143.87,2021-04-01,99.65122072745393,0.34877927254608876,-294.6666666666667,Technology,0.6402933880525085,0.87139947628746,0.9454003970880211,,
2021-04-01,199059,AAPL,buy,rebalance,0.8332181200977771,119.598,2021-04-01,99.65122072745395,0.3487792725460888,-304.0,Technology,0.6618940070340934,0.7881873727087576,0.9841164791528789,,
2021-04-01,198159,TECH,buy,rebalance,1.051128862995801,94.804,2021-04-01,99.65122072745393,0.34877927254608876,-334.3333333333333,Healthcare,0.690585836984199,0.8213558335757929,0.8772336201191264,,
2021-04-01,196859,MTD,buy,rebalance,0.0847958378878768,1175.19,2021-04-01,99.65122072745395,0.3487792725460888,-339.0,Healthcare,0.7062693523801662,0.7122490544079139,0.9622766379880874,,
2021-04-01,196855,AME,buy,rebalance,0.8014027047709933,124.346,2021-04-01,99.65122072745393,0.34877927254608876,-344.6666666666667,Industrials,0.7085969772775182,0.725050916496945,0.9410986101919259,,
2021-04-01,197247,POOL,buy,rebalance,0.3059385451056693,325.723,2021-04-01,99.65122072745393,0.34877927254608876,-351.3333333333333,Industrials,0.6688955821989465,0.781786441664242,0.9265387160820648,,
2021-04-01,184552,TPB,buy,rebalance,1.976383267437257,50.421,2021-04-01,99.65122072745393,0.34877927254608876,-375.0,Consumer Defensive,0.5906643374757702,0.8964212976432936,0.9262078093977498,,
2021-04-01,199385,ROL,buy,rebalance,3.0748957272109956,32.408,2021-04-01,99.65122072745395,0.3487792725460888,-377.6666666666667,Consumer Cyclical,0.6871296938502307,0.6779167878964213,0.985109199205824,,
2021-04-01,199223,WDFC,buy,rebalance,0.3545991307800158,281.025,2021-04-01,99.65122072745393,0.34877927254608876,-399.3333333333333,Basic Materials,0.7106271548273019,0.6892638929298807,0.9162806088682991,,
2021-05-03,124603,TCP,sell,delisted,124.42457336931996,30.21,2021-03-02,3758.866361487156,13.156032265205047,,,,,,1925.9647558185459,1819.7455734034054
2021-05-03,196550,EBAY,buy,rebalance,8.899432207863278,53.14,2021-05-03,472.9158275258546,1.6552053963404911,-229.66666666666666,Consumer Cyclical,0.6910052580772907,0.8231015420424789,0.9837855724685639,,
2021-05-03,198073,PTC,buy,rebalance,3.6308316892580006,130.25,2021-05-03,472.9158275258546,1.6552053963404911,-292.0,Technology,0.6402933880525085,0.87139947628746,0.9454003970880211,,
2021-05-03,199059,AAPL,buy,rebalance,3.66959842579461,128.874,2021-05-03,472.9158275258545,1.655205396340491,-300.6666666666667,Technology,0.6618940070340934,0.7881873727087576,0.9841164791528789,,
2021-05-03,198159,TECH,buy,rebalance,4.544864038497473,104.055,2021-05-03,472.9158275258546,1.6552053963404911,-331.6666666666667,Healthcare,0.6905858369841991,0.8213558335757929,0.8772336201191264,,
2021-05-03,196859,MTD,buy,rebalance,0.3594268117240012,1315.75,2021-05-03,472.9158275258546,1.6552053963404911,-335.6666666666667,Healthcare,0.7062693523801662,0.7122490544079139,0.9622766379880874,,
2021-05-03,196855,AME,buy,rebalance,3.6432228425728552,129.807,2021-05-03,472.9158275258546,1.6552053963404911,-341.0,Industrials,0.7085969772775182,0.725050916496945,0.9410986101919259,,
2021-05-03,197247,POOL,buy,rebalance,1.1902313877493942,397.331,2021-05-03,472.9158275258546,1.6552053963404911,-347.6666666666667,Industrials,0.6688955821989465,0.781786441664242,0.9265387160820648,,
2021-05-03,184552,TPB,buy,rebalance,10.286593020530182,45.974,2021-05-03,472.9158275258545,1.655205396340491,-372.6666666666667,Consumer Defensive,0.5906643374757701,0.8964212976432936,0.9262078093977498,,
2021-05-03,199385,ROL,buy,rebalance,13.46379580144782,35.125,2021-05-03,472.91582752585464,1.6552053963404914,-374.0,Consumer Cyclical,0.6871296938502307,0.6779167878964213,0.985109199205824,,
2021-05-03,199223,WDFC,buy,rebalance,2.058142326618974,229.778,2021-05-03,472.9158275258545,1.655205396340491,-395.3333333333333,Basic Materials,0.7106271548273019,0.6892638929298807,0.9162806088682991,,
2021-06-01,198143,APEX,sell,delisted,2.106081369899437,1.94,2021-04-05,4.085797857604907,0.014300292501617176,,,,,,1199.9999999999998,-1195.9285024348965
2021-06-01,199176,VAR,sell,delisted,14.962312750757434,177.07,2021-04-14,2649.376718776619,9.272818515718166,,,,,,640.4962614349866,1999.6076388259144
2021-06-01,196550,EBAY,buy,rebalance,6.456167809314399,56.248,2021-06-01,363.1465269383163,1.271012844284107,-228.66666666666666,Consumer Cyclical,0.6910052580772907,0.8231015420424789,0.9837855724685639,,
2021-06-01,198073,PTC,buy,rebalance,2.753195806962216,131.9,2021-06-01,363.1465269383163,1.271012844284107,-290.6666666666667,Technology,0.6402933880525085,0.87139947628746,0.9454003970880211,,
2021-06-01,199059,AAPL,buy,rebalance,3.000045659440683,121.047,2021-06-01,363.14652693831636,1.2710128442841073,-299.6666666666667,Technology,0.6618940070340934,0.7881873727087576,0.9841164791528789,,
2021-06-01,198159,TECH,buy,rebalance,3.624614747510369,100.189,2021-06-01,363.14652693831636,1.2710128442841073,-330.0,Healthcare,0.690585836984199,0.8213558335757929,0.8772336201191264,,
2021-06-01,196859,MTD,buy,rebalance,0.2801408060929695,1296.3,2021-06-01,363.14652693831636,1.2710128442841073,-334.6666666666667,Healthcare,0.7062693523801662,0.7122490544079139,0.9622766379880874,,
2021-06-01,196855,AME,buy,rebalance,2.7675054256147504,131.218,2021-06-01,363.1465269383163,1.271012844284107,-340.0,Industrials,0.7085969772775182,0.725050916496945,0.9410986101919259,,
2021-06-01,197247,POOL,buy,rebalance,0.8917742509867351,407.218,2021-06-01,363.1465269383163,1.271012844284107,-346.6666666666667,Industrials,0.6688955821989465,0.781786441664242,0.9265387160820648,,
2021-06-01,184552,TPB,buy,rebalance,8.740830090461568,41.546,2021-06-01,363.1465269383163,1.271012844284107,-371.3333333333333,Consumer Defensive,0.5906643374757701,0.8964212976432936,0.9262078093977498,,
2021-06-01,199385,ROL,buy,rebalance,11.535785480886794,31.48,2021-06-01,363.1465269383163,1.271012844284107,-372.6666666666667,Consumer Cyclical,0.6871296938502307,0.6779167878964213,0.985109199205824,,
2021-06-01,199223,WDFC,buy,rebalance,1.5925733009026042,228.025,2021-06-01,363.14652693831636,1.2710128442841073,-394.0,Basic Materials,0.7106271548273019,0.6892638929298807,0.9162806088682991,,
2021-07-01,193213,TT,buy,rebalance,0.5699925111248932,174.829,2021-07-01,99.65122072745396,0.34877927254608887,-345.6666666666667,Basic Materials,0.715768865127289,0.7356892523364486,0.9163050216986981,,
2021-07-01,197069,TTEC,buy,rebalance,1.0382823043797365,95.977,2021-07-01,99.65122072745397,0.3487792725460889,-402.6666666666667,Technology,0.6099688978212103,0.8723714953271028,0.8952262864228147,,
2021-07-01,199435,PNR,buy,rebalance,1.570770018244573,63.441,2021-07-01,99.65122072745396,0.34877927254608887,-409.0,Industrials,0.6965140109145159,0.6521612149532711,0.9615623062616243,,
2021-07-01,193125,GNRC,buy,rebalance,0.2410469527284148,413.41,2021-07-01,99.65122072745397,0.3487792725460889,-414.0,Industrials,0.5995688609790428,0.8995327102803738,0.8787972721636702,,
2021-07-01,198016,TRMB,buy,rebalance,1.2086260852329163,82.45,2021-07-01,99.65122072745395,0.3487792725460888,-421.3333333333333,Technology,0.6157886076131082,0.7453271028037384,0.9845009299442034,,
2021-07-01,199570,LPX,buy,rebalance,1.7695324643070933,56.315,2021-07-01,99.65122072745396,0.34877927254608887,-441.6666666666667,Basic Materials,0.5541965272193551,0.9027453271028038,0.9367637941723497,,
2021-07-01,197942,IDXX,buy,rebalance,0.15596090574763902,638.95,2021-07-01,99.65122072745396,0.34877927254608887,-444.3333333333333,Healthcare,0.6748488332741389,0.6477803738317757,0.9587724736515809,,
2021-07-01,198240,SNBRQ,buy,rebalance,0.903702010768604,110.27,2021-07-01,99.65122072745396,0.34877927254608887,-461.0,Consumer Cyclical,0.49166938150998213,0.9570677570093458,0.9993800371977681,,
2021-07-01,195444,MODVQ,buy,rebalance,0.5731363704345428,173.87,2021-07-01,99.65122072745396,0.34877927254608887,-463.0,Healthcare,0.551552203745084,0.8548481308411215,0.9665220086794792,,
2021-07-01,194557,QVCAQ,buy,rebalance,0.17484234681954694,569.949,2021-07-01,99.65122072745395,0.3487792725460888,-463.3333333333333,Consumer Cyclical,0.5279852603500554,0.8887266355140186,0.9869807811531308,,
2021-08-02,193213,TT,buy,rebalance,0.5275761480660398,188.885,2021-08-02,99.65122072745392,0.3487792725460887,-345.6666666666667,Basic Materials,0.715768865127289,0.7356892523364486,0.9163050216986981,,
2021-08-02,197069,TTEC,buy,rebalance,1.0411352647204581,95.714,2021-08-02,99.65122072745393,0.34877927254608876,-402.3333333333333,Technology,0.6099688978212103,0.8723714953271028,0.8952262864228147,,
2021-08-02,199435,PNR,buy,rebalance,1.4304961202298803,69.662,2021-08-02,99.65122072745393,0.34877927254608876,-408.6666666666667,Industrials,0.6965140109145159,0.6521612149532711,0.9615623062616243,,
2021-08-02,193125,GNRC,buy,rebalance,0.24912805181863482,400.0,2021-08-02,99.65122072745393,0.34877927254608876,-413.6666666666667,Industrials,0.5995688609790428,0.8995327102803738,0.8787972721636702,,
2021-08-02,198016,TRMB,buy,rebalance,1.1681071471979128,85.31,2021-08-02,99.65122072745395,0.3487792725460888,-421.0,Technology,0.6157886076131082,0.7453271028037384,0.9845009299442034,,
2021-08-02,199570,LPX,buy,rebalance,1.982517074056579,50.265,2021-08-02,99.65122072745395,0.3487792725460888,-441.3333333333333,Basic Materials,0.5541965272193551,0.9027453271028038,0.9367637941723497,,
2021-08-02,197942,IDXX,buy,rebalance,0.14682228419297197,678.72,2021-08-02,99.65122072745393,0.34877927254608876,-444.0,Healthcare,0.6748488332741389,0.6477803738317757,0.9587724736515809,,
2021-08-02,198240,SNBRQ,buy,rebalance,1.0042448929502563,99.23,2021-08-02,99.65122072745393,0.34877927254608876,-460.0,Consumer Cyclical,0.49166938150998213,0.9570677570093458,0.9993800371977681,,
2021-08-02,194557,QVCAQ,buy,rebalance,0.1900206907924594,524.423,2021-08-02,99.65122072745393,0.34877927254608876,-462.3333333333333,Consumer Cyclical,0.5279852603500554,0.8887266355140186,0.9869807811531308,,
2021-08-02,195444,MODVQ,buy,rebalance,0.5759853229723944,173.01,2021-08-02,99.65122072745395,0.3487792725460888,-462.3333333333333,Healthcare,0.551552203745084,0.8548481308411215,0.9665220086794792,,
2021-09-01,193213,TT,buy,rebalance,0.5363475033232897,185.796,2021-09-01,99.65122072745393,0.34877927254608876,-344.3333333333333,Basic Materials,0.715768865127289,0.7356892523364486,0.9163050216986981,,
2021-09-01,197069,TTEC,buy,rebalance,0.9814856617924962,101.531,2021-09-01,99.65122072745393,0.34877927254608876,-401.3333333333333,Technology,0.6099688978212104,0.8723714953271028,0.8952262864228147,,
2021-09-01,199435,PNR,buy,rebalance,1.375258359473557,72.46,2021-09-01,99.65122072745393,0.34877927254608876,-407.6666666666667,Industrials,0.6965140109145159,0.6521612149532711,0.9615623062616243,,
2021-09-01,193125,GNRC,buy,rebalance,0.22714599787434508,438.71,2021-09-01,99.65122072745393,0.34877927254608876,-412.6666666666667,Industrials,0.5995688609790428,0.8995327102803738,0.8787972721636702,,
2021-09-01,198016,TRMB,buy,rebalance,1.0629463544261755,93.75,2021-09-01,99.65122072745395,0.3487792725460888,-419.6666666666667,Technology,0.6157886076131083,0.7453271028037384,0.9845009299442034,,
2021-09-01,199570,LPX,buy,rebalance,1.6960177807790513,58.756,2021-09-01,99.65122072745393,0.34877927254608876,-440.0,Basic Materials,0.5541965272193551,0.9027453271028038,0.9367637941723497,,
2021-09-01,197942,IDXX,buy,rebalance,0.14721704938314958,676.9,2021-09-01,99.65122072745395,0.3487792725460888,-443.0,Healthcare,0.674848833274139,0.6477803738317757,0.9587724736515809,,
2021-09-01,198240,SNBRQ,buy,rebalance,1.073827809563081,92.8,2021-09-01,99.65122072745392,0.3487792725460887,-459.0,Consumer Cyclical,0.49166938150998213,0.9570677570093458,0.9993800371977681,,
2021-09-01,194557,QVCAQ,buy,rebalance,0.20789473067364983,479.335,2021-09-01,99.65122072745393,0.34877927254608876,-461.0,Consumer Cyclical,0.5279852603500554,0.8887266355140186,0.9869807811531308,,
2021-09-01,195444,MODVQ,buy,rebalance,0.49040955082408433,203.2,2021-09-01,99.65122072745393,0.34877927254608876,-461.0,Healthcare,0.551552203745084,0.8548481308411215,0.9665220086794792,,
2021-10-01,196366,ZD,buy,rebalance,0.8474535945322601,117.589,2021-10-01,99.65122072745393,0.34877927254608876,-256.6666666666667,Communication Services,0.684067235113913,0.8088786393773422,0.997446536865624,,
2021-10-01,193213,TT,buy,rebalance,0.6055947440456391,164.551,2021-10-01,99.65122072745395,0.3487792725460888,-317.3333333333333,Basic Materials,0.7004080477746383,0.8189680023061401,0.8956271943823811,,
2021-10-01,198666,IT,buy,rebalance,0.32544487500801417,306.2,2021-10-01,99.65122072745393,0.34877927254608876,-318.6666666666667,Technology,0.638084558339373,0.8186797347938888,0.995850622406639,,
2021-10-01,124117,JCI,buy,rebalance,1.5899422542512913,62.676,2021-10-01,99.65122072745393,0.34877927254608876,-343.3333333333333,Basic Materials,0.7003749105611072,0.7555491496108389,0.9352058729652091,,
2021-10-01,199435,PNR,buy,rebalance,1.4615044691929768,68.184,2021-10-01,99.65122072745393,0.34877927254608876,-365.6666666666667,Industrials,0.6941323399716433,0.7027961948688383,0.978614746249601,,
2021-10-01,199927,AVY,buy,rebalance,0.517765507977876,192.464,2021-10-01,99.65122072745393,0.34877927254608876,-367.0,Consumer Cyclical,0.6977356117233525,0.7520899394638224,0.919565911267156,,
2021-10-01,197942,IDXX,buy,rebalance,0.15970258778719498,623.98,2021-10-01,99.65122072745393,0.34877927254608876,-378.0,Healthcare,0.6631747769067937,0.7494955318535601,0.966485796361315,,
2021-10-01,199108,RHI,buy,rebalance,1.1583310557648951,86.03,2021-10-01,99.65122072745393,0.34877927254608876,-383.6666666666667,Industrials,0.6589793136722867,0.8042663591813203,0.9109479731886371,,
2021-10-01,199209,WLY,buy,rebalance,2.2607927021973304,44.078,2021-10-01,99.65122072745393,0.34877927254608876,-387.0,Consumer Cyclical,0.6362740312042723,0.759584894782358,0.991382061921481,,
2021-10-01,197199,WAT,buy,rebalance,0.2801552452275905,355.7,2021-10-01,99.65122072745393,0.34877927254608876,-391.6666666666667,Healthcare,0.6993445099658508,0.7226866532141828,0.921161825726141,,
2021-11-01,196366,ZD,buy,rebalance,0.7674333517709199,129.85,2021-11-01,99.65122072745395,0.3487792725460888,-253.66666666666666,Communication Services,0.684067235113913,0.8088786393773422,0.997446536865624,,
2021-11-01,193213,TT,buy,rebalance,0.583588399397116,170.756,2021-11-01,99.65122072745395,0.3487792725460888,-314.3333333333333,Basic Materials,0.7004080477746383,0.8189680023061401,0.8956271943823811,,
2021-11-01,198666,IT,buy,rebalance,0.303444642897241,328.4,2021-11-01,99.65122072745393,0.34877927254608876,-314.6666666666667,Technology,0.638084558339373,0.8186797347938888,0.995850622406639,,
2021-11-01,124117,JCI,buy,rebalance,1.4914275132820571,66.816,2021-11-01,99.65122072745393,0.34877927254608876,-340.3333333333333,Basic Materials,0.7003749105611072,0.7555491496108389,0.9352058729652091,,
2021-11-01,199435,PNR,buy,rebalance,1.4371183099097784,69.341,2021-11-01,99.65122072745393,0.34877927254608876,-362.3333333333333,Industrials,0.6941323399716431,0.7027961948688383,0.978614746249601,,
2021-11-01,199927,AVY,buy,rebalance,0.4951170614675653,201.268,2021-11-01,99.65122072745393,0.34877927254608876,-364.0,Consumer Cyclical,0.6977356117233525,0.7520899394638224,0.919565911267156,,
2021-11-01,197942,IDXX,buy,rebalance,0.1495186963261522,666.48,2021-11-01,99.65122072745392,0.3487792725460887,-374.3333333333333,Healthcare,0.6631747769067937,0.7494955318535601,0.966485796361315,,
2021-11-01,199108,RHI,buy,rebalance,1.0484084242762117,95.05,2021-11-01,99.65122072745392,0.3487792725460887,-380.0,Industrials,0.6589793136722868,0.8042663591813203,0.9109479731886371,,
2021-11-01,199209,WLY,buy,rebalance,2.155413248706637,46.233,2021-11-01,99.65122072745393,0.34877927254608876,-383.0,Consumer Cyclical,0.6362740312042724,0.759584894782358,0.991382061921481,,
2021-11-01,197199,WAT,buy,rebalance,0.2733165680950464,364.6,2021-11-01,99.65122072745392,0.3487792725460887,-388.6666666666667,Healthcare,0.6993445099658507,0.7226866532141828,0.921161825726141,,
2021-12-01,196366,ZD,buy,rebalance,0.9363076268669918,106.43,2021-12-01,99.65122072745395,0.3487792725460888,-253.33333333333334,Communication Services,0.684067235113913,0.8088786393773422,0.997446536865624,,
2021-12-01,193213,TT,buy,rebalance,0.5706518506728853,174.627,2021-12-01,99.65122072745395,0.3487792725460888,-314.0,Basic Materials,0.7004080477746384,0.8189680023061401,0.8956271943823811,,
2021-12-01,198666,IT,buy,rebalance,0.32509451188286287,306.53,2021-12-01,99.65122072745395,0.3487792725460888,-314.0,Technology,0.6380845583393729,0.8186797347938888,0.995850622406639,,
2021-12-01,124117,JCI,buy,rebalance,1.4637585852825974,68.079,2021-12-01,99.65122072745393,0.34877927254608876,-339.6666666666667,Basic Materials,0.7003749105611072,0.7555491496108389,0.9352058729652091,,
2021-12-01,199435,PNR,buy,rebalance,1.4703458660762818,67.774,2021-12-01,99.65122072745393,0.34877927254608876,-361.3333333333333,Industrials,0.6941323399716433,0.7027961948688383,0.978614746249601,,
2021-12-01,199927,AVY,buy,rebalance,0.5337219255929191,186.71,2021-12-01,99.65122072745393,0.34877927254608876,-363.3333333333333,Consumer Cyclical,0.6977356117233526,0.7520899394638224,0.919565911267156,,
2021-12-01,197942,IDXX,buy,rebalance,0.16623775248553496,599.45,2021-12-01,99.65122072745395,0.3487792725460888,-373.6666666666667,Healthcare,0.6631747769067937,0.7494955318535601,0.966485796361315,,
2021-12-01,199108,RHI,buy,rebalance,1.105111515946613,90.173,2021-12-01,99.65122072745393,0.34877927254608876,-379.6666666666667,Industrials,0.6589793136722867,0.8042663591813203,0.9109479731886371,,
2021-12-01,199209,WLY,buy,rebalance,2.246066236785312,44.367,2021-12-01,99.65122072745393,0.34877927254608876,-382.0,Consumer Cyclical,0.6362740312042723,0.759584894782358,0.991382061921481,,
2021-12-01,197199,WAT,buy,rebalance,0.3033522700987943,328.5,2021-12-01,99.65122072745392,0.3487792725460887,-388.0,Healthcare,0.6993445099658508,0.7226866532141828,0.921161825726141,,
2022-01-03,198666,IT,buy,rebalance,0.30951428974858347,321.96,2022-01-03,99.65122072745393,0.34877927254608876,-254.33333333333334,Technology,0.6334215314058959,0.8765432098765432,0.9956589147286822,,
2022-01-03,196366,ZD,buy,rebalance,0.8805444970173538,113.17,2022-01-03,99.65122072745393,0.34877927254608876,-260.3333333333333,Communication Services,0.6579816800125449,0.8364197530864198,0.9934883720930232,,
2022-01-03,197199,WAT,buy,rebalance,0.27332406464097736,364.59,2022-01-03,99.65122072745393,0.34877927254608876,-270.0,Healthcare,0.673838700262125,0.8821548821548821,0.9110077519379844,,
2022-01-03,124117,JCI,buy,rebalance,1.376892540518058,72.374,2022-01-03,99.65122072745393,0.34877927254608876,-299.6666666666667,Basic Materials,0.6977226478504153,0.7960157126823794,0.9376744186046512,,
2022-01-03,195591,DMLP,buy,rebalance,8.371238300357353,11.904,2022-01-03,99.65122072745393,0.34877927254608876,-340.3333333333333,Energy,0.63008775862868,0.8897306397306397,0.8995348837209303,,
2022-01-03,196290,A,buy,rebalance,0.6579896778264086,151.448,2022-01-03,99.65122072745393,0.34877927254608876,-345.6666666666667,Healthcare,0.7027193094342716,0.7898428731762065,0.8896124031007752,,
2022-01-03,198106,WIRE,buy,rebalance,0.7077400940856944,140.802,2022-01-03,99.65122072745393,0.34877927254608876,-352.3333333333333,Industrials,0.6118807930472608,0.9225589225589226,0.8849612403100775,,
2022-01-03,193889,MSCI,buy,rebalance,0.17692182996441,563.25,2022-01-03,99.65122072745393,0.34877927254608876,-386.6666666666667,Financial Services,0.6501518685232801,0.8080808080808081,0.9091472868217054,,
2022-01-03,196339,PRFT,buy,rebalance,0.7944134305441162,125.44,2022-01-03,99.65122072745393,0.34877927254608876,-388.6666666666667,Technology,0.5699759457698577,0.9424803591470258,0.9103875968992248,,
2022-01-03,199108,RHI,buy,rebalance,1.090669724599187,91.367,2022-01-03,99.65122072745392,0.3487792725460887,-395.6666666666667,Industrials,0.6392444200155258,0.8249158249158249,0.8992248062015504,,
2022-02-01,198666,IT,buy,rebalance,0.33695550391375506,295.74,2022-02-01,99.65122072745392,0.3487792725460887,-253.0,Technology,0.6334215314058959,0.8765432098765432,0.9956589147286822,,
2022-02-01,196366,ZD,buy,rebalance,0.9494209291868706,104.96,2022-02-01,99.65122072745393,0.34877927254608876,-259.0,Communication Services,0.6579816800125449,0.8364197530864198,0.9934883720930232,,
2022-02-01,197199,WAT,buy,rebalance,0.30783152331475944,323.72,2022-02-01,99.65122072745393,0.34877927254608876,-268.6666666666667,Healthcare,0.673838700262125,0.8821548821548821,0.9110077519379844,,
2022-02-01,124117,JCI,buy,rebalance,1.510942955247736,65.953,2022-02-01,99.65122072745393,0.34877927254608876,-298.0,Basic Materials,0.6977226478504153,0.7960157126823794,0.9376744186046512,,
2022-02-01,195591,DMLP,buy,rebalance,7.28657653754416,13.676,2022-02-01,99.65122072745393,0.34877927254608876,-338.6666666666667,Energy,0.6300877586286799,0.8897306397306397,0.8995348837209303,,
2022-02-01,196290,A,buy,rebalance,0.7300723156705662,136.495,2022-02-01,99.65122072745393,0.34877927254608876,-343.6666666666667,Healthcare,0.7027193094342716,0.7898428731762065,0.8896124031007752,,
2022-02-01,198106,WIRE,buy,rebalance,0.8728013446796462,114.174,2022-02-01,99.65122072745393,0.34877927254608876,-350.3333333333333,Industrials,0.6118807930472608,0.9225589225589226,0.8849612403100775,,
2022-02-01,193889,MSCI,buy,rebalance,0.19319965088282132,515.794,2022-02-01,99.65122072745393,0.34877927254608876,-384.6666666666667,Financial Services,0.65015186852328,0.8080808080808081,0.9091472868217054,,
2022-02-01,196339,PRFT,buy,rebalance,0.9417939771992622,105.81,2022-02-01,99.65122072745393,0.34877927254608876,-386.3333333333333,Technology,0.5699759457698577,0.9424803591470258,0.9103875968992248,,
2022-02-01,199108,RHI,buy,rebalance,1.0417447649695157,95.658,2022-02-01,99.65122072745393,0.34877927254608876,-393.3333333333333,Industrials,0.6392444200155258,0.8249158249158249,0.8992248062015504,,
2022-03-01,198666,IT,buy,rebalance,0.3630810344948405,274.46,2022-03-01,99.65122072745392,0.3487792725460887,-251.66666666666666,Technology,0.633421531405896,0.8765432098765432,0.9956589147286822,,
2022-03-01,196366,ZD,buy,rebalance,1.0167454415616155,98.01,2022-03-01,99.65122072745395,0.3487792725460888,-258.0,Communication Services,0.657981680012545,0.8364197530864198,0.9934883720930232,,
2022-03-01,197199,WAT,buy,rebalance,0.317775505365139,313.59,2022-03-01,99.65122072745393,0.34877927254608876,-267.6666666666667,Healthcare,0.673838700262125,0.8821548821548821,0.9110077519379844,,
2022-03-01,124117,JCI,buy,rebalance,1.7458779341857447,57.078,2022-03-01,99.65122072745393,0.34877927254608876,-296.3333333333333,Basic Materials,0.6977226478504153,0.7960157126823794,0.9376744186046512,,
2022-03-01,195591,DMLP,buy,rebalance,7.067963736963893,14.099,2022-03-01,99.65122072745393,0.34877927254608876,-337.3333333333333,Energy,0.6300877586286799,0.8897306397306397,0.8995348837209303,,
2022-03-01,196290,A,buy,rebalance,0.7804335658873177,127.687,2022-03-01,99.65122072745393,0.34877927254608876,-342.0,Healthcare,0.7027193094342716,0.7898428731762065,0.8896124031007752,,
2022-03-01,198106,WIRE,buy,rebalance,0.8793401343697678,113.325,2022-03-01,99.65122072745393,0.34877927254608876,-349.6666666666667,Industrials,0.6118807930472608,0.9225589225589226,0.8849612403100775,,
2022-03-01,193889,MSCI,buy,rebalance,0.21017079352992749,474.144,2022-03-01,99.65122072745393,0.34877927254608876,-383.3333333333333,Financial Services,0.65015186852328,0.8080808080808081,0.9091472868217054,,
2022-03-01,196339,PRFT,buy,rebalance,0.9911599435792114,100.54,2022-03-01,99.65122072745392,0.3487792725460887,-384.6666666666667,Technology,0.5699759457698577,0.9424803591470258,0.9103875968992248,,
2022-03-01,199108,RHI,buy,rebalance,1.0472515446109394,95.155,2022-03-01,99.65122072745393,0.34877927254608876,-392.0,Industrials,0.6392444200155258,0.8249158249158249,0.8992248062015504,,
2022-04-01,166332,INFO1,sell,delisted,7.5283103026427405,108.61,2022-02-25,817.649781970028,2.8617742368950982,,,,,,493.86677339320534,320.92123433992754
2022-04-01,193088,IQV,buy,rebalance,0.7525522880119461,240.31,2022-04-01,180.84584033215077,0.6329604411625277,-157.66666666666666,Healthcare,0.6610313840581351,0.9334585457472498,0.9658478130617136,,
2022-04-01,199777,DOV,buy,rebalance,1.2021287196861883,150.438,2022-04-01,180.84584033215077,0.6329604411625277,-165.66666666666666,Industrials,0.6940516893068418,0.9090421250335391,0.9334931096464949,,
2022-04-01,195080,PBH,buy,rebalance,3.4076849506717686,53.07,2022-04-01,180.84584033215077,0.6329604411625277,-175.33333333333334,Healthcare,0.6685745163175233,0.9195063053394151,0.9499700419412822,,
2022-04-01,124117,JCI,buy,rebalance,2.9662419684449346,60.968,2022-04-01,180.84584033215077,0.6329604411625277,-182.66666666666666,Basic Materials,0.6778193496124272,0.9254091762811913,0.9230077890952666,,
2022-04-01,197659,ORLY,buy,rebalance,4.064408143210491,44.495,2022-04-01,180.84584033215077,0.6329604411625277,-204.0,Consumer Cyclical,0.6906344278907927,0.9125301851354978,0.8978430197723187,,
2022-04-01,198804,PAYX,buy,rebalance,1.5032654513819452,120.302,2022-04-01,180.84584033215077,0.6329604411625277,-206.0,Industrials,0.68717801518182,0.8827475181110813,0.9355901737567406,,
2022-04-01,198999,HD,buy,rebalance,0.668464954524674,270.539,2022-04-01,180.84584033215077,0.6329604411625277,-224.33333333333334,Consumer Cyclical,0.6975813606510847,0.8760397102226992,0.9116237267825045,,
2022-04-01,199357,SHW,buy,rebalance,0.7386588258471215,244.83,2022-04-01,180.84584033215077,0.6329604411625277,-230.0,Basic Materials,0.6871289687407545,0.8545747249798765,0.9466746554823248,,
2022-04-01,198666,IT,buy,rebalance,0.6039064994728872,299.46,2022-04-01,180.8458403321508,0.6329604411625278,-230.66666666666666,Technology,0.6128302623245853,0.9369466058492085,0.9853205512282804,,
2022-04-01,197079,FDS,buy,rebalance,0.4412305463288109,409.867,2022-04-01,180.84584033215074,0.6329604411625276,-236.66666666666666,Financial Services,0.6929248405852433,0.9103836866112155,0.8654883163571001,,
2022-05-02,193088,IQV,buy,rebalance,0.45909527654774684,217.06,2022-05-02,99.65122072745393,0.34877927254608876,-157.33333333333334,Healthcare,0.6610313840581351,0.9334585457472498,0.9658478130617136,,
2022-05-02,199777,DOV,buy,rebalance,0.7816088531115254,127.495,2022-05-02,99.65122072745393,0.34877927254608876,-165.33333333333334,Industrials,0.6940516893068418,0.9090421250335391,0.9334931096464949,,
2022-05-02,195080,PBH,buy,rebalance,1.8294698132449776,54.47,2022-05-02,99.65122072745393,0.34877927254608876,-175.0,Healthcare,0.6685745163175233,0.9195063053394151,0.9499700419412822,,
2022-05-02,124117,JCI,buy,rebalance,1.7656759758930851,56.438,2022-05-02,99.65122072745395,0.3487792725460888,-182.33333333333334,Basic Materials,0.6778193496124272,0.9254091762811913,0.9230077890952666,,
2022-05-02,197659,ORLY,buy,rebalance,2.4478315089033145,40.71,2022-05-02,99.65122072745393,0.34877927254608876,-203.33333333333334,Consumer Cyclical,0.6906344278907928,0.9125301851354978,0.8978430197723187,,
2022-05-02,198804,PAYX,buy,rebalance,0.9011522736743226,110.582,2022-05-02,99.65122072745393,0.34877927254608876,-204.66666666666666,Industrials,0.68717801518182,0.8827475181110813,0.9355901737567406,,
2022-05-02,198999,HD,buy,rebalance,0.36224688732298266,275.092,2022-05-02,99.65122072745395,0.3487792725460888,-222.66666666666666,Consumer Cyclical,0.6975813606510847,0.8760397102226992,0.9116237267825045,,
2022-05-02,199357,SHW,buy,rebalance,0.3864727309401428,257.848,2022-05-02,99.65122072745395,0.3487792725460888,-227.0,Basic Materials,0.6871289687407546,0.8545747249798765,0.9466746554823248,,
2022-05-02,198666,IT,buy,rebalance,0.3435775090589364,290.04,2022-05-02,99.65122072745392,0.3487792725460887,-230.33333333333334,Technology,0.6128302623245853,0.9369466058492085,0.9853205512282804,,
2022-05-02,197079,FDS,buy,rebalance,0.26425885310000863,377.097,2022-05-02,99.65122072745395,0.3487792725460888,-236.0,Financial Services,0.6929248405852433,0.9103836866112155,0.8654883163571001,,
2022-06-01,193088,IQV,buy,rebalance,0.4742811895076576,210.11,2022-06-01,99.65122072745395,0.3487792725460888,-156.0,Healthcare,0.6610313840581351,0.9334585457472498,0.9658478130617136,,
2022-06-01,199777,DOV,buy,rebalance,0.7880432467731661,126.454,2022-06-01,99.65122072745393,0.34877927254608876,-163.0,Industrials,0.6940516893068418,0.9090421250335391,0.9334931096464949,,
2022-06-01,195080,PBH,buy,rebalance,1.7871452784694035,55.76,2022-06-01,99.65122072745393,0.34877927254608876,-173.0,Healthcare,0.6685745163175233,0.9195063053394151,0.9499700419412822,,
2022-06-01,124117,JCI,buy,rebalance,2.012546111833867,49.515,2022-06-01,99.65122072745393,0.34877927254608876,-181.0,Basic Materials,0.6778193496124272,0.9254091762811913,0.9230077890952666,,
2022-06-01,197659,ORLY,buy,rebalance,2.393160920447981,41.64,2022-06-01,99.65122072745393,0.34877927254608876,-201.0,Consumer Cyclical,0.6906344278907928,0.9125301851354978,0.8978430197723187,,
2022-06-01,198804,PAYX,buy,rebalance,0.9346303329311668,106.621,2022-06-01,99.65122072745393,0.34877927254608876,-202.33333333333334,Industrials,0.68717801518182,0.8827475181110813,0.9355901737567406,,
2022-06-01,198999,HD,buy,rebalance,0.37179129473362665,268.03,2022-06-01,99.65122072745395,0.3487792725460888,-220.66666666666666,Consumer Cyclical,0.6975813606510847,0.8760397102226992,0.9116237267825045,,
2022-06-01,199357,SHW,buy,rebalance,0.390697172145589,255.06,2022-06-01,99.65122072745393,0.34877927254608876,-224.33333333333334,Basic Materials,0.6871289687407546,0.8545747249798765,0.9466746554823248,,
2022-06-01,198666,IT,buy,rebalance,0.38201035316818954,260.86,2022-06-01,99.65122072745393,0.34877927254608876,-228.66666666666666,Technology,0.6128302623245853,0.9369466058492085,0.9853205512282804,,
2022-06-01,197079,FDS,buy,rebalance,0.2778865286707731,358.604,2022-06-01,99.65122072745392,0.3487792725460887,-233.33333333333334,Financial Services,0.6929248405852434,0.9103836866112155,0.8654883163571001,,
2022-07-01,197377,MCK,buy,rebalance,0.30834969405975055,323.176,2022-07-01,99.65122072745393,0.34877927254608876,-144.33333333333334,Healthcare,0.6639612834186683,0.9602215508559919,0.9401069518716577,,
2022-07-01,198804,PAYX,buy,rebalance,0.9820176270985644,101.476,2022-07-01,99.65122072745392,0.3487792725460887,-164.33333333333334,Industrials,0.6892317840434047,0.9335347432024169,0.9184491978609626,,
2022-07-01,191707,FWONA,buy,rebalance,1.823944737392769,54.635,2022-07-01,99.65122072745393,0.34877927254608876,-176.66666666666666,Communication Services,0.6443433230522213,0.9493957703927492,0.9655080213903743,,
2022-07-01,199928,ADP,buy,rebalance,0.5117509768980718,194.726,2022-07-01,99.65122072745393,0.34877927254608876,-202.33333333333334,Industrials,0.697237112681892,0.8700906344410876,0.9489304812834225,,
2022-07-01,199120,CHD,buy,rebalance,1.113147837709769,89.522,2022-07-01,99.65122072745395,0.3487792725460888,-212.0,Consumer Defensive,0.7125239293364383,0.8368580060422961,0.9978609625668449,,
2022-07-01,198546,JKHY,buy,rebalance,0.5699436110330005,174.844,2022-07-01,99.65122072745393,0.34877927254608876,-215.33333333333334,Technology,0.7031172858749716,0.8648036253776435,0.9374331550802139,,
2022-07-01,199411,PG,buy,rebalance,0.7622499348095273,130.733,2022-07-01,99.65122072745393,0.34877927254608876,-219.66666666666666,Consumer Defensive,0.7096102581321194,0.851460221550856,0.9454545454545454,,
2022-07-01,197128,CSGS,buy,rebalance,1.7970069017104975,55.454,2022-07-01,99.65122072745393,0.34877927254608876,-254.66666666666666,Technology,0.6879044036440307,0.9086102719033232,0.8692513368983957,,
2022-07-01,197997,AZO,buy,rebalance,0.04613888292370808,2159.81,2022-07-01,99.65122072745395,0.3487792725460888,-261.3333333333333,Consumer Cyclical,0.6663238474311078,0.9201913393756294,0.8783422459893048,,
2022-07-01,199891,BMY,buy,rebalance,1.5424930457472281,64.604,2022-07-01,99.65122072745392,0.3487792725460887,-273.6666666666667,Healthcare,0.6962704361396003,0.8799093655589124,0.8743315508021391,,
2022-08-01,197377,MCK,buy,rebalance,0.2967426328251814,335.817,2022-08-01,99.65122072745393,0.34877927254608876,-144.33333333333334,Healthcare,0.6639612834186681,0.9602215508559919,0.9401069518716577,,
2022-08-01,198804,PAYX,buy,rebalance,0.9027359923855305,110.388,2022-08-01,99.65122072745395,0.3487792725460888,-164.0,Industrials,0.6892317840434047,0.9335347432024169,0.9184491978609626,,
2022-08-01,191707,FWONA,buy,rebalance,1.673235622396634,59.556,2022-08-01,99.65122072745393,0.34877927254608876,-176.33333333333334,Communication Services,0.6443433230522213,0.9493957703927492,0.9655080213903743,,
2022-08-01,199928,ADP,buy,rebalance,0.45218316132941555,220.378,2022-08-01,99.65122072745393,0.34877927254608876,-201.66666666666666,Industrials,0.697237112681892,0.8700906344410876,0.9489304812834225,,
2022-08-01,199120,CHD,buy,rebalance,1.1841249670546832,84.156,2022-08-01,99.65122072745392,0.3487792725460887,-210.33333333333334,Consumer Defensive,0.7125239293364383,0.8368580060422961,0.9978609625668449,,
2022-08-01,198546,JKHY,buy,rebalance,0.5060878125362683,196.905,2022-08-01,99.65122072745392,0.3487792725460887,-214.33333333333334,Technology,0.7031172858749716,0.8648036253776435,0.9374331550802139,,
2022-08-01,199411,PG,buy,rebalance,0.7743449093367363,128.691,2022-08-01,99.65122072745393,0.34877927254608876,-218.33333333333334,Consumer Defensive,0.7096102581321194,0.851460221550856,0.9454545454545454,,
2022-08-01,197128,CSGS,buy,rebalance,1.6485990922055047,60.446,2022-08-01,99.65122072745393,0.34877927254608876,-254.33333333333334,Technology,0.6879044036440307,0.9086102719033232,0.8692513368983957,,
2022-08-01,197997,AZO,buy,rebalance,0.04610579483633172,2161.36,2022-08-01,99.65122072745393,0.34877927254608876,-261.0,Consumer Cyclical,0.6663238474311077,0.9201913393756294,0.8783422459893048,,
2022-08-01,199891,BMY,buy,rebalance,1.6099783625347992,61.896,2022-08-01,99.65122072745393,0.34877927254608876,-273.0,Healthcare,0.6962704361396003,0.8799093655589124,0.8743315508021391,,
2022-09-01,197377,MCK,buy,rebalance,0.2788702624887122,357.339,2022-09-01,99.65122072745393,0.34877927254608876,-142.66666666666666,Healthcare,0.6639612834186683,0.9602215508559919,0.9401069518716577,,
2022-09-01,198804,PAYX,buy,rebalance,0.9142229954537475,109.001,2022-09-01,99.65122072745393,0.34877927254608876,-162.0,Industrials,0.6892317840434047,0.9335347432024169,0.9184491978609626,,
2022-09-01,191707,FWONA,buy,rebalance,1.787690306001721,55.743,2022-09-01,99.65122072745395,0.3487792725460888,-174.33333333333334,Communication Services,0.6443433230522213,0.9493957703927492,0.9655080213903743,,
2022-09-01,199928,ADP,buy,rebalance,0.4436534547000598,224.615,2022-09-01,99.65122072745393,0.34877927254608876,-199.0,Industrials,0.697237112681892,0.8700906344410876,0.9489304812834225,,
2022-09-01,199120,CHD,buy,rebalance,1.2326359498225463,80.844,2022-09-01,99.65122072745393,0.34877927254608876,-208.0,Consumer Defensive,0.7125239293364383,0.8368580060422961,0.9978609625668449,,
2022-09-01,198546,JKHY,buy,rebalance,0.5390777675878604,184.855,2022-09-01,99.65122072745393,0.34877927254608876,-211.66666666666666,Technology,0.7031172858749716,0.8648036253776435,0.9374331550802139,,
2022-09-01,199411,PG,buy,rebalance,0.7924235277122496,125.755,2022-09-01,99.65122072745393,0.34877927254608876,-215.66666666666666,Consumer Defensive,0.7096102581321194,0.851460221550856,0.9454545454545454,,
2022-09-01,197128,CSGS,buy,rebalance,1.8759995618790628,53.119,2022-09-01,99.65122072745393,0.34877927254608876,-252.0,Technology,0.6879044036440307,0.9086102719033232,0.8692513368983957,,
2022-09-01,197997,AZO,buy,rebalance,0.04644467056961205,2145.59,2022-09-01,99.65122072745393,0.34877927254608876,-258.6666666666667,Consumer Cyclical,0.6663238474311078,0.9201913393756294,0.8783422459893048,,
2022-09-01,199891,BMY,buy,rebalance,1.7155216348893734,58.088,2022-09-01,99.65122072745392,0.3487792725460887,-270.3333333333333,Healthcare,0.6962704361396003,0.8799093655589124,0.8743315508021391,,
2022-10-03,187636,ENDPQ,sell,delisted,29.301469481274584,0.293,2022-08-25,8.585330558013453,0.030048656953047086,,,,,,1089.1992922908767,-1080.6440103898162
2022-10-03,197377,MCK,buy,rebalance,0.2951184394033313,340.554,2022-10-03,100.50376501256208,0.3517631775439673,-107.33333333333333,Healthcare,0.6744045617862994,0.9812057603124237,0.943023902167871,,
2022-10-03,199652,HSY,buy,rebalance,0.4985874629177044,201.577,2022-10-03,100.5037650125621,0.35176317754396735,-123.0,Consumer Defensive,0.7068705576559916,0.9421527947278496,0.9399666481378544,,
2022-10-03,199928,ADP,buy,rebalance,0.47183315577686225,213.007,2022-10-03,100.5037650125621,0.35176317754396735,-137.0,Industrials,0.6861528456817253,0.9316573102269954,0.9660922734852696,,
2022-10-03,199685,GIS,buy,rebalance,1.5094054969221613,66.585,2022-10-03,100.5037650125621,0.35176317754396735,-186.66666666666666,Consumer Defensive,0.6936855903074605,0.8830851842811813,0.9702612562534741,,
2022-10-03,198498,CSL,buy,rebalance,0.36319135677629005,276.724,2022-10-03,100.50376501256208,0.3517631775439673,-216.33333333333334,Basic Materials,0.6678671313650165,0.9687576275323407,0.8724291272929405,,
2022-10-03,199137,MRK,buy,rebalance,1.2846558403323634,78.234,2022-10-03,100.50376501256211,0.3517631775439674,-217.33333333333334,Healthcare,0.6874780133123949,0.9194532584818159,0.9041133963312952,,
2022-10-03,195878,NOC,buy,rebalance,0.21996354872734974,456.911,2022-10-03,100.5037650125621,0.35176317754396735,-231.66666666666666,Industrials,0.6769566093314655,0.9294605809128631,0.8918843802112285,,
2022-10-03,197603,WINA,buy,rebalance,0.511844634299752,196.356,2022-10-03,100.5037650125621,0.35176317754396735,-240.33333333333334,Consumer Cyclical,0.6421559374946374,0.905784720527215,0.9699833240689272,,
2022-10-03,197128,CSGS,buy,rebalance,1.9984840925146572,50.29,2022-10-03,100.50376501256211,0.3517631775439674,-253.66666666666666,Technology,0.6773765854610228,0.9426409567976568,0.8571428571428571,,
2022-10-03,197600,SIRI,buy,rebalance,1.9686548031920805,51.052,2022-10-03,100.5037650125621,0.35176317754396735,-264.6666666666667,Communication Services,0.6811110244897826,0.8315840859165243,0.990550305725403,,
2022-11-01,197912,CTXS,sell,delisted,4.525537722504153,103.9,2022-09-29,470.20336936818154,1.6457117927886353,,,,,,600.0,-131.4423424246071
2022-11-01,197377,MCK,buy,rebalance,0.3900154928004215,375.225,2022-11-01,146.34356328603818,0.5122024715011336,-106.0,Healthcare,0.6744045617862993,0.9812057603124237,0.943023902167871,,
2022-11-01,199652,HSY,buy,rebalance,0.6856876073488618,213.426,2022-11-01,146.34356328603818,0.5122024715011336,-121.0,Consumer Defensive,0.7068705576559916,0.9421527947278496,0.9399666481378544,,
2022-11-01,199928,ADP,buy,rebalance,0.6549187671950618,223.453,2022-11-01,146.34356328603815,0.5122024715011335,-134.66666666666666,Industrials,0.6861528456817253,0.9316573102269954,0.9660922734852696,,
2022-11-01,199685,GIS,buy,rebalance,2.1329460769561464,68.611,2022-11-01,146.34356328603818,0.5122024715011336,-183.0,Consumer Defensive,0.6936855903074605,0.8830851842811813,0.9702612562534741,,
2022-11-01,198498,CSL,buy,rebalance,0.6455526733542344,226.695,2022-11-01,146.34356328603815,0.5122024715011335,-214.0,Basic Materials,0.6678671313650165,0.9687576275323407,0.8724291272929405,,
2022-11-01,199137,MRK,buy,rebalance,1.641635125761828,89.145,2022-11-01,146.34356328603815,0.5122024715011335,-214.33333333333334,Healthcare,0.6874780133123949,0.9194532584818159,0.9041133963312952,,
2022-11-01,195878,NOC,buy,rebalance,0.2903031570464112,504.106,2022-11-01,146.34356328603815,0.5122024715011335,-228.66666666666666,Industrials,0.6769566093314654,0.9294605809128631,0.8918843802112285,,
2022-11-01,197603,WINA,buy,rebalance,0.6528793683099257,224.151,2022-11-01,146.34356328603815,0.5122024715011335,-237.33333333333334,Consumer Cyclical,0.6421559374946374,0.905784720527215,0.9699833240689272,,
2022-11-01,197128,CSGS,buy,rebalance,2.4918449707306127,58.729,2022-11-01,146.34356328603815,0.5122024715011335,-251.0,Technology,0.6773765854610228,0.9426409567976568,0.8571428571428571,,
2022-11-01,197600,SIRI,buy,rebalance,2.77197339254533,52.794,2022-11-01,146.34356328603815,0.5122024715011335,-261.0,Communication Services,0.6811110244897826,0.8315840859165243,0.990550305725403,,
2022-12-01,192873,NLSN,sell,delisted,8.68218660555579,27.97,2022-10-10,242.84075935739543,0.8499426577508841,,,,,,300.00000000000006,-58.00918330035552
2022-12-01,187525,TMX,sell,delisted,12.222980391659739,37.87,2022-10-11,462.8842674321543,1.62009493601254,,,,,,528.806888450508,-67.54271595436632
2022-12-01,197377,MCK,buy,rebalance,0.45446654622138744,373.474,2022-12-01,169.73143888348645,0.5940600360922026,-106.0,Healthcare,0.6744045617862994,0.9812057603124237,0.943023902167871,,
2022-12-01,199652,HSY,buy,rebalance,0.8116422496233588,209.121,2022-12-01,169.73143888348642,0.5940600360922025,-121.0,Consumer Defensive,0.7068705576559916,0.9421527947278496,0.9399666481378544,,
2022-12-01,199928,ADP,buy,rebalance,0.690669906626218,245.749,2022-12-01,169.73143888348645,0.5940600360922026,-134.66666666666666,Industrials,0.6861528456817253,0.9316573102269954,0.9660922734852696,,
2022-12-01,199685,GIS,buy,rebalance,2.325247467408541,72.995,2022-12-01,169.73143888348645,0.5940600360922026,-183.0,Consumer Defensive,0.6936855903074604,0.8830851842811813,0.9702612562534741,,
2022-12-01,198498,CSL,buy,rebalance,0.675951568631965,251.1,2022-12-01,169.73143888348642,0.5940600360922025,-213.0,Basic Materials,0.6678671313650165,0.9687576275323407,0.8724291272929405,,
2022-12-01,199137,MRK,buy,rebalance,1.729905814377741,98.116,2022-12-01,169.73143888348645,0.5940600360922026,-213.66666666666666,Healthcare,0.6874780133123949,0.9194532584818159,0.9041133963312952,,
2022-12-01,195878,NOC,buy,rebalance,0.3391291746591083,500.492,2022-12-01,169.73143888348645,0.5940600360922026,-228.0,Industrials,0.6769566093314655,0.9294605809128631,0.8918843802112285,,
2022-12-01,197603,WINA,buy,rebalance,0.7672691222723885,221.215,2022-12-01,169.73143888348642,0.5940600360922025,-237.33333333333334,Consumer Cyclical,0.6421559374946374,0.905784720527215,0.9699833240689272,,
2022-12-01,197128,CSGS,buy,rebalance,2.9554490489898386,57.43,2022-12-01,169.73143888348642,0.5940600360922025,-250.0,Technology,0.6773765854610228,0.9426409567976568,0.8571428571428571,,
2022-12-01,197600,SIRI,buy,rebalance,3.027836646332951,56.057,2022-12-01,169.73143888348625,0.5940600360922019,-260.3333333333333,Communication Services,0.6811110244897826,0.8315840859165243,0.990550305725403,,
2023-01-03,197377,MCK,buy,rebalance,0.27066485427314924,368.172,2023-01-03,99.6512207274539,0.34877927254608865,-102.33333333333333,Healthcare,0.6620199589029263,0.9720577788302155,0.9581823250627265,,
2023-01-03,199652,HSY,buy,rebalance,0.48691821304648214,204.657,2023-01-03,99.6512207274539,0.34877927254608865,-123.0,Consumer Defensive,0.6929939240455092,0.9462467440208383,0.9434067465848899,,
2023-01-03,199385,ROL,buy,rebalance,2.8684039241085144,34.741,2023-01-03,99.6512207274539,0.34877927254608865,-145.33333333333334,Consumer Cyclical,0.6682043973593189,0.9367748046412503,0.9559520490660719,,
2023-01-03,197300,LMT,buy,rebalance,0.22915596379415518,434.862,2023-01-03,99.65122072745392,0.3487792725460887,-170.66666666666666,Industrials,0.6762371122589714,0.9545346909779777,0.9052132701421801,,
2023-01-03,198546,JKHY,buy,rebalance,0.593370414177919,167.941,2023-01-03,99.6512207274539,0.34877927254608865,-172.33333333333334,Technology,0.685549187618286,0.8993606440918778,0.9620853080568721,,
2023-01-03,195878,NOC,buy,rebalance,0.19541064308718345,509.958,2023-01-03,99.6512207274539,0.34877927254608865,-177.66666666666666,Industrials,0.653977251516364,0.9704001894387876,0.906885977139671,,
2023-01-03,199877,CPB,buy,rebalance,2.072009413387406,48.094,2023-01-03,99.6512207274539,0.34877927254608865,-180.0,Consumer Defensive,0.6725700788894318,0.9315652379824769,0.9283523836074714,,
2023-01-03,193837,ALSN,buy,rebalance,2.519053078375437,39.559,2023-01-03,99.6512207274539,0.34877927254608865,-216.0,Consumer Cyclical,0.6499736224465332,0.9384323940326782,0.9177585726233621,,
2023-01-03,199891,BMY,buy,rebalance,1.6277559739865062,61.22,2023-01-03,99.6512207274539,0.34877927254608865,-225.66666666666666,Healthcare,0.6771827349119544,0.9254084773857447,0.8923891831614162,,
2023-01-03,191548,SAIC,buy,rebalance,0.9509702423675567,104.789,2023-01-03,99.6512207274539,0.34877927254608865,-251.0,Technology,0.6446839275241251,0.8943878759175942,0.94954000557569,,
2023-02-01,197377,MCK,buy,rebalance,0.27310907710667953,364.877,2023-02-01,99.6512207274539,0.34877927254608865,-101.0,Healthcare,0.6620199589029263,0.9720577788302155,0.9581823250627265,,
2023-02-01,199652,HSY,buy,rebalance,0.4904409274582227,203.187,2023-02-01,99.6512207274539,0.34877927254608865,-120.33333333333333,Consumer Defensive,0.6929939240455092,0.9462467440208383,0.9434067465848899,,
2023-02-01,199385,ROL,buy,rebalance,2.884929092914536,34.542,2023-02-01,99.65122072745392,0.3487792725460887,-142.0,Consumer Cyclical,0.6682043973593188,0.9367748046412503,0.9559520490660719,,
2023-02-01,197300,LMT,buy,rebalance,0.23673103912714405,420.947,2023-02-01,99.6512207274539,0.34877927254608865,-168.0,Industrials,0.6762371122589714,0.9545346909779777,0.9052132701421801,,
2023-02-01,198546,JKHY,buy,rebalance,0.5767987956395003,172.766,2023-02-01,99.6512207274539,0.34877927254608865,-169.0,Technology,0.685549187618286,0.8993606440918778,0.9620853080568721,,
2023-02-01,195878,NOC,buy,rebalance,0.2385644193306726,417.712,2023-02-01,99.6512207274539,0.34877927254608865,-175.33333333333334,Industrials,0.6539772515163641,0.9704001894387876,0.906885977139671,,
2023-02-01,199877,CPB,buy,rebalance,2.2387998635720137,44.511,2023-02-01,99.6512207274539,0.34877927254608865,-176.66666666666666,Consumer Defensive,0.6725700788894318,0.9315652379824769,0.9283523836074714,,
2023-02-01,193837,ALSN,buy,rebalance,2.296587327497728,43.391,2023-02-01,99.65122072745392,0.3487792725460887,-212.0,Consumer Cyclical,0.6499736224465332,0.9384323940326782,0.9177585726233621,,
2023-02-01,199891,BMY,buy,rebalance,1.6382997522022473,60.826,2023-02-01,99.6512207274539,0.34877927254608865,-222.33333333333334,Healthcare,0.6771827349119542,0.9254084773857447,0.8923891831614162,,
2023-02-01,191548,SAIC,buy,rebalance,1.0053999427686136,99.116,2023-02-01,99.6512207274539,0.34877927254608865,-246.0,Technology,0.6446839275241251,0.8943878759175942,0.94954000557569,,
2023-03-01,197377,MCK,buy,rebalance,0.2875953706152818,346.498,2023-03-01,99.6512207274539,0.34877927254608865,-99.0,Healthcare,0.6620199589029263,0.9720577788302155,0.9581823250627265,,
2023-03-01,199652,HSY,buy,rebalance,0.4648713664552834,214.363,2023-03-01,99.6512207274539,0.34877927254608865,-117.66666666666667,Consumer Defensive,0.6929939240455092,0.9462467440208383,0.9434067465848899,,
2023-03-01,199385,ROL,buy,rebalance,3.0233069605732203,32.961,2023-03-01,99.65122072745392,0.3487792725460887,-139.33333333333334,Consumer Cyclical,0.6682043973593189,0.9367748046412503,0.9559520490660719,,
2023-03-01,197300,LMT,buy,rebalance,0.2292519111241693,434.68,2023-03-01,99.6512207274539,0.34877927254608865,-165.66666666666666,Industrials,0.6762371122589714,0.9545346909779777,0.9052132701421801,,
2023-03-01,198546,JKHY,buy,rebalance,0.6373843622233913,156.344,2023-03-01,99.65122072745389,0.34877927254608865,-165.66666666666666,Technology,0.685549187618286,0.8993606440918778,0.9620853080568721,,
2023-03-01,195878,NOC,buy,rebalance,0.2274342371117322,438.154,2023-03-01,99.6512207274539,0.34877927254608865,-173.33333333333334,Industrials,0.6539772515163641,0.9704001894387876,0.906885977139671,,
2023-03-01,199877,CPB,buy,rebalance,2.2284364400790264,44.718,2023-03-01,99.65122072745392,0.3487792725460887,-174.0,Consumer Defensive,0.6725700788894318,0.9315652379824769,0.9283523836074714,,
2023-03-01,193837,ALSN,buy,rebalance,2.1779783347347537,45.754,2023-03-01,99.65122072745392,0.3487792725460887,-209.33333333333334,Consumer Cyclical,0.6499736224465332,0.9384323940326782,0.9177585726233621,,
2023-03-01,199891,BMY,buy,rebalance,1.6824734627877205,59.229,2023-03-01,99.65122072745389,0.34877927254608865,-219.33333333333334,Healthcare,0.6771827349119542,0.9254084773857447,0.8923891831614162,,
2023-03-01,191548,SAIC,buy,rebalance,0.9745840657941702,102.25,2023-03-01,99.6512207274539,0.34877927254608865,-242.66666666666666,Technology,0.6446839275241251,0.8943878759175942,0.94954000557569,,
2023-04-03,197377,MCK,buy,rebalance,0.27809280826329863,358.338,2023-04-03,99.6512207274539,0.34877927254608865,-147.33333333333334,Healthcare,0.669767351605385,0.9263759828448892,0.9864709268854347,,
2023-04-03,197859,GILD,buy,rebalance,1.333751197583536,74.715,2023-04-03,99.6512207274539,0.34877927254608865,-195.33333333333334,Healthcare,0.6756083714213895,0.9347152728139148,0.9214162348877375,,
2023-04-03,191548,SAIC,buy,rebalance,0.9438903218323835,105.575,2023-04-03,99.65122072745389,0.34877927254608865,-214.33333333333334,Technology,0.6564762013618513,0.9035025017869907,0.9712147380541163,,
2023-04-03,197923,PRGS,buy,rebalance,1.801327176433071,55.321,2023-04-03,99.65122072745392,0.3487792725460887,-218.0,Technology,0.6806203222099675,0.8913509649749821,0.9490500863557858,,
2023-04-03,199574,LECO,buy,rebalance,0.6158875453640825,161.801,2023-04-03,99.6512207274539,0.34877927254608865,-220.66666666666666,Industrials,0.6962901586675097,0.9266142482725757,0.8906160046056419,,
2023-04-03,199877,CPB,buy,rebalance,2.097523010954849,47.509,2023-04-03,99.65122072745392,0.3487792725460887,-228.66666666666666,Consumer Defensive,0.6873345297574576,0.8868239218489398,0.9375359815774323,,
2023-04-03,193960,V,buy,rebalance,0.44688249232014565,222.992,2023-04-03,99.65122072745392,0.3487792725460887,-235.33333333333334,Financial Services,0.6727386451971695,0.8696688110555159,0.9697754749568221,,
2023-04-03,197997,AZO,buy,rebalance,0.03967733770015763,2511.54,2023-04-03,99.6512207274539,0.34877927254608865,-235.33333333333334,Consumer Cyclical,0.6800025109878988,0.9185132237312366,0.9015544041450777,,
2023-04-03,199928,ADP,buy,rebalance,0.49592031893508526,200.942,2023-04-03,99.6512207274539,0.34877927254608865,-236.66666666666666,Industrials,0.6777584056506337,0.8537050274005242,0.9870466321243523,,
2023-04-03,193524,LOPE,buy,rebalance,0.8687987857668169,114.7,2023-04-03,99.6512207274539,0.34877927254608865,-247.33333333333334,Consumer Defensive,0.6449221484788633,0.9247081248510841,0.9337938975244675,,
2023-05-01,197377,MCK,buy,rebalance,0.2857595712582269,348.724,2023-05-01,99.6512207274539,0.34877927254608865,-144.33333333333334,Healthcare,0.6697673516053851,0.9263759828448892,0.9864709268854347,,
2023-05-01,197859,GILD,buy,rebalance,1.3635722106628796,73.081,2023-05-01,99.6512207274539,0.34877927254608865,-192.66666666666666,Healthcare,0.6756083714213895,0.9347152728139148,0.9214162348877375,,
2023-05-01,191548,SAIC,buy,rebalance,1.0075142630267915,98.908,2023-05-01,99.65122072745389,0.34877927254608865,-211.33333333333334,Technology,0.6564762013618514,0.9035025017869907,0.9712147380541163,,
2023-05-01,197923,PRGS,buy,rebalance,1.8485423448737461,53.908,2023-05-01,99.6512207274539,0.34877927254608865,-214.0,Technology,0.6806203222099675,0.8913509649749821,0.9490500863557858,,
2023-05-01,199574,LECO,buy,rebalance,0.6105069671528234,163.227,2023-05-01,99.6512207274539,0.34877927254608865,-217.0,Industrials,0.6962901586675097,0.9266142482725757,0.8906160046056419,,
2023-05-01,199877,CPB,buy,rebalance,2.1035002475504263,47.374,2023-05-01,99.6512207274539,0.34877927254608865,-224.66666666666666,Consumer Defensive,0.6873345297574576,0.8868239218489398,0.9375359815774323,,
2023-05-01,193960,V,buy,rebalance,0.4401361279424668,226.41,2023-05-01,99.6512207274539,0.34877927254608865,-231.33333333333334,Financial Services,0.6727386451971696,0.8696688110555159,0.9697754749568221,,
2023-05-01,197997,AZO,buy,rebalance,0.037189674618574045,2679.54,2023-05-01,99.65122072745389,0.34877927254608865,-231.66666666666666,Consumer Cyclical,0.6800025109878988,0.9185132237312366,0.9015544041450777,,
2023-05-01,199928,ADP,buy,rebalance,0.4862529495769622,204.937,2023-05-01,99.6512207274539,0.34877927254608865,-232.33333333333334,Industrials,0.6777584056506337,0.8537050274005242,0.9870466321243523,,
2023-05-01,193524,LOPE,buy,rebalance,0.8303576429252054,120.01,2023-05-01,99.6512207274539,0.34877927254608865,-244.0,Consumer Defensive,0.6449221484788633,0.9247081248510841,0.9337938975244675,,
2023-06-01,197377,MCK,buy,rebalance,0.2595435338312842,383.948,2023-06-01,99.6512207274539,0.34877927254608865,-140.0,Healthcare,0.669767351605385,0.9263759828448892,0.9864709268854347,,
2023-06-01,197859,GILD,buy,rebalance,1.4567827019582473,68.405,2023-06-01,99.6512207274539,0.34877927254608865,-187.33333333333334,Healthcare,0.6756083714213894,0.9347152728139148,0.9214162348877375,,
2023-06-01,191548,SAIC,buy,rebalance,1.050796346536621,94.834,2023-06-01,99.65122072745392,0.3487792725460887,-205.33333333333334,Technology,0.6564762013618514,0.9035025017869907,0.9712147380541163,,
2023-06-01,197923,PRGS,buy,rebalance,1.7001846162467396,58.612,2023-06-01,99.6512207274539,0.34877927254608865,-208.33333333333334,Technology,0.6806203222099675,0.8913509649749821,0.9490500863557858,,
2023-06-01,199574,LECO,buy,rebalance,0.594379090085973,167.656,2023-06-01,99.65122072745389,0.34877927254608865,-211.66666666666666,Industrials,0.6962901586675097,0.9266142482725757,0.8906160046056419,,
2023-06-01,199877,CPB,buy,rebalance,2.2687708200135215,43.923,2023-06-01,99.6512207274539,0.34877927254608865,-219.0,Consumer Defensive,0.6873345297574576,0.8868239218489398,0.9375359815774323,,
2023-06-01,193960,V,buy,rebalance,0.4509370267366583,220.987,2023-06-01,99.6512207274539,0.34877927254608865,-225.66666666666666,Financial Services,0.6727386451971695,0.8696688110555159,0.9697754749568221,,
2023-06-01,197997,AZO,buy,rebalance,0.0419835104472796,2373.58,2023-06-01,99.6512207274539,0.34877927254608865,-226.33333333333334,Consumer Cyclical,0.6800025109878988,0.9185132237312366,0.9015544041450777,,
2023-06-01,199928,ADP,buy,rebalance,0.5076268961400142,196.308,2023-06-01,99.6512207274539,0.34877927254608865,-227.33333333333334,Industrials,0.6777584056506337,0.8537050274005242,0.9870466321243523,,
2023-06-01,193524,LOPE,buy,rebalance,0.9515968365876041,104.72,2023-06-01,99.6512207274539,0.34877927254608865,-238.33333333333334,Consumer Defensive,0.6449221484788633,0.9247081248510841,0.9337938975244675,,
2023-07-03,197603,WINA,buy,rebalance,0.32480205969718295,306.806,2023-07-03,99.6512207274539,0.34877927254608865,-184.33333333333334,Consumer Cyclical,0.6461379684945745,0.9409620991253644,0.9742700202370628,,
2023-07-03,197859,GILD,buy,rebalance,1.433397401180275,69.521,2023-07-03,99.6512207274539,0.34877927254608865,-199.0,Healthcare,0.6880371489491394,0.9003887269193391,0.9447817288233593,,
2023-07-03,199652,HSY,buy,rebalance,0.4353330627477148,228.908,2023-07-03,99.6512207274539,0.34877927254608865,-214.33333333333334,Consumer Defensive,0.7106548140173341,0.8780369290573372,0.9442035270309338,,
2023-07-03,196115,MDLZ,buy,rebalance,1.4788338758989967,67.385,2023-07-03,99.6512207274539,0.34877927254608865,-220.66666666666666,Consumer Defensive,0.708990163237925,0.8603012633624878,0.9601040763226366,,
2023-07-03,194684,ORCL,buy,rebalance,0.8845463325059375,112.658,2023-07-03,99.6512207274539,0.34877927254608865,-224.66666666666666,Technology,0.6743946169304349,0.8948007774538387,0.9479618386816999,,
2023-07-03,199385,ROL,buy,rebalance,2.4605239685791087,40.5,2023-07-03,99.6512207274539,0.34877927254608865,-248.33333333333334,Consumer Cyclical,0.6823630527412793,0.8539844509232264,0.9655969933506794,,
2023-07-03,191548,SAIC,buy,rebalance,0.9257652285116768,107.642,2023-07-03,99.6512207274539,0.34877927254608865,-262.3333333333333,Technology,0.6687341726785931,0.8615160349854227,0.9624168834923388,,
2023-07-03,197377,MCK,buy,rebalance,0.240071938132434,415.089,2023-07-03,99.65122072745389,0.34877927254608865,-266.0,Healthcare,0.6819025258471103,0.8279883381924198,0.9927724775946806,,
2023-07-03,199634,ITW,buy,rebalance,0.42635733452897573,233.727,2023-07-03,99.65122072745392,0.3487792725460887,-275.0,Industrials,0.6773283161596733,0.8510689990281827,0.9508528476438277,,
2023-07-03,124386,VVV,buy,rebalance,2.6573658860654374,37.5,2023-07-03,99.6512207274539,0.34877927254608865,-291.0,Energy,0.656552909338122,0.8952866861030127,0.9135588320323793,,
2023-08-01,197603,WINA,buy,rebalance,0.30303217218783784,328.847,2023-08-01,99.6512207274539,0.34877927254608865,-182.33333333333334,Consumer Cyclical,0.6461379684945745,0.9409620991253644,0.9742700202370628,,
2023-08-01,197859,GILD,buy,rebalance,1.453001774892523,68.583,2023-08-01,99.6512207274539,0.34877927254608865,-196.33333333333334,Healthcare,0.6880371489491394,0.9003887269193391,0.9447817288233593,,
2023-08-01,199652,HSY,buy,rebalance,0.47524475271100275,209.684,2023-08-01,99.6512207274539,0.34877927254608865,-211.33333333333334,Consumer Defensive,0.7106548140173341,0.8780369290573372,0.9442035270309338,,
2023-08-01,196115,MDLZ,buy,rebalance,1.4621263403632,68.155,2023-08-01,99.6512207274539,0.34877927254608865,-217.66666666666666,Consumer Defensive,0.7089901632379249,0.8603012633624878,0.9601040763226366,,
2023-08-01,194684,ORCL,buy,rebalance,0.8757929122499991,113.784,2023-08-01,99.6512207274539,0.34877927254608865,-221.66666666666666,Technology,0.6743946169304349,0.8948007774538387,0.9479618386816999,,
2023-08-01,199385,ROL,buy,rebalance,2.5629139634652,38.882,2023-08-01,99.6512207274539,0.34877927254608865,-245.33333333333334,Consumer Cyclical,0.6823630527412793,0.8539844509232264,0.9655969933506794,,
2023-08-01,191548,SAIC,buy,rebalance,0.8466256093884142,117.704,2023-08-01,99.6512207274539,0.34877927254608865,-259.3333333333333,Technology,0.6687341726785931,0.8615160349854227,0.9624168834923388,,
2023-08-01,197377,MCK,buy,rebalance,0.24942486741085368,399.524,2023-08-01,99.6512207274539,0.34877927254608865,-263.0,Healthcare,0.6819025258471103,0.8279883381924198,0.9927724775946806,,
2023-08-01,199634,ITW,buy,rebalance,0.4247490355457262,234.612,2023-08-01,99.6512207274539,0.34877927254608865,-272.0,Industrials,0.6773283161596733,0.8510689990281827,0.9508528476438277,,
2023-08-01,124386,VVV,buy,rebalance,2.6573658860654374,37.5,2023-08-01,99.6512207274539,0.34877927254608865,-288.0,Energy,0.656552909338122,0.8952866861030127,0.9135588320323793,,
2023-09-01,197603,WINA,buy,rebalance,0.2852842665505902,349.305,2023-09-01,99.6512207274539,0.34877927254608865,-179.33333333333334,Consumer Cyclical,0.6461379684945745,0.9409620991253644,0.9742700202370628,,
2023-09-01,197859,GILD,buy,rebalance,1.4346149078266377,69.462,2023-09-01,99.65122072745392,0.3487792725460887,-193.33333333333334,Healthcare,0.6880371489491394,0.9003887269193391,0.9447817288233593,,
2023-09-01,199652,HSY,buy,rebalance,0.5096519205814712,195.528,2023-09-01,99.6512207274539,0.34877927254608865,-207.66666666666666,Consumer Defensive,0.7106548140173341,0.8780369290573372,0.9442035270309338,,
2023-09-01,196115,MDLZ,buy,rebalance,1.5599020197463158,63.883,2023-09-01,99.6512207274539,0.34877927254608865,-214.0,Consumer Defensive,0.7089901632379249,0.8603012633624878,0.9601040763226366,,
2023-09-01,194684,ORCL,buy,rebalance,0.8539239809375817,116.698,2023-09-01,99.6512207274539,0.34877927254608865,-218.66666666666666,Technology,0.6743946169304348,0.8948007774538387,0.9479618386816999,,
2023-09-01,199385,ROL,buy,rebalance,2.636484925455828,37.797,2023-09-01,99.65122072745392,0.3487792725460887,-241.66666666666666,Consumer Cyclical,0.6823630527412793,0.8539844509232264,0.9655969933506794,,
2023-09-01,191548,SAIC,buy,rebalance,0.8705292187386776,114.472,2023-09-01,99.6512207274539,0.34877927254608865,-255.66666666666666,Technology,0.6687341726785933,0.8615160349854227,0.9624168834923388,,
2023-09-01,197377,MCK,buy,rebalance,0.24462931864868545,407.356,2023-09-01,99.6512207274539,0.34877927254608865,-260.0,Healthcare,0.6819025258471102,0.8279883381924198,0.9927724775946806,,
2023-09-01,199634,ITW,buy,rebalance,0.43244077924072705,230.439,2023-09-01,99.6512207274539,0.34877927254608865,-268.3333333333333,Industrials,0.677328316159673,0.8510689990281827,0.9508528476438277,,
2023-09-01,124386,VVV,buy,rebalance,2.870138845836806,34.72,2023-09-01,99.65122072745389,0.34877927254608865,-285.0,Energy,0.656552909338122,0.8952866861030127,0.9135588320323793,,
2023-10-02,194684,ORCL,buy,rebalance,0.9677130664179412,102.976,2023-10-02,99.65122072745392,0.3487792725460887,-154.33333333333334,Technology,0.6738458769978035,0.9424745846764195,0.9551744885679904,,
2023-10-02,197603,WINA,buy,rebalance,0.2907131084113341,342.782,2023-10-02,99.65122072745392,0.3487792725460887,-175.33333333333334,Consumer Cyclical,0.6477568664716225,0.9392511777832879,0.9810469314079422,,
2023-10-02,199688,GE,buy,rebalance,1.166971774354501,85.393,2023-10-02,99.6512207274539,0.34877927254608865,-237.0,Industrials,0.6301068816080544,0.9804116042648153,0.9049338146811071,,
2023-10-02,197659,ORLY,buy,rebalance,1.6634042319465498,59.908,2023-10-02,99.6512207274539,0.34877927254608865,-244.0,Consumer Cyclical,0.700197189324059,0.8626332754773122,0.9434416365824309,,
2023-10-02,196855,AME,buy,rebalance,0.688032731918762,144.835,2023-10-02,99.6512207274539,0.34877927254608865,-248.0,Industrials,0.6965250249478123,0.8551946441854699,0.9509626955475331,,
2023-10-02,193427,AVGO,buy,rebalance,1.230398695255694,80.991,2023-10-02,99.65122072745392,0.3487792725460887,-272.6666666666667,Technology,0.6008958449660879,0.9345400446317877,0.973826714801444,,
2023-10-02,199575,LLY,buy,rebalance,0.18896886788356304,527.342,2023-10-02,99.6512207274539,0.34877927254608865,-300.6666666666667,Healthcare,0.6382759150814796,0.907265063228366,0.9223826714801444,,
2023-10-02,196115,MDLZ,buy,rebalance,1.5775585854776772,63.168,2023-10-02,99.65122072745392,0.3487792725460887,-308.6666666666667,Consumer Defensive,0.699506291704296,0.7840317381601786,0.9789410348977136,,
2023-10-02,199133,SYK,buy,rebalance,0.37363836721266536,266.705,2023-10-02,99.6512207274539,0.34877927254608865,-313.3333333333333,Healthcare,0.6672705824497839,0.8723034961567072,0.9067388688327317,,
2023-10-02,195213,NEU,buy,rebalance,0.23102440210841413,431.345,2023-10-02,99.6512207274539,0.34877927254608865,-315.6666666666667,Basic Materials,0.6798169627508623,0.9156955120257873,0.8294223826714802,,
2023-11-01,194684,ORCL,buy,rebalance,0.9729474207441166,102.422,2023-11-01,99.6512207274539,0.34877927254608865,-153.0,Technology,0.6738458769978035,0.9424745846764195,0.9551744885679904,,
2023-11-01,197603,WINA,buy,rebalance,0.2657578492344825,374.97,2023-11-01,99.6512207274539,0.34877927254608865,-174.33333333333334,Consumer Cyclical,0.6477568664716223,0.9392511777832879,0.9810469314079422,,
2023-11-01,199688,GE,buy,rebalance,1.1837311214417694,84.184,2023-11-01,99.65122072745392,0.3487792725460887,-236.33333333333334,Industrials,0.6301068816080544,0.9804116042648153,0.9049338146811071,,
2023-11-01,197659,ORLY,buy,rebalance,1.5806614543406814,63.044,2023-11-01,99.65122072745392,0.3487792725460887,-242.66666666666666,Consumer Cyclical,0.700197189324059,0.8626332754773122,0.9434416365824309,,
2023-11-01,196855,AME,buy,rebalance,0.7122879475597658,139.903,2023-11-01,99.6512207274539,0.34877927254608865,-246.66666666666666,Industrials,0.6965250249478123,0.8551946441854699,0.9509626955475331,,
2023-11-01,193427,AVGO,buy,rebalance,1.2044481329464065,82.736,2023-11-01,99.65122072745389,0.34877927254608865,-271.3333333333333,Technology,0.6008958449660879,0.9345400446317877,0.973826714801444,,
2023-11-01,199575,LLY,buy,rebalance,0.18345791515466042,543.183,2023-11-01,99.65122072745392,0.3487792725460887,-299.3333333333333,Healthcare,0.6382759150814796,0.907265063228366,0.9223826714801444,,
2023-11-01,196115,MDLZ,buy,rebalance,1.6169796314573555,61.628,2023-11-01,99.6512207274539,0.34877927254608865,-307.3333333333333,Consumer Defensive,0.699506291704296,0.7840317381601786,0.9789410348977136,,
2023-11-01,199133,SYK,buy,rebalance,0.3760962731540897,264.962,2023-11-01,99.65122072745392,0.3487792725460887,-312.0,Healthcare,0.6672705824497839,0.8723034961567072,0.9067388688327317,,
2023-11-01,195213,NEU,buy,rebalance,0.21333292100346363,467.116,2023-11-01,99.65122072745392,0.3487792725460887,-314.3333333333333,Basic Materials,0.6798169627508623,0.9156955120257873,0.8294223826714802,,
2023-12-01,194684,ORCL,buy,rebalance,0.8781932329933456,113.473,2023-12-01,99.6512207274539,0.34877927254608865,-151.0,Technology,0.6738458769978034,0.9424745846764195,0.9551744885679904,,
2023-12-01,197603,WINA,buy,rebalance,0.24544212471079047,406.007,2023-12-01,99.6512207274539,0.34877927254608865,-172.66666666666666,Consumer Cyclical,0.6477568664716225,0.9392511777832879,0.9810469314079422,,
2023-12-01,199688,GE,buy,rebalance,1.0363710373718609,96.154,2023-12-01,99.6512207274539,0.34877927254608865,-235.0,Industrials,0.6301068816080544,0.9804116042648153,0.9049338146811071,,
2023-12-01,197659,ORLY,buy,rebalance,1.5244648869087918,65.368,2023-12-01,99.65122072745389,0.34877927254608865,-238.66666666666666,Consumer Cyclical,0.7001971893240592,0.8626332754773122,0.9434416365824309,,
2023-12-01,196855,AME,buy,rebalance,0.6458444854529859,154.296,2023-12-01,99.6512207274539,0.34877927254608865,-242.66666666666666,Industrials,0.6965250249478123,0.8551946441854699,0.9509626955475331,,
2023-12-01,193427,AVGO,buy,rebalance,1.1046460046718682,90.211,2023-12-01,99.6512207274539,0.34877927254608865,-269.3333333333333,Technology,0.6008958449660879,0.9345400446317877,0.973826714801444,,
2023-12-01,199575,LLY,buy,rebalance,0.1738446333474999,573.22,2023-12-01,99.65122072745389,0.34877927254608865,-296.6666666666667,Healthcare,0.6382759150814796,0.907265063228366,0.9223826714801444,,
2023-12-01,196115,MDLZ,buy,rebalance,1.525655200444814,65.317,2023-12-01,99.6512207274539,0.34877927254608865,-303.3333333333333,Consumer Defensive,0.699506291704296,0.7840317381601786,0.9789410348977136,,
2023-12-01,199133,SYK,buy,rebalance,0.3435881706695281,290.031,2023-12-01,99.65122072745392,0.3487792725460887,-308.3333333333333,Healthcare,0.6672705824497839,0.8723034961567072,0.9067388688327317,,
2023-12-01,195213,NEU,buy,rebalance,0.19553986340330148,509.621,2023-12-01,99.6512207274539,0.34877927254608865,-312.0,Basic Materials,0.6798169627508623,0.9156955120257873,0.8294223826714802,,
2024-01-02,194684,ORCL,buy,rebalance,0.9887505157260893,100.785,2024-01-02,99.6512207274539,0.34877927254608865,-171.66666666666666,Technology,0.6457931656079983,0.9555218599949457,0.9657492354740062,,
2024-01-02,197603,WINA,buy,rebalance,0.26171730865837417,380.759,2024-01-02,99.65122072745389,0.34877927254608865,-179.0,Consumer Cyclical,0.6387900178725798,0.950214809198888,0.981039755351682,,
2024-01-02,199435,PNR,buy,rebalance,1.4498308051075015,68.733,2024-01-02,99.6512207274539,0.34877927254608865,-219.0,Industrials,0.6357272545886197,0.9408642911296436,0.9584097859327217,,
2024-01-02,193422,VRSK,buy,rebalance,0.42636463132620195,233.723,2024-01-02,99.6512207274539,0.34877927254608865,-221.33333333333334,Industrials,0.681690965882293,0.8718726307808946,0.964525993883792,,
2024-01-02,199513,MSI,buy,rebalance,0.3283584936469387,303.483,2024-01-02,99.6512207274539,0.34877927254608865,-233.66666666666666,Technology,0.6918426967595007,0.8337124083901946,0.9865443425076452,,
2024-01-02,199411,PG,buy,rebalance,0.720278282971962,138.351,2024-01-02,99.6512207274539,0.34877927254608865,-253.0,Consumer Defensive,0.7000529694482778,0.8134950720242609,0.9880733944954129,,
2024-01-02,195213,NEU,buy,rebalance,0.18997975492140468,524.536,2024-01-02,99.65122072745392,0.3487792725460887,-280.6666666666667,Basic Materials,0.6621473524800628,0.9224159716957291,0.8724770642201835,,
2024-01-02,199575,LLY,buy,rebalance,0.1714491546833587,581.229,2024-01-02,99.6512207274539,0.34877927254608865,-282.6666666666667,Healthcare,0.6348604491649298,0.9294920394238059,0.9140672782874618,,
2024-01-02,197377,MCK,buy,rebalance,0.21278719134481117,468.314,2024-01-02,99.6512207274539,0.34877927254608865,-297.6666666666667,Healthcare,0.672901609954902,0.7975739196360879,0.9941896024464831,,
2024-01-02,193960,V,buy,rebalance,0.39297434647354273,253.582,2024-01-02,99.65122072745392,0.3487792725460887,-301.0,Financial Services,0.6903450774623072,0.7862016679302501,0.9813455657492355,,
2024-02-01,194684,ORCL,buy,rebalance,0.887168668840008,112.325,2024-02-01,99.6512207274539,0.34877927254608865,-171.0,Technology,0.6457931656079982,0.9555218599949457,0.9657492354740062,,
2024-02-01,197603,WINA,buy,rebalance,0.28610250965373524,348.306,2024-02-01,99.6512207274539,0.34877927254608865,-178.0,Consumer Cyclical,0.6387900178725798,0.950214809198888,0.981039755351682,,
2024-02-01,199435,PNR,buy,rebalance,1.3699833751832429,72.739,2024-02-01,99.6512207274539,0.34877927254608865,-218.0,Industrials,0.6357272545886198,0.9408642911296436,0.9584097859327217,,
2024-02-01,193422,VRSK,buy,rebalance,0.41142827952608463,242.208,2024-02-01,99.6512207274539,0.34877927254608865,-219.66666666666666,Industrials,0.681690965882293,0.8718726307808946,0.964525993883792,,
2024-02-01,199513,MSI,buy,rebalance,0.3147145677345058,316.64,2024-02-01,99.6512207274539,0.34877927254608865,-232.0,Technology,0.6918426967595007,0.8337124083901946,0.9865443425076452,,
2024-02-01,199411,PG,buy,rebalance,0.668791162047851,149.002,2024-02-01,99.6512207274539,0.34877927254608865,-251.33333333333334,Consumer Defensive,0.7000529694482779,0.8134950720242609,0.9880733944954129,,
2024-02-01,195213,NEU,buy,rebalance,0.17527750447194698,568.534,2024-02-01,99.6512207274539,0.34877927254608865,-279.3333333333333,Basic Materials,0.662147352480063,0.9224159716957291,0.8724770642201835,,
2024-02-01,199575,LLY,buy,rebalance,0.15373648474217463,648.195,2024-02-01,99.65122072745389,0.34877927254608865,-281.3333333333333,Healthcare,0.6348604491649298,0.9294920394238059,0.9140672782874618,,
2024-02-01,197377,MCK,buy,rebalance,0.20073286384265052,496.437,2024-02-01,99.6512207274539,0.34877927254608865,-295.3333333333333,Healthcare,0.672901609954902,0.7975739196360879,0.9941896024464831,,
2024-02-01,193960,V,buy,rebalance,0.36718690276189664,271.391,2024-02-01,99.6512207274539,0.34877927254608865,-298.6666666666667,Financial Services,0.6903450774623072,0.7862016679302501,0.9813455657492355,,
2024-03-01,194684,ORCL,buy,rebalance,0.9008182812566456,110.623,2024-03-01,99.65122072745392,0.3487792725460887,-169.33333333333334,Technology,0.6457931656079983,0.9555218599949457,0.9657492354740062,,
2024-03-01,197603,WINA,buy,rebalance,0.2934085342927628,339.633,2024-03-01,99.6512207274539,0.34877927254608865,-176.33333333333334,Consumer Cyclical,0.6387900178725798,0.950214809198888,0.981039755351682,,
2024-03-01,199435,PNR,buy,rebalance,1.3084112907677568,76.162,2024-03-01,99.6512207274539,0.34877927254608865,-216.33333333333334,Industrials,0.6357272545886197,0.9408642911296436,0.9584097859327217,,
2024-03-01,193422,VRSK,buy,rebalance,0.4198899439484505,237.327,2024-03-01,99.6512207274539,0.34877927254608865,-218.0,Industrials,0.681690965882293,0.8718726307808946,0.964525993883792,,
2024-03-01,199513,MSI,buy,rebalance,0.30495175831669274,326.777,2024-03-01,99.6512207274539,0.34877927254608865,-229.33333333333334,Technology,0.6918426967595007,0.8337124083901946,0.9865443425076452,,
2024-03-01,199411,PG,buy,rebalance,0.6701809818044824,148.693,2024-03-01,99.6512207274539,0.34877927254608865,-248.66666666666666,Consumer Defensive,0.7000529694482778,0.8134950720242609,0.9880733944954129,,
2024-03-01,195213,NEU,buy,rebalance,0.16159596270844476,616.669,2024-03-01,99.65122072745392,0.3487792725460887,-277.3333333333333,Basic Materials,0.6621473524800628,0.9224159716957291,0.8724770642201835,,
2024-03-01,199575,LLY,buy,rebalance,0.12959422578308794,768.948,2024-03-01,99.6512207274539,0.34877927254608865,-279.6666666666667,Healthcare,0.6348604491649298,0.9294920394238059,0.9140672782874618,,
2024-03-01,197377,MCK,buy,rebalance,0.19133267040198357,520.827,2024-03-01,99.65122072745389,0.34877927254608865,-292.3333333333333,Healthcare,0.6729016099549019,0.7975739196360879,0.9941896024464831,,
2024-03-01,193960,V,buy,rebalance,0.358587906856282,277.899,2024-03-01,99.65122072745392,0.3487792725460887,-295.6666666666667,Financial Services,0.6903450774623072,0.7862016679302501,0.9813455657492355,,
2024-04-01,193422,VRSK,buy,rebalance,0.4351600693778309,228.999,2024-04-01,99.6512207274539,0.34877927254608865,-203.66666666666666,Industrials,0.6905443997620729,0.8655352480417755,0.97601246105919,,
2024-04-01,194482,ICFI,buy,rebalance,0.6746044539423355,147.718,2024-04-01,99.6512207274539,0.34877927254608865,-232.0,Industrials,0.6828093782284949,0.8879895561357702,0.9348909657320872,,
2024-04-01,191548,SAIC,buy,rebalance,0.7902053852844696,126.108,2024-04-01,99.65122072745389,0.34877927254608865,-238.66666666666666,Technology,0.6709406498845067,0.8488250652741515,0.9928348909657321,,
2024-04-01,194210,BR,buy,rebalance,0.5102364556151123,195.304,2024-04-01,99.6512207274539,0.34877927254608865,-240.66666666666666,Technology,0.6946426081835201,0.8255874673629243,0.9850467289719627,,
2024-04-01,197603,WINA,buy,rebalance,0.29249049961242596,340.699,2024-04-01,99.65122072745392,0.3487792725460887,-250.33333333333334,Consumer Cyclical,0.621095994556238,0.9253263707571802,0.9822429906542056,,
2024-04-01,197377,MCK,buy,rebalance,0.1875487606264483,531.335,2024-04-01,99.6512207274539,0.34877927254608865,-251.66666666666666,Healthcare,0.672129017128606,0.8336814621409921,0.9975077881619938,,
2024-04-01,199357,SHW,buy,rebalance,0.30131142407575445,330.725,2024-04-01,99.6512207274539,0.34877927254608865,-260.6666666666667,Basic Materials,0.6775978347023042,0.8451697127937337,0.9635514018691589,,
2024-04-01,199575,LLY,buy,rebalance,0.1332697026476466,747.741,2024-04-01,99.6512207274539,0.34877927254608865,-267.0,Healthcare,0.6308534261844257,0.9530026109660574,0.9137071651090343,,
2024-04-01,195213,NEU,buy,rebalance,0.16358148068145897,609.184,2024-04-01,99.6512207274539,0.34877927254608865,-279.3333333333333,Basic Materials,0.665008623774905,0.9255874673629243,0.8735202492211838,,
2024-04-01,110458,BRBR,buy,rebalance,1.6717198578670343,59.61,2024-04-01,99.65122072745392,0.3487792725460887,-284.3333333333333,Consumer Defensive,0.6010595021454291,0.9433420365535248,0.9688473520249221,,
2024-05-01,193422,VRSK,buy,rebalance,0.4351049685080161,229.028,2024-05-01,99.6512207274539,0.34877927254608865,-199.0,Industrials,0.6905443997620729,0.8655352480417755,0.97601246105919,,
2024-05-01,194482,ICFI,buy,rebalance,0.7017444507408466,142.005,2024-05-01,99.65122072745392,0.3487792725460887,-226.66666666666666,Industrials,0.6828093782284949,0.8879895561357702,0.9348909657320872,,
2024-05-01,191548,SAIC,buy,rebalance,0.7961524753323899,125.166,2024-05-01,99.6512207274539,0.34877927254608865,-233.66666666666666,Technology,0.6709406498845067,0.8488250652741515,0.9928348909657321,,
2024-05-01,194210,BR,buy,rebalance,0.5360878211777859,185.886,2024-05-01,99.6512207274539,0.34877927254608865,-235.0,Technology,0.6946426081835201,0.8255874673629243,0.9850467289719627,,
2024-05-01,197603,WINA,buy,rebalance,0.296512180884955,336.078,2024-05-01,99.6512207274539,0.34877927254608865,-245.66666666666666,Consumer Cyclical,0.621095994556238,0.9253263707571802,0.9822429906542056,,
2024-05-01,197377,MCK,buy,rebalance,0.18945243067904302,525.996,2024-05-01,99.6512207274539,0.34877927254608865,-246.0,Healthcare,0.672129017128606,0.8336814621409921,0.9975077881619938,,
2024-05-01,199357,SHW,buy,rebalance,0.3358992170676304,296.67,2024-05-01,99.6512207274539,0.34877927254608865,-255.66666666666666,Basic Materials,0.6775978347023042,0.8451697127937337,0.9635514018691589,,
2024-05-01,199575,LLY,buy,rebalance,0.13049024016647798,763.668,2024-05-01,99.6512207274539,0.34877927254608865,-263.0,Healthcare,0.6308534261844257,0.9530026109660574,0.9137071651090343,,
2024-05-01,195213,NEU,buy,rebalance,0.1954880780754987,509.756,2024-05-01,99.6512207274539,0.34877927254608865,-275.0,Basic Materials,0.665008623774905,0.9255874673629243,0.8735202492211838,,
2024-05-01,110458,BRBR,buy,rebalance,1.795517490584755,55.5,2024-05-01,99.6512207274539,0.34877927254608865,-279.3333333333333,Consumer Defensive,0.6010595021454291,0.9433420365535248,0.9688473520249221,,
2024-06-03,193422,VRSK,buy,rebalance,0.39919889085941446,249.628,2024-06-03,99.6512207274539,0.34877927254608865,-197.0,Industrials,0.6905443997620729,0.8655352480417755,0.97601246105919,,
2024-06-03,194482,ICFI,buy,rebalance,0.7193371981019107,138.532,2024-06-03,99.65122072745389,0.34877927254608865,-224.66666666666666,Industrials,0.6828093782284949,0.8879895561357702,0.9348909657320872,,
2024-06-03,191548,SAIC,buy,rebalance,0.8642027640920467,115.31,2024-06-03,99.6512207274539,0.34877927254608865,-231.33333333333334,Technology,0.6709406498845067,0.8488250652741515,0.9928348909657321,,
2024-06-03,194210,BR,buy,rebalance,0.519568816489676,191.796,2024-06-03,99.65122072745389,0.34877927254608865,-232.33333333333334,Technology,0.6946426081835201,0.8255874673629243,0.9850467289719627,,
2024-06-03,197377,MCK,buy,rebalance,0.1753601671179587,568.266,2024-06-03,99.65122072745392,0.3487792725460887,-243.33333333333334,Healthcare,0.672129017128606,0.8336814621409921,0.9975077881619938,,
2024-06-03,197603,WINA,buy,rebalance,0.29619226172628754,336.441,2024-06-03,99.6512207274539,0.34877927254608865,-243.66666666666666,Consumer Cyclical,0.621095994556238,0.9253263707571802,0.9822429906542056,,
2024-06-03,199357,SHW,buy,rebalance,0.3365890277288335,296.062,2024-06-03,99.6512207274539,0.34877927254608865,-253.33333333333334,Basic Materials,0.6775978347023042,0.8451697127937337,0.9635514018691589,,
2024-06-03,199575,LLY,buy,rebalance,0.12173222991101246,818.61,2024-06-03,99.6512207274539,0.34877927254608865,-261.3333333333333,Healthcare,0.6308534261844257,0.9530026109660574,0.9137071651090343,,
2024-06-03,195213,NEU,buy,rebalance,0.1921354065208665,518.651,2024-06-03,99.65122072745392,0.3487792725460887,-272.6666666666667,Basic Materials,0.665008623774905,0.9255874673629243,0.8735202492211838,,
2024-06-03,110458,BRBR,buy,rebalance,1.6784776945840307,59.37,2024-06-03,99.6512207274539,0.34877927254608865,-278.0,Consumer Defensive,0.6010595021454291,0.9433420365535248,0.9688473520249221,,
2024-07-01,199439,PH,buy,rebalance,0.20269721440170763,491.626,2024-07-01,99.6512207274539,0.34877927254608865,-216.66666666666666,Industrials,0.6570743054086414,0.892128279883382,0.9849812265331664,,
2024-07-01,199219,EME,buy,rebalance,0.2784074693516773,357.933,2024-07-01,99.65122072745392,0.3487792725460887,-217.66666666666666,Industrials,0.6413037391347837,0.9507023588656242,0.9389862327909887,,
2024-07-01,193213,TT,buy,rebalance,0.31597190921254964,315.38,2024-07-01,99.6512207274539,0.34877927254608865,-238.33333333333334,Basic Materials,0.6513906958280198,0.8953087728597933,0.9705882352941176,,
2024-07-01,199357,SHW,buy,rebalance,0.34369008166188036,289.945,2024-07-01,99.6512207274539,0.34877927254608865,-249.33333333333334,Basic Materials,0.677687248472179,0.8491916247018287,0.9649561952440551,,
2024-07-01,194210,BR,buy,rebalance,0.5253954031889971,189.669,2024-07-01,99.6512207274539,0.34877927254608865,-267.0,Technology,0.6963647709602127,0.7993639014047177,0.9831038798498123,,
2024-07-01,198290,APH,buy,rebalance,1.499732425239351,66.446,2024-07-01,99.6512207274539,0.34877927254608865,-278.3333333333333,Technology,0.6897085100245965,0.8417704744235357,0.9274092615769712,,
2024-07-01,195164,DPZ,buy,rebalance,0.20401853388417437,488.442,2024-07-01,99.6512207274539,0.34877927254608865,-297.3333333333333,Consumer Cyclical,0.6336958800244588,0.8754306917572223,0.9637046307884856,,
2024-07-01,199902,HRB,buy,rebalance,1.9501598999482164,51.099,2024-07-01,99.6512207274539,0.34877927254608865,-303.0,Consumer Cyclical,0.6213242106588512,0.8796713490591042,0.9790362953692116,,
2024-07-01,199575,LLY,buy,rebalance,0.11066750704915498,900.456,2024-07-01,99.6512207274539,0.34877927254608865,-360.3333333333333,Healthcare,0.6252460440803549,0.9186323880201431,0.8720275344180225,,
2024-07-01,199836,CL,buy,rebalance,1.0985329636044878,90.713,2024-07-01,99.6512207274539,0.34877927254608865,-374.0,Consumer Defensive,0.6975240411162491,0.7331036310628147,0.9543178973717147,,
2024-08-01,199439,PH,buy,rebalance,0.18998265245602503,524.528,2024-08-01,99.6512207274539,0.34877927254608865,-214.33333333333334,Industrials,0.6570743054086414,0.892128279883382,0.9849812265331664,,
2024-08-01,199219,EME,buy,rebalance,0.27331581846307035,364.601,2024-08-01,99.65122072745392,0.3487792725460887,-216.0,Industrials,0.6413037391347837,0.9507023588656242,0.9389862327909887,,
2024-08-01,193213,TT,buy,rebalance,0.3046245528583732,327.128,2024-08-01,99.6512207274539,0.34877927254608865,-236.0,Basic Materials,0.6513906958280195,0.8953087728597933,0.9705882352941176,,
2024-08-01,199357,SHW,buy,rebalance,0.2901426113605641,343.456,2024-08-01,99.6512207274539,0.34877927254608865,-247.33333333333334,Basic Materials,0.6776872484721789,0.8491916247018287,0.9649561952440551,,
2024-08-01,194210,BR,buy,rebalance,0.48044597147470236,207.414,2024-08-01,99.6512207274539,0.34877927254608865,-264.6666666666667,Technology,0.6963647709602128,0.7993639014047177,0.9831038798498123,,
2024-08-01,198290,APH,buy,rebalance,1.6300991416517359,61.132,2024-08-01,99.65122072745392,0.3487792725460887,-276.0,Technology,0.6897085100245965,0.8417704744235357,0.9274092615769712,,
2024-08-01,195164,DPZ,buy,rebalance,0.24165780492392397,412.365,2024-08-01,99.6512207274539,0.34877927254608865,-295.0,Consumer Cyclical,0.6336958800244588,0.8754306917572223,0.9637046307884856,,
2024-08-01,199902,HRB,buy,rebalance,1.8728264152202427,53.209,2024-08-01,99.6512207274539,0.34877927254608865,-300.6666666666667,Consumer Cyclical,0.621324210658851,0.8796713490591042,0.9790362953692116,,
2024-08-01,199575,LLY,buy,rebalance,0.12155967845627064,819.772,2024-08-01,99.6512207274539,0.34877927254608865,-358.3333333333333,Healthcare,0.6252460440803549,0.9186323880201431,0.8720275344180225,,
2024-08-01,199836,CL,buy,rebalance,1.0345956740357967,96.319,2024-08-01,99.6512207274539,0.34877927254608865,-371.3333333333333,Consumer Defensive,0.6975240411162491,0.7331036310628147,0.9543178973717147,,
2024-09-03,198106,WIRE,sell,delisted,2.4598815731351085,289.84,2024-07-02,712.9720751574798,2.4954022630511794,,,,,,300.00000000000006,410.47667289442853
2024-09-03,199439,PH,buy,rebalance,0.30107639374740774,566.139,2024-09-03,170.45108847976368,0.5965788096791729,-212.66666666666666,Industrials,0.6570743054086416,0.892128279883382,0.9849812265331664,,
2024-09-03,199219,EME,buy,rebalance,0.477264193177402,357.142,2024-09-03,170.4510884797637,0.596578809679173,-214.66666666666666,Industrials,0.6413037391347837,0.9507023588656242,0.9389862327909887,,
2024-09-03,193213,TT,buy,rebalance,0.501711868463037,339.739,2024-09-03,170.45108847976368,0.5965788096791729,-234.33333333333334,Basic Materials,0.6513906958280198,0.8953087728597933,0.9705882352941176,,
2024-09-03,199357,SHW,buy,rebalance,0.47707851377421046,357.281,2024-09-03,170.45108847976368,0.5965788096791729,-245.33333333333334,Basic Materials,0.677687248472179,0.8491916247018287,0.9649561952440551,,
2024-09-03,194210,BR,buy,rebalance,0.8353930340073794,204.037,2024-09-03,170.45108847976368,0.5965788096791729,-262.6666666666667,Technology,0.6963647709602127,0.7993639014047177,0.9831038798498123,,
2024-09-03,198290,APH,buy,rebalance,2.7977199586337904,60.925,2024-09-03,170.45108847976368,0.5965788096791729,-274.0,Technology,0.6897085100245965,0.8417704744235357,0.9274092615769712,,
2024-09-03,195164,DPZ,buy,rebalance,0.4370002883741583,390.048,2024-09-03,170.45108847976368,0.5965788096791729,-293.0,Consumer Cyclical,0.6336958800244588,0.8754306917572223,0.9637046307884856,,
2024-09-03,199902,HRB,buy,rebalance,2.8973497956784584,58.83,2024-09-03,170.4510884797637,0.596578809679173,-298.6666666666667,Consumer Cyclical,0.6213242106588512,0.8796713490591042,0.9790362953692116,,
2024-09-03,199575,LLY,buy,rebalance,0.18069888356447203,943.288,2024-09-03,170.45108847976368,0.5965788096791729,-356.6666666666667,Healthcare,0.6252460440803549,0.9186323880201431,0.8720275344180225,,
2024-09-03,199836,CL,buy,rebalance,1.6571817733507397,102.856,2024-09-03,170.45108847976368,0.5965788096791729,-369.0,Consumer Defensive,0.6975240411162494,0.7331036310628147,0.9543178973717147,,
2024-10-01,193213,TT,buy,rebalance,0.2619863414573621,380.368,2024-10-01,99.6512207274539,0.34877927254608865,-184.0,Basic Materials,0.6617612635549582,0.9235325794291869,0.9717495987158908,,
2024-10-01,198806,CTAS,buy,rebalance,0.49749245272234077,200.307,2024-10-01,99.6512207274539,0.34877927254608865,-187.33333333333334,Industrials,0.6988461035648549,0.8931071620893914,0.9454253611556982,,
2024-10-01,199219,EME,buy,rebalance,0.23364717417568906,426.503,2024-10-01,99.6512207274539,0.34877927254608865,-213.66666666666666,Industrials,0.6441368564751905,0.9593430263866451,0.9393258426966292,,
2024-10-01,199902,HRB,buy,rebalance,1.682359845482314,59.233,2024-10-01,99.6512207274539,0.34877927254608865,-229.66666666666666,Consumer Cyclical,0.6394390977059483,0.9192245557350566,0.9800963081861959,,
2024-10-01,194725,LDOS,buy,rebalance,0.6155489574862802,161.89,2024-10-01,99.6512207274539,0.34877927254608865,-232.33333333333334,Technology,0.690378794935362,0.908992999461497,0.892776886035313,,
2024-10-01,197175,NTAP,buy,rebalance,0.8529518768773177,116.831,2024-10-01,99.6512207274539,0.34877927254608865,-234.66666666666666,Technology,0.6447475662095377,0.9197630586968228,0.9634028892455859,,
2024-10-01,199940,AWI,buy,rebalance,0.7553225959392256,131.932,2024-10-01,99.6512207274539,0.34877927254608865,-241.66666666666666,Basic Materials,0.6610002520648759,0.9364566505115778,0.9008025682182985,,
2024-10-01,199836,CL,buy,rebalance,1.0204415619011202,97.655,2024-10-01,99.6512207274539,0.34877927254608865,-282.0,Consumer Defensive,0.6958510997645347,0.8004846526655897,0.9601926163723916,,
2024-10-01,199927,AVY,buy,rebalance,0.47027919436452403,211.898,2024-10-01,99.65122072745392,0.3487792725460887,-282.6666666666667,Consumer Cyclical,0.6957099412725947,0.808562197092084,0.9508828250401284,,
2024-10-01,196607,MCO,buy,rebalance,0.2148169513126069,463.889,2024-10-01,99.6512207274539,0.34877927254608865,-286.6666666666667,Financial Services,0.672028242988959,0.8209477652127086,0.9688603531300161,,
2024-11-01,197110,TUPBQ,sell,delisted,9.493306532305988,0.51,2024-09-17,4.841586331476054,0.01694555216016619,,,,,,300.00385465373614,-295.17921387442027
2024-11-01,196339,PRFT,sell,delisted,2.72736735132259,75.96,2024-10-01,207.1708240064639,0.7250978840226237,,,,,,300.0,-93.55427387755873
2024-11-01,193213,TT,buy,rebalance,0.32617832034727373,370.057,2024-11-01,120.70457069275108,0.42246599742462876,-183.33333333333334,Basic Materials,0.6617612635549582,0.9235325794291869,0.9717495987158908,,
2024-11-01,198806,CTAS,buy,rebalance,0.5974409050503429,202.036,2024-11-01,120.70457069275108,0.42246599742462876,-186.66666666666666,Industrials,0.6988461035648549,0.8931071620893914,0.9454253611556982,,
2024-11-01,199219,EME,buy,rebalance,0.26729151319079303,451.584,2024-11-01,120.70457069275108,0.42246599742462876,-213.33333333333334,Industrials,0.6441368564751905,0.9593430263866451,0.9393258426966292,,
2024-11-01,199902,HRB,buy,rebalance,2.1575192273397756,55.946,2024-11-01,120.70457069275108,0.42246599742462876,-229.0,Consumer Cyclical,0.6394390977059484,0.9192245557350566,0.9800963081861959,,
2024-11-01,194725,LDOS,buy,rebalance,0.6724114015528443,179.51,2024-11-01,120.70457069275108,0.42246599742462876,-231.66666666666666,Technology,0.6903787949353624,0.908992999461497,0.892776886035313,,
2024-11-01,199513,MSI,buy,rebalance,0.2709922851906216,445.417,2024-11-01,120.70457069275108,0.42246599742462876,-233.33333333333334,Technology,0.693418508074268,0.8473344103392568,0.9569823434991974,,
2024-11-01,199940,AWI,buy,rebalance,0.8719538444900027,138.43,2024-11-01,120.70457069275108,0.42246599742462876,-241.0,Basic Materials,0.6610002520648759,0.9364566505115778,0.9008025682182985,,
2024-11-01,199836,CL,buy,rebalance,1.348503750337963,89.51,2024-11-01,120.70457069275109,0.4224659974246288,-280.0,Consumer Defensive,0.6958510997645349,0.8004846526655897,0.9601926163723916,,
2024-11-01,199927,AVY,buy,rebalance,0.6075264527876258,198.682,2024-11-01,120.70457069275108,0.42246599742462876,-281.0,Consumer Cyclical,0.6957099412725948,0.808562197092084,0.9508828250401284,,
2024-11-01,196607,MCO,buy,rebalance,0.26877710090839896,449.088,2024-11-01,120.70457069275108,0.42246599742462876,-285.0,Financial Services,0.672028242988959,0.8209477652127086,0.9688603531300161,,
2024-12-02,198040,SRCL,sell,delisted,22.44524658911868,61.98,2024-11-01,1391.1563835935756,4.869047342577515,,,,,,1254.254818406125,132.03251784487315
2024-12-02,199576,VGR,sell,delisted,438.90855737212445,14.99,2024-10-07,6579.239275008145,23.02733746252851,,,,,,1200.0,5356.211937545617
2024-12-02,193213,TT,buy,rebalance,2.1837591625698476,408.072,2024-12-02,891.1309689882029,3.11895839145871,-182.66666666666666,Basic Materials,0.6617612635549582,0.9235325794291869,0.9717495987158908,,
2024-12-02,198806,CTAS,buy,rebalance,4.066194715126224,219.156,2024-12-02,891.1309689882029,3.11895839145871,-186.0,Industrials,0.6988461035648549,0.8931071620893914,0.9454253611556982,,
2024-12-02,199219,EME,buy,rebalance,1.7706570516598272,503.277,2024-12-02,891.1309689882029,3.11895839145871,-212.66666666666666,Industrials,0.6441368564751905,0.9593430263866451,0.9393258426966292,,
2024-12-02,199902,HRB,buy,rebalance,16.052364610516317,55.514,2024-12-02,891.1309689882029,3.11895839145871,-228.33333333333334,Consumer Cyclical,0.6394390977059483,0.9192245557350566,0.9800963081861959,,
2024-12-02,194725,LDOS,buy,rebalance,5.534046892683853,161.027,2024-12-02,891.1309689882028,3.1189583914587096,-230.33333333333334,Technology,0.6903787949353624,0.908992999461497,0.892776886035313,,
2024-12-02,199513,MSI,buy,rebalance,1.8282309776791708,487.428,2024-12-02,891.1309689882029,3.11895839145871,-232.0,Technology,0.693418508074268,0.8473344103392568,0.9569823434991974,,
2024-12-02,199940,AWI,buy,rebalance,5.675559632309651,157.012,2024-12-02,891.1309689882029,3.11895839145871,-240.0,Basic Materials,0.6610002520648759,0.9364566505115778,0.9008025682182985,,
2024-12-02,199836,CL,buy,rebalance,9.568164159426669,93.135,2024-12-02,891.1309689882029,3.11895839145871,-277.6666666666667,Consumer Defensive,0.695851099764535,0.8004846526655897,0.9601926163723916,,
2024-12-02,199927,AVY,buy,rebalance,4.484557820091504,198.711,2024-12-02,891.1309689882029,3.11895839145871,-278.6666666666667,Consumer Cyclical,0.6957099412725947,0.808562197092084,0.9508828250401284,,
2024-12-02,196607,MCO,buy,rebalance,1.8173365330645468,490.35,2024-12-02,891.1309689882006,3.118958391458702,-283.3333333333333,Financial Services,0.6720282429889592,0.8209477652127086,0.9688603531300161,,
2025-01-02,198439,FISV,buy,rebalance,0.4837907599157875,205.98,2025-01-02,99.6512207274539,0.34877927254608865,-220.33333333333334,Technology,0.690472614194743,0.8403730115194734,0.9727095516569201,,
2025-01-02,193213,TT,buy,rebalance,0.2703989882275554,368.534,2025-01-02,99.6512207274539,0.34877927254608865,-230.0,Basic Materials,0.6531803244653761,0.892210641799232,0.9684860298895387,,
2025-01-02,198806,CTAS,buy,rebalance,0.5559622002078425,179.241,2025-01-02,99.6512207274539,0.34877927254608865,-235.66666666666666,Industrials,0.6953361256092171,0.842292923752057,0.9483430799220273,,
2025-01-02,193837,ALSN,buy,rebalance,0.943041740583457,105.67,2025-01-02,99.6512207274539,0.34877927254608865,-250.33333333333334,Consumer Cyclical,0.647331045505779,0.926220515633571,0.9197530864197531,,
2025-01-02,199219,EME,buy,rebalance,0.21853912981800816,455.988,2025-01-02,99.6512207274539,0.34877927254608865,-256.3333333333333,Industrials,0.6157743592441524,0.9476138233680746,0.951591942820013,,
2025-01-02,199601,K,buy,rebalance,1.2555749962510099,79.367,2025-01-02,99.6512207274539,0.34877927254608865,-259.6666666666667,Consumer Defensive,0.6819111411352006,0.8551837630279758,0.9285250162443145,,
2025-01-02,199513,MSI,buy,rebalance,0.2206122623216005,451.703,2025-01-02,99.6512207274539,0.34877927254608865,-264.3333333333333,Technology,0.6943478868022829,0.8167855183763028,0.9512670565302144,,
2025-01-02,197806,BSX,buy,rebalance,1.1149163205130221,89.38,2025-01-02,99.65122072745392,0.3487792725460887,-296.3333333333333,Healthcare,0.68566229591866,0.8554580362040592,0.8859649122807017,,
2025-01-02,124117,JCI,buy,rebalance,1.2885989257814117,77.333,2025-01-02,99.6512207274539,0.34877927254608865,-299.0,Basic Materials,0.6569802990229822,0.8189797037849699,0.9759584145549057,,
2025-01-02,186763,HLT,buy,rebalance,0.40804208013927684,244.218,2025-01-02,99.6512207274539,0.34877927254608865,-307.6666666666667,Consumer Cyclical,0.6504340966056963,0.8030718595721339,0.9996751137102015,,
2025-02-03,198385,PMDI,sell,delisted,40.889613729359795,2.67,2024-12-12,109.17526865739065,0.38211344030086725,,,,,,331.7417125272963,-222.9485573102065
2025-02-03,198439,FISV,buy,rebalance,0.5100756691516402,216.62,2025-02-03,110.49259145162829,0.38672407008069903,-217.66666666666666,Technology,0.6904726141947429,0.8403730115194734,0.9727095516569201,,
2025-02-03,193213,TT,buy,rebalance,0.3108938063314836,355.403,2025-02-03,110.49259145162827,0.386724070080699,-227.66666666666666,Basic Materials,0.6531803244653761,0.892210641799232,0.9684860298895387,,
2025-02-03,198806,CTAS,buy,rebalance,0.555110835945602,199.046,2025-02-03,110.49259145162829,0.38672407008069903,-233.0,Industrials,0.695336125609217,0.842292923752057,0.9483430799220273,,
2025-02-03,193837,ALSN,buy,rebalance,0.9966768426374314,110.861,2025-02-03,110.49259145162829,0.38672407008069903,-248.66666666666666,Consumer Cyclical,0.6473310455057791,0.926220515633571,0.9197530864197531,,
2025-02-03,197276,WAB,buy,rebalance,0.5445640556312107,202.901,2025-02-03,110.49259145162829,0.38672407008069903,-254.66666666666666,Industrials,0.6821445750352658,0.8518924849149753,0.9346978557504874,,
2025-02-03,199601,K,buy,rebalance,1.3802602239997535,80.052,2025-02-03,110.49259145162827,0.386724070080699,-257.3333333333333,Consumer Defensive,0.6819111411352007,0.8551837630279758,0.9285250162443145,,
2025-02-03,199513,MSI,buy,rebalance,0.2373066603916752,465.611,2025-02-03,110.49259145162827,0.386724070080699,-261.3333333333333,Technology,0.6943478868022827,0.8167855183763028,0.9512670565302144,,
2025-02-03,197806,BSX,buy,rebalance,1.0720150524073764,103.07,2025-02-03,110.49259145162827,0.386724070080699,-294.0,Healthcare,0.68566229591866,0.8554580362040592,0.8859649122807017,,
2025-02-03,124117,JCI,buy,rebalance,1.4649721099880446,75.423,2025-02-03,110.49259145162829,0.38672407008069903,-296.0,Basic Materials,0.6569802990229822,0.8189797037849699,0.9759584145549057,,
2025-02-03,186763,HLT,buy,rebalance,0.4327493428099186,255.327,2025-02-03,110.49259145162809,0.3867240700806983,-305.0,Consumer Cyclical,0.6504340966056963,0.8030718595721339,0.9996751137102015,,
2025-03-03,198439,FISV,buy,rebalance,0.41907237784370205,237.79,2025-03-03,99.6512207274539,0.34877927254608865,-217.33333333333334,Technology,0.6904726141947429,0.8403730115194734,0.9727095516569201,,
2025-03-03,193213,TT,buy,rebalance,0.2919532081571691,341.326,2025-03-03,99.6512207274539,0.34877927254608865,-227.33333333333334,Basic Materials,0.6531803244653762,0.892210641799232,0.9684860298895387,,
2025-03-03,198806,CTAS,buy,rebalance,0.4871157660673101,204.574,2025-03-03,99.6512207274539,0.34877927254608865,-232.66666666666666,Industrials,0.695336125609217,0.842292923752057,0.9483430799220273,,
2025-03-03,193837,ALSN,buy,rebalance,1.0275016572574232,96.984,2025-03-03,99.65122072745392,0.3487792725460887,-248.66666666666666,Consumer Cyclical,0.6473310455057791,0.926220515633571,0.9197530864197531,,
2025-03-03,197276,WAB,buy,rebalance,0.5525435027859934,180.35,2025-03-03,99.6512207274539,0.34877927254608865,-254.33333333333334,Industrials,0.6821445750352658,0.8518924849149753,0.9346978557504874,,
2025-03-03,199601,K,buy,rebalance,1.2235851369987711,81.442,2025-03-03,99.6512207274539,0.34877927254608865,-257.0,Consumer Defensive,0.6819111411352006,0.8551837630279758,0.9285250162443145,,
2025-03-03,199513,MSI,buy,rebalance,0.23706951113476493,420.346,2025-03-03,99.6512207274539,0.34877927254608865,-261.0,Technology,0.6943478868022828,0.8167855183763028,0.9512670565302144,,
2025-03-03,197806,BSX,buy,rebalance,0.9502357273524735,104.87,2025-03-03,99.6512207274539,0.34877927254608865,-293.6666666666667,Healthcare,0.68566229591866,0.8554580362040592,0.8859649122807017,,
2025-03-03,124117,JCI,buy,rebalance,1.2322548903467818,80.869,2025-03-03,99.6512207274539,0.34877927254608865,-295.6666666666667,Basic Materials,0.6569802990229822,0.8189797037849699,0.9759584145549057,,
2025-03-03,186763,HLT,buy,rebalance,0.3792451752059046,262.762,2025-03-03,99.6512207274539,0.34877927254608865,-304.6666666666667,Consumer Cyclical,0.6504340966056963,0.8030718595721339,0.9996751137102015,,
2025-04-01,198439,FISV,buy,rebalance,0.44885915376538854,222.01,2025-04-01,99.6512207274539,0.34877927254608865,-209.33333333333334,Technology,0.6862346010821073,0.8475763519193051,0.9745538664904164,,
2025-04-01,197806,BSX,buy,rebalance,0.9843068029183515,101.24,2025-04-01,99.6512207274539,0.34877927254608865,-236.0,Healthcare,0.6836035438778512,0.8585037825721491,0.9398545935228024,,
2025-04-01,199601,K,buy,rebalance,1.2252098842729227,81.334,2025-04-01,99.65122072745389,0.34877927254608865,-256.3333333333333,Consumer Defensive,0.689057478469614,0.8509386382740264,0.9170522141440846,,
2025-04-01,193970,SSNC,buy,rebalance,1.2210064538860232,81.614,2025-04-01,99.6512207274539,0.34877927254608865,-257.6666666666667,Technology,0.6930690437008675,0.7934995797142057,0.9748843357567746,,
2025-04-01,193811,PM,buy,rebalance,0.6581722040569984,151.406,2025-04-01,99.6512207274539,0.34877927254608865,-263.3333333333333,Consumer Defensive,0.6689114611204697,0.8170355841972541,0.9857898215465961,,
2025-04-01,199439,PH,buy,rebalance,0.16527661431305132,602.936,2025-04-01,99.65122072745392,0.3487792725460887,-266.6666666666667,Industrials,0.6601714630352925,0.8377696833847016,0.979841374752148,,
2025-04-01,124117,JCI,buy,rebalance,1.244364785188356,80.082,2025-04-01,99.6512207274539,0.34877927254608865,-270.6666666666667,Basic Materials,0.6652472000341983,0.830484729616139,0.9732319894249835,,
2025-04-01,199928,ADP,buy,rebalance,0.33572720595998246,296.822,2025-04-01,99.65122072745392,0.3487792725460887,-288.3333333333333,Industrials,0.7031969401705582,0.7430652843933875,0.9940515532055518,,
2025-04-01,199940,AWI,buy,rebalance,0.7116165296351191,140.035,2025-04-01,99.6512207274539,0.34877927254608865,-289.6666666666667,Basic Materials,0.6738538683746023,0.8604651162790697,0.900198281559815,,
2025-04-01,193922,IDCC,buy,rebalance,0.49332531709292576,201.999,2025-04-01,99.6512207274539,0.34877927254608865,-292.0,Communication Services,0.6034380159117176,0.9335948444942561,0.9600132187706544,,
2025-05-01,198439,FISV,buy,rebalance,0.5444826834633041,183.02,2025-05-01,99.65122072745392,0.3487792725460887,-208.66666666666666,Technology,0.6862346010821073,0.8475763519193051,0.9745538664904164,,
2025-05-01,197806,BSX,buy,rebalance,0.9657061801284419,103.19,2025-05-01,99.65122072745392,0.3487792725460887,-235.33333333333334,Healthcare,0.6836035438778512,0.8585037825721491,0.9398545935228024,,
2025-05-01,199601,K,buy,rebalance,1.2207671288429978,81.63,2025-05-01,99.6512207274539,0.34877927254608865,-255.33333333333334,Consumer Defensive,0.689057478469614,0.8509386382740264,0.9170522141440846,,
2025-05-01,193970,SSNC,buy,rebalance,1.3392901207893704,74.406,2025-05-01,99.6512207274539,0.34877927254608865,-256.0,Technology,0.6930690437008675,0.7934995797142057,0.9748843357567746,,
2025-05-01,193811,PM,buy,rebalance,0.6118827258225096,162.86,2025-05-01,99.65122072745392,0.3487792725460887,-261.6666666666667,Consumer Defensive,0.6689114611204697,0.8170355841972541,0.9857898215465961,,
2025-05-01,199439,PH,buy,rebalance,0.1652061955749717,603.193,2025-05-01,99.6512207274539,0.34877927254608865,-266.0,Industrials,0.6601714630352925,0.8377696833847016,0.979841374752148,,
2025-05-01,124117,JCI,buy,rebalance,1.1609355024925603,85.837,2025-05-01,99.6512207274539,0.34877927254608865,-269.3333333333333,Basic Materials,0.6652472000341983,0.830484729616139,0.9732319894249835,,
2025-05-01,199928,ADP,buy,rebalance,0.3445504328090073,289.221,2025-05-01,99.6512207274539,0.34877927254608865,-286.6666666666667,Industrials,0.7031969401705582,0.7430652843933875,0.9940515532055518,,
2025-05-01,199940,AWI,buy,rebalance,0.686553774638497,145.147,2025-05-01,99.65122072745392,0.3487792725460887,-289.0,Basic Materials,0.6738538683746021,0.8604651162790697,0.900198281559815,,
2025-05-01,193922,IDCC,buy,rebalance,0.4986650089446041,199.836,2025-05-01,99.6512207274539,0.34877927254608865,-291.6666666666667,Communication Services,0.6034380159117175,0.9335948444942561,0.9600132187706544,,
2025-06-02,198439,FISV,buy,rebalance,0.6151309921447772,162.0,2025-06-02,99.6512207274539,0.34877927254608865,-207.66666666666666,Technology,0.6862346010821073,0.8475763519193051,0.9745538664904164,,
2025-06-02,197806,BSX,buy,rebalance,0.95662110710813,104.17,2025-06-02,99.6512207274539,0.34877927254608865,-234.33333333333334,Healthcare,0.6836035438778512,0.8585037825721491,0.9398545935228024,,
2025-06-02,199601,K,buy,rebalance,1.2222494600514393,81.531,2025-06-02,99.6512207274539,0.34877927254608865,-254.33333333333334,Consumer Defensive,0.689057478469614,0.8509386382740264,0.9170522141440846,,
2025-06-02,193970,SSNC,buy,rebalance,1.2734817539386576,78.251,2025-06-02,99.6512207274539,0.34877927254608865,-254.66666666666666,Technology,0.6930690437008675,0.7934995797142057,0.9748843357567746,,
2025-06-02,193811,PM,buy,rebalance,0.5693607167483925,175.023,2025-06-02,99.6512207274539,0.34877927254608865,-260.6666666666667,Consumer Defensive,0.6689114611204697,0.8170355841972541,0.9857898215465961,,
2025-06-02,199439,PH,buy,rebalance,0.15222804861377767,654.618,2025-06-02,99.65122072745392,0.3487792725460887,-265.0,Industrials,0.6601714630352925,0.8377696833847016,0.979841374752148,,
2025-06-02,124117,JCI,buy,rebalance,1.0089730241224513,98.765,2025-06-02,99.6512207274539,0.34877927254608865,-268.3333333333333,Basic Materials,0.6652472000341983,0.830484729616139,0.9732319894249835,,
2025-06-02,199928,ADP,buy,rebalance,0.3158797634257681,315.472,2025-06-02,99.65122072745392,0.3487792725460887,-284.0,Industrials,0.7031969401705582,0.7430652843933875,0.9940515532055518,,
2025-06-02,199940,AWI,buy,rebalance,0.6529197290560719,152.624,2025-06-02,99.6512207274539,0.34877927254608865,-288.0,Basic Materials,0.6738538683746023,0.8604651162790697,0.900198281559815,,
2025-06-02,193922,IDCC,buy,rebalance,0.4658928563695582,213.893,2025-06-02,99.6512207274539,0.34877927254608865,-291.0,Communication Services,0.6034380159117176,0.9335948444942561,0.9600132187706544,,
2025-07-01,193811,PM,buy,rebalance,0.5817622581758278,171.292,2025-07-01,99.6512207274539,0.34877927254608865,-110.0,Consumer Defensive,0.6826476048698651,0.9400397840295539,0.9927963326784545,,
2025-07-01,199601,K,buy,rebalance,1.2569845446082635,79.278,2025-07-01,99.65122072745392,0.3487792725460887,-161.0,Consumer Defensive,0.7013330469461243,0.9158851946575731,0.9299279633267845,,
2025-07-01,193960,V,buy,rebalance,0.28305824346248254,352.052,2025-07-01,99.6512207274539,0.34877927254608865,-168.0,Financial Services,0.6961808670149232,0.868428530832623,0.9859201047806155,,
2025-07-01,197859,GILD,buy,rebalance,0.915188552499439,108.886,2025-07-01,99.6512207274539,0.34877927254608865,-177.66666666666666,Healthcare,0.6811405100990048,0.9215686274509803,0.9436804191224624,,
2025-07-01,194210,BR,buy,rebalance,0.41549734288202733,239.836,2025-07-01,99.65122072745392,0.3487792725460887,-202.33333333333334,Technology,0.701148592134503,0.8371696504688833,0.9780615586116569,,
2025-07-01,199623,IBM,buy,rebalance,0.35352230454501693,281.881,2025-07-01,99.6512207274539,0.34877927254608865,-208.33333333333334,Technology,0.67351080386112,0.9056550156294402,0.9459724950884086,,
2025-07-01,199928,ADP,buy,rebalance,0.330183033894137,301.806,2025-07-01,99.6512207274539,0.34877927254608865,-215.66666666666666,Industrials,0.6988056606465611,0.8223927252060245,0.9842829076620825,,
2025-07-01,197806,BSX,buy,rebalance,0.9510519252476991,104.78,2025-07-01,99.65122072745392,0.3487792725460887,-244.33333333333334,Healthcare,0.6895628577143331,0.8837737993748224,0.8978388998035364,,
2025-07-01,195805,MA,buy,rebalance,0.17783999901391276,560.342,2025-07-01,99.6512207274539,0.34877927254608865,-244.66666666666666,Financial Services,0.684994655176409,0.817277635691958,0.9875573018991487,,
2025-07-01,199383,RGLD,buy,rebalance,0.5672540500102685,175.673,2025-07-01,99.6512207274539,0.34877927254608865,-253.0,Basic Materials,0.6508149730847079,0.8715544188689969,0.9806810740013098,,
2025-08-01,193811,PM,buy,rebalance,0.6337765415079049,157.234,2025-08-01,99.65122072745392,0.3487792725460887,-109.66666666666667,Consumer Defensive,0.6826476048698651,0.9400397840295539,0.9927963326784545,,
2025-08-01,199601,K,buy,rebalance,1.2560497715751024,79.337,2025-08-01,99.6512207274539,0.34877927254608865,-160.66666666666666,Consumer Defensive,0.7013330469461244,0.9158851946575731,0.9299279633267845,,
2025-08-01,193960,V,buy,rebalance,0.2965042406503492,336.087,2025-08-01,99.6512207274539,0.34877927254608865,-167.66666666666666,Financial Services,0.6961808670149232,0.868428530832623,0.9859201047806155,,
2025-08-01,197859,GILD,buy,rebalance,0.9034644079044588,110.299,2025-08-01,99.6512207274539,0.34877927254608865,-177.33333333333334,Healthcare,0.6811405100990047,0.9215686274509803,0.9436804191224624,,
2025-08-01,194210,BR,buy,rebalance,0.41563251581784094,239.758,2025-08-01,99.65122072745392,0.3487792725460887,-201.66666666666666,Technology,0.7011485921345031,0.8371696504688833,0.9780615586116569,,
2025-08-01,199623,IBM,buy,rebalance,0.41170024427986973,242.048,2025-08-01,99.6512207274539,0.34877927254608865,-208.0,Technology,0.67351080386112,0.9056550156294402,0.9459724950884086,,
2025-08-01,199928,ADP,buy,rebalance,0.34083242375384404,292.376,2025-08-01,99.65122072745389,0.34877927254608865,-215.0,Industrials,0.6988056606465611,0.8223927252060245,0.9842829076620825,,
2025-08-01,195805,MA,buy,rebalance,0.17909835592321044,556.405,2025-08-01,99.6512207274539,0.34877927254608865,-244.0,Financial Services,0.6849946551764089,0.817277635691958,0.9875573018991487,,
2025-08-01,197806,BSX,buy,rebalance,0.9453678088175117,105.41,2025-08-01,99.6512207274539,0.34877927254608865,-244.0,Healthcare,0.6895628577143331,0.8837737993748224,0.8978388998035364,,
2025-08-01,199383,RGLD,buy,rebalance,0.6584374820935869,151.345,2025-08-01,99.6512207274539,0.34877927254608865,-252.66666666666666,Basic Materials,0.650814973084708,0.8715544188689969,0.9806810740013098,,
2025-09-02,193811,PM,buy,rebalance,0.6169666583752518,161.518,2025-09-02,99.65122072745392,0.3487792725460887,-108.66666666666667,Consumer Defensive,0.6826476048698651,0.9400397840295539,0.9927963326784545,,
2025-09-02,199601,K,buy,rebalance,1.2623666167653143,78.94,2025-09-02,99.6512207274539,0.34877927254608865,-159.33333333333334,Consumer Defensive,0.7013330469461243,0.9158851946575731,0.9299279633267845,,
2025-09-02,193960,V,buy,rebalance,0.28692132931615927,347.312,2025-09-02,99.65122072745392,0.3487792725460887,-165.66666666666666,Financial Services,0.6961808670149232,0.868428530832623,0.9859201047806155,,
2025-09-02,197859,GILD,buy,rebalance,0.9072315503997043,109.841,2025-09-02,99.65122072745392,0.3487792725460887,-176.0,Healthcare,0.6811405100990048,0.9215686274509803,0.9436804191224624,,
2025-09-02,194210,BR,buy,rebalance,0.4035753165079273,246.921,2025-09-02,99.6512207274539,0.34877927254608865,-199.0,Technology,0.7011485921345031,0.8371696504688833,0.9780615586116569,,
2025-09-02,199623,IBM,buy,rebalance,0.4233415779952331,235.392,2025-09-02,99.6512207274539,0.34877927254608865,-206.0,Technology,0.67351080386112,0.9056550156294402,0.9459724950884086,,
2025-09-02,199928,ADP,buy,rebalance,0.3415941805523505,291.724,2025-09-02,99.6512207274539,0.34877927254608865,-212.0,Industrials,0.6988056606465611,0.8223927252060245,0.9842829076620825,,
2025-09-02,195805,MA,buy,rebalance,0.16942127273932717,588.186,2025-09-02,99.65122072745389,0.34877927254608865,-241.0,Financial Services,0.684994655176409,0.817277635691958,0.9875573018991487,,
2025-09-02,197806,BSX,buy,rebalance,0.9342885873565902,106.66,2025-09-02,99.6512207274539,0.34877927254608865,-242.0,Healthcare,0.6895628577143331,0.8837737993748224,0.8978388998035364,,
2025-09-02,199383,RGLD,buy,rebalance,0.5492907028379428,181.418,2025-09-02,99.6512207274539,0.34877927254608865,-250.33333333333334,Basic Materials,0.650814973084708,0.8715544188689969,0.9806810740013098,,
2025-10-01,195444,MODVQ,sell,delisted,1.6395312442310215,0.282,2025-08-28,0.462347810873148,0.0016182173380560182,,,,,,300.00000000000006,-299.53927040646494
2025-10-01,193811,PM,buy,rebalance,0.6423453236551915,155.208,2025-10-01,99.69713299387496,0.3489399654785624,-162.0,Consumer Defensive,0.675682689975015,0.8993963782696177,0.9876088412592097,,
2025-10-01,193960,V,buy,rebalance,0.28890266856919505,345.089,2025-10-01,99.69713299387494,0.3489399654785623,-202.33333333333334,Financial Services,0.6994479870851928,0.8275366484622018,0.9842598794373744,,
2025-10-01,198061,CSCO,buy,rebalance,1.4799984115000069,67.363,2025-10-01,99.69713299387496,0.3489399654785624,-207.66666666666666,Technology,0.6897445551509419,0.8292612819775798,0.9912926992632284,,
2025-10-01,199601,K,buy,rebalance,1.2090362963118477,82.46,2025-10-01,99.69713299387496,0.3489399654785624,-225.33333333333334,Consumer Defensive,0.6972014985383901,0.8611670020120724,0.9236436704621568,,
2025-10-01,199928,ADP,buy,rebalance,0.3494809620077503,285.272,2025-10-01,99.69713299387494,0.3489399654785623,-229.66666666666666,Industrials,0.7022872109737113,0.7967806841046278,0.9862692565304756,,
2025-10-01,124117,JCI,buy,rebalance,0.9239428843590132,107.904,2025-10-01,99.69713299387496,0.3489399654785624,-239.0,Basic Materials,0.6441273011513942,0.8907732106927277,0.9732083054253181,,
2025-10-01,631545,RPRX,buy,rebalance,2.798280369200487,35.628,2025-10-01,99.69713299387496,0.3489399654785624,-243.66666666666666,Healthcare,0.6782657185659245,0.8154642138545559,0.9886135298057602,,
2025-10-01,197859,GILD,buy,rebalance,0.9139734050281437,109.081,2025-10-01,99.69713299387494,0.3489399654785623,-247.66666666666666,Healthcare,0.6761361846913218,0.8473699338890486,0.9517749497655726,,
2025-10-01,196456,BKNG,buy,rebalance,0.4689467116053535,212.598,2025-10-01,99.69713299387494,0.3489399654785623,-253.66666666666666,Industrials,0.6641619431935091,0.8482322506467376,0.9678499665103818,,
2025-10-01,196547,NFLX,buy,rebalance,0.8514572806719177,117.09,2025-10-01,99.69713299387485,0.348939965478562,-267.3333333333333,Communication Services,0.5987438538920857,0.9321644150617994,0.9825853985264568,,
2025-11-03,193811,PM,buy,rebalance,0.7074637449857225,140.857,2025-11-03,99.65122072745392,0.3487792725460887,-160.66666666666666,Consumer Defensive,0.675682689975015,0.8993963782696177,0.9876088412592097,,
2025-11-03,193960,V,buy,rebalance,0.29813736208497305,334.246,2025-11-03,99.65122072745389,0.34877927254608865,-200.0,Financial Services,0.699447987085193,0.8275366484622018,0.9842598794373744,,
2025-11-03,198061,CSCO,buy,rebalance,1.3578495513967204,73.389,2025-11-03,99.6512207274539,0.34877927254608865,-205.33333333333334,Technology,0.6897445551509421,0.8292612819775798,0.9912926992632284,,
2025-11-03,199601,K,buy,rebalance,1.1997498281658308,83.06,2025-11-03,99.6512207274539,0.34877927254608865,-223.66666666666666,Consumer Defensive,0.6972014985383901,0.8611670020120724,0.9236436704621568,,
2025-11-03,199928,ADP,buy,rebalance,0.39610152129522974,251.58,2025-11-03,99.6512207274539,0.34877927254608865,-226.66666666666666,Industrials,0.7022872109737112,0.7967806841046278,0.9862692565304756,,
2025-11-03,124117,JCI,buy,rebalance,0.8885134031247284,112.155,2025-11-03,99.65122072745392,0.3487792725460887,-237.66666666666666,Basic Materials,0.6441273011513942,0.8907732106927277,0.9732083054253181,,
2025-11-03,631545,RPRX,buy,rebalance,2.7235294959538088,36.589,2025-11-03,99.6512207274539,0.34877927254608865,-240.66666666666666,Healthcare,0.6782657185659245,0.8154642138545559,0.9886135298057602,,
2025-11-03,197859,GILD,buy,rebalance,0.8319659764518852,119.778,2025-11-03,99.6512207274539,0.34877927254608865,-245.66666666666666,Healthcare,0.6761361846913218,0.8473699338890486,0.9517749497655726,,
2025-11-03,196456,BKNG,buy,rebalance,0.49855024828375694,199.882,2025-11-03,99.6512207274539,0.34877927254608865,-251.66666666666666,Industrials,0.6641619431935091,0.8482322506467376,0.9678499665103818,,
2025-11-03,196547,NFLX,buy,rebalance,0.9058460737526375,110.009,2025-11-03,99.6512207274539,0.34877927254608865,-266.3333333333333,Communication Services,0.5987438538920857,0.9321644150617994,0.9825853985264568,,
2025-12-01,193811,PM,buy,rebalance,0.6551346459584894,152.108,2025-12-01,99.6512207274539,0.34877927254608865,-159.33333333333334,Consumer Defensive,0.675682689975015,0.8993963782696177,0.9876088412592097,,
2025-12-01,193960,V,buy,rebalance,0.3034123060193155,328.435,2025-12-01,99.65122072745389,0.34877927254608865,-197.33333333333334,Financial Services,0.699447987085193,0.8275366484622018,0.9842598794373744,,
2025-12-01,198061,CSCO,buy,rebalance,1.3294628945975493,74.956,2025-12-01,99.6512207274539,0.34877927254608865,-202.66666666666666,Technology,0.6897445551509419,0.8292612819775798,0.9912926992632284,,
2025-12-01,199601,K,buy,rebalance,1.1996054017991322,83.07,2025-12-01,99.6512207274539,0.34877927254608865,-221.33333333333334,Consumer Defensive,0.6972014985383901,0.8611670020120724,0.9236436704621568,,
2025-12-01,199928,ADP,buy,rebalance,0.3981605357519165,250.279,2025-12-01,99.65122072745392,0.3487792725460887,-224.0,Industrials,0.7022872109737112,0.7967806841046278,0.9862692565304756,,
2025-12-01,124117,JCI,buy,rebalance,0.8749086535215752,113.899,2025-12-01,99.65122072745389,0.34877927254608865,-236.0,Basic Materials,0.644127301151394,0.8907732106927277,0.9732083054253181,,
2025-12-01,631545,RPRX,buy,rebalance,2.531789144498321,39.36,2025-12-01,99.65122072745392,0.3487792725460887,-238.0,Healthcare,0.6782657185659248,0.8154642138545559,0.9886135298057602,,
2025-12-01,197859,GILD,buy,rebalance,0.8167061756446196,122.016,2025-12-01,99.6512207274539,0.34877927254608865,-243.33333333333334,Healthcare,0.6761361846913218,0.8473699338890486,0.9517749497655726,,
2025-12-01,196456,BKNG,buy,rebalance,0.5126882786821727,194.37,2025-12-01,99.65122072745392,0.3487792725460887,-249.0,Industrials,0.6641619431935091,0.8482322506467376,0.9678499665103818,,
2025-12-01,196547,NFLX,buy,rebalance,0.9131423140058088,109.13,2025-12-01,99.65122072745392,0.3487792725460887,-264.6666666666667,Communication Services,0.5987438538920857,0.9321644150617994,0.9825853985264568,,
2026-01-02,194504,HBI,sell,delisted,22.472599758546302,6.47,2025-11-28,145.39772043779456,0.508892021532281,,,,,,299.99999999999994,-155.11117158373767
2026-01-02,199688,GE,buy,rebalance,0.3566580782121858,319.885,2026-01-02,114.08956934890506,0.39931349272116773,-230.66666666666666,Industrials,0.6386103932533741,0.9066473988439306,0.9509243697478992,,
2026-01-02,197859,GILD,buy,rebalance,0.9497649874205409,120.124,2026-01-02,114.08956934890506,0.39931349272116773,-246.66666666666666,Healthcare,0.6705476139310496,0.8367052023121387,0.9512605042016806,,
2026-01-02,199623,IBM,buy,rebalance,0.39937259986594775,285.672,2026-01-02,114.08956934890503,0.3993134927211676,-253.66666666666666,Technology,0.6635522225208887,0.8190751445086705,0.9744537815126051,,
2026-01-02,198823,CAH,buy,rebalance,0.5571296621703432,204.781,2026-01-02,114.08956934890506,0.39931349272116773,-257.6666666666667,Healthcare,0.6095285637839163,0.9002890173410405,0.9794957983193278,,
2026-01-02,193960,V,buy,rebalance,0.3312416727605175,344.43,2026-01-02,114.08956934890506,0.39931349272116773,-266.3333333333333,Financial Services,0.6930569554199808,0.7566473988439306,0.9845378151260504,,
2026-01-02,195213,NEU,buy,rebalance,0.16732257836561057,681.854,2026-01-02,114.08956934890503,0.3993134927211676,-271.6666666666667,Basic Materials,0.6728846790431728,0.869942196531792,0.8863865546218488,,
2026-01-02,124117,JCI,buy,rebalance,0.9381825828192871,121.607,2026-01-02,114.08956934890504,0.3993134927211677,-298.6666666666667,Basic Materials,0.6344808794041865,0.815606936416185,0.9821848739495799,,
2026-01-02,196547,NFLX,buy,rebalance,1.2538693191439176,90.99,2026-01-02,114.08956934890506,0.39931349272116773,-300.0,Communication Services,0.5975189844402005,0.8786127167630058,0.9815126050420168,,
2026-01-02,194189,TEL,buy,rebalance,0.4944486213932723,230.741,2026-01-02,114.08956934890504,0.3993134927211677,-301.6666666666667,Technology,0.6478788699713789,0.8832369942196532,0.8894117647058823,,
2026-01-02,124159,LAUR,buy,rebalance,3.4250846397149495,33.31,2026-01-02,114.08956934890497,0.3993134927211674,-306.3333333333333,Consumer Defensive,0.6362276843349451,0.888728323699422,0.8954621848739496,,
2026-02-02,199601,K,sell,delisted,14.911439289642384,83.44,2025-12-11,1244.2104943277604,4.354736730147161,,,,,,1210.9253884810623,28.93036911655099
2026-02-02,199688,GE,buy,rebalance,0.7249766482113638,307.878,2026-02-02,223.20436049801825,0.7812152617430639,-229.0,Industrials,0.6386103932533741,0.9066473988439306,0.9509243697478992,,
2026-02-02,197859,GILD,buy,rebalance,1.581271371882103,141.155,2026-02-02,223.20436049801825,0.7812152617430639,-245.0,Healthcare,0.6705476139310494,0.8367052023121387,0.9512605042016806,,
2026-02-02,199623,IBM,buy,rebalance,0.7236627269037704,308.437,2026-02-02,223.20436049801825,0.7812152617430639,-252.0,Technology,0.6635522225208887,0.8190751445086705,0.9744537815126051,,
2026-02-02,198823,CAH,buy,rebalance,1.024197385860746,217.931,2026-02-02,223.20436049801825,0.7812152617430639,-255.33333333333334,Healthcare,0.6095285637839163,0.9002890173410405,0.9794957983193278,,
2026-02-02,193960,V,buy,rebalance,0.6725757777952428,331.865,2026-02-02,223.20436049801825,0.7812152617430639,-264.6666666666667,Financial Services,0.6930569554199808,0.7566473988439306,0.9845378151260504,,
2026-02-02,195213,NEU,buy,rebalance,0.3316607386410173,672.99,2026-02-02,223.20436049801825,0.7812152617430639,-269.6666666666667,Basic Materials,0.6728846790431728,0.869942196531792,0.8863865546218488,,
2026-02-02,124117,JCI,buy,rebalance,1.8254590997032727,122.273,2026-02-02,223.20436049801825,0.7812152617430639,-296.6666666666667,Basic Materials,0.6344808794041865,0.815606936416185,0.9821848739495799,,
2026-02-02,196547,NFLX,buy,rebalance,2.697007739222067,82.76,2026-02-02,223.20436049801827,0.781215261743064,-297.3333333333333,Communication Services,0.5975189844402005,0.8786127167630058,0.9815126050420168,,
2026-02-02,194189,TEL,buy,rebalance,0.9932731113851183,224.716,2026-02-02,223.20436049801825,0.7812152617430639,-299.3333333333333,Technology,0.6478788699713789,0.8832369942196532,0.8894117647058823,,
2026-02-02,124159,LAUR,buy,rebalance,6.38821867481449,34.94,2026-02-02,223.20436049801825,0.7812152617430639,-304.0,Consumer Defensive,0.636227684334945,0.888728323699422,0.8954621848739496,,
2026-03-02,199688,GE,buy,rebalance,0.2890049555910939,344.808,2026-03-02,99.6512207274539,0.34877927254608865,-228.66666666666666,Industrials,0.6386103932533741,0.9066473988439306,0.9509243697478992,,
2026-03-02,197859,GILD,buy,rebalance,0.6723695641118549,148.209,2026-03-02,99.6512207274539,0.34877927254608865,-244.33333333333334,Healthcare,0.6705476139310494,0.8367052023121387,0.9512605042016806,,
2026-03-02,199623,IBM,buy,rebalance,0.4223672652529464,235.935,2026-03-02,99.6512207274539,0.34877927254608865,-251.33333333333334,Technology,0.6635522225208887,0.8190751445086705,0.9744537815126051,,
2026-03-02,198823,CAH,buy,rebalance,0.4354795492195284,228.831,2026-03-02,99.6512207274539,0.34877927254608865,-255.0,Healthcare,0.6095285637839163,0.9002890173410405,0.9794957983193278,,
2026-03-02,193960,V,buy,rebalance,0.31212795907917557,319.264,2026-03-02,99.65122072745392,0.3487792725460887,-264.0,Financial Services,0.6930569554199808,0.7566473988439306,0.9845378151260504,,
2026-03-02,195213,NEU,buy,rebalance,0.160735812157469,619.969,2026-03-02,99.6512207274539,0.34877927254608865,-269.0,Basic Materials,0.6728846790431728,0.869942196531792,0.8863865546218488,,
2026-03-02,124117,JCI,buy,rebalance,0.6890413055147101,144.623,2026-03-02,99.65122072745392,0.3487792725460887,-296.0,Basic Materials,0.6344808794041865,0.815606936416185,0.9821848739495799,,
2026-03-02,196547,NFLX,buy,rebalance,1.0263798612365218,97.09,2026-03-02,99.6512207274539,0.34877927254608865,-296.0,Communication Services,0.5975189844402005,0.8786127167630058,0.9815126050420168,,
2026-03-02,194189,TEL,buy,rebalance,0.4737130314764734,210.362,2026-03-02,99.6512207274539,0.34877927254608865,-298.6666666666667,Technology,0.6478788699713789,0.8832369942196532,0.8894117647058823,,
2026-03-02,124159,LAUR,buy,rebalance,3.076604530023276,32.39,2026-03-02,99.65122072745392,0.3487792725460887,-303.3333333333333,Consumer Defensive,0.636227684334945,0.888728323699422,0.8954621848739496,,
2026-04-01,199185,JNJ,buy,rebalance,0.41058239246273864,242.707,2026-04-01,99.6512207274539,0.34877927254608865,-215.0,Healthcare,0.695112146836474,0.829261198371146,0.9672913117546849,,
2026-04-01,124117,JCI,buy,rebalance,0.7417174342581718,134.352,2026-04-01,99.6512207274539,0.34877927254608865,-227.0,Basic Materials,0.6453294077181168,0.8853984874927283,0.9781942078364566,,
2026-04-01,198895,EA,buy,rebalance,0.48995865383458087,203.387,2026-04-01,99.6512207274539,0.34877927254608865,-263.6666666666667,Communication Services,0.687653712983797,0.7774869109947644,0.9884156729131175,,
2026-04-01,199798,CW,buy,rebalance,0.1430186111756286,696.771,2026-04-01,99.65122072745392,0.3487792725460887,-276.0,Industrials,0.6301763644585127,0.91652123327516,0.9141396933560477,,
2026-04-01,199383,RGLD,buy,rebalance,0.3785277699895689,263.26,2026-04-01,99.6512207274539,0.34877927254608865,-281.0,Basic Materials,0.6050996774559784,0.8949970913321699,0.9822827938671209,,
2026-04-01,197999,ESE,buy,rebalance,0.34010771616098995,292.999,2026-04-01,99.6512207274539,0.34877927254608865,-293.6666666666667,Technology,0.6274411882286811,0.8763816172193135,0.9478705281090289,,
2026-04-01,199251,RTX,buy,rebalance,0.515560905427959,193.287,2026-04-01,99.6512207274539,0.34877927254608865,-301.3333333333333,Industrials,0.6657644368451596,0.8481675392670157,0.9028960817717206,,
2026-04-01,198290,APH,buy,rebalance,0.7815843318571433,127.499,2026-04-01,99.6512207274539,0.34877927254608865,-316.3333333333333,Technology,0.6055702629938585,0.9139034322280396,0.9202725724020443,,
2026-04-01,198010,MNST,buy,rebalance,2.7387995252838784,36.385,2026-04-01,99.6512207274539,0.34877927254608865,-320.0,Consumer Defensive,0.6803851358145061,0.8112274578243165,0.9015332197614991,,
2026-04-01,124159,LAUR,buy,rebalance,2.8293929792008488,35.22,2026-04-01,99.65122072745389,0.34877927254608865,-329.3333333333333,Consumer Defensive,0.6289855536683436,0.8848167539267016,0.8977853492333902,,
2026-05-01,199185,JNJ,buy,rebalance,0.44117861971202615,225.875,2026-05-01,99.6512207274539,0.34877927254608865,-212.33333333333334,Healthcare,0.695112146836474,0.829261198371146,0.9672913117546849,,
2026-05-01,124117,JCI,buy,rebalance,0.6887507998635226,144.684,2026-05-01,99.6512207274539,0.34877927254608865,-225.66666666666666,Basic Materials,0.6453294077181168,0.8853984874927283,0.9781942078364566,,
2026-05-01,198895,EA,buy,rebalance,0.4935696597182448,201.899,2026-05-01,99.6512207274539,0.34877927254608865,-261.0,Communication Services,0.687653712983797,0.7774869109947644,0.9884156729131175,,
2026-05-01,199798,CW,buy,rebalance,0.13977975066831702,712.916,2026-05-01,99.6512207274539,0.34877927254608865,-274.6666666666667,Industrials,0.6301763644585126,0.91652123327516,0.9141396933560477,,
2026-05-01,199383,RGLD,buy,rebalance,0.4331625947162805,230.055,2026-05-01,99.65122072745392,0.3487792725460887,-280.0,Basic Materials,0.6050996774559784,0.8949970913321699,0.9822827938671209,,
2026-05-01,197999,ESE,buy,rebalance,0.3048547352934368,326.881,2026-05-01,99.65122072745392,0.3487792725460887,-291.6666666666667,Technology,0.6274411882286811,0.8763816172193135,0.9478705281090289,,
2026-05-01,199251,RTX,buy,rebalance,0.5769858185829072,172.71,2026-05-01,99.6512207274539,0.34877927254608865,-298.6666666666667,Industrials,0.6657644368451596,0.8481675392670157,0.9028960817717206,,
2026-05-01,198290,APH,buy,rebalance,0.7013937662057907,142.076,2026-05-01,99.65122072745392,0.3487792725460887,-315.0,Technology,0.6055702629938585,0.9139034322280396,0.9202725724020443,,
2026-05-01,198010,MNST,buy,rebalance,2.5843158902348007,38.56,2026-05-01,99.65122072745392,0.3487792725460887,-317.0,Consumer Defensive,0.6803851358145061,0.8112274578243165,0.9015332197614991,,
2026-05-01,124159,LAUR,buy,rebalance,3.1898598184204197,31.24,2026-05-01,99.6512207274539,0.34877927254608865,-327.6666666666667,Consumer Defensive,0.6289855536683436,0.8848167539267016,0.8977853492333902,,
2026-06-01,194557,QVCAQ,sell,delisted,1.985759130215261,0.374,2026-04-24,0.7426739147005076,0.0025993587014517764,,,,,,900.0,-899.2599254440009
2026-06-01,199185,JNJ,buy,rebalance,0.446176770884473,223.51,2026-06-01,99.72497006038856,0.34903739521135996,-210.66666666666666,Healthcare,0.6951121468364739,0.829261198371146,0.9672913117546849,,
2026-06-01,124117,JCI,buy,rebalance,0.7467573987628686,133.544,2026-06-01,99.72497006038853,0.34903739521135985,-224.33333333333334,Basic Materials,0.6453294077181168,0.8853984874927283,0.9781942078364566,,
2026-06-01,198895,EA,buy,rebalance,0.49368797059598285,202.0,2026-06-01,99.72497006038853,0.34903739521135985,-258.6666666666667,Communication Services,0.687653712983797,0.7774869109947644,0.9884156729131175,,
2026-06-01,199798,CW,buy,rebalance,0.1385525097294367,719.763,2026-06-01,99.72497006038854,0.3490373952113599,-273.3333333333333,Industrials,0.6301763644585127,0.91652123327516,0.9141396933560477,,
2026-06-01,199383,RGLD,buy,rebalance,0.4588135946906362,217.354,2026-06-01,99.72497006038854,0.3490373952113599,-278.0,Basic Materials,0.6050996774559784,0.8949970913321699,0.9822827938671209,,
2026-06-01,197999,ESE,buy,rebalance,0.346711481239465,287.631,2026-06-01,99.72497006038854,0.3490373952113599,-290.3333333333333,Technology,0.6274411882286811,0.8763816172193135,0.9478705281090289,,
2026-06-01,199251,RTX,buy,rebalance,0.5736562149342705,173.841,2026-06-01,99.72497006038853,0.34903739521135985,-296.6666666666667,Industrials,0.6657644368451597,0.8481675392670157,0.9028960817717206,,
2026-06-01,198290,APH,buy,rebalance,0.6825335025692186,146.11,2026-06-01,99.72497006038854,0.3490373952113599,-313.0,Technology,0.6055702629938585,0.9139034322280396,0.9202725724020443,,
2026-06-01,198010,MNST,buy,rebalance,2.238495399784255,44.55,2026-06-01,99.72497006038856,0.34903739521135996,-314.3333333333333,Consumer Defensive,0.6803851358145061,0.8112274578243165,0.9015332197614991,,
2026-06-01,124159,LAUR,buy,rebalance,3.012838974634095,33.1,2026-06-01,99.72497006038856,0.34903739521135996,-326.0,Consumer Defensive,0.6289855536683436,0.8848167539267016,0.8977853492333902,,
2026-07-01,197128,CSGS,sell,delisted,12.767383668030174,80.69,2026-05-13,1030.2001881733547,3.6057006586067417,,,,,,718.0367928672241,308.5576946475238
2026-07-01,124117,JCI,buy,rebalance,1.3947003770744024,144.8,2026-07-01,201.9526146003735,0.7068341511013072,-282.0,Basic Materials,0.6438412015647506,0.8380590470622625,0.9656992084432717,,
2026-07-01,195146,GOOGL,buy,rebalance,0.5591002868147988,361.21,2026-07-01,201.95261460037347,0.7068341511013071,-305.3333333333333,Communication Services,0.6341521239692882,0.9035369774919614,0.8792875989445911,,
2026-07-01,199185,JNJ,buy,rebalance,0.7951516442254252,253.98,2026-07-01,201.95261460037347,0.7068341511013071,-317.0,Healthcare,0.6883279719354602,0.7585501315404852,0.9412928759894459,,
2026-07-01,198895,EA,buy,rebalance,0.9829769510848065,205.45,2026-07-01,201.9526146003735,0.7068341511013072,-329.3333333333333,Communication Services,0.6872430941189702,0.7196726103478515,0.9785620052770448,,
2026-07-01,631545,RPRX,buy,rebalance,3.635052551440385,55.557,2026-07-01,201.95261460037347,0.7068341511013071,-336.0,Healthcare,0.6773296527859702,0.7453960830166618,0.9525065963060686,,
2026-07-01,199059,AAPL,buy,rebalance,0.6866287275361023,294.122,2026-07-01,201.9526146003735,0.7068341511013072,-337.0,Technology,0.6761377256626584,0.732826658871675,0.9699868073878628,,
2026-07-01,199798,CW,buy,rebalance,0.2665126353995638,757.76,2026-07-01,201.9526146003735,0.7068341511013072,-337.3333333333333,Industrials,0.6319703797076756,0.8675825781935107,0.8905013192612137,,
2026-07-01,197999,ESE,buy,rebalance,0.5942964016043102,339.818,2026-07-01,201.95261460037347,0.7068341511013071,-342.6666666666667,Technology,0.6101738134002866,0.8541362174802689,0.9346965699208444,,
2026-07-01,199869,CAT,buy,rebalance,0.20408654349920113,989.544,2026-07-01,201.9526146003735,0.7068341511013072,-355.6666666666667,Industrials,0.6079898327886405,0.8982753580824321,0.8697229551451188,,
2026-07-01,124182,FTI,buy,rebalance,3.10371633676113,65.068,2026-07-01,201.9526146003732,0.7068341511013062,-368.3333333333333,Energy,0.6035954906575866,0.9131832797427653,0.8479551451187335,,
2026-08-03,198240,SNBRQ,sell,delisted,2.9817747132819417,0.125,2026-06-22,0.3727218391602427,0.0013045264370608494,,,,,,300.00000000000006,-299.6285826872769
2026-08-03,124117,JCI,buy,rebalance,0.6809770675323867,146.39,2026-08-03,99.68823291606608,0.3489088152062313,-280.3333333333333,Basic Materials,0.6438412015647507,0.8380590470622625,0.9656992084432717,,
2026-08-03,195146,GOOGL,buy,rebalance,0.2668957535703625,373.51,2026-08-03,99.6882329160661,0.34890881520623135,-303.3333333333333,Communication Services,0.6341521239692882,0.9035369774919614,0.8792875989445911,,
2026-08-03,199185,JNJ,buy,rebalance,0.3918408589130384,254.41,2026-08-03,99.6882329160661,0.34890881520623135,-315.0,Healthcare,0.6883279719354602,0.7585501315404852,0.9412928759894459,,
2026-08-03,198895,EA,buy,rebalance,0.47490940363044204,209.91,2026-08-03,99.68823291606608,0.3489088152062313,-326.3333333333333,Communication Services,0.6872430941189702,0.7196726103478515,0.9785620052770448,,
2026-08-03,631545,RPRX,buy,rebalance,1.7506977787233693,56.942,2026-08-03,99.6882329160661,0.34890881520623135,-333.3333333333333,Healthcare,0.6773296527859702,0.7453960830166618,0.9525065963060686,,
2026-08-03,199059,AAPL,buy,rebalance,0.3288369373851775,303.154,2026-08-03,99.6882329160661,0.34890881520623135,-334.3333333333333,Technology,0.6761377256626584,0.732826658871675,0.9699868073878628,,
2026-08-03,199798,CW,buy,rebalance,0.13333186153793264,747.67,2026-08-03,99.68823291606608,0.3489088152062313,-335.0,Industrials,0.6319703797076756,0.8675825781935107,0.8905013192612137,,
2026-08-03,197999,ESE,buy,rebalance,0.3133569072896806,318.13,2026-08-03,99.68823291606608,0.3489088152062313,-340.3333333333333,Technology,0.6101738134002864,0.8541362174802689,0.9346965699208444,,
2026-08-03,199439,PH,buy,rebalance,0.0999360743805298,997.52,2026-08-03,99.68823291606608,0.3489088152062313,-353.6666666666667,Industrials,0.6372843755073377,0.7983045893013738,0.9449208443271768,,
2026-08-03,124182,FTI,buy,rebalance,1.4417064315515877,69.146,2026-08-03,99.68823291606608,0.3489088152062313,-366.0,Energy,0.6035954906575866,0.9131832797427653,0.8479551451187335,,
2026-08-21,195629,TBRG,sell,delisted,11.385491448242806,26.24,2026-07-08,298.75529560189125,1.0456435346066193,,,,,,350.4889897089584,-52.77933764167375
