date,asset,ticker,side,reason,shares,price,price_date,gross,cost,combined_score,group,score_forest_nonloser_dd30_3y,score_factor_mom_12_2_3y,score_factor_roc_greenblatt_3y,cost_basis,profit
2005-01-03,199673,GGG,buy,rebalance,12.0,8.563,2005-01-03,102.756,0.359646,-272.0,Industrials,0.6877925799341069,0.8066863770752786,0.9667178699436764,,
2005-01-03,196853,JLL,buy,rebalance,1.0,34.23,2005-01-03,34.23,0.119805,-328.3333333333333,Real Estate,0.5595735244792559,0.8771889924948829,0.9697900665642601,,
2005-01-03,199357,SHW,buy,rebalance,24.0,10.997,2005-01-03,263.928,0.923748,-351.6666666666667,Basic Materials,0.6595931516114795,0.7491471457812144,0.9682539682539683,,
2005-01-03,196744,CHH,buy,rebalance,4.0,15.753,2005-01-03,63.012,0.22054200000000002,-364.0,Consumer Cyclical,0.5620277063275417,0.8166931999090289,0.9966717869943676,,
2005-01-03,199915,BCR,buy,rebalance,4.0,59.387,2005-01-03,237.548,0.831418,-379.6666666666667,Healthcare,0.6196334152477092,0.829656584034569,0.9045058883768561,,
2005-01-03,199435,PNR,buy,rebalance,8.0,19.784,2005-01-03,158.272,0.553952,-382.6666666666667,Industrials,0.5741568427413521,0.8962929269956789,0.8865847414234511,,
2005-01-03,122580,JH,buy,rebalance,1.0,35.8,2005-01-03,35.8,0.1253,-384.6666666666667,Communication Services,0.6531308528982258,0.7163975437798499,0.9800307219662059,,
2005-02-01,199673,GGG,buy,rebalance,5.0,8.437,2005-02-01,42.184999999999995,0.1476475,-270.3333333333333,Industrials,0.6877925799341068,0.8066863770752786,0.9667178699436764,,
2005-02-01,199357,SHW,buy,rebalance,9.0,10.775,2005-02-01,96.97500000000001,0.33941250000000006,-349.0,Basic Materials,0.6595931516114795,0.7491471457812144,0.9682539682539683,,
2005-02-01,196744,CHH,buy,rebalance,1.0,16.218,2005-02-01,16.218,0.056763,-361.0,Consumer Cyclical,0.5620277063275418,0.8166931999090289,0.9966717869943676,,
2005-02-01,199915,BCR,buy,rebalance,1.0,63.586,2005-02-01,63.586,0.222551,-377.3333333333333,Healthcare,0.6196334152477092,0.829656584034569,0.9045058883768561,,
2005-02-01,199900,BA,buy,rebalance,21.0,35.672,2005-02-01,749.112,2.621892,-378.6666666666667,Industrials,0.589083074419899,0.7837161701159882,0.9805427547363031,,
2005-03-01,199673,GGG,buy,rebalance,4.0,9.013,2005-03-01,36.052,0.126182,-269.3333333333333,Industrials,0.6877925799341069,0.8066863770752786,0.9667178699436764,,
2005-03-01,199357,SHW,buy,rebalance,9.0,11.206,2005-03-01,100.854,0.352989,-347.6666666666667,Basic Materials,0.6595931516114795,0.7491471457812144,0.9682539682539683,,
2005-03-01,196744,CHH,buy,rebalance,1.0,16.586,2005-03-01,16.586,0.058051,-360.0,Consumer Cyclical,0.5620277063275418,0.8166931999090289,0.9966717869943676,,
2005-03-01,199915,BCR,buy,rebalance,1.0,62.073,2005-03-01,62.073,0.21725550000000002,-376.0,Healthcare,0.6196334152477092,0.829656584034569,0.9045058883768561,,
2005-03-01,199900,BA,buy,rebalance,20.0,38.259,2005-03-01,765.1800000000001,2.6781300000000003,-377.0,Industrials,0.589083074419899,0.7837161701159882,0.9805427547363031,,
2005-04-01,199652,HSY,buy,rebalance,13.0,35.621,2005-04-01,463.07300000000004,1.6207555000000002,-241.66666666666666,Consumer Defensive,0.662184943135343,0.8689010487916097,0.943971081848696,,
2005-04-01,199435,PNR,buy,rebalance,7.0,18.061,2005-04-01,126.42699999999999,0.44249449999999996,-274.0,Industrials,0.5626340643046741,0.8937528499772002,0.9979344177640073,,
2005-04-01,185395,UST1,buy,rebalance,6.0,42.749,2005-04-01,256.494,0.8977290000000001,-326.3333333333333,Consumer Defensive,0.6453332917000385,0.8011855905152758,0.9561063774851536,,
2005-04-01,199673,GGG,buy,rebalance,8.0,9.459,2005-04-01,75.672,0.264852,-330.3333333333333,Industrials,0.6389792018896902,0.7968536251709987,0.9633359153111283,,
2005-04-01,123237,RHDCQ,buy,rebalance,1.0,58.27,2005-04-01,58.27,0.20394500000000002,-359.0,Communication Services,0.5928584626808393,0.7943456452348381,0.9922540666150271,,
2005-04-01,196333,ARLP,buy,rebalance,14.0,2.94,2005-04-01,41.16,0.14406,-383.0,Basic Materials,0.5308747954125118,0.9648882808937529,0.8680609346759618,,
2005-04-01,196853,JLL,buy,rebalance,1.0,41.79,2005-04-01,41.79,0.146265,-409.0,Real Estate,0.5362663632004909,0.8410852713178295,0.9654014975471211,,
2005-05-02,199652,HSY,buy,rebalance,11.0,37.761,2005-05-02,415.37100000000004,1.4537985000000002,-240.33333333333334,Consumer Defensive,0.662184943135343,0.8689010487916097,0.943971081848696,,
2005-05-02,199435,PNR,buy,rebalance,6.0,18.694,2005-05-02,112.16399999999999,0.392574,-272.3333333333333,Industrials,0.5626340643046741,0.8937528499772002,0.9979344177640073,,
2005-05-02,185395,UST1,buy,rebalance,6.0,38.655,2005-05-02,231.93,0.811755,-324.6666666666667,Consumer Defensive,0.6453332917000385,0.8011855905152758,0.9561063774851536,,
2005-05-02,199673,GGG,buy,rebalance,9.0,7.972,2005-05-02,71.748,0.251118,-328.6666666666667,Industrials,0.6389792018896902,0.7968536251709987,0.9633359153111283,,
2005-05-02,196333,ARLP,buy,rebalance,13.0,2.978,2005-05-02,38.714000000000006,0.13549900000000004,-382.0,Basic Materials,0.5308747954125118,0.9648882808937529,0.8680609346759618,,
2005-05-02,196853,JLL,buy,rebalance,1.0,34.64,2005-05-02,34.64,0.12124,-406.6666666666667,Real Estate,0.5362663632004909,0.8410852713178295,0.9654014975471211,,
2005-06-01,199652,HSY,buy,rebalance,8.0,38.537,2005-06-01,308.296,1.079036,-238.66666666666666,Consumer Defensive,0.662184943135343,0.8689010487916097,0.943971081848696,,
2005-06-01,199435,PNR,buy,rebalance,4.0,20.56,2005-06-01,82.24,0.28784,-271.3333333333333,Industrials,0.5626340643046741,0.8937528499772002,0.9979344177640073,,
2005-06-01,185395,UST1,buy,rebalance,5.0,37.386,2005-06-01,186.93,0.654255,-322.3333333333333,Consumer Defensive,0.6453332917000385,0.8011855905152758,0.9561063774851536,,
2005-06-01,199673,GGG,buy,rebalance,7.0,8.217,2005-06-01,57.519000000000005,0.20131650000000004,-326.3333333333333,Industrials,0.6389792018896903,0.7968536251709987,0.9633359153111283,,
2005-06-01,199551,SPGI,buy,rebalance,13.0,28.878,2005-06-01,375.414,1.313949,-403.3333333333333,Financial Services,0.678093719076999,0.6819425444596443,0.9868319132455461,,
2005-07-01,185395,UST1,buy,rebalance,4.0,39.1,2005-07-01,156.4,0.5474,-276.0,Consumer Defensive,0.6229916033171682,0.8548020027309968,0.97778899545684,,
2005-07-01,199652,HSY,buy,rebalance,9.0,37.009,2005-07-01,333.081,1.1657835,-292.6666666666667,Consumer Defensive,0.6451175869208914,0.8406918525261721,0.95557799091368,,
2005-07-01,195845,COL,buy,rebalance,4.0,38.273,2005-07-01,153.092,0.535822,-375.0,Industrials,0.6037352720434663,0.8789258079198907,0.8806158505805148,,
2005-07-01,199673,GGG,buy,rebalance,6.0,8.061,2005-07-01,48.366,0.16928100000000001,-379.6666666666667,Industrials,0.6250006087725909,0.7662721893491125,0.9787985865724381,,
2005-07-01,196607,MCO,buy,rebalance,7.0,35.655,2005-07-01,249.585,0.8735475,-387.3333333333333,Financial Services,0.5967107499536743,0.7724169321802458,0.9952044422009086,,
2005-08-01,185395,UST1,buy,rebalance,4.0,38.581,2005-08-01,154.324,0.540134,-274.3333333333333,Consumer Defensive,0.6229916033171681,0.8548020027309968,0.97778899545684,,
2005-08-01,199652,HSY,buy,rebalance,9.0,37.3,2005-08-01,335.7,1.17495,-291.0,Consumer Defensive,0.6451175869208914,0.8406918525261721,0.95557799091368,,
2005-08-01,195845,COL,buy,rebalance,4.0,39.682,2005-08-01,158.728,0.555548,-373.3333333333333,Industrials,0.6037352720434663,0.8789258079198907,0.8806158505805148,,
2005-08-01,199673,GGG,buy,rebalance,6.0,8.886,2005-08-01,53.315999999999995,0.186606,-378.0,Industrials,0.6250006087725908,0.7662721893491125,0.9787985865724381,,
2005-08-01,196607,MCO,buy,rebalance,7.0,37.096,2005-08-01,259.67199999999997,0.9088519999999999,-385.6666666666667,Financial Services,0.5967107499536743,0.7724169321802458,0.9952044422009086,,
2005-09-01,185395,UST1,buy,rebalance,5.0,36.037,2005-09-01,180.185,0.6306475,-272.6666666666667,Consumer Defensive,0.6229916033171681,0.8548020027309968,0.97778899545684,,
2005-09-01,199652,HSY,buy,rebalance,10.0,34.885,2005-09-01,348.84999999999997,1.220975,-289.0,Consumer Defensive,0.6451175869208914,0.8406918525261721,0.95557799091368,,
2005-09-01,122857,MOVIQ,buy,rebalance,1.0,17.36,2005-09-01,17.36,0.06076,-364.3333333333333,Communication Services,0.5365153389191873,0.8736913973600364,0.9734982332155477,,
2005-09-01,195845,COL,buy,rebalance,5.0,39.016,2005-09-01,195.07999999999998,0.6827799999999999,-371.6666666666667,Industrials,0.6037352720434664,0.8789258079198907,0.8806158505805148,,
2005-09-01,199673,GGG,buy,rebalance,6.0,8.664,2005-09-01,51.983999999999995,0.181944,-375.6666666666667,Industrials,0.6250006087725908,0.7662721893491125,0.9787985865724381,,
2005-09-01,196607,MCO,buy,rebalance,7.0,39.37,2005-09-01,275.59,0.9645649999999999,-383.6666666666667,Financial Services,0.5967107499536743,0.7724169321802458,0.9952044422009086,,
2005-10-03,198615,MO,buy,rebalance,201.0,4.892,2005-10-03,983.292,3.441522,-383.3333333333333,Consumer Defensive,0.6213393605717628,0.7632236095346198,0.973535457348407,,
2005-10-03,197383,DVA,buy,rebalance,1.0,24.095,2005-10-03,24.095,0.0843325,-398.3333333333333,Healthcare,0.5705760003491567,0.8660612939841089,0.9057040082219938,,
2005-10-03,196607,MCO,buy,rebalance,2.0,40.45,2005-10-03,80.9,0.28315,-447.6666666666667,Financial Services,0.5794945729348325,0.7337116912599319,0.9930626927029804,,
2005-11-01,198615,MO,buy,rebalance,185.0,4.896,2005-11-01,905.76,3.17016,-381.3333333333333,Consumer Defensive,0.6213393605717628,0.7632236095346198,0.973535457348407,,
2005-11-01,197383,DVA,buy,rebalance,1.0,24.95,2005-11-01,24.95,0.087325,-396.0,Healthcare,0.5705760003491567,0.8660612939841089,0.9057040082219938,,
2005-11-01,196607,MCO,buy,rebalance,2.0,41.356,2005-11-01,82.712,0.289492,-444.3333333333333,Financial Services,0.5794945729348325,0.7337116912599319,0.9930626927029804,,
2005-12-01,198615,MO,buy,rebalance,181.0,4.816,2005-12-01,871.696,3.050936,-378.3333333333333,Consumer Defensive,0.6213393605717628,0.7632236095346198,0.973535457348407,,
2005-12-01,197383,DVA,buy,rebalance,1.0,26.635,2005-12-01,26.635,0.09322250000000001,-394.0,Healthcare,0.5705760003491567,0.8660612939841089,0.9057040082219938,,
2005-12-01,196607,MCO,buy,rebalance,1.0,47.456,2005-12-01,47.456,0.16609600000000002,-441.6666666666667,Financial Services,0.5794945729348325,0.7337116912599319,0.9930626927029804,,
2005-12-01,186484,PAS,buy,rebalance,1.0,21.157,2005-12-01,21.157,0.0740495,-445.6666666666667,Consumer Defensive,0.6621648072516876,0.7446083995459705,0.8997944501541624,,
2006-01-03,197383,DVA,buy,rebalance,1.0,25.76,2006-01-03,25.76,0.09016,-355.0,Healthcare,0.6031895585031672,0.874315693430657,0.9069888282670824,,
2006-01-03,198615,MO,buy,rebalance,188.0,4.998,2006-01-03,939.624,3.288684,-355.0,Consumer Defensive,0.6687921043322982,0.7547901459854015,0.9737594180306574,,
2006-02-01,198615,MO,buy,rebalance,197.0,4.9,2006-02-01,965.3000000000001,3.37855,-351.3333333333333,Consumer Defensive,0.6687921043322981,0.7547901459854015,0.9737594180306574,,
2006-02-01,197383,DVA,buy,rebalance,1.0,27.095,2006-02-01,27.095,0.0948325,-353.0,Healthcare,0.6031895585031674,0.874315693430657,0.9069888282670824,,
2006-03-01,198615,MO,buy,rebalance,202.0,4.803,2006-03-01,970.206,3.395721,-349.3333333333333,Consumer Defensive,0.6687921043322981,0.7547901459854015,0.9737594180306574,,
2006-03-01,197383,DVA,buy,rebalance,1.0,29.085,2006-03-01,29.085,0.1017975,-351.6666666666667,Healthcare,0.6031895585031674,0.874315693430657,0.9069888282670824,,
2006-04-03,192161,ESRX,buy,rebalance,9.0,21.907,2006-04-03,197.163,0.6900705,-269.6666666666667,Healthcare,0.5341603094464297,0.9523482245131729,0.9986873195064321,,
2006-04-03,196744,CHH,buy,rebalance,1.0,25.696,2006-04-03,25.696,0.089936,-290.6666666666667,Consumer Cyclical,0.580820095588426,0.8753722794959908,0.9989498556051457,,
2006-04-03,197638,PZZA,buy,rebalance,1.0,12.564,2006-04-03,12.564,0.043974,-296.3333333333333,Consumer Cyclical,0.6111721383124118,0.920274914089347,0.9052244683644001,,
2006-04-03,196607,MCO,buy,rebalance,5.0,57.111,2006-04-03,285.555,0.9994425,-308.6666666666667,Financial Services,0.6318435438855483,0.8306987399770905,0.982147545287477,,
2006-04-03,198582,MIDD,buy,rebalance,1.0,11.085,2006-04-03,11.085,0.038797500000000006,-395.0,Industrials,0.5044459507704383,0.9097365406643757,0.9868731950643214,,
2006-04-03,197671,INTU,buy,rebalance,6.0,23.394,2006-04-03,140.36399999999998,0.49127399999999993,-399.6666666666667,Technology,0.609795834611025,0.7894616265750286,0.9690207403517984,,
2006-04-03,195973,GPN,buy,rebalance,2.0,23.852,2006-04-03,47.704,0.166964,-401.3333333333333,Industrials,0.553934185285041,0.8526918671248568,0.967445523759517,,
2006-04-03,199890,BF.B,buy,rebalance,13.0,10.236,2006-04-03,133.068,0.46573800000000004,-410.3333333333333,Consumer Defensive,0.6740278260740471,0.8311569301260023,0.8571803622998162,,
2006-04-03,199176,VAR,buy,rebalance,2.0,49.835,2006-04-03,99.67,0.348845,-410.6666666666667,Healthcare,0.5430969050434057,0.9014891179839634,0.9207140981885009,,
2006-04-03,198325,FICO,buy,rebalance,1.0,38.915,2006-04-03,38.915,0.1362025,-453.0,Technology,0.6333137958729086,0.7493699885452463,0.947755316355999,,
2006-05-01,192161,ESRX,buy,rebalance,11.0,18.55,2006-05-01,204.05,0.714175,-268.3333333333333,Healthcare,0.5341603094464296,0.9523482245131729,0.9986873195064321,,
2006-05-01,196744,CHH,buy,rebalance,1.0,29.667,2006-05-01,29.667,0.10383450000000001,-287.6666666666667,Consumer Cyclical,0.5808200955884261,0.8753722794959908,0.9989498556051457,,
2006-05-01,197638,PZZA,buy,rebalance,1.0,12.983,2006-05-01,12.983,0.0454405,-295.0,Consumer Cyclical,0.6111721383124118,0.920274914089347,0.9052244683644001,,
2006-05-01,196607,MCO,buy,rebalance,6.0,47.333,2006-05-01,283.998,0.993993,-305.6666666666667,Financial Services,0.6318435438855483,0.8306987399770905,0.982147545287477,,
2006-05-01,198582,MIDD,buy,rebalance,1.0,11.551,2006-05-01,11.551,0.0404285,-392.6666666666667,Industrials,0.5044459507704384,0.9097365406643757,0.9868731950643214,,
2006-05-01,197671,INTU,buy,rebalance,6.0,24.181,2006-05-01,145.086,0.5078010000000001,-395.6666666666667,Technology,0.609795834611025,0.7894616265750286,0.9690207403517984,,
2006-05-01,195973,GPN,buy,rebalance,3.0,21.838,2006-05-01,65.51400000000001,0.22929900000000003,-397.6666666666667,Industrials,0.553934185285041,0.8526918671248568,0.967445523759517,,
2006-05-01,199890,BF.B,buy,rebalance,14.0,9.789,2006-05-01,137.046,0.479661,-406.6666666666667,Consumer Defensive,0.6740278260740471,0.8311569301260023,0.8571803622998162,,
2006-05-01,199176,VAR,buy,rebalance,2.0,45.874,2006-05-01,91.748,0.321118,-407.3333333333333,Healthcare,0.5430969050434057,0.9014891179839634,0.9207140981885009,,
2006-05-01,198325,FICO,buy,rebalance,1.0,35.903,2006-05-01,35.903,0.1256605,-448.6666666666667,Technology,0.6333137958729086,0.7493699885452463,0.947755316355999,,
2006-06-01,192161,ESRX,buy,rebalance,11.0,18.49,2006-06-01,203.39,0.711865,-267.6666666666667,Healthcare,0.5341603094464297,0.9523482245131729,0.9986873195064321,,
2006-06-01,196744,CHH,buy,rebalance,1.0,31.159,2006-06-01,31.159,0.1090565,-286.6666666666667,Consumer Cyclical,0.580820095588426,0.8753722794959908,0.9989498556051457,,
2006-06-01,197638,PZZA,buy,rebalance,1.0,12.417,2006-06-01,12.417,0.0434595,-294.0,Consumer Cyclical,0.6111721383124118,0.920274914089347,0.9052244683644001,,
2006-06-01,196607,MCO,buy,rebalance,7.0,41.618,2006-06-01,291.326,1.019641,-303.6666666666667,Financial Services,0.6318435438855483,0.8306987399770905,0.982147545287477,,
2006-06-01,197671,INTU,buy,rebalance,6.0,24.378,2006-06-01,146.268,0.511938,-393.0,Technology,0.609795834611025,0.7894616265750286,0.9690207403517984,,
2006-06-01,195973,GPN,buy,rebalance,2.0,21.698,2006-06-01,43.396,0.151886,-396.3333333333333,Industrials,0.553934185285041,0.8526918671248568,0.967445523759517,,
2006-06-01,199890,BF.B,buy,rebalance,14.0,9.911,2006-06-01,138.754,0.485639,-404.6666666666667,Consumer Defensive,0.6740278260740471,0.8311569301260023,0.8571803622998162,,
2006-06-01,199176,VAR,buy,rebalance,2.0,42.393,2006-06-01,84.786,0.296751,-405.6666666666667,Healthcare,0.5430969050434057,0.9014891179839634,0.9207140981885009,,
2006-06-01,198325,FICO,buy,rebalance,1.0,35.6,2006-06-01,35.6,0.1246,-445.6666666666667,Technology,0.6333137958729086,0.7493699885452463,0.947755316355999,,
2006-07-03,196607,MCO,buy,rebalance,5.0,43.611,2006-07-03,218.05499999999998,0.7631924999999999,-351.3333333333333,Financial Services,0.5923149675417727,0.826963168867269,0.9891416752843847,,
2006-07-03,197638,PZZA,buy,rebalance,1.0,12.898,2006-07-03,12.898,0.045143,-411.6666666666667,Consumer Cyclical,0.603514035609924,0.8519805420430855,0.9002068252326784,,
2006-07-03,195973,GPN,buy,rebalance,2.0,22.98,2006-07-03,45.96,0.16086,-419.6666666666667,Industrials,0.5588480109250762,0.8415566365531619,0.9614788004136504,,
2006-07-03,192161,ESRX,buy,rebalance,9.0,18.015,2006-07-03,162.135,0.5674724999999999,-429.3333333333333,Healthcare,0.5032212922662528,0.8892749594625897,0.9961220268872802,,
2006-07-03,199551,SPGI,buy,rebalance,8.0,33.737,2006-07-03,269.896,0.944636,-434.3333333333333,Financial Services,0.6776528480633103,0.684966411860088,0.999482936918304,,
2006-07-03,195259,RAI,buy,rebalance,30.0,8.031,2006-07-03,240.93,0.8432550000000001,-460.6666666666667,Consumer Defensive,0.6611439385940977,0.7009497336113042,0.9720785935884177,,
2006-07-03,199483,NDSN,buy,rebalance,1.0,19.546,2006-07-03,19.546,0.068411,-477.0,Industrials,0.5739064596307233,0.7868890433171184,0.9513960703205792,,
2006-07-03,198039,RS,buy,rebalance,1.0,29.591,2006-07-03,29.591,0.10356850000000001,-492.3333333333333,Basic Materials,0.5124828048696157,0.9430159833217512,0.8650465356773527,,
2006-08-01,196607,MCO,buy,rebalance,5.0,42.789,2006-08-01,213.945,0.7488075,-349.0,Financial Services,0.5923149675417728,0.826963168867269,0.9891416752843847,,
2006-08-01,197638,PZZA,buy,rebalance,1.0,11.991,2006-08-01,11.991,0.0419685,-409.0,Consumer Cyclical,0.603514035609924,0.8519805420430855,0.9002068252326784,,
2006-08-01,195973,GPN,buy,rebalance,3.0,18.837,2006-08-01,56.510999999999996,0.19778849999999998,-416.6666666666667,Industrials,0.5588480109250761,0.8415566365531619,0.9614788004136504,,
2006-08-01,192161,ESRX,buy,rebalance,8.0,19.122,2006-08-01,152.976,0.535416,-426.6666666666667,Healthcare,0.5032212922662528,0.8892749594625897,0.9961220268872802,,
2006-08-01,199551,SPGI,buy,rebalance,7.0,37.826,2006-08-01,264.782,0.9267369999999999,-431.3333333333333,Financial Services,0.6776528480633103,0.684966411860088,0.999482936918304,,
2006-08-01,195259,RAI,buy,rebalance,27.0,8.813,2006-08-01,237.95100000000002,0.8328285000000001,-457.3333333333333,Consumer Defensive,0.6611439385940977,0.7009497336113042,0.9720785935884177,,
2006-08-01,199483,NDSN,buy,rebalance,1.0,17.552,2006-08-01,17.552,0.061432,-473.6666666666667,Industrials,0.5739064596307234,0.7868890433171184,0.9513960703205792,,
2006-08-01,198039,RS,buy,rebalance,2.0,24.133,2006-08-01,48.266,0.168931,-489.3333333333333,Basic Materials,0.5124828048696158,0.9430159833217512,0.8650465356773527,,
2006-09-01,196607,MCO,buy,rebalance,4.0,49.529,2006-09-01,198.116,0.6934060000000001,-346.3333333333333,Financial Services,0.5923149675417728,0.826963168867269,0.9891416752843847,,
2006-09-01,197638,PZZA,buy,rebalance,1.0,13.351,2006-09-01,13.351,0.046728500000000006,-406.3333333333333,Consumer Cyclical,0.603514035609924,0.8519805420430855,0.9002068252326784,,
2006-09-01,195973,GPN,buy,rebalance,3.0,17.899,2006-09-01,53.697,0.1879395,-413.3333333333333,Industrials,0.5588480109250762,0.8415566365531619,0.9614788004136504,,
2006-09-01,192161,ESRX,buy,rebalance,7.0,21.052,2006-09-01,147.364,0.5157740000000001,-421.6666666666667,Healthcare,0.5032212922662528,0.8892749594625897,0.9961220268872802,,
2006-09-01,199551,SPGI,buy,rebalance,7.0,38.15,2006-09-01,267.05,0.934675,-425.0,Financial Services,0.6776528480633103,0.684966411860088,0.999482936918304,,
2006-09-01,195259,RAI,buy,rebalance,26.0,9.055,2006-09-01,235.43,0.824005,-450.6666666666667,Consumer Defensive,0.6611439385940978,0.7009497336113042,0.9720785935884177,,
2006-09-01,199483,NDSN,buy,rebalance,1.0,15.926,2006-09-01,15.926,0.055741,-467.6666666666667,Industrials,0.5739064596307233,0.7868890433171184,0.9513960703205792,,
2006-09-01,198039,RS,buy,rebalance,2.0,23.392,2006-09-01,46.784,0.163744,-484.0,Basic Materials,0.5124828048696157,0.9430159833217512,0.8650465356773527,,
2006-10-02,195259,RAI,buy,rebalance,21.0,8.79,2006-10-02,184.58999999999997,0.6460649999999999,-217.0,Consumer Defensive,0.672780734825202,0.8694444444444445,0.9813452443510247,,
2006-10-02,196997,DGX,buy,rebalance,2.0,43.952,2006-10-02,87.904,0.307664,-306.6666666666667,Healthcare,0.6944860603224521,0.7770833333333333,0.9808197582764057,,
2006-10-02,199877,CPB,buy,rebalance,7.0,19.004,2006-10-02,133.02800000000002,0.46559800000000007,-319.3333333333333,Consumer Defensive,0.6962322540223082,0.7696759259259259,0.9760903836048345,,
2006-10-02,197469,LH,buy,rebalance,1.0,53.277,2006-10-02,53.277,0.1864695,-325.6666666666667,Healthcare,0.6826601801742375,0.7613425925925926,0.9897530215449291,,
2006-10-02,197300,LMT,buy,rebalance,7.0,48.882,2006-10-02,342.174,1.197609,-326.6666666666667,Industrials,0.6763822804333669,0.7951388888888888,0.9582238570677877,,
2006-10-02,199010,IGT1,buy,rebalance,3.0,35.679,2006-10-02,107.037,0.3746295,-388.6666666666667,Industrials,0.5875814734692846,0.8337962962962963,0.9477141355754073,,
2006-10-02,197671,INTU,buy,rebalance,3.0,27.98,2006-10-02,83.94,0.29379,-390.6666666666667,Technology,0.5896583938156453,0.8164351851851852,0.9616395165528113,,
2006-11-01,195259,RAI,buy,rebalance,20.0,8.993,2006-11-01,179.86,0.62951,-215.66666666666666,Consumer Defensive,0.672780734825202,0.8694444444444445,0.9813452443510247,,
2006-11-01,196997,DGX,buy,rebalance,3.0,35.76,2006-11-01,107.28,0.37548000000000004,-304.0,Healthcare,0.6944860603224522,0.7770833333333333,0.9808197582764057,,
2006-11-01,199877,CPB,buy,rebalance,7.0,19.662,2006-11-01,137.634,0.48171899999999995,-316.6666666666667,Consumer Defensive,0.6962322540223082,0.7696759259259259,0.9760903836048345,,
2006-11-01,197469,LH,buy,rebalance,1.0,54.984,2006-11-01,54.984,0.192444,-322.6666666666667,Healthcare,0.6826601801742374,0.7613425925925926,0.9897530215449291,,
2006-11-01,197300,LMT,buy,rebalance,7.0,49.084,2006-11-01,343.588,1.202558,-324.3333333333333,Industrials,0.6763822804333669,0.7951388888888888,0.9582238570677877,,
2006-11-01,199010,IGT1,buy,rebalance,3.0,36.163,2006-11-01,108.48899999999999,0.3797115,-387.0,Industrials,0.5875814734692846,0.8337962962962963,0.9477141355754073,,
2006-11-01,197671,INTU,buy,rebalance,3.0,30.201,2006-11-01,90.60300000000001,0.3171105,-388.6666666666667,Technology,0.5896583938156453,0.8164351851851852,0.9616395165528113,,
2006-12-01,195259,RAI,buy,rebalance,20.0,9.024,2006-12-01,180.48,0.63168,-215.0,Consumer Defensive,0.672780734825202,0.8694444444444445,0.9813452443510247,,
2006-12-01,196997,DGX,buy,rebalance,3.0,38.099,2006-12-01,114.297,0.4000395,-303.3333333333333,Healthcare,0.6944860603224521,0.7770833333333333,0.9808197582764057,,
2006-12-01,199877,CPB,buy,rebalance,7.0,20.047,2006-12-01,140.329,0.4911515,-315.3333333333333,Consumer Defensive,0.6962322540223082,0.7696759259259259,0.9760903836048345,,
2006-12-01,197469,LH,buy,rebalance,1.0,57.876,2006-12-01,57.876,0.202566,-321.3333333333333,Healthcare,0.6826601801742375,0.7613425925925926,0.9897530215449291,,
2006-12-01,197300,LMT,buy,rebalance,6.0,50.989,2006-12-01,305.93399999999997,1.0707689999999999,-323.6666666666667,Industrials,0.6763822804333669,0.7951388888888888,0.9582238570677877,,
2006-12-01,199010,IGT1,buy,rebalance,3.0,37.768,2006-12-01,113.304,0.396564,-386.3333333333333,Industrials,0.5875814734692846,0.8337962962962963,0.9477141355754073,,
2006-12-01,197671,INTU,buy,rebalance,3.0,26.949,2006-12-01,80.84700000000001,0.2829645,-388.0,Technology,0.5896583938156453,0.8164351851851852,0.9616395165528113,,
2007-01-03,195259,RAI,buy,rebalance,11.0,9.342,2007-01-03,102.762,0.359667,-224.66666666666666,Consumer Defensive,0.7592853413000399,0.8631090487238979,0.9824239244491081,,
2007-01-03,197300,LMT,buy,rebalance,4.0,51.881,2007-01-03,207.524,0.726334,-300.3333333333333,Industrials,0.7678748241576925,0.8192575406032483,0.9556663168940189,,
2007-01-03,199357,SHW,buy,rebalance,2.0,16.406,2007-01-03,32.812,0.114842,-363.6666666666667,Basic Materials,0.7068098949292919,0.8366589327146172,0.9559286463798531,,
2007-01-03,194684,ORCL,buy,rebalance,39.0,13.905,2007-01-03,542.295,1.8980324999999998,-384.0,Technology,0.6824659638403513,0.8496519721577727,0.9651101783840503,,
2007-01-03,198290,APH,buy,rebalance,9.0,3.458,2007-01-03,31.122,0.108927,-387.0,Technology,0.6718019229005997,0.9051044083526683,0.924186778593914,,
2007-01-03,199238,VFC,buy,rebalance,4.0,11.251,2007-01-03,45.004,0.157514,-396.0,Consumer Cyclical,0.7584967801615812,0.8354988399071925,0.8633263378803777,,
2007-02-01,195259,RAI,buy,rebalance,12.0,9.259,2007-02-01,111.108,0.388878,-222.33333333333334,Consumer Defensive,0.7592853413000399,0.8631090487238979,0.9824239244491081,,
2007-02-01,197300,LMT,buy,rebalance,3.0,55.566,2007-02-01,166.698,0.583443,-297.6666666666667,Industrials,0.7678748241576925,0.8192575406032483,0.9556663168940189,,
2007-02-01,199357,SHW,buy,rebalance,2.0,17.972,2007-02-01,35.944,0.125804,-360.6666666666667,Basic Materials,0.7068098949292919,0.8366589327146172,0.9559286463798531,,
2007-02-01,194684,ORCL,buy,rebalance,41.0,13.539,2007-02-01,555.0989999999999,1.9428464999999997,-380.6666666666667,Technology,0.6824659638403513,0.8496519721577727,0.9651101783840503,,
2007-02-01,198290,APH,buy,rebalance,9.0,3.676,2007-02-01,33.084,0.11579400000000001,-385.0,Technology,0.6718019229005998,0.9051044083526683,0.924186778593914,,
2007-02-01,199238,VFC,buy,rebalance,4.0,10.535,2007-02-01,42.14,0.14749,-393.0,Consumer Cyclical,0.7584967801615812,0.8354988399071925,0.8633263378803777,,
2007-03-01,195259,RAI,buy,rebalance,13.0,8.633,2007-03-01,112.22899999999998,0.39280149999999997,-221.33333333333334,Consumer Defensive,0.7592853413000399,0.8631090487238979,0.9824239244491081,,
2007-03-01,185395,UST1,buy,rebalance,1.0,52.51,2007-03-01,52.51,0.183785,-295.3333333333333,Consumer Defensive,0.7539167416511404,0.8248259860788864,0.9645855194123819,,
2007-03-01,197300,LMT,buy,rebalance,4.0,55.403,2007-03-01,221.612,0.7756419999999999,-295.3333333333333,Industrials,0.7678748241576925,0.8192575406032483,0.9556663168940189,,
2007-03-01,199357,SHW,buy,rebalance,2.0,17.035,2007-03-01,34.07,0.119245,-359.0,Basic Materials,0.7068098949292919,0.8366589327146172,0.9559286463798531,,
2007-03-01,194684,ORCL,buy,rebalance,44.0,13.317,2007-03-01,585.948,2.050818,-379.0,Technology,0.6824659638403513,0.8496519721577727,0.9651101783840503,,
2007-03-01,198290,APH,buy,rebalance,10.0,3.493,2007-03-01,34.93,0.122255,-384.0,Technology,0.6718019229005998,0.9051044083526683,0.924186778593914,,
2007-03-01,199238,VFC,buy,rebalance,4.0,10.96,2007-03-01,43.84,0.15344000000000002,-391.3333333333333,Consumer Cyclical,0.7584967801615812,0.8354988399071925,0.8633263378803777,,
2007-04-02,199357,SHW,buy,rebalance,4.0,17.215,2007-04-02,68.86,0.24101,-257.0,Basic Materials,0.7249877204863855,0.9023136246786633,0.9573396926338102,,
2007-04-02,185395,UST1,buy,rebalance,1.0,54.248,2007-04-02,54.248,0.189868,-303.0,Consumer Defensive,0.7566590694232439,0.8319700864688011,0.9610492845786963,,
2007-04-02,197300,LMT,buy,rebalance,6.0,54.899,2007-04-02,329.394,1.152879,-304.6666666666667,Industrials,0.761564566961283,0.8212199111942042,0.9666136724960255,,
2007-04-02,195845,COL,buy,rebalance,1.0,55.291,2007-04-02,55.291,0.19351849999999998,-321.0,Industrials,0.7448291132510646,0.8508997429305912,0.93879173290938,,
2007-04-02,195259,RAI,buy,rebalance,16.0,9.201,2007-04-02,147.216,0.515256,-338.6666666666667,Consumer Defensive,0.7585746165405585,0.7838279971956065,0.9819819819819819,,
2007-04-02,199551,SPGI,buy,rebalance,4.0,42.173,2007-04-02,168.692,0.590422,-358.3333333333333,Financial Services,0.7449659903229969,0.7730778219210096,0.994435612082671,,
2007-04-02,199774,OMC,buy,rebalance,4.0,29.447,2007-04-02,117.788,0.412258,-378.0,Communication Services,0.751631949488892,0.7476045805094649,0.9994700582935877,,
2007-05-01,199357,SHW,buy,rebalance,4.0,16.499,2007-05-01,65.996,0.230986,-255.33333333333334,Basic Materials,0.7249877204863855,0.9023136246786633,0.9573396926338102,,
2007-05-01,185395,UST1,buy,rebalance,1.0,52.023,2007-05-01,52.023,0.1820805,-300.0,Consumer Defensive,0.7566590694232439,0.8319700864688011,0.9610492845786963,,
2007-05-01,197300,LMT,buy,rebalance,6.0,54.503,2007-05-01,327.01800000000003,1.1445630000000002,-301.3333333333333,Industrials,0.761564566961283,0.8212199111942042,0.9666136724960255,,
2007-05-01,195845,COL,buy,rebalance,1.0,53.995,2007-05-01,53.995,0.1889825,-318.0,Industrials,0.7448291132510646,0.8508997429305912,0.93879173290938,,
2007-05-01,195259,RAI,buy,rebalance,17.0,9.282,2007-05-01,157.794,0.5522790000000001,-335.0,Consumer Defensive,0.7585746165405585,0.7838279971956065,0.9819819819819819,,
2007-05-01,199551,SPGI,buy,rebalance,4.0,44.582,2007-05-01,178.328,0.624148,-354.6666666666667,Financial Services,0.7449659903229969,0.7730778219210096,0.994435612082671,,
2007-05-01,199774,OMC,buy,rebalance,5.0,29.98,2007-05-01,149.9,0.5246500000000001,-373.6666666666667,Communication Services,0.7516319494888919,0.7476045805094649,0.9994700582935877,,
2007-06-01,122580,JH,sell,delisted,1.0,52.74,2007-05-01,52.74,0.18459,,,,,,35.9253,16.630110000000002
2007-06-01,199357,SHW,buy,rebalance,4.0,17.591,2007-06-01,70.364,0.24627400000000002,-251.66666666666666,Basic Materials,0.7249877204863855,0.9023136246786633,0.9573396926338102,,
2007-06-01,185395,UST1,buy,rebalance,1.0,50.363,2007-06-01,50.363,0.1762705,-295.3333333333333,Consumer Defensive,0.7566590694232439,0.8319700864688011,0.9610492845786963,,
2007-06-01,197300,LMT,buy,rebalance,6.0,55.379,2007-06-01,332.274,1.162959,-296.3333333333333,Industrials,0.761564566961283,0.8212199111942042,0.9666136724960255,,
2007-06-01,195845,COL,buy,rebalance,1.0,58.568,2007-06-01,58.568,0.204988,-313.6666666666667,Industrials,0.7448291132510646,0.8508997429305912,0.93879173290938,,
2007-06-01,195259,RAI,buy,rebalance,16.0,9.537,2007-06-01,152.592,0.5340720000000001,-329.6666666666667,Consumer Defensive,0.7585746165405585,0.7838279971956065,0.9819819819819819,,
2007-06-01,199551,SPGI,buy,rebalance,4.0,47.759,2007-06-01,191.036,0.668626,-348.3333333333333,Financial Services,0.7449659903229969,0.7730778219210096,0.994435612082671,,
2007-06-01,199774,OMC,buy,rebalance,4.0,30.484,2007-06-01,121.936,0.42677600000000004,-367.3333333333333,Communication Services,0.751631949488892,0.7476045805094649,0.9994700582935877,,
2007-06-01,197469,LH,buy,rebalance,1.0,65.148,2007-06-01,65.148,0.228018,-369.3333333333333,Healthcare,0.7803631666187388,0.7291423229726571,0.9843667196608373,,
2007-07-02,185395,UST1,buy,rebalance,1.0,49.608,2007-07-02,49.608,0.173628,-298.0,Consumer Defensive,0.7604369209336364,0.8306242638398116,0.9581274382314694,,
2007-07-02,199556,MAT,buy,rebalance,5.0,16.221,2007-07-02,81.105,0.2838675,-317.0,Consumer Cyclical,0.7273800317858481,0.9215547703180212,0.8842652795838751,,
2007-07-02,197300,LMT,buy,rebalance,5.0,53.805,2007-07-02,269.025,0.9415874999999999,-320.3333333333333,Industrials,0.7645138729721119,0.7985865724381626,0.9690507152145643,,
2007-07-02,199660,HAS,buy,rebalance,2.0,17.691,2007-07-02,35.382,0.12383699999999999,-324.6666666666667,Consumer Cyclical,0.7356298308316389,0.9314487632508834,0.859297789336801,,
2007-07-02,198566,HON,buy,rebalance,9.0,33.798,2007-07-02,304.182,1.064637,-346.6666666666667,Industrials,0.7487585308534835,0.8567726737338045,0.9050715214564369,,
2007-07-02,193203,ACN,buy,rebalance,7.0,29.496,2007-07-02,206.47199999999998,0.722652,-357.0,Technology,0.7021233126587615,0.8431095406360424,0.9721716514954486,,
2007-07-02,199120,CHD,buy,rebalance,2.0,9.447,2007-07-02,18.894,0.066129,-358.0,Consumer Defensive,0.7616038877584438,0.8098939929328622,0.929778933680104,,
2007-07-02,198821,TSS,buy,rebalance,2.0,22.693,2007-07-02,45.386,0.15885100000000002,-374.0,Financial Services,0.693994423058133,0.8909305064782097,0.9188556566970091,,
2007-08-01,185395,UST1,buy,rebalance,1.0,50.565,2007-08-01,50.565,0.17697749999999998,-293.6666666666667,Consumer Defensive,0.7604369209336364,0.8306242638398116,0.9581274382314694,,
2007-08-01,199556,MAT,buy,rebalance,5.0,14.883,2007-08-01,74.41499999999999,0.2604525,-313.3333333333333,Consumer Cyclical,0.7273800317858481,0.9215547703180212,0.8842652795838751,,
2007-08-01,197300,LMT,buy,rebalance,5.0,57.806,2007-08-01,289.03,1.0116049999999999,-315.0,Industrials,0.7645138729721119,0.7985865724381626,0.9690507152145643,,
2007-08-01,199660,HAS,buy,rebalance,2.0,15.896,2007-08-01,31.792,0.11127200000000001,-320.6666666666667,Consumer Cyclical,0.7356298308316389,0.9314487632508834,0.859297789336801,,
2007-08-01,198566,HON,buy,rebalance,9.0,33.84,2007-08-01,304.56000000000006,1.0659600000000002,-341.6666666666667,Industrials,0.7487585308534835,0.8567726737338045,0.9050715214564369,,
2007-08-01,193203,ACN,buy,rebalance,7.0,28.803,2007-08-01,201.621,0.7056735000000001,-352.0,Technology,0.7021233126587615,0.8431095406360424,0.9721716514954486,,
2007-08-01,199120,CHD,buy,rebalance,2.0,9.615,2007-08-01,19.23,0.067305,-352.0,Consumer Defensive,0.7616038877584438,0.8098939929328622,0.929778933680104,,
2007-08-01,198821,TSS,buy,rebalance,2.0,22.049,2007-08-01,44.098,0.154343,-369.6666666666667,Financial Services,0.693994423058133,0.8909305064782097,0.9188556566970091,,
2007-09-04,185395,UST1,buy,rebalance,1.0,46.626,2007-09-04,46.626,0.163191,-291.0,Consumer Defensive,0.7604369209336364,0.8306242638398116,0.9581274382314694,,
2007-09-04,199556,MAT,buy,rebalance,5.0,13.867,2007-09-04,69.33500000000001,0.24267250000000004,-310.6666666666667,Consumer Cyclical,0.7273800317858482,0.9215547703180212,0.8842652795838751,,
2007-09-04,197300,LMT,buy,rebalance,5.0,56.368,2007-09-04,281.84000000000003,0.9864400000000001,-312.3333333333333,Industrials,0.7645138729721119,0.7985865724381626,0.9690507152145643,,
2007-09-04,199660,HAS,buy,rebalance,2.0,15.389,2007-09-04,30.778,0.107723,-318.0,Consumer Cyclical,0.7356298308316389,0.9314487632508834,0.859297789336801,,
2007-09-04,198566,HON,buy,rebalance,9.0,33.526,2007-09-04,301.73400000000004,1.0560690000000001,-338.3333333333333,Industrials,0.7487585308534835,0.8567726737338045,0.9050715214564369,,
2007-09-04,199120,CHD,buy,rebalance,2.0,8.822,2007-09-04,17.644,0.061753999999999996,-348.3333333333333,Consumer Defensive,0.7616038877584439,0.8098939929328622,0.929778933680104,,
2007-09-04,193203,ACN,buy,rebalance,7.0,28.678,2007-09-04,200.746,0.7026110000000001,-349.3333333333333,Technology,0.7021233126587615,0.8431095406360424,0.9721716514954486,,
2007-09-04,198821,TSS,buy,rebalance,2.0,21.489,2007-09-04,42.978,0.150423,-366.6666666666667,Financial Services,0.693994423058133,0.8909305064782097,0.9188556566970091,,
2007-10-01,199623,IBM,buy,rebalance,13.0,61.505,2007-10-01,799.565,2.7984775,-293.0,Technology,0.7603094104232605,0.796054195388638,0.9879550321199143,,
2007-10-01,195852,FIS,buy,rebalance,2.0,17.961,2007-10-01,35.922,0.125727,-297.6666666666667,Technology,0.7133015867533489,0.8678393154266698,0.9705567451820128,,
2007-10-01,199576,VGR,buy,rebalance,2.0,2.73,2007-10-01,5.46,0.019110000000000002,-331.0,Consumer Defensive,0.7246471405857011,0.8390777275968624,0.9558351177730193,,
2007-10-01,199170,ITT,buy,rebalance,2.0,21.629,2007-10-01,43.258,0.151403,-397.6666666666667,Industrials,0.7575026929200526,0.7575469455669123,0.9397751605995718,,
2007-11-01,199623,IBM,buy,rebalance,15.0,58.725,2007-11-01,880.875,3.0830625,-290.3333333333333,Technology,0.7603094104232605,0.796054195388638,0.9879550321199143,,
2007-11-01,195852,FIS,buy,rebalance,2.0,18.237,2007-11-01,36.474,0.127659,-295.6666666666667,Technology,0.7133015867533489,0.8678393154266698,0.9705567451820128,,
2007-11-01,199576,VGR,buy,rebalance,2.0,2.632,2007-11-01,5.264,0.018424000000000003,-328.3333333333333,Consumer Defensive,0.7246471405857011,0.8390777275968624,0.9558351177730193,,
2007-11-01,199170,ITT,buy,rebalance,3.0,20.077,2007-11-01,60.23100000000001,0.21080850000000004,-394.0,Industrials,0.7575026929200527,0.7575469455669123,0.9397751605995718,,
2007-12-03,199623,IBM,buy,rebalance,16.0,54.882,2007-12-03,878.112,3.073392,-286.6666666666667,Technology,0.7603094104232606,0.796054195388638,0.9879550321199143,,
2007-12-03,195852,FIS,buy,rebalance,3.0,17.466,2007-12-03,52.398,0.18339300000000003,-292.6666666666667,Technology,0.7133015867533489,0.8678393154266698,0.9705567451820128,,
2007-12-03,199576,VGR,buy,rebalance,2.0,2.666,2007-12-03,5.332,0.018662,-324.3333333333333,Consumer Defensive,0.7246471405857011,0.8390777275968624,0.9558351177730193,,
2007-12-03,199170,ITT,buy,rebalance,3.0,19.748,2007-12-03,59.244,0.207354,-388.6666666666667,Industrials,0.7575026929200526,0.7575469455669123,0.9397751605995718,,
2008-01-02,198566,HON,buy,rebalance,5.0,35.791,2008-01-02,178.95499999999998,0.6263424999999999,-322.6666666666667,Industrials,0.7990129530703329,0.81458383305349,0.9289176090468497,,
2008-01-02,188220,MHS,buy,rebalance,2.0,51.735,2008-01-02,103.47,0.362145,-325.0,Consumer Defensive,0.7117872383858551,0.9030942672103622,0.9658050619278407,,
2008-01-02,199576,VGR,buy,rebalance,2.0,2.456,2008-01-02,4.912,0.017192,-353.6666666666667,Consumer Defensive,0.7631823997833962,0.8114655792756057,0.9563812600969306,,
2008-01-02,196855,AME,buy,rebalance,1.0,18.161,2008-01-02,18.161,0.06356350000000001,-355.3333333333333,Industrials,0.785100965881251,0.7855600863516431,0.9493807215939688,,
2008-01-02,193213,TT,buy,rebalance,2.0,20.369,2008-01-02,40.738,0.142583,-369.3333333333333,Basic Materials,0.744894585176505,0.8184216838570401,0.9679590737749058,,
2008-01-02,199327,CVX,buy,rebalance,18.0,44.779,2008-01-02,806.022,2.8210770000000003,-372.0,Energy,0.7940217285569613,0.8280163108659151,0.877221324717286,,
2008-02-01,198566,HON,buy,rebalance,4.0,35.977,2008-02-01,143.908,0.503678,-318.0,Industrials,0.7990129530703332,0.81458383305349,0.9289176090468497,,
2008-02-01,188220,MHS,buy,rebalance,1.0,50.72,2008-02-01,50.72,0.17752,-321.3333333333333,Consumer Defensive,0.7117872383858551,0.9030942672103622,0.9658050619278407,,
2008-02-01,199576,VGR,buy,rebalance,2.0,2.314,2008-02-01,4.628,0.016198,-349.0,Consumer Defensive,0.7631823997833962,0.8114655792756057,0.9563812600969306,,
2008-02-01,196855,AME,buy,rebalance,1.0,17.539,2008-02-01,17.539,0.061386500000000004,-349.6666666666667,Industrials,0.785100965881251,0.7855600863516431,0.9493807215939688,,
2008-02-01,193213,TT,buy,rebalance,2.0,17.783,2008-02-01,35.566,0.12448100000000001,-364.3333333333333,Basic Materials,0.744894585176505,0.8184216838570401,0.9679590737749058,,
2008-02-01,199327,CVX,buy,rebalance,18.0,39.523,2008-02-01,711.4140000000001,2.489949,-367.0,Energy,0.7940217285569613,0.8280163108659151,0.877221324717286,,
2008-03-03,198566,HON,buy,rebalance,4.0,35.151,2008-03-03,140.604,0.49211400000000005,-314.3333333333333,Industrials,0.7990129530703332,0.81458383305349,0.9289176090468497,,
2008-03-03,188220,MHS,buy,rebalance,2.0,43.85,2008-03-03,87.7,0.30695,-318.0,Consumer Defensive,0.7117872383858551,0.9030942672103622,0.9658050619278407,,
2008-03-03,199576,VGR,buy,rebalance,2.0,2.231,2008-03-03,4.462,0.015616999999999999,-344.0,Consumer Defensive,0.7631823997833962,0.8114655792756057,0.9563812600969306,,
2008-03-03,196855,AME,buy,rebalance,1.0,17.16,2008-03-03,17.16,0.06006,-345.0,Industrials,0.785100965881251,0.7855600863516431,0.9493807215939688,,
2008-03-03,193213,TT,buy,rebalance,2.0,19.44,2008-03-03,38.88,0.13608,-359.6666666666667,Basic Materials,0.7448945851765049,0.8184216838570401,0.9679590737749058,,
2008-03-03,199327,CVX,buy,rebalance,17.0,42.075,2008-03-03,715.2750000000001,2.5034625000000004,-363.6666666666667,Energy,0.7940217285569613,0.8280163108659151,0.877221324717286,,
2008-04-01,199839,KO,buy,rebalance,29.0,17.531,2008-04-01,508.39899999999994,1.7793964999999998,-252.33333333333334,Consumer Defensive,0.7815800931903428,0.8464519254056673,0.987688098495212,,
2008-04-01,198566,HON,buy,rebalance,4.0,34.695,2008-04-01,138.78,0.48573,-263.6666666666667,Industrials,0.796509539353976,0.8684911600871882,0.9296853625170999,,
2008-04-01,199120,CHD,buy,rebalance,1.0,10.787,2008-04-01,10.787,0.0377545,-293.3333333333333,Consumer Defensive,0.8018473447087845,0.8449987890530395,0.921751025991792,,
2008-04-01,199137,MRK,buy,rebalance,19.0,19.314,2008-04-01,366.966,1.284381,-326.6666666666667,Healthcare,0.7735693807711932,0.8670380237345604,0.9075239398084816,,
2008-04-01,199385,ROL,buy,rebalance,2.0,2.668,2008-04-01,5.336,0.018676,-327.6666666666667,Consumer Cyclical,0.7241453238223062,0.8682489706950836,0.9890560875512996,,
2008-05-01,199839,KO,buy,rebalance,29.0,16.86,2008-05-01,488.94,1.71129,-249.66666666666666,Consumer Defensive,0.7815800931903428,0.8464519254056673,0.987688098495212,,
2008-05-01,198566,HON,buy,rebalance,4.0,36.424,2008-05-01,145.696,0.5099360000000001,-260.6666666666667,Industrials,0.796509539353976,0.8684911600871882,0.9296853625170999,,
2008-05-01,199120,CHD,buy,rebalance,1.0,11.017,2008-05-01,11.017,0.0385595,-290.0,Consumer Defensive,0.8018473447087845,0.8449987890530395,0.921751025991792,,
2008-05-01,199137,MRK,buy,rebalance,18.0,19.632,2008-05-01,353.37600000000003,1.2368160000000001,-323.6666666666667,Healthcare,0.7735693807711932,0.8670380237345604,0.9075239398084816,,
2008-05-01,199385,ROL,buy,rebalance,2.0,2.503,2008-05-01,5.006,0.017521000000000002,-324.3333333333333,Consumer Cyclical,0.7241453238223062,0.8682489706950836,0.9890560875512996,,
2008-06-02,199839,KO,buy,rebalance,30.0,16.264,2008-06-02,487.91999999999996,1.70772,-244.33333333333334,Consumer Defensive,0.7815800931903428,0.8464519254056673,0.987688098495212,,
2008-06-02,198566,HON,buy,rebalance,4.0,35.163,2008-06-02,140.652,0.49228199999999994,-255.33333333333334,Industrials,0.796509539353976,0.8684911600871882,0.9296853625170999,,
2008-06-02,199120,CHD,buy,rebalance,1.0,11.094,2008-06-02,11.094,0.038828999999999995,-284.0,Consumer Defensive,0.8018473447087845,0.8449987890530395,0.921751025991792,,
2008-06-02,199137,MRK,buy,rebalance,18.0,19.239,2008-06-02,346.302,1.2120570000000002,-317.6666666666667,Healthcare,0.7735693807711932,0.8670380237345604,0.9075239398084816,,
2008-06-02,199385,ROL,buy,rebalance,2.0,2.381,2008-06-02,4.762,0.016666999999999998,-319.0,Consumer Cyclical,0.7241453238223061,0.8682489706950836,0.9890560875512996,,
2008-07-01,122857,MOVIQ,sell,delisted,1.0,0.004,2008-05-08,0.004,1.4e-05,,,,,,17.420759999999998,-17.416773999999997
2008-07-01,199839,KO,buy,rebalance,23.0,14.649,2008-07-01,336.92699999999996,1.1792444999999998,-228.0,Consumer Defensive,0.8008745694033282,0.8564870741725055,0.9742295430393199,,
2008-07-01,199836,CL,buy,rebalance,4.0,22.515,2008-07-01,90.06,0.31521,-236.66666666666666,Consumer Defensive,0.8038298233801282,0.8596279294515583,0.9593517534537725,,
2008-07-01,196736,RTN,buy,rebalance,1.0,42.426,2008-07-01,42.426,0.148491,-237.0,Industrials,0.7888577383309632,0.8891036482242087,0.9476620616365569,,
2008-07-01,198566,HON,buy,rebalance,3.0,30.67,2008-07-01,92.01,0.322035,-245.33333333333334,Industrials,0.7910624126978402,0.8973181928001933,0.9287991498405951,,
2008-07-01,199623,IBM,buy,rebalance,7.0,62.34,2008-07-01,436.38,1.52733,-281.3333333333333,Technology,0.7908657493975706,0.8562454699202706,0.9423485653560042,,
2008-08-01,199839,KO,buy,rebalance,22.0,15.263,2008-08-01,335.786,1.175251,-226.0,Consumer Defensive,0.8008745694033281,0.8564870741725055,0.9742295430393199,,
2008-08-01,199836,CL,buy,rebalance,3.0,24.287,2008-08-01,72.86099999999999,0.25501349999999995,-234.66666666666666,Consumer Defensive,0.8038298233801281,0.8596279294515583,0.9593517534537725,,
2008-08-01,196736,RTN,buy,rebalance,1.0,41.737,2008-08-01,41.737,0.1460795,-235.33333333333334,Industrials,0.7888577383309632,0.8891036482242087,0.9476620616365569,,
2008-08-01,198566,HON,buy,rebalance,3.0,30.754,2008-08-01,92.262,0.322917,-244.0,Industrials,0.7910624126978401,0.8973181928001933,0.9287991498405951,,
2008-08-01,199623,IBM,buy,rebalance,6.0,66.192,2008-08-01,397.15199999999993,1.3900319999999997,-279.3333333333333,Technology,0.7908657493975705,0.8562454699202706,0.9423485653560042,,
2008-09-02,199839,KO,buy,rebalance,24.0,14.925,2008-09-02,358.20000000000005,1.2537000000000003,-223.33333333333334,Consumer Defensive,0.8008745694033281,0.8564870741725055,0.9742295430393199,,
2008-09-02,199836,CL,buy,rebalance,4.0,25.031,2008-09-02,100.124,0.35043399999999997,-232.0,Consumer Defensive,0.8038298233801281,0.8596279294515583,0.9593517534537725,,
2008-09-02,196736,RTN,buy,rebalance,1.0,44.595,2008-09-02,44.595,0.1560825,-233.0,Industrials,0.7888577383309632,0.8891036482242087,0.9476620616365569,,
2008-09-02,198566,HON,buy,rebalance,3.0,30.438,2008-09-02,91.314,0.31959899999999997,-241.33333333333334,Industrials,0.7910624126978401,0.8973181928001933,0.9287991498405951,,
2008-09-02,199623,IBM,buy,rebalance,7.0,62.13,2008-09-02,434.91,1.5221850000000001,-276.6666666666667,Technology,0.7908657493975707,0.8562454699202706,0.9423485653560042,,
2008-10-01,199685,GIS,buy,rebalance,6.0,18.822,2008-10-01,112.93199999999999,0.39526199999999995,-250.33333333333334,Consumer Defensive,0.8080412743927896,0.8265700483091788,0.9801252382248843,,
2008-10-01,199623,IBM,buy,rebalance,15.0,57.786,2008-10-01,866.79,3.033765,-257.3333333333333,Technology,0.7953429530004543,0.8463768115942029,0.9697794718213995,,
2008-10-01,199120,CHD,buy,rebalance,1.0,12.248,2008-10-01,12.248,0.042867999999999996,-259.0,Consumer Defensive,0.8035183609428752,0.9012077294685991,0.895181050912061,,
2008-10-01,196855,AME,buy,rebalance,1.0,16.088,2008-10-01,16.088,0.056308000000000004,-260.6666666666667,Industrials,0.7821627863733802,0.8599033816425121,0.9681459297576913,,
2008-11-03,199685,GIS,buy,rebalance,5.0,18.335,2008-11-03,91.67500000000001,0.32086250000000005,-247.0,Consumer Defensive,0.8080412743927897,0.8265700483091788,0.9801252382248843,,
2008-11-03,199623,IBM,buy,rebalance,15.0,48.63,2008-11-03,729.45,2.553075,-254.33333333333334,Technology,0.7953429530004545,0.8463768115942029,0.9697794718213995,,
2008-11-03,199120,CHD,buy,rebalance,1.0,11.598,2008-11-03,11.598,0.040593000000000004,-256.6666666666667,Consumer Defensive,0.803518360942875,0.9012077294685991,0.895181050912061,,
2008-11-03,196855,AME,buy,rebalance,1.0,13.084,2008-11-03,13.084,0.045794,-258.0,Industrials,0.7821627863733804,0.8599033816425121,0.9681459297576913,,
2008-11-03,199753,EMR,buy,rebalance,8.0,19.83,2008-11-03,158.64,0.55524,-281.6666666666667,Industrials,0.7889037533924589,0.8632850241545894,0.9319357473454941,,
2008-12-01,199685,GIS,buy,rebalance,6.0,16.502,2008-12-01,99.012,0.346542,-245.0,Consumer Defensive,0.8080412743927897,0.8265700483091788,0.9801252382248843,,
2008-12-01,199623,IBM,buy,rebalance,18.0,40.587,2008-12-01,730.566,2.556981,-252.0,Technology,0.7953429530004545,0.8463768115942029,0.9697794718213995,,
2008-12-01,199120,CHD,buy,rebalance,1.0,10.979,2008-12-01,10.979,0.038426499999999995,-255.0,Consumer Defensive,0.8035183609428752,0.9012077294685991,0.895181050912061,,
2008-12-01,196855,AME,buy,rebalance,1.0,12.261,2008-12-01,12.261,0.0429135,-256.3333333333333,Industrials,0.7821627863733802,0.8599033816425121,0.9681459297576913,,
2008-12-01,199753,EMR,buy,rebalance,8.0,18.771,2008-12-01,150.168,0.525588,-279.6666666666667,Industrials,0.7889037533924589,0.8632850241545894,0.9319357473454941,,
2008-12-01,199176,VAR,buy,rebalance,1.0,32.886,2008-12-01,32.886,0.11510100000000001,-280.6666666666667,Healthcare,0.7408605055652324,0.941304347826087,0.9224067519738633,,
2009-01-02,185395,UST1,buy,rebalance,1.0,69.46,2009-01-02,69.46,0.24311,-120.66666666666667,Consumer Defensive,0.7531763502513747,0.9654088050314465,0.9772540422033433,,
2009-01-02,199685,GIS,buy,rebalance,9.0,16.299,2009-01-02,146.691,0.5134185,-130.66666666666666,Consumer Defensive,0.7789455122587375,0.9283986453797775,0.9654699917785695,,
2009-01-02,197300,LMT,buy,rebalance,4.0,49.925,2009-01-02,199.7,0.69895,-168.33333333333334,Industrials,0.7776053813530802,0.8884857281083696,0.9747876130446698,,
2009-01-02,199615,RYN,buy,rebalance,2.0,6.608,2009-01-02,13.216,0.046256,-207.33333333333334,Real Estate,0.7535537048761086,0.9392839864537977,0.9240887914497122,,
2009-01-02,199660,HAS,buy,rebalance,1.0,16.787,2009-01-02,16.787,0.0587545,-229.33333333333334,Consumer Cyclical,0.7597988806000542,0.9213836477987422,0.9144971224993149,,
2009-01-02,188237,DNA1,buy,rebalance,7.0,82.6,2009-01-02,578.1999999999999,2.0237,-230.33333333333334,Healthcare,0.7542698802748641,0.9583938074504113,0.8813373526993696,,
2009-02-02,199685,GIS,buy,rebalance,8.0,16.128,2009-02-02,129.024,0.451584,-129.0,Consumer Defensive,0.7789455122587375,0.9283986453797775,0.9654699917785695,,
2009-02-02,199877,CPB,buy,rebalance,4.0,17.142,2009-02-02,68.568,0.239988,-164.0,Consumer Defensive,0.7629087603506838,0.9129172714078374,0.9786242806248288,,
2009-02-02,197300,LMT,buy,rebalance,4.0,46.208,2009-02-02,184.832,0.646912,-166.66666666666666,Industrials,0.7776053813530802,0.8884857281083696,0.9747876130446698,,
2009-02-02,199615,RYN,buy,rebalance,2.0,6.577,2009-02-02,13.154,0.046039000000000004,-205.33333333333334,Real Estate,0.7535537048761086,0.9392839864537977,0.9240887914497122,,
2009-02-02,199660,HAS,buy,rebalance,2.0,12.54,2009-02-02,25.08,0.08778,-227.33333333333334,Consumer Cyclical,0.7597988806000542,0.9213836477987422,0.9144971224993149,,
2009-02-02,188237,DNA1,buy,rebalance,6.0,82.1,2009-02-02,492.59999999999997,1.7241,-228.33333333333334,Healthcare,0.7542698802748641,0.9583938074504113,0.8813373526993696,,
2009-03-02,185395,UST1,sell,delisted,38.0,69.46,2009-01-05,2639.4799999999996,9.238179999999998,,,,,,1597.236831,1033.0049889999998
2009-03-02,199685,GIS,buy,rebalance,35.0,14.232,2009-03-02,498.12,1.74342,-127.33333333333333,Consumer Defensive,0.7789455122587375,0.9283986453797775,0.9654699917785695,,
2009-03-02,199877,CPB,buy,rebalance,20.0,14.766,2009-03-02,295.32,1.03362,-162.33333333333334,Consumer Defensive,0.7629087603506838,0.9129172714078374,0.9786242806248288,,
2009-03-02,197300,LMT,buy,rebalance,21.0,35.281,2009-03-02,740.901,2.5931535,-164.33333333333334,Industrials,0.7776053813530802,0.8884857281083696,0.9747876130446698,,
2009-03-02,116231,SKIL2,buy,rebalance,2.0,6.15,2009-03-02,12.3,0.043050000000000005,-198.66666666666666,Technology,0.7221037528111175,0.9296081277213353,0.9967114277884351,,
2009-03-02,199615,RYN,buy,rebalance,10.0,5.47,2009-03-02,54.699999999999996,0.19144999999999998,-203.66666666666666,Real Estate,0.7535537048761086,0.9392839864537977,0.9240887914497122,,
2009-03-02,197267,CBZ,buy,rebalance,1.0,6.89,2009-03-02,6.89,0.024115,-218.33333333333334,Industrials,0.760421767361546,0.8930817610062893,0.9490271307207454,,
2009-03-02,199660,HAS,buy,rebalance,7.0,12.872,2009-03-02,90.104,0.315364,-225.0,Consumer Cyclical,0.7597988806000542,0.9213836477987422,0.9144971224993149,,
2009-03-02,188237,DNA1,buy,rebalance,24.0,81.59,2009-03-02,1958.16,6.853560000000001,-226.66666666666666,Healthcare,0.754269880274864,0.9583938074504113,0.8813373526993696,,
2009-04-01,199685,GIS,buy,rebalance,4.0,13.819,2009-04-01,55.276,0.19346600000000003,-114.66666666666667,Consumer Defensive,0.7793341211473284,0.938412852969815,0.9723231758456807,,
2009-04-01,199357,SHW,buy,rebalance,1.0,14.236,2009-04-01,14.236,0.049826,-165.33333333333334,Basic Materials,0.7537879864029786,0.9333008763388511,0.9737209952474141,,
2009-04-01,199411,PG,buy,rebalance,16.0,28.909,2009-04-01,462.544,1.618904,-179.0,Consumer Defensive,0.7841440117405155,0.8532132424537487,0.9932904668716802,,
2009-04-01,199185,JNJ,buy,rebalance,15.0,31.993,2009-04-01,479.895,1.6796324999999999,-212.66666666666666,Healthcare,0.78038091504469,0.8887536514118792,0.9267542633491753,,
2009-04-01,198804,PAYX,buy,rebalance,2.0,14.123,2009-04-01,28.246,0.09886099999999999,-251.66666666666666,Industrials,0.7787100505036686,0.811587147030185,0.9731618674867207,,
2009-05-01,188237,DNA1,sell,delisted,37.0,94.97,2009-03-26,3513.89,12.298615,,,,,,3039.5613599999997,462.030025
2009-05-01,199685,GIS,buy,rebalance,17.0,13.848,2009-05-01,235.41600000000003,0.8239560000000001,-112.0,Consumer Defensive,0.7793341211473284,0.938412852969815,0.9723231758456807,,
2009-05-01,199357,SHW,buy,rebalance,4.0,15.133,2009-05-01,60.532,0.211862,-161.33333333333334,Basic Materials,0.7537879864029787,0.9333008763388511,0.9737209952474141,,
2009-05-01,184075,HLTH1,buy,rebalance,1.0,10.7,2009-05-01,10.7,0.03745,-167.0,Technology,0.7497413143277987,0.9483933787731256,0.9608610567514677,,
2009-05-01,199411,PG,buy,rebalance,66.0,29.945,2009-05-01,1976.3700000000001,6.917295,-175.33333333333334,Consumer Defensive,0.7841440117405155,0.8532132424537487,0.9932904668716802,,
2009-05-01,197333,APU,buy,rebalance,1.0,13.359,2009-05-01,13.359,0.0467565,-197.0,Utilities,0.7486636829453097,0.943524829600779,0.9404528934861616,,
2009-05-01,199185,JNJ,buy,rebalance,64.0,31.721,2009-05-01,2030.144,7.105504,-209.0,Healthcare,0.78038091504469,0.8887536514118792,0.9267542633491753,,
2009-05-01,198804,PAYX,buy,rebalance,7.0,14.978,2009-05-01,104.846,0.36696100000000004,-247.66666666666666,Industrials,0.7787100505036685,0.811587147030185,0.9731618674867207,,
2009-06-01,199685,GIS,buy,rebalance,4.0,14.037,2009-06-01,56.148,0.19651800000000003,-109.33333333333333,Consumer Defensive,0.7793341211473284,0.938412852969815,0.9723231758456807,,
2009-06-01,199357,SHW,buy,rebalance,1.0,14.794,2009-06-01,14.794,0.051779000000000006,-158.0,Basic Materials,0.7537879864029787,0.9333008763388511,0.9737209952474141,,
2009-06-01,199411,PG,buy,rebalance,14.0,32.28,2009-06-01,451.92,1.58172,-171.0,Consumer Defensive,0.7841440117405155,0.8532132424537487,0.9932904668716802,,
2009-06-01,199185,JNJ,buy,rebalance,14.0,33.945,2009-06-01,475.23,1.663305,-204.66666666666666,Healthcare,0.78038091504469,0.8887536514118792,0.9267542633491753,,
2009-06-01,198804,PAYX,buy,rebalance,1.0,15.829,2009-06-01,15.829,0.055401500000000006,-243.33333333333334,Industrials,0.7787100505036686,0.811587147030185,0.9731618674867207,,
2009-07-01,196997,DGX,buy,rebalance,3.0,41.834,2009-07-01,125.50200000000001,0.43925700000000006,-106.66666666666667,Healthcare,0.7804582522797477,0.9374693477194703,0.9764441951766686,,
2009-07-01,199841,CLX,buy,rebalance,2.0,33.399,2009-07-01,66.798,0.233793,-122.33333333333333,Consumer Defensive,0.7757143731263552,0.9102501226091221,0.9988782950084127,,
2009-07-01,185526,SY2,buy,rebalance,1.0,31.2,2009-07-01,31.2,0.1092,-139.33333333333334,Technology,0.7723182721145383,0.9136831780284453,0.982893998878295,,
2009-07-01,199357,SHW,buy,rebalance,5.0,14.791,2009-07-01,73.955,0.2588425,-155.0,Basic Materials,0.758015143213514,0.9409024031387935,0.9669097027481772,,
2009-07-01,199576,VGR,buy,rebalance,6.0,2.113,2009-07-01,12.678,0.044373,-176.0,Consumer Defensive,0.7952851716081075,0.8504168710152036,0.9840157038698822,,
2009-07-01,197167,OTEX,buy,rebalance,3.0,6.943,2009-07-01,20.829,0.07290150000000001,-191.66666666666666,Technology,0.7340208046751021,0.9310936733692987,0.9781267526640494,,
2009-07-01,198040,SRCL,buy,rebalance,1.0,50.75,2009-07-01,50.75,0.177625,-202.0,Industrials,0.74430102483067,0.9026483570377636,0.9789680314077398,,
2009-07-01,199891,BMY,buy,rebalance,47.0,11.057,2009-07-01,519.679,1.8188765,-204.33333333333334,Healthcare,0.7779253595424318,0.9043648847474252,0.9158721256309591,,
2009-08-03,196997,DGX,buy,rebalance,3.0,39.681,2009-08-03,119.04299999999999,0.4166505,-105.66666666666667,Healthcare,0.7804582522797477,0.9374693477194703,0.9764441951766686,,
2009-08-03,199841,CLX,buy,rebalance,3.0,35.113,2009-08-03,105.339,0.36868650000000003,-121.33333333333333,Consumer Defensive,0.7757143731263552,0.9102501226091221,0.9988782950084127,,
2009-08-03,185526,SY2,buy,rebalance,1.0,35.65,2009-08-03,35.65,0.124775,-138.33333333333334,Technology,0.7723182721145384,0.9136831780284453,0.982893998878295,,
2009-08-03,199357,SHW,buy,rebalance,5.0,16.32,2009-08-03,81.6,0.28559999999999997,-154.0,Basic Materials,0.758015143213514,0.9409024031387935,0.9669097027481772,,
2009-08-03,199576,VGR,buy,rebalance,6.0,2.147,2009-08-03,12.881999999999998,0.045086999999999995,-174.66666666666666,Consumer Defensive,0.7952851716081075,0.8504168710152036,0.9840157038698822,,
2009-08-03,197167,OTEX,buy,rebalance,3.0,7.194,2009-08-03,21.582,0.075537,-190.33333333333334,Technology,0.7340208046751021,0.9310936733692987,0.9781267526640494,,
2009-08-03,198040,SRCL,buy,rebalance,1.0,51.75,2009-08-03,51.75,0.181125,-200.0,Industrials,0.74430102483067,0.9026483570377636,0.9789680314077398,,
2009-08-03,199891,BMY,buy,rebalance,47.0,11.926,2009-08-03,560.522,1.9618270000000002,-203.0,Healthcare,0.7779253595424319,0.9043648847474252,0.9158721256309591,,
2009-09-01,196997,DGX,buy,rebalance,3.0,39.032,2009-09-01,117.09599999999999,0.409836,-105.0,Healthcare,0.7804582522797477,0.9374693477194703,0.9764441951766686,,
2009-09-01,199841,CLX,buy,rebalance,3.0,34.744,2009-09-01,104.232,0.364812,-120.66666666666667,Consumer Defensive,0.7757143731263552,0.9102501226091221,0.9988782950084127,,
2009-09-01,185526,SY2,buy,rebalance,1.0,34.66,2009-09-01,34.66,0.12130999999999999,-137.66666666666666,Technology,0.7723182721145384,0.9136831780284453,0.982893998878295,,
2009-09-01,199357,SHW,buy,rebalance,5.0,16.457,2009-09-01,82.285,0.2879975,-153.0,Basic Materials,0.758015143213514,0.9409024031387935,0.9669097027481772,,
2009-09-01,199576,VGR,buy,rebalance,6.0,2.265,2009-09-01,13.59,0.047565,-173.66666666666666,Consumer Defensive,0.7952851716081075,0.8504168710152036,0.9840157038698822,,
2009-09-01,197167,OTEX,buy,rebalance,3.0,6.531,2009-09-01,19.593,0.0685755,-189.33333333333334,Technology,0.734020804675102,0.9310936733692987,0.9781267526640494,,
2009-09-01,198040,SRCL,buy,rebalance,1.0,48.97,2009-09-01,48.97,0.171395,-199.0,Industrials,0.7443010248306698,0.9026483570377636,0.9789680314077398,,
2009-09-01,199891,BMY,buy,rebalance,48.0,11.849,2009-09-01,568.752,1.990632,-202.33333333333334,Healthcare,0.7779253595424319,0.9043648847474252,0.9158721256309591,,
2009-10-01,124603,TCP,buy,rebalance,3.0,17.087,2009-10-01,51.260999999999996,0.17941349999999998,-128.33333333333334,Energy,0.7999034712417891,0.9059723593287266,0.9732498577120091,,
2009-10-01,197997,AZO,buy,rebalance,2.0,145.62,2009-10-01,291.24,1.0193400000000001,-154.33333333333334,Consumer Cyclical,0.7729183247352432,0.9279368213228035,0.9561752988047809,,
2009-10-01,197333,APU,buy,rebalance,4.0,15.667,2009-10-01,62.668,0.219338,-222.66666666666666,Utilities,0.7768797910012507,0.8926456071076012,0.9183266932270916,,
2009-10-01,197138,SPH,buy,rebalance,5.0,9.642,2009-10-01,48.209999999999994,0.16873499999999997,-231.33333333333334,Utilities,0.7838993701715729,0.9237413622902271,0.8685258964143426,,
2009-10-01,193488,WBD,buy,rebalance,17.0,14.455,2009-10-01,245.735,0.8600725,-233.66666666666666,Communication Services,0.7075102914967285,0.9249753208292202,0.9931701764371087,,
2009-10-01,196997,DGX,buy,rebalance,9.0,38.191,2009-10-01,343.71900000000005,1.2030165000000002,-235.33333333333334,Healthcare,0.7777790497358122,0.819101678183613,0.9789413773477519,,
2009-10-01,197167,OTEX,buy,rebalance,10.0,6.947,2009-10-01,69.47,0.243145,-238.66666666666666,Technology,0.7404299255678367,0.8827739387956565,0.9735344336937962,,
2009-10-01,196834,PETS,buy,rebalance,1.0,10.363,2009-10-01,10.363,0.0362705,-248.33333333333334,Consumer Defensive,0.7302457122707149,0.9202862783810464,0.939954467842914,,
2009-11-02,124603,TCP,buy,rebalance,2.0,17.382,2009-11-02,34.764,0.12167400000000002,-127.0,Energy,0.7999034712417891,0.9059723593287266,0.9732498577120091,,
2009-11-02,197997,AZO,buy,rebalance,1.0,136.22,2009-11-02,136.22,0.47677,-153.33333333333334,Consumer Cyclical,0.7729183247352431,0.9279368213228035,0.9561752988047809,,
2009-11-02,197333,APU,buy,rebalance,3.0,16.557,2009-11-02,49.67099999999999,0.1738485,-221.0,Utilities,0.7768797910012506,0.8926456071076012,0.9183266932270916,,
2009-11-02,197138,SPH,buy,rebalance,4.0,10.239,2009-11-02,40.956,0.143346,-230.0,Utilities,0.7838993701715729,0.9237413622902271,0.8685258964143426,,
2009-11-02,193488,WBD,buy,rebalance,16.0,13.64,2009-11-02,218.24,0.7638400000000001,-232.33333333333334,Communication Services,0.7075102914967285,0.9249753208292202,0.9931701764371087,,
2009-11-02,196997,DGX,buy,rebalance,7.0,41.471,2009-11-02,290.29699999999997,1.0160395,-233.66666666666666,Healthcare,0.7777790497358122,0.819101678183613,0.9789413773477519,,
2009-11-02,197167,OTEX,buy,rebalance,9.0,6.967,2009-11-02,62.702999999999996,0.2194605,-237.0,Technology,0.7404299255678367,0.8827739387956565,0.9735344336937962,,
2009-11-02,196834,PETS,buy,rebalance,1.0,8.641,2009-11-02,8.641,0.0302435,-247.0,Consumer Defensive,0.7302457122707148,0.9202862783810464,0.939954467842914,,
2009-12-01,184075,HLTH1,sell,delisted,1.0,15.23,2009-10-23,15.23,0.053305000000000005,,,,,,10.737449999999999,4.439245000000001
2009-12-01,124603,TCP,buy,rebalance,3.0,16.324,2009-12-01,48.97200000000001,0.17140200000000003,-126.66666666666667,Energy,0.799903471241789,0.9059723593287266,0.9732498577120091,,
2009-12-01,197997,AZO,buy,rebalance,2.0,151.2,2009-12-01,302.4,1.0584,-153.0,Consumer Cyclical,0.7729183247352432,0.9279368213228035,0.9561752988047809,,
2009-12-01,197333,APU,buy,rebalance,4.0,17.052,2009-12-01,68.208,0.238728,-220.66666666666666,Utilities,0.7768797910012506,0.8926456071076012,0.9183266932270916,,
2009-12-01,197138,SPH,buy,rebalance,4.0,10.298,2009-12-01,41.192,0.144172,-229.66666666666666,Utilities,0.7838993701715729,0.9237413622902271,0.8685258964143426,,
2009-12-01,193488,WBD,buy,rebalance,16.0,16.195,2009-12-01,259.12,0.9069200000000001,-232.0,Communication Services,0.7075102914967285,0.9249753208292202,0.9931701764371087,,
2009-12-01,196997,DGX,buy,rebalance,8.0,43.267,2009-12-01,346.136,1.2114760000000002,-233.33333333333334,Healthcare,0.7777790497358122,0.819101678183613,0.9789413773477519,,
2009-12-01,197167,OTEX,buy,rebalance,10.0,7.228,2009-12-01,72.28,0.25298,-236.66666666666666,Technology,0.7404299255678367,0.8827739387956565,0.9735344336937962,,
2009-12-01,196834,PETS,buy,rebalance,1.0,9.039,2009-12-01,9.039,0.0316365,-246.66666666666666,Consumer Defensive,0.7302457122707148,0.9202862783810464,0.939954467842914,,
2010-01-04,199623,IBM,buy,rebalance,13.0,71.285,2010-01-04,926.7049999999999,3.2434675,-333.0,Technology,0.7175136851948061,0.7477477477477478,0.9636103151862464,,
2010-01-04,193488,WBD,buy,rebalance,3.0,15.5,2010-01-04,46.5,0.16275,-353.3333333333333,Communication Services,0.6328309867592361,0.8460960960960962,0.9796561604584527,,
2010-01-04,195522,HLF,buy,rebalance,1.0,9.506,2010-01-04,9.506,0.033271,-358.6666666666667,Consumer Defensive,0.6392501316972778,0.8328328328328328,0.9722063037249283,,
2010-02-01,123237,RHDCQ,sell,delisted,1.0,0.004,2009-12-23,0.004,1.4e-05,,,,,,58.473945,-58.469959
2010-02-01,199623,IBM,buy,rebalance,14.0,67.098,2010-02-01,939.372,3.287802,-330.6666666666667,Technology,0.7175136851948061,0.7477477477477478,0.9636103151862464,,
2010-02-01,193488,WBD,buy,rebalance,3.0,14.895,2010-02-01,44.685,0.15639750000000002,-352.0,Communication Services,0.6328309867592363,0.8460960960960962,0.9796561604584527,,
2010-02-01,195522,HLF,buy,rebalance,1.0,9.08,2010-02-01,9.08,0.03178,-356.6666666666667,Consumer Defensive,0.6392501316972778,0.8328328328328328,0.9722063037249283,,
2010-03-01,199623,IBM,buy,rebalance,13.0,69.509,2010-03-01,903.617,3.1626594999999997,-330.6666666666667,Technology,0.7175136851948061,0.7477477477477478,0.9636103151862464,,
2010-03-01,193488,WBD,buy,rebalance,3.0,15.445,2010-03-01,46.335,0.1621725,-352.0,Communication Services,0.6328309867592361,0.8460960960960962,0.9796561604584527,,
2010-03-01,195522,HLF,buy,rebalance,1.0,9.558,2010-03-01,9.558,0.033453000000000004,-356.6666666666667,Consumer Defensive,0.6392501316972778,0.8328328328328328,0.9722063037249283,,
2010-04-01,186484,PAS,sell,delisted,1.0,29.88,2010-02-25,29.88,0.10457999999999999,,,,,,21.2310495,8.5443705
2010-04-01,199059,AAPL,buy,rebalance,133.0,7.057,2010-04-01,938.581,3.2850335,-389.6666666666667,Technology,0.6626929535702686,0.782808902532617,0.9558479532163743,,
2010-04-01,193488,WBD,buy,rebalance,2.0,16.905,2010-04-01,33.81,0.11833500000000001,-404.6666666666667,Communication Services,0.6420836844053048,0.778715784088002,0.9821637426900585,,
2010-04-01,196024,TPR,buy,rebalance,2.0,26.111,2010-04-01,52.222,0.182777,-410.6666666666667,Consumer Cyclical,0.6151546177959186,0.8564850345356869,0.9497076023391813,,
2010-04-01,198326,NWL,buy,rebalance,2.0,8.989,2010-04-01,17.978,0.062923,-412.0,Consumer Defensive,0.6045339383695788,0.8779739063699156,0.947953216374269,,
2010-04-01,196456,BKNG,buy,rebalance,4.0,10.067,2010-04-01,40.268,0.140938,-439.3333333333333,Industrials,0.5838424967577402,0.8718342287029931,0.9698830409356726,,
2010-04-01,194859,WCRX,buy,rebalance,2.0,14.177,2010-04-01,28.354,0.099239,-444.6666666666667,Healthcare,0.6094682819278014,0.8209260680480941,0.9649122807017544,,
2010-05-03,199059,AAPL,buy,rebalance,106.0,7.966,2010-05-03,844.3960000000001,2.9553860000000003,-386.6666666666667,Technology,0.6626929535702686,0.782808902532617,0.9558479532163743,,
2010-05-03,193488,WBD,buy,rebalance,2.0,19.68,2010-05-03,39.36,0.13776,-401.6666666666667,Communication Services,0.6420836844053048,0.778715784088002,0.9821637426900585,,
2010-05-03,196024,TPR,buy,rebalance,1.0,27.991,2010-05-03,27.991,0.0979685,-407.6666666666667,Consumer Cyclical,0.6151546177959187,0.8564850345356869,0.9497076023391813,,
2010-05-03,198326,NWL,buy,rebalance,1.0,10.192,2010-05-03,10.192,0.035672,-409.0,Consumer Defensive,0.6045339383695789,0.8779739063699156,0.947953216374269,,
2010-05-03,196456,BKNG,buy,rebalance,4.0,10.54,2010-05-03,42.16,0.14756,-437.0,Industrials,0.5838424967577402,0.8718342287029931,0.9698830409356726,,
2010-05-03,194859,WCRX,buy,rebalance,1.0,15.789,2010-05-03,15.789,0.0552615,-441.6666666666667,Healthcare,0.6094682819278014,0.8209260680480941,0.9649122807017544,,
2010-06-01,199059,AAPL,buy,rebalance,110.0,7.801,2010-06-01,858.11,3.003385,-384.6666666666667,Technology,0.6626929535702686,0.782808902532617,0.9558479532163743,,
2010-06-01,193488,WBD,buy,rebalance,2.0,18.54,2010-06-01,37.08,0.12978,-400.0,Communication Services,0.6420836844053048,0.778715784088002,0.9821637426900585,,
2010-06-01,196024,TPR,buy,rebalance,2.0,26.196,2010-06-01,52.392,0.183372,-406.3333333333333,Consumer Cyclical,0.6151546177959186,0.8564850345356869,0.9497076023391813,,
2010-06-01,198326,NWL,buy,rebalance,1.0,9.618,2010-06-01,9.618,0.033663,-407.6666666666667,Consumer Defensive,0.6045339383695788,0.8779739063699156,0.947953216374269,,
2010-06-01,196456,BKNG,buy,rebalance,6.0,7.247,2010-06-01,43.482,0.152187,-435.3333333333333,Industrials,0.5838424967577402,0.8718342287029931,0.9698830409356726,,
2010-06-01,194859,WCRX,buy,rebalance,2.0,12.2,2010-06-01,24.4,0.0854,-440.0,Healthcare,0.6094682819278014,0.8209260680480941,0.9649122807017544,,
2010-07-01,116231,SKIL2,sell,delisted,2.0,11.19,2010-05-26,22.38,0.07833,,,,,,12.34305,9.958619999999998
2010-07-01,195522,HLF,buy,rebalance,1.0,10.757,2010-07-01,10.757,0.0376495,-346.3333333333333,Consumer Defensive,0.6131794278147897,0.8845157949249094,0.9804835420914652,,
2010-07-01,199059,AAPL,buy,rebalance,124.0,7.432,2010-07-01,921.5680000000001,3.2254880000000004,-398.3333333333333,Technology,0.6432592599908625,0.7951838425686173,0.9568890183512962,,
2010-07-01,194859,WCRX,buy,rebalance,2.0,12.267,2010-07-01,24.534,0.085869,-429.3333333333333,Healthcare,0.5800660441680738,0.8643190056965303,0.9982522575007282,,
2010-08-02,195522,HLF,buy,rebalance,1.0,11.419,2010-08-02,11.419,0.0399665,-345.3333333333333,Consumer Defensive,0.6131794278147897,0.8845157949249094,0.9804835420914652,,
2010-08-02,199059,AAPL,buy,rebalance,122.0,7.831,2010-08-02,955.3820000000001,3.343837,-397.0,Technology,0.6432592599908625,0.7951838425686173,0.9568890183512962,,
2010-08-02,194859,WCRX,buy,rebalance,1.0,14.343,2010-08-02,14.343,0.0502005,-428.3333333333333,Healthcare,0.5800660441680738,0.8643190056965303,0.9982522575007282,,
2010-09-01,185526,SY2,sell,delisted,3.0,64.98,2010-07-29,194.94,0.68229,,,,,,101.865285,92.392425
2010-09-01,195522,HLF,buy,rebalance,1.0,13.146,2010-09-01,13.146,0.046011,-342.3333333333333,Consumer Defensive,0.6131794278147897,0.8845157949249094,0.9804835420914652,,
2010-09-01,199059,AAPL,buy,rebalance,151.0,7.487,2010-09-01,1130.537,3.9568795000000003,-393.3333333333333,Technology,0.6432592599908625,0.7951838425686173,0.9568890183512962,,
2010-09-01,115441,WPZ1,buy,rebalance,1.0,34.409,2010-09-01,34.409,0.1204315,-424.3333333333333,Energy,0.6223993695382735,0.9528741584671155,0.8170696184095543,,
2010-09-01,194859,WCRX,buy,rebalance,1.0,16.005,2010-09-01,16.005,0.0560175,-425.3333333333333,Healthcare,0.580066044168074,0.8643190056965303,0.9982522575007282,,
2010-10-01,195812,COR,buy,rebalance,1.0,24.746,2010-10-01,24.746,0.086611,-271.0,Healthcare,0.6994993282634862,0.8231914337947245,0.9542772861356932,,
2010-10-01,199890,BF.B,buy,rebalance,2.0,11.687,2010-10-01,23.374,0.08180899999999999,-340.0,Consumer Defensive,0.7152710394273875,0.7787934186471663,0.9129793510324484,,
2010-10-01,199059,AAPL,buy,rebalance,103.0,8.45,2010-10-01,870.3499999999999,3.0462249999999997,-341.3333333333333,Technology,0.6505744780033758,0.8289370592844084,0.9616519174041298,,
2010-10-01,193222,DTV1,buy,rebalance,2.0,41.83,2010-10-01,83.66,0.29281,-390.6666666666667,Communication Services,0.6926611438482403,0.7649516845129276,0.9050147492625369,,
2010-11-01,195812,COR,buy,rebalance,1.0,26.302,2010-11-01,26.302,0.092057,-269.0,Healthcare,0.6994993282634862,0.8231914337947245,0.9542772861356932,,
2010-11-01,199890,BF.B,buy,rebalance,2.0,11.478,2010-11-01,22.956,0.080346,-337.0,Consumer Defensive,0.7152710394273875,0.7787934186471663,0.9129793510324484,,
2010-11-01,199059,AAPL,buy,rebalance,95.0,9.097,2010-11-01,864.2149999999999,3.0247525,-339.0,Technology,0.6505744780033758,0.8289370592844084,0.9616519174041298,,
2010-11-01,193222,DTV1,buy,rebalance,2.0,43.77,2010-11-01,87.54,0.30639000000000005,-387.0,Communication Services,0.6926611438482402,0.7649516845129276,0.9050147492625369,,
2010-12-01,195812,COR,buy,rebalance,1.0,25.388,2010-12-01,25.388,0.088858,-266.6666666666667,Healthcare,0.6994993282634862,0.8231914337947245,0.9542772861356932,,
2010-12-01,199890,BF.B,buy,rebalance,2.0,12.575,2010-12-01,25.15,0.08802499999999999,-334.3333333333333,Consumer Defensive,0.7152710394273875,0.7787934186471663,0.9129793510324484,,
2010-12-01,199059,AAPL,buy,rebalance,91.0,9.463,2010-12-01,861.1329999999999,3.0139655,-336.6666666666667,Technology,0.6505744780033758,0.8289370592844084,0.9616519174041298,,
2010-12-01,193222,DTV1,buy,rebalance,2.0,41.23,2010-12-01,82.46,0.28861,-384.3333333333333,Communication Services,0.6926611438482403,0.7649516845129276,0.9050147492625369,,
2011-01-03,198615,MO,buy,rebalance,44.0,9.451,2011-01-03,415.84400000000005,1.4554540000000002,-277.6666666666667,Consumer Defensive,0.6685924392407894,0.7600316789862724,0.9943164822016153,,
2011-01-03,198685,ROST,buy,rebalance,4.0,13.688,2011-01-03,54.752,0.19163200000000002,-297.6666666666667,Consumer Cyclical,0.6337992224279959,0.8384371700105596,0.9231229434639545,,
2011-01-03,195522,HLF,buy,rebalance,2.0,16.114,2011-01-03,32.228,0.11279800000000001,-309.3333333333333,Consumer Defensive,0.5900401062870019,0.8569165786694826,0.9757702662279389,,
2011-01-03,197671,INTU,buy,rebalance,2.0,43.571,2011-01-03,87.142,0.304997,-335.0,Technology,0.6178283723253414,0.821805702217529,0.9314986539036794,,
2011-01-03,193222,DTV1,buy,rebalance,7.0,40.98,2011-01-03,286.85999999999996,1.0040099999999998,-377.6666666666667,Communication Services,0.6393110610908801,0.779831045406547,0.9015854023332336,,
2011-02-01,187636,ENDPQ,buy,rebalance,1.0,34.45,2011-02-01,34.45,0.12057500000000002,-271.0,Healthcare,0.6423764000697423,0.8482048574445618,0.919533353275501,,
2011-02-01,198615,MO,buy,rebalance,51.0,9.096,2011-02-01,463.896,1.623636,-272.0,Consumer Defensive,0.6685924392407893,0.7600316789862724,0.9943164822016153,,
2011-02-01,198685,ROST,buy,rebalance,4.0,14.056,2011-02-01,56.224,0.196784,-291.0,Consumer Cyclical,0.6337992224279959,0.8384371700105596,0.9231229434639545,,
2011-02-01,195522,HLF,buy,rebalance,2.0,15.77,2011-02-01,31.54,0.11039,-302.3333333333333,Consumer Defensive,0.5900401062870018,0.8569165786694826,0.9757702662279389,,
2011-02-01,197671,INTU,buy,rebalance,3.0,41.595,2011-02-01,124.785,0.4367475,-328.0,Technology,0.6178283723253416,0.821805702217529,0.9314986539036794,,
2011-02-01,193222,DTV1,buy,rebalance,7.0,43.02,2011-02-01,301.14000000000004,1.0539900000000002,-370.6666666666667,Communication Services,0.6393110610908803,0.779831045406547,0.9015854023332336,,
2011-03-01,198615,MO,buy,rebalance,47.0,9.69,2011-03-01,455.42999999999995,1.594005,-268.6666666666667,Consumer Defensive,0.6685924392407893,0.7600316789862724,0.9943164822016153,,
2011-03-01,187636,ENDPQ,buy,rebalance,1.0,36.21,2011-03-01,36.21,0.12673500000000001,-269.0,Healthcare,0.6423764000697426,0.8482048574445618,0.919533353275501,,
2011-03-01,198685,ROST,buy,rebalance,4.0,15.37,2011-03-01,61.48,0.21517999999999998,-288.6666666666667,Consumer Cyclical,0.6337992224279959,0.8384371700105596,0.9231229434639545,,
2011-03-01,195522,HLF,buy,rebalance,2.0,17.652,2011-03-01,35.304,0.12356400000000001,-300.3333333333333,Consumer Defensive,0.5900401062870019,0.8569165786694826,0.9757702662279389,,
2011-03-01,197671,INTU,buy,rebalance,2.0,44.961,2011-03-01,89.922,0.314727,-325.6666666666667,Technology,0.6178283723253414,0.821805702217529,0.9314986539036794,,
2011-03-01,193222,DTV1,buy,rebalance,7.0,45.32,2011-03-01,317.24,1.11034,-367.6666666666667,Communication Services,0.6393110610908803,0.779831045406547,0.9015854023332336,,
2011-04-01,197997,AZO,buy,rebalance,1.0,274.67,2011-04-01,274.67,0.9613450000000001,-255.33333333333334,Consumer Cyclical,0.647340496494151,0.8394336094042212,0.9480048367593712,,
2011-04-01,195522,HLF,buy,rebalance,6.0,19.078,2011-04-01,114.46799999999999,0.400638,-287.3333333333333,Consumer Defensive,0.6169319629222217,0.826342506011221,0.9746070133010882,,
2011-04-01,187636,ENDPQ,buy,rebalance,3.0,38.86,2011-04-01,116.58,0.40803,-292.3333333333333,Healthcare,0.619095803069021,0.8674859738177932,0.9201934703748489,,
2011-04-01,124603,TCP,buy,rebalance,2.0,25.874,2011-04-01,51.748,0.181118,-298.6666666666667,Energy,0.6735296042086371,0.7892065188351589,0.9328899637243047,,
2011-04-01,196855,AME,buy,rebalance,7.0,26.921,2011-04-01,188.447,0.6595645,-307.0,Industrials,0.6214457825799266,0.8308843173924659,0.9407496977025392,,
2011-04-01,194920,IHS2,buy,rebalance,1.0,89.2,2011-04-01,89.2,0.31220000000000003,-326.0,Communication Services,0.6151311371632537,0.7803900614480364,0.9930471584038694,,
2011-04-01,188702,QSFT,buy,rebalance,2.0,25.55,2011-04-01,51.1,0.17885,-338.6666666666667,Technology,0.6166213918478438,0.8183275447502004,0.9313784764207981,,
2011-04-01,198582,MIDD,buy,rebalance,1.0,25.153,2011-04-01,25.153,0.0880355,-340.3333333333333,Industrials,0.57160158082931,0.87790542345712,0.9664449818621523,,
2011-05-02,197997,AZO,buy,rebalance,1.0,281.18,2011-05-02,281.18,0.9841300000000001,-250.0,Consumer Cyclical,0.647340496494151,0.8394336094042212,0.9480048367593712,,
2011-05-02,195522,HLF,buy,rebalance,6.0,21.192,2011-05-02,127.152,0.44503200000000004,-281.3333333333333,Consumer Defensive,0.6169319629222219,0.826342506011221,0.9746070133010882,,
2011-05-02,187636,ENDPQ,buy,rebalance,3.0,40.02,2011-05-02,120.06,0.42021000000000003,-286.0,Healthcare,0.619095803069021,0.8674859738177932,0.9201934703748489,,
2011-05-02,124603,TCP,buy,rebalance,3.0,24.103,2011-05-02,72.309,0.2530815,-292.6666666666667,Energy,0.6735296042086371,0.7892065188351589,0.9328899637243047,,
2011-05-02,196855,AME,buy,rebalance,8.0,27.482,2011-05-02,219.856,0.769496,-301.0,Industrials,0.6214457825799266,0.8308843173924659,0.9407496977025392,,
2011-05-02,194920,IHS2,buy,rebalance,2.0,87.65,2011-05-02,175.3,0.61355,-319.0,Communication Services,0.6151311371632537,0.7803900614480364,0.9930471584038694,,
2011-05-02,188702,QSFT,buy,rebalance,2.0,25.55,2011-05-02,51.1,0.17885,-332.3333333333333,Technology,0.6166213918478436,0.8183275447502004,0.9313784764207981,,
2011-05-02,198582,MIDD,buy,rebalance,2.0,23.581,2011-05-02,47.162,0.165067,-333.6666666666667,Industrials,0.5716015808293099,0.87790542345712,0.9664449818621523,,
2011-06-01,197997,AZO,buy,rebalance,1.0,293.11,2011-06-01,293.11,1.0258850000000002,-246.33333333333334,Consumer Cyclical,0.6473404964941509,0.8394336094042212,0.9480048367593712,,
2011-06-01,195522,HLF,buy,rebalance,4.0,25.721,2011-06-01,102.884,0.360094,-277.6666666666667,Consumer Defensive,0.6169319629222217,0.826342506011221,0.9746070133010882,,
2011-06-01,187636,ENDPQ,buy,rebalance,2.0,41.5,2011-06-01,83.0,0.2905,-283.0,Healthcare,0.6190958030690209,0.8674859738177932,0.9201934703748489,,
2011-06-01,124603,TCP,buy,rebalance,3.0,23.191,2011-06-01,69.573,0.24350549999999999,-289.0,Energy,0.673529604208637,0.7892065188351589,0.9328899637243047,,
2011-06-01,196855,AME,buy,rebalance,8.0,25.388,2011-06-01,203.104,0.710864,-297.3333333333333,Industrials,0.6214457825799267,0.8308843173924659,0.9407496977025392,,
2011-06-01,194920,IHS2,buy,rebalance,1.0,86.5,2011-06-01,86.5,0.30275,-315.3333333333333,Communication Services,0.6151311371632537,0.7803900614480364,0.9930471584038694,,
2011-06-01,188702,QSFT,buy,rebalance,3.0,22.12,2011-06-01,66.36,0.23226,-328.6666666666667,Technology,0.6166213918478437,0.8183275447502004,0.9313784764207981,,
2011-06-01,198582,MIDD,buy,rebalance,2.0,22.351,2011-06-01,44.702,0.15645699999999998,-330.6666666666667,Industrials,0.57160158082931,0.87790542345712,0.9664449818621523,,
2011-07-01,193811,PM,buy,rebalance,23.0,32.687,2011-07-01,751.8009999999999,2.6313035,-205.0,Consumer Defensive,0.6640670453183111,0.8278181329028786,0.9898234061658187,,
2011-07-01,195259,RAI,buy,rebalance,9.0,14.368,2011-07-01,129.312,0.45259200000000005,-205.0,Consumer Defensive,0.6676950070259209,0.8272800645682001,0.988027536665669,,
2011-07-01,197935,BIIB,buy,rebalance,1.0,100.009,2011-07-01,100.009,0.3500315,-309.0,Healthcare,0.5956714966074994,0.9211729889695991,0.8886560909907213,,
2011-08-01,193811,PM,buy,rebalance,22.0,34.631,2011-08-01,761.8820000000001,2.6665870000000003,-204.33333333333334,Consumer Defensive,0.6640670453183112,0.8278181329028786,0.9898234061658187,,
2011-08-01,195259,RAI,buy,rebalance,10.0,13.405,2011-08-01,134.04999999999998,0.46917499999999995,-204.33333333333334,Consumer Defensive,0.6676950070259209,0.8272800645682001,0.988027536665669,,
2011-08-01,197935,BIIB,buy,rebalance,1.0,94.847,2011-08-01,94.847,0.3319645,-308.3333333333333,Healthcare,0.5956714966074994,0.9211729889695991,0.8886560909907213,,
2011-09-01,193811,PM,buy,rebalance,22.0,33.936,2011-09-01,746.592,2.613072,-202.0,Consumer Defensive,0.6640670453183111,0.8278181329028786,0.9898234061658187,,
2011-09-01,195259,RAI,buy,rebalance,9.0,14.337,2011-09-01,129.033,0.45161549999999995,-202.0,Consumer Defensive,0.6676950070259209,0.8272800645682001,0.988027536665669,,
2011-09-01,197935,BIIB,buy,rebalance,1.0,86.284,2011-09-01,86.284,0.30199400000000004,-306.6666666666667,Healthcare,0.5956714966074994,0.9211729889695991,0.8886560909907213,,
2011-10-03,195259,RAI,buy,rebalance,4.0,14.548,2011-10-03,58.192,0.203672,-278.0,Consumer Defensive,0.688280113448242,0.7489165763813651,0.9868421052631579,,
2011-10-03,199551,SPGI,buy,rebalance,1.0,30.456,2011-10-03,30.456,0.106596,-299.0,Financial Services,0.6234556678149471,0.7946912242686891,0.9828641370869033,,
2011-10-03,194695,VIAB,buy,rebalance,2.0,30.248,2011-10-03,60.496,0.211736,-314.0,Communication Services,0.5994811947925242,0.8228602383531961,0.9840881272949816,,
2011-10-03,198685,ROST,buy,rebalance,1.0,16.516,2011-10-03,16.516,0.057805999999999996,-316.0,Consumer Cyclical,0.6393838553539658,0.8066088840736728,0.9210526315789473,,
2011-10-03,199059,AAPL,buy,rebalance,88.0,11.204,2011-10-03,985.952,3.450832,-331.0,Technology,0.5994916674764184,0.8114842903575298,0.9782741738066095,,
2011-11-01,195259,RAI,buy,rebalance,3.0,14.758,2011-11-01,44.274,0.154959,-274.3333333333333,Consumer Defensive,0.6882801134482421,0.7489165763813651,0.9868421052631579,,
2011-11-01,199551,SPGI,buy,rebalance,1.0,31.783,2011-11-01,31.783,0.1112405,-295.6666666666667,Financial Services,0.6234556678149472,0.7946912242686891,0.9828641370869033,,
2011-11-01,194695,VIAB,buy,rebalance,1.0,34.769,2011-11-01,34.769,0.1216915,-311.0,Communication Services,0.5994811947925243,0.8228602383531961,0.9840881272949816,,
2011-11-01,198685,ROST,buy,rebalance,1.0,18.809,2011-11-01,18.809,0.0658315,-312.6666666666667,Consumer Cyclical,0.6393838553539658,0.8066088840736728,0.9210526315789473,,
2011-11-01,199059,AAPL,buy,rebalance,73.0,11.859,2011-11-01,865.707,3.0299745000000002,-327.6666666666667,Technology,0.5994916674764182,0.8114842903575298,0.9782741738066095,,
2011-12-01,195259,RAI,buy,rebalance,3.0,16.22,2011-12-01,48.66,0.17031,-270.3333333333333,Consumer Defensive,0.688280113448242,0.7489165763813651,0.9868421052631579,,
2011-12-01,194695,VIAB,buy,rebalance,1.0,35.578,2011-12-01,35.578,0.12452300000000001,-307.3333333333333,Communication Services,0.5994811947925242,0.8228602383531961,0.9840881272949816,,
2011-12-01,198685,ROST,buy,rebalance,1.0,19.998,2011-12-01,19.998,0.069993,-309.3333333333333,Consumer Cyclical,0.6393838553539658,0.8066088840736728,0.9210526315789473,,
2011-12-01,199059,AAPL,buy,rebalance,75.0,11.602,2011-12-01,870.15,3.045525,-323.6666666666667,Technology,0.5994916674764184,0.8114842903575298,0.9782741738066095,,
2012-01-03,199623,IBM,buy,rebalance,3.0,103.941,2012-01-03,311.823,1.0913804999999999,-234.0,Technology,0.6119060227380878,0.8254228041462084,0.9639000308546745,,
2012-01-03,199059,AAPL,buy,rebalance,52.0,12.299,2012-01-03,639.548,2.2384180000000002,-234.33333333333334,Technology,0.5802771774391386,0.8622476813966176,0.9753162604134527,,
2012-02-01,199623,IBM,buy,rebalance,3.0,107.467,2012-02-01,322.401,1.1284035000000001,-230.66666666666666,Technology,0.6119060227380878,0.8254228041462084,0.9639000308546745,,
2012-02-01,199059,AAPL,buy,rebalance,49.0,13.644,2012-02-01,668.556,2.3399460000000003,-231.0,Technology,0.5802771774391386,0.8622476813966176,0.9753162604134527,,
2012-03-01,199059,AAPL,buy,rebalance,41.0,16.284,2012-03-01,667.644,2.336754,-229.66666666666666,Technology,0.5802771774391386,0.8622476813966176,0.9753162604134527,,
2012-03-01,199623,IBM,buy,rebalance,3.0,110.635,2012-03-01,331.90500000000003,1.1616675,-229.66666666666666,Technology,0.6119060227380878,0.8254228041462084,0.9639000308546745,,
2012-04-02,193811,PM,buy,rebalance,15.0,45.136,2012-04-02,677.0400000000001,2.3696400000000004,-132.0,Consumer Defensive,0.6141045756019393,0.9005494505494506,0.9916096954630205,,
2012-04-02,193634,LO,buy,rebalance,2.0,37.829,2012-04-02,75.658,0.264803,-140.33333333333334,Consumer Defensive,0.5792014973420724,0.953021978021978,0.9742075823492853,,
2012-04-02,198685,ROST,buy,rebalance,2.0,25.437,2012-04-02,50.874,0.17805900000000002,-153.33333333333334,Consumer Cyclical,0.6171341801761319,0.9379120879120879,0.925419515226849,,
2012-04-02,197858,PDLI,buy,rebalance,1.0,3.144,2012-04-02,3.144,0.011004,-188.33333333333334,Healthcare,0.566581680888239,0.9112637362637362,0.9968924798011187,,
2012-04-02,199891,BMY,buy,rebalance,12.0,20.849,2012-04-02,250.188,0.8756579999999999,-207.33333333333334,Healthcare,0.6232199677503076,0.9178571428571428,0.8828464885021753,,
2012-05-01,188220,MHS,sell,delisted,5.0,70.3,2012-03-30,351.5,1.23025,,,,,,242.73661500000003,107.53313499999996
2012-05-01,193811,PM,buy,rebalance,18.0,45.449,2012-05-01,818.082,2.863287,-129.33333333333334,Consumer Defensive,0.6141045756019392,0.9005494505494506,0.9916096954630205,,
2012-05-01,193634,LO,buy,rebalance,2.0,38.328,2012-05-01,76.656,0.26829600000000003,-138.33333333333334,Consumer Defensive,0.5792014973420724,0.953021978021978,0.9742075823492853,,
2012-05-01,198685,ROST,buy,rebalance,2.0,27.145,2012-05-01,54.29,0.190015,-150.66666666666666,Consumer Cyclical,0.6171341801761321,0.9379120879120879,0.925419515226849,,
2012-05-01,197858,PDLI,buy,rebalance,1.0,3.037,2012-05-01,3.037,0.0106295,-185.66666666666666,Healthcare,0.566581680888239,0.9112637362637362,0.9968924798011187,,
2012-05-01,199891,BMY,buy,rebalance,16.0,20.829,2012-05-01,333.264,1.1664240000000001,-204.0,Healthcare,0.6232199677503076,0.9178571428571428,0.8828464885021753,,
2012-06-01,193811,PM,buy,rebalance,16.0,41.808,2012-06-01,668.928,2.341248,-127.33333333333333,Consumer Defensive,0.6141045756019393,0.9005494505494506,0.9916096954630205,,
2012-06-01,193634,LO,buy,rebalance,2.0,34.861,2012-06-01,69.722,0.244027,-136.66666666666666,Consumer Defensive,0.5792014973420724,0.953021978021978,0.9742075823492853,,
2012-06-01,198685,ROST,buy,rebalance,2.0,26.828,2012-06-01,53.656,0.187796,-149.33333333333334,Consumer Cyclical,0.6171341801761321,0.9379120879120879,0.925419515226849,,
2012-06-01,197858,PDLI,buy,rebalance,1.0,3.071,2012-06-01,3.071,0.010748500000000001,-183.33333333333334,Healthcare,0.566581680888239,0.9112637362637362,0.9968924798011187,,
2012-06-01,199891,BMY,buy,rebalance,13.0,20.711,2012-06-01,269.243,0.9423505,-202.0,Healthcare,0.6232199677503077,0.9178571428571428,0.8828464885021753,,
2012-07-02,193811,PM,buy,rebalance,4.0,45.356,2012-07-02,181.424,0.634984,-140.33333333333334,Consumer Defensive,0.6290746145691735,0.8804736987055908,0.9907206928549335,,
2012-07-02,199059,AAPL,buy,rebalance,42.0,17.721,2012-07-02,744.282,2.6049870000000004,-167.66666666666666,Technology,0.5560992303177174,0.9592398788212614,0.9888648314259202,,
2012-07-02,195259,RAI,buy,rebalance,1.0,18.45,2012-07-02,18.45,0.064575,-174.33333333333334,Consumer Defensive,0.6277653189032808,0.8479757642522721,0.9922672440457779,,
2012-07-02,193960,V,buy,rebalance,3.0,28.578,2012-07-02,85.734,0.300069,-187.33333333333334,Financial Services,0.5697086369794105,0.9462957862847701,0.9542220847510052,,
2012-08-01,193811,PM,buy,rebalance,4.0,46.192,2012-08-01,184.768,0.646688,-138.0,Consumer Defensive,0.6290746145691735,0.8804736987055908,0.9907206928549335,,
2012-08-01,199059,AAPL,buy,rebalance,40.0,18.149,2012-08-01,725.96,2.5408600000000003,-166.33333333333334,Technology,0.5560992303177172,0.9592398788212614,0.9888648314259202,,
2012-08-01,195259,RAI,buy,rebalance,1.0,18.856,2012-08-01,18.856,0.06599600000000001,-171.66666666666666,Consumer Defensive,0.6277653189032808,0.8479757642522721,0.9922672440457779,,
2012-08-01,193960,V,buy,rebalance,3.0,28.768,2012-08-01,86.304,0.302064,-186.0,Financial Services,0.5697086369794105,0.9462957862847701,0.9542220847510052,,
2012-09-04,193811,PM,buy,rebalance,4.0,45.677,2012-09-04,182.708,0.639478,-135.66666666666666,Consumer Defensive,0.6290746145691735,0.8804736987055908,0.9907206928549335,,
2012-09-04,199059,AAPL,buy,rebalance,35.0,20.273,2012-09-04,709.555,2.4834424999999998,-165.33333333333334,Technology,0.5560992303177174,0.9592398788212614,0.9888648314259202,,
2012-09-04,195259,RAI,buy,rebalance,1.0,18.831,2012-09-04,18.831,0.0659085,-169.33333333333334,Consumer Defensive,0.6277653189032808,0.8479757642522721,0.9922672440457779,,
2012-09-04,193960,V,buy,rebalance,3.0,29.056,2012-09-04,87.168,0.305088,-184.0,Financial Services,0.5697086369794104,0.9462957862847701,0.9542220847510052,,
2012-10-01,199059,AAPL,buy,rebalance,47.0,19.806,2012-10-01,930.8820000000001,3.258087,-180.0,Technology,0.5804985486186507,0.9142224681793027,0.9880653266331658,,
2012-10-01,199196,TJX,buy,rebalance,2.0,18.86,2012-10-01,37.72,0.13202,-190.0,Consumer Cyclical,0.5933295992795561,0.9443829551743221,0.9214824120603015,,
2012-11-01,188702,QSFT,sell,delisted,7.0,28.0,2012-09-27,196.0,0.686,,,,,,169.14996,26.16404
2012-11-01,198685,ROST,buy,rebalance,1.0,24.935,2012-11-01,24.935,0.0872725,-156.0,Consumer Cyclical,0.5954973428719393,0.9640287769784173,0.926821608040201,,
2012-11-01,199059,AAPL,buy,rebalance,62.0,17.918,2012-11-01,1110.916,3.888206,-177.0,Technology,0.5804985486186507,0.9142224681793027,0.9880653266331658,,
2012-11-01,199196,TJX,buy,rebalance,3.0,17.568,2012-11-01,52.70400000000001,0.18446400000000004,-186.33333333333334,Consumer Cyclical,0.5933295992795561,0.9443829551743221,0.9214824120603015,,
2012-12-03,198685,ROST,buy,rebalance,1.0,24.664,2012-12-03,24.664,0.08632400000000001,-156.0,Consumer Cyclical,0.5954973428719393,0.9640287769784173,0.926821608040201,,
2012-12-03,199059,AAPL,buy,rebalance,54.0,17.69,2012-12-03,955.2600000000001,3.3434100000000004,-176.33333333333334,Technology,0.5804985486186507,0.9142224681793027,0.9880653266331658,,
2012-12-03,199196,TJX,buy,rebalance,2.0,18.346,2012-12-03,36.692,0.128422,-186.0,Consumer Cyclical,0.5933295992795561,0.9443829551743221,0.9214824120603015,,
2013-01-02,199196,TJX,buy,rebalance,2.0,17.979,2013-01-02,35.958,0.125853,-188.0,Consumer Cyclical,0.637761916779572,0.9034965034965035,0.929908024104028,,
2013-01-02,197859,GILD,buy,rebalance,3.0,25.751,2013-01-02,77.253,0.2703855,-245.0,Healthcare,0.5491797534195412,0.946013986013986,0.9879479860450364,,
2013-01-02,195656,CMCSA,buy,rebalance,10.0,13.111,2013-01-02,131.11,0.45888500000000004,-255.0,Communication Services,0.6284288177949451,0.8858741258741258,0.8940691405011101,,
2013-01-02,199059,AAPL,buy,rebalance,46.0,16.569,2013-01-02,762.174,2.667609,-282.3333333333333,Technology,0.54785158154541,0.9130069930069931,0.9838249286393911,,
2013-01-02,199890,BF.B,buy,rebalance,1.0,20.192,2013-01-02,20.192,0.070672,-302.6666666666667,Consumer Defensive,0.638742124872776,0.8142657342657342,0.903266730098319,,
2013-02-01,199196,TJX,buy,rebalance,2.0,18.866,2013-02-01,37.732,0.132062,-186.33333333333334,Consumer Cyclical,0.6377619167795718,0.9034965034965035,0.929908024104028,,
2013-02-01,197859,GILD,buy,rebalance,2.0,27.83,2013-02-01,55.66,0.19480999999999998,-243.66666666666666,Healthcare,0.5491797534195412,0.946013986013986,0.9879479860450364,,
2013-02-01,195656,CMCSA,buy,rebalance,10.0,13.138,2013-02-01,131.38,0.45983,-253.33333333333334,Communication Services,0.6284288177949452,0.8858741258741258,0.8940691405011101,,
2013-02-01,199059,AAPL,buy,rebalance,55.0,13.69,2013-02-01,752.9499999999999,2.635325,-280.6666666666667,Technology,0.54785158154541,0.9130069930069931,0.9838249286393911,,
2013-03-01,199196,TJX,buy,rebalance,2.0,18.781,2013-03-01,37.562,0.131467,-184.66666666666666,Consumer Cyclical,0.637761916779572,0.9034965034965035,0.929908024104028,,
2013-03-01,197859,GILD,buy,rebalance,2.0,29.813,2013-03-01,59.626,0.208691,-241.33333333333334,Healthcare,0.5491797534195412,0.946013986013986,0.9879479860450364,,
2013-03-01,195656,CMCSA,buy,rebalance,10.0,13.625,2013-03-01,136.25,0.476875,-251.33333333333334,Communication Services,0.6284288177949451,0.8858741258741258,0.8940691405011101,,
2013-03-01,199059,AAPL,buy,rebalance,58.0,13.065,2013-03-01,757.77,2.652195,-277.6666666666667,Technology,0.5478515815454101,0.9130069930069931,0.9838249286393911,,
2013-04-01,199357,SHW,buy,rebalance,3.0,49.119,2013-04-01,147.357,0.5157495,-132.0,Basic Materials,0.6348579725754072,0.9331641285956007,0.9546915167095116,,
2013-04-01,193488,WBD,buy,rebalance,4.0,38.99,2013-04-01,155.96,0.54586,-224.33333333333334,Communication Services,0.5885283789200887,0.9058093626621545,0.9582262210796915,,
2013-04-01,199747,EFX,buy,rebalance,1.0,49.518,2013-04-01,49.518,0.173313,-243.66666666666666,Industrials,0.6085789355259477,0.8468697123519459,0.9665809768637532,,
2013-04-01,198439,FISV,buy,rebalance,4.0,21.753,2013-04-01,87.012,0.30454200000000003,-247.0,Technology,0.6224039310345476,0.8045685279187818,0.9881105398457584,,
2013-04-01,196101,TWX,buy,rebalance,9.0,50.044,2013-04-01,450.39599999999996,1.5763859999999998,-257.3333333333333,Communication Services,0.6063726123977877,0.8482797518330514,0.955655526992288,,
2013-04-01,199553,MKC,buy,rebalance,2.0,27.853,2013-04-01,55.706,0.194971,-261.3333333333333,Consumer Defensive,0.6559078954221511,0.7777777777777778,0.9656169665809768,,
2013-05-01,199357,SHW,buy,rebalance,3.0,53.085,2013-05-01,159.255,0.5573925,-128.66666666666666,Basic Materials,0.6348579725754072,0.9331641285956007,0.9546915167095116,,
2013-05-01,193488,WBD,buy,rebalance,4.0,39.07,2013-05-01,156.28,0.54698,-220.33333333333334,Communication Services,0.5885283789200887,0.9058093626621545,0.9582262210796915,,
2013-05-01,199747,EFX,buy,rebalance,1.0,53.532,2013-05-01,53.532,0.187362,-239.66666666666666,Industrials,0.6085789355259477,0.8468697123519459,0.9665809768637532,,
2013-05-01,198439,FISV,buy,rebalance,5.0,21.733,2013-05-01,108.665,0.38032750000000004,-243.0,Technology,0.6224039310345476,0.8045685279187818,0.9881105398457584,,
2013-05-01,196101,TWX,buy,rebalance,9.0,51.659,2013-05-01,464.931,1.6272585,-253.33333333333334,Communication Services,0.6063726123977877,0.8482797518330514,0.955655526992288,,
2013-05-01,199553,MKC,buy,rebalance,3.0,27.632,2013-05-01,82.896,0.290136,-256.6666666666667,Consumer Defensive,0.6559078954221512,0.7777777777777778,0.9656169665809768,,
2013-06-03,199357,SHW,buy,rebalance,2.0,55.045,2013-06-03,110.09,0.385315,-127.33333333333333,Basic Materials,0.6348579725754072,0.9331641285956007,0.9546915167095116,,
2013-06-03,193488,WBD,buy,rebalance,3.0,39.505,2013-06-03,118.51500000000001,0.4148025000000001,-218.33333333333334,Communication Services,0.5885283789200887,0.9058093626621545,0.9582262210796915,,
2013-06-03,198439,FISV,buy,rebalance,3.0,21.802,2013-06-03,65.406,0.228921,-240.33333333333334,Technology,0.6224039310345476,0.8045685279187818,0.9881105398457584,,
2013-06-03,196101,TWX,buy,rebalance,6.0,51.142,2013-06-03,306.85200000000003,1.0739820000000002,-250.66666666666666,Communication Services,0.6063726123977877,0.8482797518330514,0.955655526992288,,
2013-06-03,199553,MKC,buy,rebalance,2.0,26.75,2013-06-03,53.5,0.18725,-254.33333333333334,Consumer Defensive,0.6559078954221512,0.7777777777777778,0.9656169665809768,,
2013-06-03,170416,MDT,buy,rebalance,8.0,37.476,2013-06-03,299.808,1.049328,-295.3333333333333,Healthcare,0.6242885552958429,0.7729836435420192,0.9601542416452442,,
2013-07-01,196101,TWX,buy,rebalance,6.0,50.88,2013-07-01,305.28000000000003,1.06848,-214.0,Communication Services,0.6202429935803325,0.871131119864941,0.9613801836024058,,
2013-07-01,195812,COR,buy,rebalance,1.0,45.894,2013-07-01,45.894,0.160629,-232.66666666666666,Healthcare,0.6250856566023136,0.8230163196398425,0.9930357708135485,,
2013-07-01,199877,CPB,buy,rebalance,3.0,29.229,2013-07-01,87.687,0.3069045,-267.3333333333333,Consumer Defensive,0.6341954940319823,0.8171074845244795,0.9509338398227287,,
2013-07-01,195852,FIS,buy,rebalance,2.0,34.291,2013-07-01,68.582,0.24003699999999997,-304.3333333333333,Technology,0.6270512384055414,0.7701181767023073,0.97340930674264,,
2013-07-01,199615,RYN,buy,rebalance,2.0,21.641,2013-07-01,43.282,0.15148699999999998,-307.0,Real Estate,0.668100322398304,0.8078221722003377,0.8923710034821146,,
2013-07-01,193203,ACN,buy,rebalance,7.0,56.096,2013-07-01,392.67199999999997,1.374352,-311.0,Technology,0.5961387174480411,0.8224535734383793,0.9550490661601773,,
2013-08-01,196101,TWX,buy,rebalance,6.0,55.034,2013-08-01,330.204,1.1557140000000001,-213.0,Communication Services,0.6202429935803325,0.871131119864941,0.9613801836024058,,
2013-08-01,195812,COR,buy,rebalance,1.0,49.056,2013-08-01,49.056,0.171696,-231.33333333333334,Healthcare,0.6250856566023136,0.8230163196398425,0.9930357708135485,,
2013-08-01,199877,CPB,buy,rebalance,3.0,30.966,2013-08-01,92.898,0.325143,-265.6666666666667,Consumer Defensive,0.6341954940319822,0.8171074845244795,0.9509338398227287,,
2013-08-01,195852,FIS,buy,rebalance,2.0,35.429,2013-08-01,70.858,0.24800300000000003,-302.3333333333333,Technology,0.6270512384055414,0.7701181767023073,0.97340930674264,,
2013-08-01,199615,RYN,buy,rebalance,2.0,23.546,2013-08-01,47.092,0.164822,-305.0,Real Estate,0.6681003223983041,0.8078221722003377,0.8923710034821146,,
2013-08-01,193203,ACN,buy,rebalance,7.0,58.236,2013-08-01,407.652,1.426782,-309.6666666666667,Technology,0.5961387174480411,0.8224535734383793,0.9550490661601773,,
2013-09-03,196101,TWX,buy,rebalance,6.0,53.803,2013-09-03,322.818,1.129863,-212.0,Communication Services,0.6202429935803324,0.871131119864941,0.9613801836024058,,
2013-09-03,195812,COR,buy,rebalance,1.0,48.055,2013-09-03,48.055,0.1681925,-230.0,Healthcare,0.6250856566023136,0.8230163196398425,0.9930357708135485,,
2013-09-03,199877,CPB,buy,rebalance,3.0,27.857,2013-09-03,83.571,0.2924985,-264.0,Consumer Defensive,0.6341954940319822,0.8171074845244795,0.9509338398227287,,
2013-09-03,195852,FIS,buy,rebalance,2.0,35.16,2013-09-03,70.32,0.24611999999999998,-300.3333333333333,Technology,0.6270512384055413,0.7701181767023073,0.97340930674264,,
2013-09-03,199615,RYN,buy,rebalance,2.0,21.633,2013-09-03,43.266,0.151431,-302.6666666666667,Real Estate,0.668100322398304,0.8078221722003377,0.8923710034821146,,
2013-09-03,193203,ACN,buy,rebalance,7.0,56.859,2013-09-03,398.01300000000003,1.3930455000000002,-308.0,Technology,0.596138717448041,0.8224535734383793,0.9550490661601773,,
2013-10-01,195812,COR,buy,rebalance,2.0,52.317,2013-10-01,104.634,0.366219,-207.0,Healthcare,0.63614213471271,0.817771509167842,0.99234205488194,,
2013-10-01,199902,HRB,buy,rebalance,4.0,17.52,2013-10-01,70.08,0.24528,-223.66666666666666,Consumer Cyclical,0.5708819100353115,0.9165021156558533,0.9703254626675175,,
2013-10-01,196469,LIFE2,buy,rebalance,1.0,74.87,2013-10-01,74.87,0.26204500000000003,-268.3333333333333,Healthcare,0.5976959371975528,0.8854724964739069,0.9052329291640077,,
2013-10-01,195920,FLO,buy,rebalance,3.0,13.281,2013-10-01,39.843,0.1394505,-296.0,Consumer Defensive,0.5890356327223591,0.9038081805359661,0.8714103382259094,,
2013-10-01,196101,TWX,buy,rebalance,10.0,58.468,2013-10-01,584.6800000000001,2.04638,-317.6666666666667,Communication Services,0.6169498496295436,0.7661495063469675,0.9530950861518825,,
2013-10-01,198326,NWL,buy,rebalance,4.0,17.039,2013-10-01,68.156,0.23854600000000004,-329.6666666666667,Consumer Defensive,0.589233438965989,0.8352609308885754,0.9090619017230377,,
2013-11-01,194859,WCRX,sell,delisted,9.0,23.11,2013-09-27,207.99,0.7279650000000001,,,,,,123.8569875,83.4050475
2013-11-01,195812,COR,buy,rebalance,3.0,55.583,2013-11-01,166.749,0.5836215,-205.33333333333334,Healthcare,0.63614213471271,0.817771509167842,0.99234205488194,,
2013-11-01,199902,HRB,buy,rebalance,5.0,18.167,2013-11-01,90.83500000000001,0.31792250000000005,-222.0,Consumer Cyclical,0.5708819100353115,0.9165021156558533,0.9703254626675175,,
2013-11-01,196469,LIFE2,buy,rebalance,2.0,75.37,2013-11-01,150.74,0.52759,-267.0,Healthcare,0.597695937197553,0.8854724964739069,0.9052329291640077,,
2013-11-01,195920,FLO,buy,rebalance,3.0,15.303,2013-11-01,45.909000000000006,0.16068150000000003,-294.6666666666667,Consumer Defensive,0.5890356327223591,0.9038081805359661,0.8714103382259094,,
2013-11-01,196101,TWX,buy,rebalance,12.0,60.336,2013-11-01,724.0319999999999,2.534112,-315.0,Communication Services,0.6169498496295437,0.7661495063469675,0.9530950861518825,,
2013-11-01,198326,NWL,buy,rebalance,5.0,18.258,2013-11-01,91.28999999999999,0.319515,-328.0,Consumer Defensive,0.5892334389659889,0.8352609308885754,0.9090619017230377,,
2013-12-02,195812,COR,buy,rebalance,2.0,59.56,2013-12-02,119.12,0.41692,-203.66666666666666,Healthcare,0.63614213471271,0.817771509167842,0.99234205488194,,
2013-12-02,199902,HRB,buy,rebalance,4.0,17.878,2013-12-02,71.512,0.250292,-220.33333333333334,Consumer Cyclical,0.5708819100353116,0.9165021156558533,0.9703254626675175,,
2013-12-02,196469,LIFE2,buy,rebalance,1.0,75.71,2013-12-02,75.71,0.26498499999999997,-264.3333333333333,Healthcare,0.5976959371975528,0.8854724964739069,0.9052329291640077,,
2013-12-02,195920,FLO,buy,rebalance,3.0,13.33,2013-12-02,39.99,0.139965,-292.3333333333333,Consumer Defensive,0.5890356327223593,0.9038081805359661,0.8714103382259094,,
2013-12-02,196101,TWX,buy,rebalance,10.0,57.782,2013-12-02,577.8199999999999,2.02237,-312.3333333333333,Communication Services,0.6169498496295436,0.7661495063469675,0.9530950861518825,,
2013-12-02,198326,NWL,buy,rebalance,4.0,18.516,2013-12-02,74.064,0.25922399999999995,-325.3333333333333,Consumer Defensive,0.5892334389659889,0.8352609308885754,0.9090619017230377,,
2014-01-02,195812,COR,buy,rebalance,2.0,58.72,2014-01-02,117.44,0.41104,-272.3333333333333,Healthcare,0.653975763711027,0.7647225368063421,0.9929464571978198,,
2014-01-02,195878,NOC,buy,rebalance,2.0,91.915,2014-01-02,183.83,0.643405,-295.0,Industrials,0.6667765697245724,0.8103057757644394,0.9079833279897404,,
2014-01-02,194695,VIAB,buy,rebalance,4.0,74.948,2014-01-02,299.792,1.049272,-310.6666666666667,Communication Services,0.6308634332967482,0.7576443941109853,0.9842898364860532,,
2014-01-02,194210,BR,buy,rebalance,1.0,31.253,2014-01-02,31.253,0.1093855,-358.0,Technology,0.645849152343147,0.7157417893544734,0.9666559794806028,,
2014-01-02,198331,PSKY,buy,rebalance,5.0,49.643,2014-01-02,248.215,0.8687525,-368.3333333333333,Communication Services,0.5724588517931606,0.8278595696489242,0.969220904135941,,
2014-01-02,194504,HBI,buy,rebalance,4.0,13.119,2014-01-02,52.476,0.183666,-368.6666666666667,Consumer Cyclical,0.6054302040167497,0.9048697621744054,0.8076306508496313,,
2014-01-02,196469,LIFE2,buy,rebalance,1.0,75.82,2014-01-02,75.82,0.26537,-387.3333333333333,Healthcare,0.6342911351376503,0.7842582106455266,0.874639307470343,,
2014-02-03,195812,COR,buy,rebalance,2.0,54.755,2014-02-03,109.51,0.38328500000000004,-270.6666666666667,Healthcare,0.6539757637110271,0.7647225368063421,0.9929464571978198,,
2014-02-03,195878,NOC,buy,rebalance,2.0,91.931,2014-02-03,183.862,0.643517,-293.3333333333333,Industrials,0.6667765697245723,0.8103057757644394,0.9079833279897404,,
2014-02-03,194695,VIAB,buy,rebalance,4.0,67.923,2014-02-03,271.692,0.950922,-309.0,Communication Services,0.6308634332967482,0.7576443941109853,0.9842898364860532,,
2014-02-03,194210,BR,buy,rebalance,1.0,28.063,2014-02-03,28.063,0.0982205,-355.6666666666667,Technology,0.645849152343147,0.7157417893544734,0.9666559794806028,,
2014-02-03,198331,PSKY,buy,rebalance,6.0,44.196,2014-02-03,265.176,0.9281159999999999,-367.0,Communication Services,0.5724588517931605,0.8278595696489242,0.969220904135941,,
2014-02-03,194504,HBI,buy,rebalance,4.0,12.848,2014-02-03,51.392,0.179872,-367.6666666666667,Consumer Cyclical,0.6054302040167497,0.9048697621744054,0.8076306508496313,,
2014-02-03,196469,LIFE2,buy,rebalance,1.0,76.04,2014-02-03,76.04,0.26614000000000004,-385.3333333333333,Healthcare,0.6342911351376503,0.7842582106455266,0.874639307470343,,
2014-03-03,195812,COR,buy,rebalance,2.0,56.909,2014-03-03,113.818,0.398363,-269.0,Healthcare,0.653975763711027,0.7647225368063421,0.9929464571978198,,
2014-03-03,195878,NOC,buy,rebalance,2.0,98.738,2014-03-03,197.476,0.6911660000000001,-291.6666666666667,Industrials,0.6667765697245724,0.8103057757644394,0.9079833279897404,,
2014-03-03,194695,VIAB,buy,rebalance,4.0,74.043,2014-03-03,296.172,1.036602,-307.3333333333333,Communication Services,0.6308634332967482,0.7576443941109853,0.9842898364860532,,
2014-03-03,194210,BR,buy,rebalance,1.0,30.139,2014-03-03,30.139,0.1054865,-354.0,Technology,0.645849152343147,0.7157417893544734,0.9666559794806028,,
2014-03-03,198331,PSKY,buy,rebalance,5.0,51.762,2014-03-03,258.81,0.9058350000000001,-365.6666666666667,Communication Services,0.5724588517931606,0.8278595696489242,0.969220904135941,,
2014-03-03,194504,HBI,buy,rebalance,4.0,13.995,2014-03-03,55.98,0.19593,-366.0,Consumer Cyclical,0.6054302040167497,0.9048697621744054,0.8076306508496313,,
2014-03-03,195920,FLO,buy,rebalance,3.0,12.511,2014-03-03,37.533,0.1313655,-388.0,Consumer Defensive,0.6170650953594272,0.8066251415628539,0.8739980763065085,,
2014-04-01,196469,LIFE2,sell,delisted,6.0,76.04,2014-02-03,456.24,1.59684,,,,,,454.76613,-0.1229699999999525
2014-04-01,197300,LMT,buy,rebalance,3.0,117.328,2014-04-01,351.98400000000004,1.2319440000000002,-180.66666666666666,Industrials,0.6745786518875223,0.8767826583000571,0.946911196911197,,
2014-04-01,194210,BR,buy,rebalance,1.0,30.314,2014-04-01,30.314,0.106099,-238.0,Technology,0.6438399608774068,0.8288648031945237,0.9671814671814671,,
2014-04-01,195878,NOC,buy,rebalance,2.0,101.128,2014-04-01,202.256,0.707896,-252.66666666666666,Industrials,0.6801439233048311,0.8422703936109527,0.9095881595881596,,
2014-04-01,197377,MCK,buy,rebalance,2.0,161.109,2014-04-01,322.218,1.127763,-323.3333333333333,Healthcare,0.6227766048386124,0.820593268682259,0.9157014157014157,,
2014-04-01,195812,COR,buy,rebalance,2.0,55.568,2014-04-01,111.136,0.388976,-330.6666666666667,Healthcare,0.6001705555480527,0.7789503707929264,0.9954954954954955,,
2014-04-01,194695,VIAB,buy,rebalance,4.0,75.004,2014-04-01,300.016,1.050056,-356.6666666666667,Communication Services,0.6334644908814218,0.7270393610952652,0.971042471042471,,
2014-04-01,193634,LO,buy,rebalance,3.0,51.373,2014-04-01,154.119,0.5394165,-365.3333333333333,Consumer Defensive,0.6658654389369271,0.6762692527096407,0.9816602316602316,,
2014-05-01,197300,LMT,buy,rebalance,2.0,116.712,2014-05-01,233.424,0.816984,-180.0,Industrials,0.6745786518875223,0.8767826583000571,0.946911196911197,,
2014-05-01,195878,NOC,buy,rebalance,1.0,98.403,2014-05-01,98.403,0.3444105,-251.33333333333334,Industrials,0.6801439233048311,0.8422703936109527,0.9095881595881596,,
2014-05-01,197377,MCK,buy,rebalance,1.0,153.934,2014-05-01,153.934,0.538769,-321.3333333333333,Healthcare,0.6227766048386125,0.820593268682259,0.9157014157014157,,
2014-05-01,195812,COR,buy,rebalance,1.0,54.691,2014-05-01,54.691,0.19141850000000002,-327.6666666666667,Healthcare,0.6001705555480527,0.7789503707929264,0.9954954954954955,,
2014-05-01,194695,VIAB,buy,rebalance,3.0,72.219,2014-05-01,216.65699999999998,0.7582994999999999,-352.6666666666667,Communication Services,0.6334644908814218,0.7270393610952652,0.971042471042471,,
2014-05-01,193634,LO,buy,rebalance,2.0,56.162,2014-05-01,112.324,0.393134,-361.0,Consumer Defensive,0.6658654389369271,0.6762692527096407,0.9816602316602316,,
2014-06-02,197300,LMT,buy,rebalance,2.0,118.574,2014-06-02,237.148,0.830018,-179.33333333333334,Industrials,0.6745786518875223,0.8767826583000571,0.946911196911197,,
2014-06-02,195878,NOC,buy,rebalance,1.0,100.084,2014-06-02,100.084,0.350294,-250.0,Industrials,0.6801439233048311,0.8422703936109527,0.9095881595881596,,
2014-06-02,197377,MCK,buy,rebalance,1.0,173.729,2014-06-02,173.729,0.6080515000000001,-319.6666666666667,Healthcare,0.6227766048386124,0.820593268682259,0.9157014157014157,,
2014-06-02,195812,COR,buy,rebalance,1.0,61.937,2014-06-02,61.937,0.21677949999999999,-326.0,Healthcare,0.6001705555480527,0.7789503707929264,0.9954954954954955,,
2014-06-02,194695,VIAB,buy,rebalance,3.0,74.987,2014-06-02,224.96099999999998,0.7873635,-350.6666666666667,Communication Services,0.6334644908814218,0.7270393610952652,0.971042471042471,,
2014-06-02,193634,LO,buy,rebalance,2.0,58.23,2014-06-02,116.46,0.40761,-359.0,Consumer Defensive,0.6658654389369271,0.6762692527096407,0.9816602316602316,,
2014-07-01,197300,LMT,buy,rebalance,3.0,116.067,2014-07-01,348.20099999999996,1.2187035,-166.66666666666666,Industrials,0.6694171360899167,0.8997715591090806,0.9484924623115578,,
2014-07-01,195878,NOC,buy,rebalance,2.0,98.828,2014-07-01,197.656,0.6917960000000001,-264.6666666666667,Industrials,0.6610169946979692,0.8406624785836665,0.9199120603015075,,
2014-07-01,194210,BR,buy,rebalance,1.0,33.517,2014-07-01,33.517,0.11730950000000001,-286.6666666666667,Technology,0.6568125453615943,0.7681324957167333,0.9707914572864321,,
2014-07-01,198439,FISV,buy,rebalance,3.0,30.605,2014-07-01,91.815,0.3213525,-292.0,Technology,0.6732584237514498,0.7255853797829811,0.9940326633165829,,
2014-07-01,199576,VGR,buy,rebalance,3.0,4.658,2014-07-01,13.974,0.048909,-304.0,Consumer Defensive,0.6231436234453943,0.8092518560822387,0.9550879396984925,,
2014-07-01,199416,PPG,buy,rebalance,2.0,83.788,2014-07-01,167.576,0.586516,-320.0,Basic Materials,0.6135249956420353,0.8235294117647058,0.9431532663316583,,
2014-07-01,194291,TWC,buy,rebalance,2.0,143.17,2014-07-01,286.34,1.00219,-373.6666666666667,Communication Services,0.6314083926361855,0.8041119360365505,0.8793969849246231,,
2014-08-01,197300,LMT,buy,rebalance,3.0,120.749,2014-08-01,362.24699999999996,1.2678645,-164.33333333333334,Industrials,0.6694171360899167,0.8997715591090806,0.9484924623115578,,
2014-08-01,195878,NOC,buy,rebalance,1.0,101.692,2014-08-01,101.692,0.35592199999999996,-262.0,Industrials,0.6610169946979692,0.8406624785836665,0.9199120603015075,,
2014-08-01,194210,BR,buy,rebalance,1.0,32.576,2014-08-01,32.576,0.114016,-284.0,Technology,0.6568125453615944,0.7681324957167333,0.9707914572864321,,
2014-08-01,198439,FISV,buy,rebalance,3.0,30.72,2014-08-01,92.16,0.32256,-289.3333333333333,Technology,0.6732584237514498,0.7255853797829811,0.9940326633165829,,
2014-08-01,199576,VGR,buy,rebalance,3.0,4.649,2014-08-01,13.947,0.0488145,-301.0,Consumer Defensive,0.6231436234453943,0.8092518560822387,0.9550879396984925,,
2014-08-01,199416,PPG,buy,rebalance,2.0,79.587,2014-08-01,159.174,0.5571090000000001,-316.6666666666667,Basic Materials,0.6135249956420351,0.8235294117647058,0.9431532663316583,,
2014-08-01,194291,TWC,buy,rebalance,1.0,140.701,2014-08-01,140.701,0.4924535,-370.6666666666667,Communication Services,0.6314083926361855,0.8041119360365505,0.8793969849246231,,
2014-09-02,197300,LMT,buy,rebalance,3.0,126.534,2014-09-02,379.60200000000003,1.328607,-163.0,Industrials,0.6694171360899167,0.8997715591090806,0.9484924623115578,,
2014-09-02,195878,NOC,buy,rebalance,1.0,106.09,2014-09-02,106.09,0.371315,-260.3333333333333,Industrials,0.6610169946979692,0.8406624785836665,0.9199120603015075,,
2014-09-02,194210,BR,buy,rebalance,1.0,34.409,2014-09-02,34.409,0.1204315,-282.0,Technology,0.6568125453615943,0.7681324957167333,0.9707914572864321,,
2014-09-02,198439,FISV,buy,rebalance,3.0,32.325,2014-09-02,96.97500000000001,0.33941250000000006,-287.3333333333333,Technology,0.6732584237514498,0.7255853797829811,0.9940326633165829,,
2014-09-02,199576,VGR,buy,rebalance,2.0,5.398,2014-09-02,10.796,0.037786,-298.6666666666667,Consumer Defensive,0.6231436234453943,0.8092518560822387,0.9550879396984925,,
2014-09-02,199416,PPG,buy,rebalance,2.0,82.595,2014-09-02,165.19,0.578165,-314.3333333333333,Basic Materials,0.6135249956420351,0.8235294117647058,0.9431532663316583,,
2014-09-02,194291,TWC,buy,rebalance,2.0,142.824,2014-09-02,285.648,0.9997680000000001,-368.0,Communication Services,0.6314083926361855,0.8041119360365505,0.8793969849246231,,
2014-10-01,196724,MAR,buy,rebalance,2.0,60.46,2014-10-01,120.92,0.42322000000000004,-219.33333333333334,Consumer Cyclical,0.6077337970415803,0.8896140749148694,0.99328,,
2014-10-01,192873,NLSN,buy,rebalance,3.0,35.234,2014-10-01,105.702,0.369957,-257.6666666666667,Industrials,0.6131087148698315,0.8513053348467651,0.98336,,
2014-10-01,199812,TAP,buy,rebalance,1.0,54.121,2014-10-01,54.121,0.18942350000000002,-278.6666666666667,Consumer Defensive,0.6306376733391007,0.833427922814983,0.94816,,
2014-10-01,197300,LMT,buy,rebalance,2.0,129.512,2014-10-01,259.024,0.9065840000000001,-284.3333333333333,Industrials,0.6361341580599694,0.8135641316685585,0.9552,,
2014-10-01,195812,COR,buy,rebalance,1.0,65.081,2014-10-01,65.081,0.22778350000000003,-292.6666666666667,Healthcare,0.6330922744520228,0.7803632236095346,0.98688,,
2014-10-01,198439,FISV,buy,rebalance,3.0,32.16,2014-10-01,96.47999999999999,0.33768,-300.3333333333333,Technology,0.6505986209154974,0.7360953461975028,0.9952,,
2014-10-01,197302,SHPG,buy,rebalance,1.0,253.135,2014-10-01,253.135,0.8859724999999999,-305.6666666666667,Healthcare,0.5542797517185977,0.9580022701475596,0.96992,,
2014-10-01,193634,LO,buy,rebalance,2.0,58.088,2014-10-01,116.176,0.40661600000000003,-312.0,Consumer Defensive,0.5809213742993823,0.8598183881952327,0.98944,,
2014-11-03,196724,MAR,buy,rebalance,1.0,67.455,2014-11-03,67.455,0.2360925,-218.66666666666666,Consumer Cyclical,0.6077337970415803,0.8896140749148694,0.99328,,
2014-11-03,192873,NLSN,buy,rebalance,3.0,33.915,2014-11-03,101.745,0.3561075,-257.0,Industrials,0.6131087148698315,0.8513053348467651,0.98336,,
2014-11-03,199812,TAP,buy,rebalance,1.0,55.59,2014-11-03,55.59,0.19456500000000002,-277.6666666666667,Consumer Defensive,0.6306376733391007,0.833427922814983,0.94816,,
2014-11-03,197300,LMT,buy,rebalance,2.0,138.875,2014-11-03,277.75,0.972125,-282.6666666666667,Industrials,0.6361341580599694,0.8135641316685585,0.9552,,
2014-11-03,195812,COR,buy,rebalance,1.0,73.745,2014-11-03,73.745,0.25810750000000005,-291.0,Healthcare,0.6330922744520228,0.7803632236095346,0.98688,,
2014-11-03,198439,FISV,buy,rebalance,2.0,34.835,2014-11-03,69.67,0.243845,-298.6666666666667,Technology,0.6505986209154974,0.7360953461975028,0.9952,,
2014-11-03,197302,SHPG,buy,rebalance,1.0,192.449,2014-11-03,192.449,0.6735715000000001,-305.0,Healthcare,0.5542797517185977,0.9580022701475596,0.96992,,
2014-11-03,193634,LO,buy,rebalance,2.0,60.381,2014-11-03,120.762,0.422667,-311.0,Consumer Defensive,0.5809213742993823,0.8598183881952327,0.98944,,
2014-12-01,196724,MAR,buy,rebalance,1.0,69.102,2014-12-01,69.102,0.24185700000000002,-217.66666666666666,Consumer Cyclical,0.6077337970415803,0.8896140749148694,0.99328,,
2014-12-01,192873,NLSN,buy,rebalance,3.0,34.178,2014-12-01,102.53399999999999,0.358869,-256.0,Industrials,0.6131087148698318,0.8513053348467651,0.98336,,
2014-12-01,199812,TAP,buy,rebalance,1.0,56.833,2014-12-01,56.833,0.1989155,-276.6666666666667,Consumer Defensive,0.6306376733391007,0.833427922814983,0.94816,,
2014-12-01,197300,LMT,buy,rebalance,2.0,140.233,2014-12-01,280.466,0.981631,-281.6666666666667,Industrials,0.6361341580599694,0.8135641316685585,0.9552,,
2014-12-01,195812,COR,buy,rebalance,1.0,77.34,2014-12-01,77.34,0.27069000000000004,-289.3333333333333,Healthcare,0.6330922744520228,0.7803632236095346,0.98688,,
2014-12-01,198439,FISV,buy,rebalance,2.0,35.605,2014-12-01,71.21,0.24923499999999998,-297.0,Technology,0.6505986209154974,0.7360953461975028,0.9952,,
2014-12-01,197302,SHPG,buy,rebalance,1.0,208.619,2014-12-01,208.619,0.7301665,-303.6666666666667,Healthcare,0.5542797517185976,0.9580022701475596,0.96992,,
2014-12-01,193634,LO,buy,rebalance,2.0,62.081,2014-12-01,124.162,0.43456700000000004,-309.6666666666667,Consumer Defensive,0.5809213742993823,0.8598183881952327,0.98944,,
2015-01-02,193748,KDP,buy,rebalance,2.0,9.596,2015-01-02,19.192,0.067172,-183.0,Consumer Defensive,0.6651898297845813,0.8844319775596073,0.9684713375796178,,
2015-01-02,198615,MO,buy,rebalance,6.0,23.291,2015-01-02,139.746,0.489111,-194.0,Consumer Defensive,0.6974371675429241,0.8134642356241234,0.9993630573248408,,
2015-01-02,199059,AAPL,buy,rebalance,38.0,24.172,2015-01-02,918.5360000000001,3.2148760000000003,-240.66666666666666,Technology,0.6112175083438945,0.9023842917251051,0.993312101910828,,
2015-02-02,193748,KDP,buy,rebalance,1.0,10.521,2015-02-02,10.521,0.0368235,-181.33333333333334,Consumer Defensive,0.6651898297845813,0.8844319775596073,0.9684713375796178,,
2015-02-02,198615,MO,buy,rebalance,5.0,25.588,2015-02-02,127.94,0.44779,-192.33333333333334,Consumer Defensive,0.6974371675429241,0.8134642356241234,0.9993630573248408,,
2015-02-02,199059,AAPL,buy,rebalance,33.0,26.228,2015-02-02,865.524,3.029334,-239.0,Technology,0.6112175083438945,0.9023842917251051,0.993312101910828,,
2015-03-02,193748,KDP,buy,rebalance,1.0,10.615,2015-03-02,10.615,0.037152500000000005,-181.0,Consumer Defensive,0.6651898297845814,0.8844319775596073,0.9684713375796178,,
2015-03-02,198615,MO,buy,rebalance,4.0,26.872,2015-03-02,107.488,0.376208,-192.0,Consumer Defensive,0.6974371675429241,0.8134642356241234,0.9993630573248408,,
2015-03-02,199059,AAPL,buy,rebalance,30.0,28.652,2015-03-02,859.5600000000001,3.0084600000000004,-239.0,Technology,0.6112175083438945,0.9023842917251051,0.993312101910828,,
2015-04-01,115441,WPZ1,sell,delisted,1.0,48.15,2015-02-02,48.15,0.168525,,,,,,34.5294315,13.452043499999995
2015-04-01,198615,MO,buy,rebalance,15.0,24.163,2015-04-01,362.445,1.2685575,-67.33333333333333,Consumer Defensive,0.6960707827031459,0.9394449116904963,0.9984015345268542,,
2015-04-01,193748,KDP,buy,rebalance,5.0,10.586,2015-04-01,52.93,0.185255,-97.33333333333333,Consumer Defensive,0.6882663434754036,0.9428090832632464,0.967071611253197,,
2015-04-01,199357,SHW,buy,rebalance,1.0,85.556,2015-04-01,85.556,0.299446,-164.66666666666666,Basic Materials,0.6457003991327328,0.9229044014578077,0.9843350383631714,,
2015-04-01,199546,CVS,buy,rebalance,5.0,73.442,2015-04-01,367.21,1.285235,-199.33333333333334,Healthcare,0.698118473025992,0.8873002523128679,0.920076726342711,,
2015-04-01,198439,FISV,buy,rebalance,1.0,39.79,2015-04-01,39.79,0.139265,-204.33333333333334,Technology,0.6853690624240601,0.8247827305859265,0.995843989769821,,
2015-04-01,196724,MAR,buy,rebalance,1.0,71.846,2015-04-01,71.846,0.25146100000000005,-207.33333333333334,Consumer Cyclical,0.6160644483067823,0.9282310064479955,0.9952046035805626,,
2015-04-01,199928,ADP,buy,rebalance,2.0,66.392,2015-04-01,132.784,0.464744,-215.0,Industrials,0.6862550484675263,0.847210541070928,0.9571611253196931,,
2015-05-01,198615,MO,buy,rebalance,14.0,24.335,2015-05-01,340.69,1.192415,-66.66666666666667,Consumer Defensive,0.6960707827031458,0.9394449116904963,0.9984015345268542,,
2015-05-01,193748,KDP,buy,rebalance,4.0,10.245,2015-05-01,40.98,0.14343,-96.66666666666667,Consumer Defensive,0.6882663434754036,0.9428090832632464,0.967071611253197,,
2015-05-01,199357,SHW,buy,rebalance,1.0,84.461,2015-05-01,84.461,0.2956135,-163.33333333333334,Basic Materials,0.6457003991327328,0.9229044014578077,0.9843350383631714,,
2015-05-01,199546,CVS,buy,rebalance,5.0,72.398,2015-05-01,361.99,1.2669650000000001,-198.0,Healthcare,0.698118473025992,0.8873002523128679,0.920076726342711,,
2015-05-01,198439,FISV,buy,rebalance,1.0,39.33,2015-05-01,39.33,0.137655,-203.0,Technology,0.6853690624240601,0.8247827305859265,0.995843989769821,,
2015-05-01,199928,ADP,buy,rebalance,1.0,66.991,2015-05-01,66.991,0.2344685,-213.66666666666666,Industrials,0.6862550484675263,0.847210541070928,0.9571611253196931,,
2015-06-01,199010,IGT1,sell,delisted,9.0,17.68,2015-04-06,159.12,0.5569200000000001,,,,,,329.980905,-171.417825
2015-06-01,198615,MO,buy,rebalance,16.0,24.595,2015-06-01,393.52,1.3773199999999999,-66.33333333333333,Consumer Defensive,0.6960707827031459,0.9394449116904963,0.9984015345268542,,
2015-06-01,193748,KDP,buy,rebalance,5.0,10.311,2015-06-01,51.555,0.1804425,-96.33333333333333,Consumer Defensive,0.6882663434754036,0.9428090832632464,0.967071611253197,,
2015-06-01,199357,SHW,buy,rebalance,1.0,86.481,2015-06-01,86.481,0.3026835,-163.0,Basic Materials,0.6457003991327328,0.9229044014578077,0.9843350383631714,,
2015-06-01,199546,CVS,buy,rebalance,6.0,73.876,2015-06-01,443.25600000000003,1.5513960000000002,-197.0,Healthcare,0.698118473025992,0.8873002523128679,0.920076726342711,,
2015-06-01,198439,FISV,buy,rebalance,1.0,40.28,2015-06-01,40.28,0.14098,-200.33333333333334,Technology,0.6853690624240601,0.8247827305859265,0.995843989769821,,
2015-06-01,196724,MAR,buy,rebalance,1.0,69.951,2015-06-01,69.951,0.24482849999999998,-205.0,Consumer Cyclical,0.6160644483067822,0.9282310064479955,0.9952046035805626,,
2015-06-01,199928,ADP,buy,rebalance,2.0,66.423,2015-06-01,132.846,0.464961,-211.33333333333334,Industrials,0.6862550484675263,0.847210541070928,0.9571611253196931,,
2015-07-01,193748,KDP,buy,rebalance,5.0,10.121,2015-07-01,50.605000000000004,0.1771175,-175.66666666666666,Consumer Defensive,0.6861970148633891,0.8644209354120267,0.9842738205365402,,
2015-07-01,199357,SHW,buy,rebalance,1.0,84.252,2015-07-01,84.252,0.294882,-181.33333333333334,Basic Materials,0.6469129956927095,0.8983853006681515,0.9818069688559975,,
2015-07-01,199546,CVS,buy,rebalance,6.0,76.182,2015-07-01,457.092,1.599822,-237.0,Healthcare,0.6953513255487079,0.8608017817371938,0.9222941720629048,,
2015-07-01,198439,FISV,buy,rebalance,1.0,42.055,2015-07-01,42.055,0.1471925,-240.66666666666666,Technology,0.6780191762173324,0.8009465478841871,0.9959913660191181,,
2015-07-01,198229,SBUX,buy,rebalance,7.0,42.725,2015-07-01,299.075,1.0467625,-246.0,Consumer Cyclical,0.6335231690549002,0.8794543429844098,0.9620721554116559,,
2015-08-03,193634,LO,sell,delisted,19.0,71.4,2015-06-11,1356.6000000000001,4.748100000000001,,,,,,969.4201365,382.4317635000001
2015-08-03,193748,KDP,buy,rebalance,12.0,10.941,2015-08-03,131.292,0.45952200000000004,-172.66666666666666,Consumer Defensive,0.6861970148633891,0.8644209354120267,0.9842738205365402,,
2015-08-03,194210,BR,buy,rebalance,1.0,44.666,2015-08-03,44.666,0.156331,-177.66666666666666,Technology,0.6611106298562853,0.9011692650334076,0.9574468085106383,,
2015-08-03,199357,SHW,buy,rebalance,2.0,83.472,2015-08-03,166.944,0.5843039999999999,-178.33333333333334,Basic Materials,0.6469129956927097,0.8983853006681515,0.9818069688559975,,
2015-08-03,199747,EFX,buy,rebalance,1.0,91.722,2015-08-03,91.722,0.321027,-227.66666666666666,Industrials,0.6638914666310252,0.8204342984409799,0.9987665741597287,,
2015-08-03,199546,CVS,buy,rebalance,12.0,81.565,2015-08-03,978.78,3.42573,-234.0,Healthcare,0.695351325548708,0.8608017817371938,0.9222941720629048,,
2015-08-03,198439,FISV,buy,rebalance,3.0,43.66,2015-08-03,130.98,0.45842999999999995,-236.66666666666666,Technology,0.6780191762173324,0.8009465478841871,0.9959913660191181,,
2015-08-03,198229,SBUX,buy,rebalance,14.0,46.134,2015-08-03,645.876,2.260566,-242.66666666666666,Consumer Cyclical,0.6335231690549002,0.8794543429844098,0.9620721554116559,,
2015-09-01,193222,DTV1,sell,delisted,27.0,93.55,2015-07-24,2525.85,8.840475,,,,,,1162.95615,1354.053375
2015-09-01,193748,KDP,buy,rebalance,19.0,10.235,2015-09-01,194.46499999999997,0.6806274999999999,-171.0,Consumer Defensive,0.6861970148633891,0.8644209354120267,0.9842738205365402,,
2015-09-01,194210,BR,buy,rebalance,2.0,41.96,2015-09-01,83.92,0.29372000000000004,-176.0,Technology,0.6611106298562853,0.9011692650334076,0.9574468085106383,,
2015-09-01,199357,SHW,buy,rebalance,4.0,74.75,2015-09-01,299.0,1.0465,-176.66666666666666,Basic Materials,0.6469129956927095,0.8983853006681515,0.9818069688559975,,
2015-09-01,199747,EFX,buy,rebalance,1.0,85.88,2015-09-01,85.88,0.30058,-225.66666666666666,Industrials,0.6638914666310252,0.8204342984409799,0.9987665741597287,,
2015-09-01,199546,CVS,buy,rebalance,21.0,72.491,2015-09-01,1522.311,5.3280885,-232.0,Healthcare,0.695351325548708,0.8608017817371938,0.9222941720629048,,
2015-09-01,198439,FISV,buy,rebalance,6.0,41.435,2015-09-01,248.61,0.8701350000000001,-234.33333333333334,Technology,0.6780191762173324,0.8009465478841871,0.9959913660191181,,
2015-09-01,198229,SBUX,buy,rebalance,24.0,42.531,2015-09-01,1020.7439999999999,3.5726039999999997,-240.66666666666666,Consumer Cyclical,0.6335231690549002,0.8794543429844098,0.9620721554116559,,
2015-10-01,195259,RAI,buy,rebalance,14.0,41.172,2015-10-01,576.4079999999999,2.0174279999999998,-146.66666666666666,Consumer Defensive,0.654884538766339,0.9107488256424426,0.9946439823566477,,
2015-10-01,199385,ROL,buy,rebalance,6.0,10.27,2015-10-01,61.62,0.21567,-167.33333333333334,Consumer Cyclical,0.6561922208493495,0.8958275766786405,0.9864524259609325,,
2015-10-01,199747,EFX,buy,rebalance,1.0,88.711,2015-10-01,88.711,0.3104885,-194.66666666666666,Industrials,0.6849278303477876,0.8317214700193424,0.9974795211090107,,
2015-10-01,198439,FISV,buy,rebalance,4.0,43.755,2015-10-01,175.02,0.6125700000000001,-255.0,Technology,0.6324658925337069,0.8507875103619784,0.9873976055450535,,
2015-10-01,199357,SHW,buy,rebalance,3.0,69.754,2015-10-01,209.262,0.732417,-270.0,Basic Materials,0.6317867107651834,0.8325504282951092,0.9968494013862634,,
2015-11-02,195259,RAI,buy,rebalance,12.0,45.201,2015-11-02,542.412,1.8984420000000002,-146.33333333333334,Consumer Defensive,0.6548845387663391,0.9107488256424426,0.9946439823566477,,
2015-11-02,199385,ROL,buy,rebalance,5.0,10.208,2015-11-02,51.04,0.17864,-167.0,Consumer Cyclical,0.6561922208493495,0.8958275766786405,0.9864524259609325,,
2015-11-02,199747,EFX,buy,rebalance,1.0,97.088,2015-11-02,97.088,0.339808,-193.33333333333334,Industrials,0.6849278303477876,0.8317214700193424,0.9974795211090107,,
2015-11-02,198439,FISV,buy,rebalance,3.0,48.385,2015-11-02,145.155,0.5080425000000001,-254.0,Technology,0.6324658925337069,0.8507875103619784,0.9873976055450535,,
2015-11-02,199357,SHW,buy,rebalance,2.0,81.156,2015-11-02,162.312,0.568092,-268.6666666666667,Basic Materials,0.6317867107651833,0.8325504282951092,0.9968494013862634,,
2015-12-01,195259,RAI,buy,rebalance,12.0,43.531,2015-12-01,522.372,1.8283019999999999,-145.66666666666666,Consumer Defensive,0.654884538766339,0.9107488256424426,0.9946439823566477,,
2015-12-01,199385,ROL,buy,rebalance,5.0,10.602,2015-12-01,53.010000000000005,0.18553500000000003,-166.33333333333334,Consumer Cyclical,0.6561922208493495,0.8958275766786405,0.9864524259609325,,
2015-12-01,199747,EFX,buy,rebalance,1.0,101.729,2015-12-01,101.729,0.3560515,-192.33333333333334,Industrials,0.6849278303477876,0.8317214700193424,0.9974795211090107,,
2015-12-01,198439,FISV,buy,rebalance,3.0,48.6,2015-12-01,145.8,0.5103000000000001,-252.66666666666666,Technology,0.632465892533707,0.8507875103619784,0.9873976055450535,,
2015-12-01,199357,SHW,buy,rebalance,2.0,83.693,2015-12-01,167.386,0.585851,-267.3333333333333,Basic Materials,0.6317867107651833,0.8325504282951092,0.9968494013862634,,
2016-01-04,199849,CHDN,buy,rebalance,1.0,21.672,2016-01-04,21.672,0.075852,-147.33333333333334,Consumer Cyclical,0.688364533155541,0.9446914952751528,0.946031746031746,,
2016-01-04,199747,EFX,buy,rebalance,1.0,98.954,2016-01-04,98.954,0.346339,-161.66666666666666,Industrials,0.6788599343243185,0.8979988882712618,0.9961904761904762,,
2016-01-04,194210,BR,buy,rebalance,1.0,43.586,2016-01-04,43.586,0.152551,-195.66666666666666,Technology,0.6874186352448943,0.8829905503057254,0.966984126984127,,
2016-01-04,195259,RAI,buy,rebalance,16.0,42.995,2016-01-04,687.92,2.40772,-208.0,Consumer Defensive,0.6394923913304454,0.9168982768204558,0.9968253968253968,,
2016-01-04,199841,CLX,buy,rebalance,1.0,91.018,2016-01-04,91.018,0.318563,-212.66666666666666,Consumer Defensive,0.7079391844951258,0.831017231795442,0.979047619047619,,
2016-01-04,197712,MD,buy,rebalance,1.0,71.05,2016-01-04,71.05,0.248675,-238.66666666666666,Healthcare,0.6793008954315132,0.8312951639799889,0.9923809523809524,,
2016-02-01,199849,CHDN,buy,rebalance,1.0,22.113,2016-02-01,22.113,0.0773955,-147.0,Consumer Cyclical,0.6883645331555411,0.9446914952751528,0.946031746031746,,
2016-02-01,199747,EFX,buy,rebalance,1.0,96.667,2016-02-01,96.667,0.33833450000000004,-160.33333333333334,Industrials,0.6788599343243183,0.8979988882712618,0.9961904761904762,,
2016-02-01,194210,BR,buy,rebalance,1.0,44.809,2016-02-01,44.809,0.15683149999999998,-194.0,Technology,0.6874186352448943,0.8829905503057254,0.966984126984127,,
2016-02-01,195259,RAI,buy,rebalance,14.0,47.513,2016-02-01,665.182,2.328137,-206.0,Consumer Defensive,0.6394923913304454,0.9168982768204558,0.9968253968253968,,
2016-02-01,199841,CLX,buy,rebalance,1.0,96.351,2016-02-01,96.351,0.3372285,-210.0,Consumer Defensive,0.7079391844951258,0.831017231795442,0.979047619047619,,
2016-02-01,197712,MD,buy,rebalance,1.0,69.54,2016-02-01,69.54,0.24339000000000002,-236.0,Healthcare,0.6793008954315131,0.8312951639799889,0.9923809523809524,,
2016-03-01,199849,CHDN,buy,rebalance,1.0,21.825,2016-03-01,21.825,0.0763875,-146.0,Consumer Cyclical,0.6883645331555411,0.9446914952751528,0.946031746031746,,
2016-03-01,199747,EFX,buy,rebalance,1.0,96.576,2016-03-01,96.576,0.338016,-158.66666666666666,Industrials,0.6788599343243183,0.8979988882712618,0.9961904761904762,,
2016-03-01,194210,BR,buy,rebalance,1.0,47.879,2016-03-01,47.879,0.1675765,-192.0,Technology,0.6874186352448943,0.8829905503057254,0.966984126984127,,
2016-03-01,195259,RAI,buy,rebalance,14.0,48.027,2016-03-01,672.378,2.353323,-204.33333333333334,Consumer Defensive,0.6394923913304454,0.9168982768204558,0.9968253968253968,,
2016-03-01,199841,CLX,buy,rebalance,1.0,91.717,2016-03-01,91.717,0.3210095,-208.0,Consumer Defensive,0.7079391844951258,0.831017231795442,0.979047619047619,,
2016-03-01,197712,MD,buy,rebalance,1.0,67.7,2016-03-01,67.7,0.23695000000000002,-233.33333333333334,Healthcare,0.6793008954315132,0.8312951639799889,0.9923809523809524,,
2016-04-01,193748,KDP,buy,rebalance,8.0,12.609,2016-04-01,100.872,0.35305200000000003,-144.0,Consumer Defensive,0.7274062287862514,0.8936645269327379,0.9678559948569592,,
2016-04-01,199841,CLX,buy,rebalance,1.0,93.113,2016-04-01,93.113,0.3258955,-149.33333333333334,Consumer Defensive,0.7255166655950758,0.8811052190901479,0.9765348762455802,,
2016-04-01,198804,PAYX,buy,rebalance,2.0,39.092,2016-04-01,78.184,0.273644,-178.66666666666666,Industrials,0.7035581665115583,0.8704995813564053,0.9781420765027322,,
2016-04-01,195878,NOC,buy,rebalance,1.0,169.858,2016-04-01,169.858,0.594503,-186.33333333333334,Industrials,0.6803171935115265,0.9095729835333519,0.9585342333654774,,
2016-04-01,199122,DHR,buy,rebalance,5.0,60.775,2016-04-01,303.875,1.0635625,-201.33333333333334,Healthcare,0.7027475582751311,0.8464973485905666,0.9829636772741883,,
2016-04-01,197600,SIRI,buy,rebalance,3.0,31.413,2016-04-01,94.239,0.32983650000000003,-236.33333333333334,Communication Services,0.6830612240411443,0.8244487859335752,0.994535519125683,,
2016-05-02,193748,KDP,buy,rebalance,8.0,12.714,2016-05-02,101.712,0.35599200000000003,-141.33333333333334,Consumer Defensive,0.7274062287862515,0.8936645269327379,0.9678559948569592,,
2016-05-02,199841,CLX,buy,rebalance,1.0,93.371,2016-05-02,93.371,0.3267985,-146.33333333333334,Consumer Defensive,0.7255166655950758,0.8811052190901479,0.9765348762455802,,
2016-05-02,198804,PAYX,buy,rebalance,3.0,37.959,2016-05-02,113.87700000000001,0.3985695,-175.66666666666666,Industrials,0.7035581665115583,0.8704995813564053,0.9781420765027322,,
2016-05-02,195878,NOC,buy,rebalance,1.0,176.641,2016-05-02,176.641,0.6182435,-183.66666666666666,Industrials,0.6803171935115264,0.9095729835333519,0.9585342333654774,,
2016-05-02,199122,DHR,buy,rebalance,6.0,61.893,2016-05-02,371.358,1.299753,-197.33333333333334,Healthcare,0.7027475582751311,0.8464973485905666,0.9829636772741883,,
2016-05-02,197600,SIRI,buy,rebalance,4.0,31.492,2016-05-02,125.968,0.440888,-232.33333333333334,Communication Services,0.6830612240411443,0.8244487859335752,0.994535519125683,,
2016-06-01,193748,KDP,buy,rebalance,9.0,12.754,2016-06-01,114.786,0.401751,-138.0,Consumer Defensive,0.7274062287862515,0.8936645269327379,0.9678559948569592,,
2016-06-01,199841,CLX,buy,rebalance,1.0,95.526,2016-06-01,95.526,0.334341,-143.0,Consumer Defensive,0.7255166655950758,0.8811052190901479,0.9765348762455802,,
2016-06-01,198804,PAYX,buy,rebalance,3.0,39.623,2016-06-01,118.869,0.4160415,-172.33333333333334,Industrials,0.7035581665115583,0.8704995813564053,0.9781420765027322,,
2016-06-01,195878,NOC,buy,rebalance,1.0,181.611,2016-06-01,181.611,0.6356385,-180.0,Industrials,0.6803171935115266,0.9095729835333519,0.9585342333654774,,
2016-06-01,199122,DHR,buy,rebalance,6.0,62.789,2016-06-01,376.73400000000004,1.318569,-194.0,Healthcare,0.7027475582751311,0.8464973485905666,0.9829636772741883,,
2016-06-01,197600,SIRI,buy,rebalance,4.0,31.889,2016-06-01,127.556,0.446446,-228.66666666666666,Communication Services,0.6830612240411444,0.8244487859335752,0.994535519125683,,
2016-07-01,194291,TWC,sell,delisted,5.0,209.56,2016-05-17,1047.8,3.6673,,,,,,715.1834115,328.94928849999985
2016-07-01,198615,MO,buy,rebalance,31.0,34.815,2016-07-01,1079.2649999999999,3.7774274999999995,-102.33333333333333,Consumer Defensive,0.7269349441497528,0.9063199105145414,0.9984121943474119,,
2016-07-01,199877,CPB,buy,rebalance,3.0,46.321,2016-07-01,138.963,0.4863705,-135.33333333333334,Consumer Defensive,0.70843900617789,0.9628076062639821,0.9237853286757701,,
2016-07-01,197300,LMT,buy,rebalance,3.0,191.267,2016-07-01,573.8009999999999,2.0083035,-138.33333333333334,Industrials,0.7251053329786877,0.9074384787472036,0.9606224198158145,,
2016-07-01,195878,NOC,buy,rebalance,1.0,188.874,2016-07-01,188.874,0.661059,-151.66666666666666,Industrials,0.6991707176892676,0.9312080536912751,0.9539536360749444,,
2016-07-01,194210,BR,buy,rebalance,1.0,54.935,2016-07-01,54.935,0.1922725,-158.0,Technology,0.6924020089405342,0.9258948545861297,0.9622102254684026,,
2016-08-01,198615,MO,buy,rebalance,18.0,34.124,2016-08-01,614.2320000000001,2.1498120000000003,-100.66666666666667,Consumer Defensive,0.7269349441497528,0.9063199105145414,0.9984121943474119,,
2016-08-01,199877,CPB,buy,rebalance,2.0,43.712,2016-08-01,87.424,0.30598400000000003,-134.0,Consumer Defensive,0.70843900617789,0.9628076062639821,0.9237853286757701,,
2016-08-01,197300,LMT,buy,rebalance,1.0,195.478,2016-08-01,195.478,0.684173,-136.66666666666666,Industrials,0.7251053329786876,0.9074384787472036,0.9606224198158145,,
2016-08-01,195878,NOC,buy,rebalance,1.0,184.522,2016-08-01,184.522,0.6458269999999999,-150.0,Industrials,0.6991707176892678,0.9312080536912751,0.9539536360749444,,
2016-09-01,194920,IHS2,sell,delisted,4.0,117.25,2016-07-12,469.0,1.6415,,,,,,352.2285,115.13
2016-09-01,198615,MO,buy,rebalance,23.0,33.454,2016-09-01,769.442,2.693047,-99.33333333333333,Consumer Defensive,0.7269349441497528,0.9063199105145414,0.9984121943474119,,
2016-09-01,199877,CPB,buy,rebalance,3.0,40.091,2016-09-01,120.273,0.4209555,-133.0,Consumer Defensive,0.70843900617789,0.9628076062639821,0.9237853286757701,,
2016-09-01,197300,LMT,buy,rebalance,2.0,188.152,2016-09-01,376.304,1.317064,-135.33333333333334,Industrials,0.7251053329786876,0.9074384787472036,0.9606224198158145,,
2016-09-01,195878,NOC,buy,rebalance,1.0,181.145,2016-09-01,181.145,0.6340075000000001,-148.33333333333334,Industrials,0.6991707176892676,0.9312080536912751,0.9539536360749444,,
2016-10-03,198804,PAYX,buy,rebalance,3.0,42.131,2016-10-03,126.393,0.44237550000000003,-169.33333333333334,Industrials,0.7149973703275346,0.8754171301446051,0.9782749675745784,,
2016-10-03,198615,MO,buy,rebalance,24.0,32.007,2016-10-03,768.1679999999999,2.6885879999999998,-173.0,Consumer Defensive,0.7273961216635164,0.8442714126807565,0.9980544747081712,,
2016-10-03,196997,DGX,buy,rebalance,1.0,69.357,2016-10-03,69.357,0.2427495,-225.66666666666666,Healthcare,0.6872447138597287,0.8637374860956618,0.9711413748378729,,
2016-10-03,199877,CPB,buy,rebalance,2.0,38.457,2016-10-03,76.914,0.269199,-235.0,Consumer Defensive,0.7057504987606769,0.8743047830923248,0.9225032425421531,,
2016-11-01,198804,PAYX,buy,rebalance,3.0,40.124,2016-11-01,120.37200000000001,0.42130200000000007,-166.66666666666666,Industrials,0.7149973703275346,0.8754171301446051,0.9782749675745784,,
2016-11-01,198615,MO,buy,rebalance,22.0,33.347,2016-11-01,733.634,2.5677190000000003,-170.66666666666666,Consumer Defensive,0.7273961216635163,0.8442714126807565,0.9980544747081712,,
2016-11-01,196997,DGX,buy,rebalance,1.0,66.436,2016-11-01,66.436,0.23252600000000004,-222.66666666666666,Healthcare,0.6872447138597286,0.8637374860956618,0.9711413748378729,,
2016-11-01,199877,CPB,buy,rebalance,2.0,37.87,2016-11-01,75.74,0.26509,-232.0,Consumer Defensive,0.7057504987606767,0.8743047830923248,0.9225032425421531,,
2016-12-01,198804,PAYX,buy,rebalance,2.0,43.385,2016-12-01,86.77,0.303695,-165.33333333333334,Industrials,0.7149973703275346,0.8754171301446051,0.9782749675745784,,
2016-12-01,198615,MO,buy,rebalance,23.0,32.028,2016-12-01,736.644,2.5782540000000003,-169.0,Consumer Defensive,0.7273961216635163,0.8442714126807565,0.9980544747081712,,
2016-12-01,199877,CPB,buy,rebalance,2.0,40.522,2016-12-01,81.044,0.283654,-230.66666666666666,Consumer Defensive,0.7057504987606767,0.8743047830923248,0.9225032425421531,,
2017-01-03,198804,PAYX,buy,rebalance,5.0,45.145,2017-01-03,225.72500000000002,0.7900375000000001,-214.66666666666666,Industrials,0.7203668920921401,0.8200449185850646,0.9754500818330606,,
2017-01-03,199634,ITW,buy,rebalance,5.0,97.875,2017-01-03,489.375,1.7128125,-215.0,Industrials,0.7201925285067639,0.8489612577203818,0.9440261865793781,,
2017-01-03,194210,BR,buy,rebalance,1.0,55.953,2017-01-03,55.953,0.19583550000000002,-305.6666666666667,Technology,0.7035137290533302,0.7526670409882089,0.9770867430441899,,
2017-01-03,196997,DGX,buy,rebalance,1.0,76.27,2017-01-03,76.27,0.266945,-311.6666666666667,Healthcare,0.6910914075379265,0.7860752386299832,0.9509001636661211,,
2017-01-03,197845,SNPS,buy,rebalance,1.0,59.37,2017-01-03,59.37,0.207795,-312.6666666666667,Technology,0.6920148884029903,0.7521055586749017,0.9882160392798691,,
2017-02-01,198804,PAYX,buy,rebalance,5.0,43.594,2017-02-01,217.97,0.762895,-212.66666666666666,Industrials,0.72036689209214,0.8200449185850646,0.9754500818330606,,
2017-02-01,199634,ITW,buy,rebalance,5.0,101.358,2017-02-01,506.79,1.773765,-213.33333333333334,Industrials,0.7201925285067639,0.8489612577203818,0.9440261865793781,,
2017-02-01,197942,IDXX,buy,rebalance,1.0,122.8,2017-02-01,122.8,0.4298,-295.0,Healthcare,0.6363053991397589,0.9008983717012914,0.9551554828150572,,
2017-02-01,194210,BR,buy,rebalance,1.0,55.902,2017-02-01,55.902,0.195657,-302.0,Technology,0.7035137290533302,0.7526670409882089,0.9770867430441899,,
2017-02-01,196997,DGX,buy,rebalance,1.0,76.726,2017-02-01,76.726,0.26854100000000003,-309.0,Healthcare,0.6910914075379267,0.7860752386299832,0.9509001636661211,,
2017-02-01,197845,SNPS,buy,rebalance,1.0,62.62,2017-02-01,62.62,0.21917,-309.0,Technology,0.6920148884029903,0.7521055586749017,0.9882160392798691,,
2017-03-01,198804,PAYX,buy,rebalance,5.0,46.79,2017-03-01,233.95,0.818825,-210.66666666666666,Industrials,0.72036689209214,0.8200449185850646,0.9754500818330606,,
2017-03-01,199634,ITW,buy,rebalance,4.0,107.781,2017-03-01,431.124,1.5089340000000002,-211.66666666666666,Industrials,0.7201925285067639,0.8489612577203818,0.9440261865793781,,
2017-03-01,194210,BR,buy,rebalance,1.0,59.917,2017-03-01,59.917,0.20970950000000002,-299.0,Technology,0.7035137290533302,0.7526670409882089,0.9770867430441899,,
2017-03-01,196997,DGX,buy,rebalance,1.0,81.576,2017-03-01,81.576,0.285516,-305.6666666666667,Healthcare,0.6910914075379267,0.7860752386299832,0.9509001636661211,,
2017-03-01,197845,SNPS,buy,rebalance,1.0,72.24,2017-03-01,72.24,0.25284,-306.3333333333333,Technology,0.6920148884029903,0.7521055586749017,0.9882160392798691,,
2017-04-03,198757,THO,buy,rebalance,2.0,78.239,2017-04-03,156.478,0.5476730000000001,-331.6666666666667,Consumer Cyclical,0.6292453023584624,0.9194554736245036,0.9141914191419142,,
2017-04-03,198724,TTC,buy,rebalance,3.0,54.694,2017-04-03,164.082,0.574287,-336.0,Industrials,0.7148180214551433,0.759217243335224,0.9326732673267327,,
2017-04-03,197638,PZZA,buy,rebalance,1.0,64.855,2017-04-03,64.855,0.2269925,-338.6666666666667,Consumer Cyclical,0.6328828380703637,0.893930799773114,0.927062706270627,,
2017-04-03,191548,SAIC,buy,rebalance,1.0,63.009,2017-04-03,63.009,0.22053150000000002,-383.3333333333333,Technology,0.6035283322110151,0.8944980147475894,0.9455445544554455,,
2017-04-03,196997,DGX,buy,rebalance,5.0,81.625,2017-04-03,408.125,1.4284375,-384.6666666666667,Healthcare,0.7140394922004557,0.6999432785025524,0.9485148514851485,,
2017-04-03,197942,IDXX,buy,rebalance,2.0,155.28,2017-04-03,310.56,1.08696,-384.6666666666667,Healthcare,0.6210040462765288,0.8513896766874646,0.9514851485148514,,
2017-04-03,197168,SGU,buy,rebalance,3.0,5.454,2017-04-03,16.362,0.057267,-398.0,Energy,0.640186319952892,0.7855927396483268,0.972937293729373,,
2017-05-01,198757,THO,buy,rebalance,1.0,79.705,2017-05-01,79.705,0.2789675,-328.6666666666667,Consumer Cyclical,0.6292453023584624,0.9194554736245036,0.9141914191419142,,
2017-05-01,198724,TTC,buy,rebalance,3.0,57.172,2017-05-01,171.516,0.600306,-332.3333333333333,Industrials,0.7148180214551434,0.759217243335224,0.9326732673267327,,
2017-05-01,197638,PZZA,buy,rebalance,1.0,63.633,2017-05-01,63.633,0.2227155,-336.0,Consumer Cyclical,0.6328828380703637,0.893930799773114,0.927062706270627,,
2017-05-01,191548,SAIC,buy,rebalance,1.0,63.641,2017-05-01,63.641,0.2227435,-380.3333333333333,Technology,0.6035283322110151,0.8944980147475894,0.9455445544554455,,
2017-05-01,196997,DGX,buy,rebalance,4.0,88.504,2017-05-01,354.016,1.2390560000000002,-380.3333333333333,Healthcare,0.7140394922004557,0.6999432785025524,0.9485148514851485,,
2017-05-01,197942,IDXX,buy,rebalance,2.0,163.73,2017-05-01,327.46,1.14611,-381.3333333333333,Healthcare,0.6210040462765288,0.8513896766874646,0.9514851485148514,,
2017-05-01,197168,SGU,buy,rebalance,2.0,5.59,2017-05-01,11.18,0.03913,-394.3333333333333,Energy,0.6401863199528919,0.7855927396483268,0.972937293729373,,
2017-06-01,198757,THO,buy,rebalance,1.0,76.6,2017-06-01,76.6,0.2681,-325.6666666666667,Consumer Cyclical,0.6292453023584624,0.9194554736245036,0.9141914191419142,,
2017-06-01,198724,TTC,buy,rebalance,2.0,60.428,2017-06-01,120.856,0.422996,-329.3333333333333,Industrials,0.7148180214551433,0.759217243335224,0.9326732673267327,,
2017-06-01,197638,PZZA,buy,rebalance,1.0,66.474,2017-06-01,66.474,0.232659,-332.6666666666667,Consumer Cyclical,0.6328828380703637,0.893930799773114,0.927062706270627,,
2017-06-01,196997,DGX,buy,rebalance,4.0,91.378,2017-06-01,365.512,1.279292,-376.6666666666667,Healthcare,0.7140394922004557,0.6999432785025524,0.9485148514851485,,
2017-06-01,191548,SAIC,buy,rebalance,1.0,66.803,2017-06-01,66.803,0.2338105,-377.0,Technology,0.6035283322110151,0.8944980147475894,0.9455445544554455,,
2017-06-01,197942,IDXX,buy,rebalance,2.0,168.25,2017-06-01,336.5,1.17775,-378.0,Healthcare,0.6210040462765288,0.8513896766874646,0.9514851485148514,,
2017-06-01,197168,SGU,buy,rebalance,2.0,6.114,2017-06-01,12.228,0.042798,-391.0,Energy,0.640186319952892,0.7855927396483268,0.972937293729373,,
2017-07-03,199059,AAPL,buy,rebalance,32.0,33.261,2017-07-03,1064.352,3.7252320000000005,-218.0,Technology,0.6851509710205894,0.8709215798511735,0.9672881910369644,,
2017-07-03,196101,TWX,buy,rebalance,1.0,99.729,2017-07-03,99.729,0.3490515,-300.0,Communication Services,0.7039177306382781,0.7784773898111047,0.9564932940791626,,
2017-08-01,199059,AAPL,buy,rebalance,26.0,34.779,2017-08-01,904.2540000000001,3.1648890000000005,-217.66666666666666,Technology,0.6851509710205894,0.8709215798511735,0.9672881910369644,,
2017-09-01,195259,RAI,sell,delisted,352.0,65.4,2017-07-24,23020.800000000003,80.57280000000002,,,,,,6331.3544520000005,16608.872748
2017-09-01,199385,ROL,buy,rebalance,13.0,17.609,2017-09-01,228.91700000000003,0.8012095000000001,-212.33333333333334,Consumer Cyclical,0.7081489879612987,0.8308528906697196,0.9793915603532876,,
2017-09-01,197845,SNPS,buy,rebalance,3.0,80.41,2017-09-01,241.23,0.844305,-214.66666666666666,Technology,0.7027142855089082,0.8391528334287349,0.9744847890088322,,
2017-09-01,199059,AAPL,buy,rebalance,526.0,38.178,2017-09-01,20081.627999999997,70.285698,-215.0,Technology,0.6851509710205894,0.8709215798511735,0.9672881910369644,,
2017-09-01,199181,LHX,buy,rebalance,3.0,104.088,2017-09-01,312.264,1.092924,-272.6666666666667,Industrials,0.7054049777105581,0.8279908414424728,0.921164540399084,,
2017-09-01,197942,IDXX,buy,rebalance,2.0,154.98,2017-09-01,309.96,1.08486,-273.0,Healthcare,0.6228430393187193,0.9247281053234115,0.971540726202159,,
2017-09-01,198724,TTC,buy,rebalance,3.0,53.547,2017-09-01,160.641,0.5622435,-275.6666666666667,Industrials,0.6977592722785804,0.8231253577561534,0.9385017991494929,,
2017-09-01,195164,DPZ,buy,rebalance,1.0,165.067,2017-09-01,165.067,0.5777345,-291.6666666666667,Consumer Cyclical,0.6589050261170829,0.8328563251287923,0.9800457965325482,,
2017-09-01,196101,TWX,buy,rebalance,20.0,100.342,2017-09-01,2006.84,7.02394,-294.3333333333333,Communication Services,0.7039177306382781,0.7784773898111047,0.9564932940791626,,
2017-09-01,191635,PF,buy,rebalance,3.0,58.924,2017-09-01,176.772,0.618702,-335.0,Consumer Defensive,0.7043867122727068,0.8005151688609045,0.8907425580634609,,
2017-10-02,195805,MA,buy,rebalance,1.0,134.087,2017-10-02,134.087,0.46930449999999996,-270.3333333333333,Financial Services,0.7008413576614215,0.8082901554404145,0.9660339660339661,,
2017-10-02,199059,AAPL,buy,rebalance,24.0,35.795,2017-10-02,859.08,3.00678,-273.3333333333333,Technology,0.6793661242063196,0.8376511226252159,0.9657009657009658,,
2017-11-01,195805,MA,buy,rebalance,1.0,140.987,2017-11-01,140.987,0.4934545,-267.0,Financial Services,0.7008413576614215,0.8082901554404145,0.9660339660339661,,
2017-11-01,199059,AAPL,buy,rebalance,24.0,38.839,2017-11-01,932.136,3.262476,-270.0,Technology,0.6793661242063197,0.8376511226252159,0.9657009657009658,,
2017-12-01,195805,MA,buy,rebalance,1.0,141.744,2017-12-01,141.744,0.496104,-264.3333333333333,Financial Services,0.7008413576614215,0.8082901554404145,0.9660339660339661,,
2017-12-01,199059,AAPL,buy,rebalance,22.0,39.951,2017-12-01,878.922,3.0762270000000003,-267.3333333333333,Technology,0.6793661242063197,0.8376511226252159,0.9657009657009658,,
2018-01-02,199385,ROL,buy,rebalance,1.0,18.574,2018-01-02,18.574,0.06500900000000001,-176.0,Consumer Cyclical,0.7097763104623677,0.8742411101474414,0.9785666443402545,,
2018-01-02,199900,BA,buy,rebalance,1.0,282.831,2018-01-02,282.831,0.9899085000000001,-244.0,Industrials,0.692736211597862,0.9291702804278693,0.8727394507702613,,
2018-01-02,191883,ABBV,buy,rebalance,4.0,68.285,2018-01-02,273.14,0.95599,-258.0,Healthcare,0.6574089217172765,0.8904307603353571,0.971868720696584,,
2018-01-02,195805,MA,buy,rebalance,2.0,143.846,2018-01-02,287.692,1.006922,-293.3333333333333,Financial Services,0.6970041059842997,0.792714657415438,0.9685197588747488,,
2018-02-01,199915,BCR,sell,delisted,6.0,331.24,2017-12-28,1987.44,6.956040000000001,,,,,,364.4782245,1616.0057355
2018-02-01,199385,ROL,buy,rebalance,2.0,19.573,2018-02-01,39.146,0.137011,-173.33333333333334,Consumer Cyclical,0.7097763104623678,0.8742411101474414,0.9785666443402545,,
2018-02-01,199900,BA,buy,rebalance,2.0,340.095,2018-02-01,680.19,2.380665,-241.66666666666666,Industrials,0.692736211597862,0.9291702804278693,0.8727394507702613,,
2018-02-01,191883,ABBV,buy,rebalance,10.0,81.303,2018-02-01,813.03,2.845605,-255.33333333333334,Healthcare,0.6574089217172764,0.8904307603353571,0.971868720696584,,
2018-02-01,199357,SHW,buy,rebalance,1.0,127.061,2018-02-01,127.061,0.44471350000000004,-255.66666666666666,Basic Materials,0.6779196415373311,0.8719283029777393,0.9484259879437374,,
2018-02-01,195805,MA,buy,rebalance,5.0,164.008,2018-02-01,820.0400000000001,2.87014,-288.6666666666667,Financial Services,0.6970041059842997,0.792714657415438,0.9685197588747488,,
2018-03-01,199385,ROL,buy,rebalance,1.0,19.749,2018-03-01,19.749,0.0691215,-173.0,Consumer Cyclical,0.7097763104623678,0.8742411101474414,0.9785666443402545,,
2018-03-01,199900,BA,buy,rebalance,1.0,334.915,2018-03-01,334.915,1.1722025,-241.0,Industrials,0.692736211597862,0.9291702804278693,0.8727394507702613,,
2018-03-01,191883,ABBV,buy,rebalance,6.0,79.556,2018-03-01,477.336,1.670676,-254.33333333333334,Healthcare,0.6574089217172765,0.8904307603353571,0.971868720696584,,
2018-03-01,195805,MA,buy,rebalance,3.0,164.539,2018-03-01,493.61699999999996,1.7276595,-287.0,Financial Services,0.6970041059842997,0.792714657415438,0.9685197588747488,,
2018-04-02,195805,MA,buy,rebalance,3.0,162.746,2018-04-02,488.23800000000006,1.7088330000000003,-223.0,Financial Services,0.6717615659518341,0.8760186263096624,0.9710144927536232,,
2018-04-02,197192,EL,buy,rebalance,1.0,133.12,2018-04-02,133.12,0.46592,-251.66666666666666,Consumer Defensive,0.6870954976490167,0.9027939464493597,0.8854061341422312,,
2018-04-02,199900,BA,buy,rebalance,1.0,308.817,2018-04-02,308.817,1.0808595,-275.3333333333333,Industrials,0.6572966377910155,0.9385913853317811,0.8736097067745198,,
2018-05-01,195805,MA,buy,rebalance,3.0,171.202,2018-05-01,513.606,1.797621,-221.66666666666666,Financial Services,0.6717615659518342,0.8760186263096624,0.9710144927536232,,
2018-05-01,197192,EL,buy,rebalance,1.0,130.65,2018-05-01,130.65,0.45727500000000004,-250.33333333333334,Consumer Defensive,0.6870954976490166,0.9027939464493597,0.8854061341422312,,
2018-05-01,199900,BA,buy,rebalance,1.0,315.617,2018-05-01,315.617,1.1046595000000001,-273.6666666666667,Industrials,0.6572966377910155,0.9385913853317811,0.8736097067745198,,
2018-06-01,195805,MA,buy,rebalance,2.0,185.563,2018-06-01,371.126,1.298941,-221.66666666666666,Financial Services,0.6717615659518342,0.8760186263096624,0.9710144927536232,,
2018-06-01,197192,EL,buy,rebalance,1.0,134.115,2018-06-01,134.115,0.46940250000000006,-249.66666666666666,Consumer Defensive,0.6870954976490166,0.9027939464493597,0.8854061341422312,,
2018-06-01,199900,BA,buy,rebalance,1.0,343.346,2018-06-01,343.346,1.201711,-273.0,Industrials,0.6572966377910157,0.9385913853317811,0.8736097067745198,,
2018-07-02,194210,BR,buy,rebalance,1.0,100.803,2018-07-02,100.803,0.35281049999999997,-229.66666666666666,Technology,0.683440225485867,0.8557748113755078,0.9622455679579777,,
2018-07-02,197192,EL,buy,rebalance,5.0,129.0,2018-07-02,645.0,2.2575,-237.33333333333334,Consumer Defensive,0.6819453585849735,0.916715031921068,0.8883782009192384,,
2018-07-02,199385,ROL,buy,rebalance,6.0,21.275,2018-07-02,127.64999999999999,0.446775,-240.33333333333334,Consumer Cyclical,0.672311599602429,0.838943702843877,0.9881812212738017,,
2018-07-02,199181,LHX,buy,rebalance,1.0,125.382,2018-07-02,125.382,0.43883700000000003,-242.0,Industrials,0.6833433598947384,0.8496807893209518,0.9566644780039396,,
2018-07-02,199849,CHDN,buy,rebalance,1.0,47.181,2018-07-02,47.181,0.1651335,-254.66666666666666,Consumer Cyclical,0.6659845936245078,0.905977945443993,0.9100459619172685,,
2018-07-02,198821,TSS,buy,rebalance,2.0,85.342,2018-07-02,170.684,0.597394,-270.0,Financial Services,0.666295889842741,0.8203714451538016,0.98456992777413,,
2018-07-02,193889,MSCI,buy,rebalance,1.0,152.811,2018-07-02,152.811,0.5348385,-270.6666666666667,Financial Services,0.6601464027620372,0.8676726639582124,0.9448456992777413,,
2018-07-02,199615,RYN,buy,rebalance,2.0,25.104,2018-07-02,50.208,0.175728,-270.6666666666667,Real Estate,0.7104238247509963,0.7745211839814278,0.9757058437294813,,
2018-07-02,199655,HEI,buy,rebalance,1.0,72.217,2018-07-02,72.217,0.2527595,-298.3333333333333,Industrials,0.6570404458665924,0.8801508995937318,0.9087327642810243,,
2018-08-01,196101,TWX,sell,delisted,95.0,98.77,2018-06-15,9383.15,32.841025,,,,,,6195.189537,3155.1194379999997
2018-08-01,199855,CHE,buy,rebalance,1.0,307.075,2018-08-01,307.075,1.0747625,-202.33333333333334,Healthcare,0.6736916183581437,0.8908879860708068,0.964215364412344,,
2018-08-01,194210,BR,buy,rebalance,9.0,97.889,2018-08-01,881.001,3.0835035,-228.0,Technology,0.6834402254858669,0.8557748113755078,0.9622455679579777,,
2018-08-01,197192,EL,buy,rebalance,31.0,121.49,2018-08-01,3766.19,13.181665,-235.33333333333334,Consumer Defensive,0.6819453585849735,0.916715031921068,0.8883782009192384,,
2018-08-01,199385,ROL,buy,rebalance,35.0,22.445,2018-08-01,785.575,2.7495125000000002,-238.66666666666666,Consumer Cyclical,0.672311599602429,0.838943702843877,0.9881812212738017,,
2018-08-01,199181,LHX,buy,rebalance,9.0,140.809,2018-08-01,1267.281,4.4354835,-240.33333333333334,Industrials,0.6833433598947384,0.8496807893209518,0.9566644780039396,,
2018-08-01,199849,CHDN,buy,rebalance,6.0,44.941,2018-08-01,269.646,0.9437610000000001,-252.66666666666666,Consumer Cyclical,0.6659845936245078,0.905977945443993,0.9100459619172685,,
2018-08-01,198821,TSS,buy,rebalance,12.0,91.324,2018-08-01,1095.888,3.8356079999999997,-268.3333333333333,Financial Services,0.6662958898427409,0.8203714451538016,0.98456992777413,,
2018-08-01,193889,MSCI,buy,rebalance,6.0,149.026,2018-08-01,894.1560000000001,3.1295460000000004,-269.0,Financial Services,0.6601464027620371,0.8676726639582124,0.9448456992777413,,
2018-08-01,199615,RYN,buy,rebalance,15.0,22.821,2018-08-01,342.315,1.1981025,-269.0,Real Estate,0.7104238247509964,0.7745211839814278,0.9757058437294813,,
2018-08-01,199655,HEI,buy,rebalance,8.0,75.643,2018-08-01,605.144,2.118004,-296.0,Industrials,0.6570404458665924,0.8801508995937318,0.9087327642810243,,
2018-09-04,194210,BR,buy,rebalance,1.0,118.814,2018-09-04,118.814,0.41584899999999997,-226.0,Technology,0.683440225485867,0.8557748113755078,0.9622455679579777,,
2018-09-04,197192,EL,buy,rebalance,4.0,125.192,2018-09-04,500.768,1.752688,-233.33333333333334,Consumer Defensive,0.6819453585849735,0.916715031921068,0.8883782009192384,,
2018-09-04,199385,ROL,buy,rebalance,4.0,24.291,2018-09-04,97.164,0.340074,-237.0,Consumer Cyclical,0.672311599602429,0.838943702843877,0.9881812212738017,,
2018-09-04,199181,LHX,buy,rebalance,1.0,139.469,2018-09-04,139.469,0.4881415,-238.33333333333334,Industrials,0.6833433598947384,0.8496807893209518,0.9566644780039396,,
2018-09-04,198821,TSS,buy,rebalance,1.0,97.505,2018-09-04,97.505,0.3412675,-266.6666666666667,Financial Services,0.666295889842741,0.8203714451538016,0.98456992777413,,
2018-09-04,199615,RYN,buy,rebalance,2.0,22.396,2018-09-04,44.792,0.15677200000000002,-266.6666666666667,Real Estate,0.7104238247509964,0.7745211839814278,0.9757058437294813,,
2018-09-04,199655,HEI,buy,rebalance,1.0,91.099,2018-09-04,91.099,0.31884650000000003,-293.6666666666667,Industrials,0.6570404458665924,0.8801508995937318,0.9087327642810243,,
2018-10-01,193748,KDP,buy,rebalance,6.0,18.981,2018-10-01,113.88600000000001,0.39860100000000004,-236.33333333333334,Consumer Defensive,0.6880497549644562,0.8354651162790697,0.9721008403361344,,
2018-10-01,195805,MA,buy,rebalance,3.0,212.804,2018-10-01,638.412,2.234442,-285.6666666666667,Financial Services,0.6540432394596335,0.8450581395348837,0.9650420168067226,,
2018-10-01,197640,CPRT,buy,rebalance,3.0,13.158,2018-10-01,39.474,0.138159,-312.3333333333333,Industrials,0.6532801763331018,0.9122093023255814,0.8645378151260504,,
2018-10-01,199238,VFC,buy,rebalance,1.0,69.425,2018-10-01,69.425,0.2429875,-318.6666666666667,Consumer Cyclical,0.6734130074597403,0.8168604651162791,0.9263865546218487,,
2018-11-01,193748,KDP,buy,rebalance,6.0,21.937,2018-11-01,131.622,0.46067700000000006,-233.33333333333334,Consumer Defensive,0.6880497549644563,0.8354651162790697,0.9721008403361344,,
2018-11-01,195805,MA,buy,rebalance,4.0,190.145,2018-11-01,760.58,2.66203,-282.6666666666667,Financial Services,0.6540432394596334,0.8450581395348837,0.9650420168067226,,
2018-11-01,197640,CPRT,buy,rebalance,4.0,12.54,2018-11-01,50.16,0.17556,-310.0,Industrials,0.6532801763331019,0.9122093023255814,0.8645378151260504,,
2018-11-01,199238,VFC,buy,rebalance,2.0,63.257,2018-11-01,126.514,0.442799,-315.0,Consumer Cyclical,0.6734130074597403,0.8168604651162791,0.9263865546218487,,
2018-12-03,191635,PF,sell,delisted,3.0,66.66,2018-10-25,199.98,0.6999299999999999,,,,,,177.390702,21.88936799999999
2018-12-03,193748,KDP,buy,rebalance,6.0,21.797,2018-12-03,130.782,0.45773700000000006,-231.33333333333334,Consumer Defensive,0.6880497549644562,0.8354651162790697,0.9721008403361344,,
2018-12-03,195805,MA,buy,rebalance,4.0,199.809,2018-12-03,799.236,2.797326,-280.3333333333333,Financial Services,0.6540432394596334,0.8450581395348837,0.9650420168067226,,
2018-12-03,197640,CPRT,buy,rebalance,4.0,12.685,2018-12-03,50.74,0.17759,-307.3333333333333,Industrials,0.6532801763331018,0.9122093023255814,0.8645378151260504,,
2018-12-03,199238,VFC,buy,rebalance,2.0,61.704,2018-12-03,123.408,0.43192800000000003,-312.3333333333333,Consumer Cyclical,0.6734130074597403,0.8168604651162791,0.9263865546218487,,
2019-01-02,195845,COL,sell,delisted,16.0,141.04,2018-11-26,2256.64,7.8982399999999995,,,,,,677.1156390000001,1571.6261209999998
2019-01-02,199553,MKC,buy,rebalance,8.0,58.34,2019-01-02,466.72,1.63352,-212.33333333333334,Consumer Defensive,0.7098089583096568,0.839513325608343,0.9797639123102867,,
2019-01-02,199196,TJX,buy,rebalance,41.0,40.266,2019-01-02,1650.906,5.7781709999999995,-239.66666666666666,Consumer Cyclical,0.7145683896872359,0.8829663962920047,0.8951096121416526,,
2019-01-02,199385,ROL,buy,rebalance,14.0,21.64,2019-01-02,302.96000000000004,1.0603600000000002,-248.66666666666666,Consumer Cyclical,0.7025383538289546,0.8053302433371958,0.9871838111298482,,
2019-01-02,197267,CBZ,buy,rebalance,1.0,19.87,2019-01-02,19.87,0.06954500000000001,-255.66666666666666,Industrials,0.6890005210638986,0.8899188876013905,0.9038785834738617,,
2019-01-02,198546,JKHY,buy,rebalance,2.0,113.347,2019-01-02,226.694,0.7934289999999999,-269.6666666666667,Technology,0.7108935375509304,0.7879490150637312,0.9730185497470489,,
2019-01-02,199120,CHD,buy,rebalance,6.0,58.7,2019-01-02,352.20000000000005,1.2327000000000001,-292.3333333333333,Consumer Defensive,0.6923092266072857,0.7815758980301275,0.9811129848229342,,
2019-01-02,193889,MSCI,buy,rebalance,2.0,135.306,2019-01-02,270.612,0.9471420000000002,-299.3333333333333,Financial Services,0.6732916453416516,0.8647161066048668,0.9092748735244519,,
2019-02-01,192161,ESRX,sell,delisted,55.0,92.33,2018-12-20,5078.15,17.773525,,,,,,1070.8127729999999,3989.5637020000004
2019-02-01,199553,MKC,buy,rebalance,15.0,52.937,2019-02-01,794.055,2.7791924999999997,-210.66666666666666,Consumer Defensive,0.7098089583096567,0.839513325608343,0.9797639123102867,,
2019-02-01,199196,TJX,buy,rebalance,65.0,44.089,2019-02-01,2865.785,10.0302475,-239.0,Consumer Cyclical,0.7145683896872359,0.8829663962920047,0.8951096121416526,,
2019-02-01,199385,ROL,buy,rebalance,24.0,22.639,2019-02-01,543.336,1.9016760000000001,-247.0,Consumer Cyclical,0.7025383538289546,0.8053302433371958,0.9871838111298482,,
2019-02-01,197267,CBZ,buy,rebalance,2.0,19.53,2019-02-01,39.06,0.13671,-254.33333333333334,Industrials,0.6890005210638986,0.8899188876013905,0.9038785834738617,,
2019-02-01,198546,JKHY,buy,rebalance,3.0,123.231,2019-02-01,369.693,1.2939255,-268.3333333333333,Technology,0.7108935375509304,0.7879490150637312,0.9730185497470489,,
2019-02-01,199120,CHD,buy,rebalance,11.0,58.919,2019-02-01,648.1089999999999,2.2683815,-290.3333333333333,Consumer Defensive,0.6923092266072857,0.7815758980301275,0.9811129848229342,,
2019-02-01,193889,MSCI,buy,rebalance,3.0,159.164,2019-02-01,477.49199999999996,1.671222,-297.3333333333333,Financial Services,0.6732916453416518,0.8647161066048668,0.9092748735244519,,
2019-03-01,197302,SHPG,sell,delisted,3.0,179.2,2019-01-07,537.5999999999999,1.8815999999999997,,,,,,656.4927105,-120.77431050000018
2019-03-01,199553,MKC,buy,rebalance,5.0,58.809,2019-03-01,294.04499999999996,1.0291575,-210.33333333333334,Consumer Defensive,0.7098089583096567,0.839513325608343,0.9797639123102867,,
2019-03-01,199196,TJX,buy,rebalance,21.0,47.085,2019-03-01,988.785,3.4607475,-238.33333333333334,Consumer Cyclical,0.7145683896872359,0.8829663962920047,0.8951096121416526,,
2019-03-01,199385,ROL,buy,rebalance,8.0,24.133,2019-03-01,193.064,0.675724,-246.66666666666666,Consumer Cyclical,0.7025383538289546,0.8053302433371958,0.9871838111298482,,
2019-03-01,198546,JKHY,buy,rebalance,1.0,122.45,2019-03-01,122.45,0.42857500000000004,-268.0,Technology,0.7108935375509304,0.7879490150637312,0.9730185497470489,,
2019-03-01,199120,CHD,buy,rebalance,4.0,59.959,2019-03-01,239.836,0.8394260000000001,-290.0,Consumer Defensive,0.6923092266072857,0.7815758980301275,0.9811129848229342,,
2019-03-01,193889,MSCI,buy,rebalance,1.0,175.733,2019-03-01,175.733,0.6150655,-296.3333333333333,Financial Services,0.6732916453416516,0.8647161066048668,0.9092748735244519,,
2019-04-01,199137,MRK,buy,rebalance,11.0,63.645,2019-04-01,700.095,2.4503325,-266.6666666666667,Healthcare,0.7042911326903174,0.8965014577259475,0.8685191460521857,,
2019-04-01,199196,TJX,buy,rebalance,4.0,48.162,2019-04-01,192.648,0.674268,-286.3333333333333,Consumer Cyclical,0.7059549886173297,0.8556851311953353,0.8912233141308031,,
2019-04-01,198439,FISV,buy,rebalance,1.0,89.31,2019-04-01,89.31,0.312585,-293.0,Technology,0.7022092494970609,0.7693877551020408,0.989495086411386,,
2019-05-01,199137,MRK,buy,rebalance,13.0,60.145,2019-05-01,781.885,2.7365975000000002,-265.0,Healthcare,0.7042911326903174,0.8965014577259475,0.8685191460521857,,
2019-05-01,196816,YUM,buy,rebalance,1.0,89.182,2019-05-01,89.182,0.312137,-283.3333333333333,Consumer Cyclical,0.7100130291114014,0.7670553935860058,0.9854286682480515,,
2019-05-01,198439,FISV,buy,rebalance,1.0,85.93,2019-05-01,85.93,0.30075500000000005,-289.3333333333333,Technology,0.7022092494970609,0.7693877551020408,0.989495086411386,,
2019-06-03,199137,MRK,buy,rebalance,13.0,61.322,2019-06-03,797.186,2.7901510000000003,-263.6666666666667,Healthcare,0.7042911326903174,0.8965014577259475,0.8685191460521857,,
2019-06-03,196816,YUM,buy,rebalance,1.0,91.462,2019-06-03,91.462,0.32011700000000004,-281.0,Consumer Cyclical,0.7100130291114014,0.7670553935860058,0.9854286682480515,,
2019-06-03,198439,FISV,buy,rebalance,1.0,82.68,2019-06-03,82.68,0.28938,-287.0,Technology,0.7022092494970609,0.7693877551020408,0.989495086411386,,
2019-07-01,199411,PG,buy,rebalance,6.0,91.891,2019-07-01,551.346,1.929711,-157.66666666666666,Consumer Defensive,0.723945585532823,0.897667638483965,0.955781198820832,,
2019-07-01,198804,PAYX,buy,rebalance,1.0,66.886,2019-07-01,66.886,0.234101,-180.0,Industrials,0.7182486565572431,0.8749271137026239,0.9649525057320668,,
2019-07-01,199928,ADP,buy,rebalance,1.0,142.466,2019-07-01,142.466,0.49863100000000005,-197.66666666666666,Industrials,0.6934576576860134,0.8895043731778426,0.9646249590566656,,
2019-07-01,199575,LLY,buy,rebalance,2.0,103.184,2019-07-01,206.368,0.722288,-212.66666666666666,Healthcare,0.6940162253183843,0.9072886297376094,0.9279397314117261,,
2019-08-01,199411,PG,buy,rebalance,6.0,97.708,2019-08-01,586.248,2.0518680000000002,-156.0,Consumer Defensive,0.723945585532823,0.897667638483965,0.955781198820832,,
2019-08-01,198804,PAYX,buy,rebalance,1.0,67.684,2019-08-01,67.684,0.236894,-178.0,Industrials,0.718248656557243,0.8749271137026239,0.9649525057320668,,
2019-08-01,199928,ADP,buy,rebalance,1.0,140.677,2019-08-01,140.677,0.49236949999999996,-195.66666666666666,Industrials,0.6934576576860134,0.8895043731778426,0.9646249590566656,,
2019-08-01,199575,LLY,buy,rebalance,2.0,101.143,2019-08-01,202.286,0.708001,-210.66666666666666,Healthcare,0.6940162253183843,0.9072886297376094,0.9279397314117261,,
2019-09-03,199411,PG,buy,rebalance,6.0,101.584,2019-09-03,609.504,2.133264,-154.33333333333334,Consumer Defensive,0.723945585532823,0.897667638483965,0.955781198820832,,
2019-09-03,198804,PAYX,buy,rebalance,1.0,65.36,2019-09-03,65.36,0.22876,-175.66666666666666,Industrials,0.7182486565572431,0.8749271137026239,0.9649525057320668,,
2019-09-03,199928,ADP,buy,rebalance,1.0,143.168,2019-09-03,143.168,0.501088,-193.66666666666666,Industrials,0.6934576576860134,0.8895043731778426,0.9646249590566656,,
2019-09-03,199575,LLY,buy,rebalance,2.0,104.91,2019-09-03,209.82,0.73437,-209.0,Healthcare,0.6940162253183843,0.9072886297376094,0.9279397314117261,,
2019-10-01,197333,APU,sell,delisted,12.0,31.22,2019-08-21,374.64,1.31124,,,,,,194.58467099999996,178.74408900000003
2019-10-01,198229,SBUX,buy,rebalance,3.0,74.003,2019-10-01,222.00900000000001,0.7770315000000001,-169.0,Consumer Cyclical,0.6875963436426714,0.9702484113229347,0.9226907630522089,,
2019-10-01,199137,MRK,buy,rebalance,8.0,64.734,2019-10-01,517.872,1.812552,-203.33333333333334,Healthcare,0.7136773124191091,0.8908145580589255,0.9354082998661312,,
2019-10-01,198566,HON,buy,rebalance,2.0,136.096,2019-10-01,272.192,0.9526720000000001,-219.0,Industrials,0.7174301419733461,0.8616406701328712,0.9467871485943775,,
2019-11-01,198821,TSS,sell,delisted,21.0,133.27,2019-09-17,2798.67,9.795345000000001,,,,,,1501.7768865,1287.0977685
2019-11-01,196816,YUM,buy,rebalance,2.0,87.862,2019-11-01,175.724,0.615034,-110.66666666666667,Consumer Cyclical,0.7171674539211409,0.9272097053726169,0.9859437751004017,,
2019-11-01,199652,HSY,buy,rebalance,1.0,120.941,2019-11-01,120.941,0.42329350000000004,-130.0,Consumer Defensive,0.7116052096878919,0.9404968226458694,0.9591700133868809,,
2019-11-01,199120,CHD,buy,rebalance,2.0,63.267,2019-11-01,126.534,0.442869,-134.0,Consumer Defensive,0.7021268878009326,0.9220103986135182,0.9892904953145917,,
2019-11-01,193422,VRSK,buy,rebalance,1.0,138.901,2019-11-01,138.901,0.48615350000000007,-166.33333333333334,Industrials,0.7187633093582959,0.8792605430387059,0.9795850066934404,,
2019-11-01,198229,SBUX,buy,rebalance,10.0,71.18,2019-11-01,711.8000000000001,2.4913000000000003,-168.33333333333334,Consumer Cyclical,0.6875963436426714,0.9702484113229347,0.9226907630522089,,
2019-11-01,199137,MRK,buy,rebalance,22.0,65.764,2019-11-01,1446.808,5.063828,-202.33333333333334,Healthcare,0.713677312419109,0.8908145580589255,0.9354082998661312,,
2019-11-01,199760,ECL,buy,rebalance,2.0,177.703,2019-11-01,355.406,1.243921,-216.33333333333334,Basic Materials,0.7212099276117127,0.9205661467359908,0.8741633199464525,,
2019-11-01,198566,HON,buy,rebalance,5.0,145.984,2019-11-01,729.9200000000001,2.55472,-218.0,Industrials,0.7174301419733461,0.8616406701328712,0.9467871485943775,,
2019-12-02,196816,YUM,buy,rebalance,1.0,89.044,2019-12-02,89.044,0.311654,-110.33333333333333,Consumer Cyclical,0.717167453921141,0.9272097053726169,0.9859437751004017,,
2019-12-02,198229,SBUX,buy,rebalance,3.0,72.699,2019-12-02,218.09699999999998,0.7633395,-168.0,Consumer Cyclical,0.6875963436426713,0.9702484113229347,0.9226907630522089,,
2019-12-02,199137,MRK,buy,rebalance,8.0,67.39,2019-12-02,539.12,1.8869200000000002,-201.66666666666666,Healthcare,0.7136773124191091,0.8908145580589255,0.9354082998661312,,
2019-12-02,198566,HON,buy,rebalance,2.0,145.216,2019-12-02,290.432,1.016512,-217.0,Industrials,0.7174301419733461,0.8616406701328712,0.9467871485943775,,
2020-01-02,199411,PG,buy,rebalance,5.0,103.96,2020-01-02,519.8,1.8193,-257.0,Consumer Defensive,0.7141794754693,0.8603174603174604,0.9177807486631016,,
2020-01-02,197197,DIS,buy,rebalance,3.0,143.673,2020-01-02,431.019,1.5085665000000001,-265.3333333333333,Communication Services,0.7011234084912729,0.8790764790764791,0.9141042780748663,,
2020-02-03,194695,VIAB,sell,delisted,26.0,24.22,2019-12-04,629.72,2.2040200000000003,,,,,,1746.2234654999997,-1118.7074854999996
2020-02-03,199411,PG,buy,rebalance,7.0,106.022,2020-02-03,742.154,2.597539,-252.66666666666666,Consumer Defensive,0.7141794754693,0.8603174603174604,0.9177807486631016,,
2020-02-03,197197,DIS,buy,rebalance,4.0,137.004,2020-02-03,548.016,1.918056,-261.0,Communication Services,0.7011234084912729,0.8790764790764791,0.9141042780748663,,
2020-03-02,199411,PG,buy,rebalance,6.0,101.318,2020-03-02,607.908,2.127678,-251.33333333333334,Consumer Defensive,0.7141794754693,0.8603174603174604,0.9177807486631016,,
2020-03-02,197197,DIS,buy,rebalance,4.0,116.315,2020-03-02,465.26,1.62841,-259.6666666666667,Communication Services,0.7011234084912729,0.8790764790764791,0.9141042780748663,,
2020-04-01,199551,SPGI,buy,rebalance,2.0,211.225,2020-04-01,422.45,1.478575,-167.66666666666666,Financial Services,0.6988872809669283,0.9028871391076115,0.9860828241683639,,
2020-04-01,199652,HSY,buy,rebalance,2.0,112.423,2020-04-01,224.846,0.786961,-201.66666666666666,Consumer Defensive,0.7276091480961222,0.8413531641878098,0.9708078750848609,,
2020-04-01,194725,LDOS,buy,rebalance,1.0,80.277,2020-04-01,80.277,0.2809695,-202.33333333333334,Technology,0.6766216487582811,0.9250510352872557,0.9606245756958588,,
2020-04-01,166332,INFO1,buy,rebalance,3.0,57.379,2020-04-01,172.137,0.6024795000000001,-204.66666666666666,Industrials,0.6950590661830855,0.8675998833479148,0.9942294636795656,,
2020-04-01,186763,HLT,buy,rebalance,3.0,62.178,2020-04-01,186.534,0.652869,-219.0,Consumer Cyclical,0.6705664194392066,0.89472149314669,0.9904955872369314,,
2020-04-01,195563,CPAY,buy,rebalance,1.0,173.22,2020-04-01,173.22,0.60627,-241.66666666666666,Technology,0.6547252368381203,0.905220180810732,0.9854039375424304,,
2020-04-01,193213,TT,buy,rebalance,3.0,74.387,2020-04-01,223.161,0.7810635,-254.66666666666666,Basic Materials,0.7063868452963016,0.8524351122776319,0.9365241004752206,,
2020-05-01,199551,SPGI,buy,rebalance,1.0,257.854,2020-05-01,257.854,0.902489,-166.66666666666666,Financial Services,0.6988872809669283,0.9028871391076115,0.9860828241683639,,
2020-05-01,199652,HSY,buy,rebalance,1.0,113.175,2020-05-01,113.175,0.3961125,-200.66666666666666,Consumer Defensive,0.7276091480961222,0.8413531641878098,0.9708078750848609,,
2020-05-01,166332,INFO1,buy,rebalance,2.0,64.428,2020-05-01,128.856,0.450996,-203.33333333333334,Industrials,0.6950590661830855,0.8675998833479148,0.9942294636795656,,
2020-05-01,186763,HLT,buy,rebalance,2.0,71.045,2020-05-01,142.09,0.497315,-218.0,Consumer Cyclical,0.6705664194392066,0.89472149314669,0.9904955872369314,,
2020-05-01,193213,TT,buy,rebalance,2.0,79.832,2020-05-01,159.664,0.558824,-253.33333333333334,Basic Materials,0.7063868452963016,0.8524351122776319,0.9365241004752206,,
2020-06-01,196736,RTN,sell,delisted,3.0,116.96,2020-04-02,350.88,1.22808,,,,,,129.208653,220.44326700000002
2020-06-01,199551,SPGI,buy,rebalance,1.0,295.661,2020-06-01,295.661,1.0348135,-165.66666666666666,Financial Services,0.6988872809669282,0.9028871391076115,0.9860828241683639,,
2020-06-01,194725,LDOS,buy,rebalance,1.0,97.622,2020-06-01,97.622,0.341677,-199.66666666666666,Technology,0.6766216487582811,0.9250510352872557,0.9606245756958588,,
2020-06-01,199652,HSY,buy,rebalance,2.0,117.2,2020-06-01,234.4,0.8204,-200.0,Consumer Defensive,0.7276091480961222,0.8413531641878098,0.9708078750848609,,
2020-06-01,166332,INFO1,buy,rebalance,3.0,68.987,2020-06-01,206.96099999999998,0.7243634999999999,-202.33333333333334,Industrials,0.6950590661830855,0.8675998833479148,0.9942294636795656,,
2020-06-01,186763,HLT,buy,rebalance,2.0,80.79,2020-06-01,161.58,0.5655300000000001,-217.0,Consumer Cyclical,0.6705664194392066,0.89472149314669,0.9904955872369314,,
2020-06-01,193213,TT,buy,rebalance,2.0,83.16,2020-06-01,166.32,0.58212,-252.0,Basic Materials,0.7063868452963016,0.8524351122776319,0.9365241004752206,,
2020-07-01,199059,AAPL,buy,rebalance,15.0,88.063,2020-07-01,1320.945,4.6233075,-159.33333333333334,Technology,0.6933539921364248,0.9423355549116198,0.961247947454844,,
2020-08-03,199059,AAPL,buy,rebalance,10.0,105.389,2020-08-03,1053.8899999999999,3.6886149999999995,-156.66666666666666,Technology,0.6933539921364248,0.9423355549116198,0.961247947454844,,
2020-09-01,199059,AAPL,buy,rebalance,8.0,130.049,2020-09-01,1040.392,3.641372,-156.0,Technology,0.6933539921364248,0.9423355549116198,0.961247947454844,,
2020-10-01,191883,ABBV,buy,rebalance,1.0,69.043,2020-10-01,69.043,0.24165050000000002,-181.66666666666666,Healthcare,0.712385067103965,0.8707718993928881,0.9943067649028801,,
2020-10-01,199059,AAPL,buy,rebalance,9.0,113.194,2020-10-01,1018.746,3.565611,-198.0,Technology,0.6829877266543154,0.9199190517490604,0.9691895512391159,,
2020-10-01,198010,MNST,buy,rebalance,1.0,20.37,2020-10-01,20.37,0.07129500000000001,-250.33333333333334,Consumer Defensive,0.7098164078834304,0.8412836079791848,0.9608171466845278,,
2020-11-02,191883,ABBV,buy,rebalance,1.0,70.881,2020-11-02,70.881,0.2480835,-180.0,Healthcare,0.712385067103965,0.8707718993928881,0.9943067649028801,,
2020-11-02,199059,AAPL,buy,rebalance,9.0,105.421,2020-11-02,948.7890000000001,3.3207615000000006,-196.66666666666666,Technology,0.6829877266543154,0.9199190517490604,0.9691895512391159,,
2020-11-02,198010,MNST,buy,rebalance,1.0,19.48,2020-11-02,19.48,0.06818,-248.33333333333334,Consumer Defensive,0.7098164078834304,0.8412836079791848,0.9608171466845278,,
2020-12-01,199059,AAPL,buy,rebalance,7.0,119.147,2020-12-01,834.029,2.9191015,-195.66666666666666,Technology,0.6829877266543154,0.9199190517490604,0.9691895512391159,,
2021-02-01,197858,PDLI,sell,delisted,3.0,2.47,2020-12-30,7.41,0.025935,,,,,,9.284381999999999,-1.9003169999999985
2021-05-03,124603,TCP,sell,delisted,16.0,30.21,2021-03-02,483.36,1.6917600000000002,,,,,,329.7771945,151.89104550000002
2021-06-01,199176,VAR,sell,delisted,7.0,177.07,2021-04-14,1239.49,4.338215,,,,,,310.171815,924.9799700000001
2022-04-01,166332,INFO1,sell,delisted,8.0,108.61,2022-02-25,868.88,3.04108,,,,,,509.731839,356.10708100000005
2022-10-03,187636,ENDPQ,sell,delisted,10.0,0.293,2022-08-25,2.9299999999999997,0.010254999999999998,,,,,,391.66605,-388.746305
2022-12-01,192873,NLSN,sell,delisted,9.0,27.97,2022-10-10,251.73,0.881055,,,,,,311.0659335,-60.21698850000004
